Empenho;DataEmpenho;VlEmpenhado;Liquidacao;DataLiquidacao;VlLiquidado;OrdemPagamento;DataPagamento;VlPago;NaturezaDespesa;DsNaturezadaDespesa;CNPJ;NmOrgao;VlAnulado;UnidadeOrcamentaria;Funcao;SubFuncao;FonteRecurso;NmFavorecido;Objeto;Modalidade;NumeroLicitacao
20262150001910044;15/06/2026 00:00:00;204054,27;0156492026;17/06/2026 00:00:00;204054,27;202621500019100440001;17/06/2026 00:00:00;204054,27;33903900;OUTROS SERVICOS DE TERCEIROS - PESSOA JURIDICA;37678845000140;SECRETARIA MUNICIPAL DE SAUDE;0,00;SECRETARIA MUNICIPAL DE SAUDE                                                                                                                                                                                                                                ;SAUDE - 10;ADMINISTRACAO GERAL - 122;TRANSFERENCIA DE RECURSOS DO SISTEMA UNICO DE SAUDE - SUS - BLOCO DE MANUTENCAO DAS ACOES E SERVICOS PUBLICOS DE SAUDE - 107;INSTITUTO PATRIS;DESPESA COM TERMO DE COLABORACAO 046/2026 PARA A GESTAO PARA O GERENCIAMENTOOPERACIONALIZACAO, EXECUCAO DAS ACOES E SERVICOS DE SAUDE, PARA O PLENO FUNCIONAMENTO DA MATERNIDADE CELIA CAMARA - HOSPITAL E MATERNIDADE CELIA CAMARA (HMCC)/ TERMO DE COLABORACAO EMERGENCIAL NR. 046/2026 -  PISO DA ENFERMAGEM - SCC: 814092 - COMPETENCIA 05/2026                                         .                                                                           VALOR TOTAL:....................................................204.054,27  .                                                                           97 - ASSISTENCIA FINANCEIRA PARA COMPLEMENTACAO PISO - ENFERMAGEM           SOLICITACAO FINANCEIRA: 183472/2026                                         ;Outros (Convênios, ajustes, similares, etc.);000024422026
20262150001910045;17/06/2026 00:00:00;411485,91;0157462026;17/06/2026 00:00:00;411485,91;202621500019100450001;19/06/2026 00:00:00;411485,91;33903900;OUTROS SERVICOS DE TERCEIROS - PESSOA JURIDICA;37678845000140;SECRETARIA MUNICIPAL DE SAUDE;0,00;SECRETARIA MUNICIPAL DE SAUDE                                                                                                                                                                                                                                ;SAUDE - 10;ADMINISTRACAO GERAL - 122;TRANSFERENCIA DE RECURSOS DO SISTEMA UNICO DE SAUDE - SUS - BLOCO DE MANUTENCAO DAS ACOES E SERVICOS PUBLICOS DE SAUDE - 107;INSTITUTO PATRIS;SOLICITACAO FINANCEIRA: 183471/2026                                         DESPESA COM 1 ADITIVO DO TERMO DE COLABORACAO PARA A GESTAO PARA O GERENCIAMENTO, OPERACIONALIZACAO, EXECUCAO DAS ACOES E SERVICOS DE SAUDE, PARA O PLENO FUNCIONAMENTO DA MATERNIDADE DONA IRIS - 1º ADITIVO DO TERMO DE COLABORACAO EMERGENCIAL NR. 043/2025 - PISO DA ENFERMAGEM DO MÊS DE MAIO/2026 - SCC: 783111-1                                                                     .                                                                           VALOR TOTAL:....................................................411.485,91  .                                                                           97 - ASSISTENCIA FINANCEIRA PARA COMPLEMENTACAO PISO - ENFERMAGEM           ;Outros (Convênios, ajustes, similares, etc.);000000012025
20262150001910046;17/06/2026 00:00:00;77154,23;0157472026;17/06/2026 00:00:00;77154,23;202621500019100460001;22/06/2026 00:00:00;77154,23;33903900;OUTROS SERVICOS DE TERCEIROS - PESSOA JURIDICA;45349461000102;SECRETARIA MUNICIPAL DE SAUDE;0,00;SECRETARIA MUNICIPAL DE SAUDE                                                                                                                                                                                                                                ;SAUDE - 10;ADMINISTRACAO GERAL - 122;TRANSFERENCIA DE RECURSOS DO SISTEMA UNICO DE SAUDE - SUS - BLOCO DE MANUTENCAO DAS ACOES E SERVICOS PUBLICOS DE SAUDE - 107;ASSOCIACAO HOSPITALAR BENEFICENTE DO BRASIL;DESPESA COM 2 ADITIVO DO TERMO DE COLABORACAO PARA A GESTAO PARA O GERENCIAMENTO, OPERACIONALIZACAO, EXECUCAO DAS ACOES E SERVICOS DE SAUDE, PARA O PLENO FUNCIONAMENTO DA MATERNIDADE NASCER CIDADAO - 2º ADITIVO DO TERMO DE COLABORACAO EMERGENCIAL NR. 041/2025 - PISO DA ENFERMAGEM DO MÊS DE MAIO/2026 - SCC: 783073-2                                                                .                                                                           VALOR TOTAL:.....................................................77.154,23  .                                                                           97 - ASSISTENCIA FINANCEIRA PARA COMPLEMENTACAO PISO - ENFERMAGEM           SOLICITACAO FINANCEIRA: 183470/2026                                         ;Outros (Convênios, ajustes, similares, etc.);000000012025
20262150007410023;02/06/2026 00:00:00;13500,00;0181532026;13/07/2026 00:00:00;13500,00;;;0,00;33903000;MATERIAL DE CONSUMO;27634076000125;SECRETARIA MUNICIPAL DE SAUDE;0,00;SECRETARIA MUNICIPAL DE SAUDE                                                                                                                                                                                                                                ;SAUDE - 10;ATENCAO BASICA - 301;TRANSFERENCIA DE RECURSOS DO SISTEMA UNICO DE SAUDE - SUS / ESTADOS - 131;REMORA PRODUTOS PARA SAUDE LTDA;2025 - ARP N.026/2026 MEM.234 GEREMO - PARECER 273 GERPSR - DESPACHO 494 PRECEL - PEDIDO DE  336/2026 - SCC817385 - SOLICITACAO FINANCEIRA 183174 - 2026.                                                                           1-APARELHO/EQUIPAMENTO PROCESSO JUDICIAIS/MANDADO SEGURANCA/PROCESSO ADMINISTRATIVO DELLAMED.                                                           COD:55289-5..............25,00 UN..............540.0000............13.500,00VALOR TOTAL........................................................13.500,00.                                                                           O PRAZO DE ENTREGA DOS BENS SERA EFETUADO NO PRAZO NAO SUPERIOR A 20 DIAS U-TEIS, CONTADOS APOS O RECEBIMENTO DA ORDEM DE ENTREGA OU NOTA DE EMPENHO/AU-TORIZACAO DE FORNECIMENTO,ACOMPANHADOS DOS DOCUMENTOS FISCAIS RESPECTIVOS,DEVE CONTER, OBRIGATORIAMENTE, A ESPECIFICACAO DO ITEM, MARCA DO FABRICANTE E QUANTIDADE ENTREGUE,AS ENTREGAS DEVERAO SER EFETUADAS MEDIANTE AGENDAMENTO PREVIO, ATRAVES DO E-MAIL CIAD.GOIANIA@BRANETLOGISTICA.COM.BR.               OS BENS DEVERAO SER ENTREGUES NO ALMOXARIFADO CENTRAL DA SECRETARIA MUNICI- PAL  DE SAUDE DE GOIANIA,SEDIADO NA AVENIDA PERIMETRAL NORTE N.2859,VL.JOAO VAZ, CONDOMINIO GOYAZEM BLOCO E GALPOES DE 06 A 10, CEP 74.445-190, GOIANIA/GO. DEMAIS ESCLARECIMENTOS MEM.234 1.PED.FILHO PE 90042/26,ARP 026/26 - REMORA (10113505)GEREMO,EDITAL PE 90042/2025 - SEI 25.29.000023872-9(10138088)GEREMO,EXTRATO DE ATA 026 A 028-PE 90042/2025- SRP NO DOM(10139528)GEREMO,PARECER 273 GERPSR/SMS(10154886)GERPSR,MAPA DE PRECOS E PRE EMPENHO(10258134)GERCOM E ANEXOS SEI 26.29.000016976-5.                                         .                                                                           8 - PISO DE ATENCAO BASICA - PAB                                            DESPESA C/90042/2025 - ARP Nº 026/2026CO HOSPITALAR-PREGAO ELETRONICO 90042/;Pregão;000900422025
20262150007410024;02/06/2026 00:00:00;1980,00;;;0,00;;;0,00;33903000;MATERIAL DE CONSUMO;28387424000170;SECRETARIA MUNICIPAL DE SAUDE;0,00;SECRETARIA MUNICIPAL DE SAUDE                                                                                                                                                                                                                                ;SAUDE - 10;ATENCAO BASICA - 301;TRANSFERENCIA DE RECURSOS DO SISTEMA UNICO DE SAUDE - SUS / ESTADOS - 131;M MED COMERCIAL DE MEDICAMENTOS E PRODUTOS HOSPITALARES;.                                                                           8 - PISO DE ATENCAO BASICA - PAB - SOLICITACAO FINANCEIRA:182779/2026       DESPESA COM AQUISICAO DE INSUMOS LABORATORIAIS, ATRAVES DO 1  PEDIDO FILHO, ARP 005/2026, PE 90039/2025 - CONF. MEMORANDO 225/2026-GEREMO, PARECER 254/2026-GERPSR, PEDIDO DE COMPRAS 297/2026                                      .                                                                           01 (ITEM R10) - TUBO MICRO EDTA K2, 0,5ML, NAO ESTERIL PEDIATRICO           MARCA: VACUPLAST 3266N                                                      COD:647152............3.000UN..............00,66...................1.980,00 VALOR TOTAL:.......................................................1.980,00 .                                                                           OBS: O FORNECIMENTO DEVERA SER EFETUADO C/ PRAZO NAO SUP. A 15 DIAS UTEIS   CONFORME TERMO DE REFERENCIA (10012216) CONTADOS A PARTIR DO                RECEBIMENTO DA NOTA DE EMPENHO,ENTREGA EM PERFEITAS CONDICOES C/A DEVIDA    NOTA FISCAL, DETALHANDO MARCA/FABRICANTE/MODELO/TIPO/PROCEDENCIA. DEMAIS    ESCLARECIMENTOS CONFORME MEMO 225/2026, PARECER 254/2026, PE 90039/2025,    ATA 005/2026, PROCESSO SEI: 26.29.000015399-0 E DOCUMENTOS EM ANEXO.        .                                                                           LOCAL DA ENTREGA:ALMOXARIFADO CENTRAL SMS, AV.PERIMETRAL NORTE COND.GOIA    ZEM, BL.E, GALPOES 09/10, VL.JOAO VAZ, CEP:74.425-090, GO/GO. FONES:62-3    524-3401/3407, HORARIO:08:00 AS 17:00.                                      ;Pregão;000900392025
20262150007410025;02/06/2026 00:00:00;108010,00;;;0,00;;;0,00;33903000;MATERIAL DE CONSUMO;20235404000171;SECRETARIA MUNICIPAL DE SAUDE;0,00;SECRETARIA MUNICIPAL DE SAUDE                                                                                                                                                                                                                                ;SAUDE - 10;ATENCAO BASICA - 301;TRANSFERENCIA DE RECURSOS DO SISTEMA UNICO DE SAUDE - SUS / ESTADOS - 131;DCB - DISTRIBUIDORA CIRURGICA BRASILEIRA;DESPESA COM AQUISICAO DE MATERIAL CLINICO HOSPITALAR PARA ABASTECIMENTO NA SMS - PREGAO ELETRONICO NR 90005/25 - ARP NR 024/2026 - MEMORANDO 228 GEREMO-PARECER 274 GERPSR - DESPACHO 409 GERCOM - DESPACHO 47 PRECEL - PEDIDO DE COMPRAS 337/2026                                                              .                                                                           01 (ITEM R107) - SERINGA DESCARTAVEL 20ML S/AGULHA C/DISPOSITIVO DE SEGURAN CA - MARCA: SR                                                              COD:063797..........154.300UN..............00,70.................108.010,00 VALOR TOTAL:.....................................................108.010,00 .                                                                           OBS: O FORNECIMENTO DEVERA SER EFETUADO C/ PRAZO NAO SUP. A 15 DIAS UTEIS   CONFORME TERMO DE REFERENCIA (10042860) CONTADOS A PARTIR DO                RECEBIMENTO DA NOTA DE EMPENHO,ENTREGA EM PERFEITAS CONDICOES C/A DEVIDA    NOTA FISCAL, DETALHANDO MARCA/FABRICANTE/MODELO/TIPO/PROCEDENCIA. DEMAIS    ESCLARECIMENTOS CONFORME MEMO 228/2026, PARECER 274/2026, PE 90005/2025,    ATA 24/2026, PROCESSO SEI: 26.29.000015871-2 E DOCUMENTOS EM ANEXO.         .                                                                           LOCAL DA ENTREGA:ALMOXARIFADO CENTRAL SMS, AV.PERIMETRAL NORTE COND.GOIA    ZEM, BL.E, GALPOES 09/10, VL.JOAO VAZ, CEP:74.425-090, GO/GO. FONES:62-3    524-3401/3407, HORARIO:08:00 AS 17:00.                                      .                                                                           8 - PISO DE ATENCAO BASICA - PAB - SOLICITACAO FINANCEIRA:183158/2026       ;Pregão;000900052025
20262150007410026;19/06/2026 00:00:00;97450,00;;;0,00;;;0,00;33903000;MATERIAL DE CONSUMO;24864422000173;SECRETARIA MUNICIPAL DE SAUDE;97450,00;SECRETARIA MUNICIPAL DE SAUDE                                                                                                                                                                                                                                ;SAUDE - 10;ATENCAO BASICA - 301;TRANSFERENCIA DE RECURSOS DO SISTEMA UNICO DE SAUDE - SUS / ESTADOS - 131;C E C IMPORTAO E COMERCIO DE PRODUTOS MDICOS LTDA - EPP;DESPESA COM AQUISICAO DE CPAP - GERADOR DE FLUXO DE PRESSAO POSITIVA ATRAVESDO 1ºPEDIDO FILHO,ARP 028/2026,EDITAL PE 90042/2025 CONF. MEMORANDO 232/2026-GEREMO, PARECER 275/2026-GERPSR, PEDIDO DE COMPRA 338/2026. SCC 818993.    SOLICITACAO FINANCEIRA 183357 - 2026.                                       .                                                                           ITEM 1- APARELHO CPAP/EQUIPAMENTO - PROCESSO JUDICIAL/MANDADO SEGURANCA/PRO-CESSO ADMINISTRATIVO - MARCA MICOMMED/C5.                                   COD.552895......................50,00 UN........1.949,0000.........97.450,00VALOR TOTAL:.......................................................97.450,00.                                                                           A ENTREGA DOS BENS SERA EFETUADA NO PRAZO NAO SUPERIOR A 20 DIAS UTEIS,     CONTADOS APOS O RECEBIMENTO DA ORDEM DE ENTREGA OU NOTA DE EMPENHO/AUTORIZA-CAO DE FORNECIMENTO, ACOMPANHADOS DOS DOCUMENTOS FISCAIS RESPECTIVOS, QUE   DEVEM CONTER, OBRIGATORIAMENTE, A ESPECIFICACAO DO ITEM, MARCA DO FABRICANTEE QUANTIDADE ENTREGUE. A ENTREGA SERA COM AGENDAMENTO PREVIO PELO E-MAIL:   CIAD.GOIANIA@BRANETLOGISTICA.COM.BR, NO LOCAL: ALMOXARIFADO CENTRAL DA SMS, NA AV. PERIMETRAL NORTE, COND. GOIAZEM, BL. E, GALPAO 06/10, VL. JOAO VAZ,  GOIANIA/GO._CEP 74445-190. TEL.3524-3404/3407. DEMAIS ESCLARECIMENTOS CONF. MEMORANDO 232-1ºPED.FILHO-PE 90042/25-ARP 028/26(10113458)-GEREMO,PARECER   275(10160370)-GERPSR, JUSTIFICATIVA 314 PRECO REFERENCIAL(10283459)_E_ANEXOSSEI 26.29.000016978-1.                                                      .                                                                           8 - PISO DE ATENCAO BASICA - PAB.                                           ;Pregão;000900422025
20262150007410027;19/06/2026 00:00:00;734,92;;;0,00;;;0,00;33903000;MATERIAL DE CONSUMO;04724729000161;SECRETARIA MUNICIPAL DE SAUDE;734,92;SECRETARIA MUNICIPAL DE SAUDE                                                                                                                                                                                                                                ;SAUDE - 10;ATENCAO BASICA - 301;TRANSFERENCIA DE RECURSOS DO SISTEMA UNICO DE SAUDE - SUS / ESTADOS - 131;MAXLAB PRODUTOS PARA DIAGNOSTICOS E PESQUISAS LTDA - EPP;DESPESA C/ AQUISICAO DE MEDICAMENTOS ATRAVES DO 2ºPEDIDO FILHO,ARP 086/2025,EDITAL PE90013/2025 CONF.MEMORANDO 244/2026-GEREMO, PARECER 295/2026-GERPSR,PEDIDO DE COMPRAS 370/2026 / ITENS: 1, 2, 3 E 6. SCC 819019.                SOLICITACAO FINANCEIRA 183324 - 2026.                                       .                                                                           ITEM 1- ACIDO CLORIDRICO P.A. FR. C/1000,0 ML. - MARCA NEON.                COD.010553.......................1,00 FR.......50,8800.................50,88ITEM 2- ALCOOL ABSOLUTO 99% FR. C/1000,0 ML - MARCA PROLINK.                COD.010570......................48,00 FR.......11,0000................528,00ITEM 3- FENOL CORANTE LIQUIDO FR. C/1000,0 ML - MARCA ACS.                  COD.360090.......................1,00 FR.......98,8900.................98,89ITEM 6- SOLUCAO DESCORANTE ZIEHL-NEELSEN FR. C/500,0 ML - MARCA NEWPROV.    COD.711756.......................3,00 FR.......19,0500.................57,15VALOR TOTAL:..........................................................734,92.                                                                           A ENTREGA SERA NO PRAZO NAO SUPERIOR A 20 DIAS UTEIS,CONTADOS APOS O RECEBI-MENTO DA ORDEM DE ENTREGA OU NOTA DE EMPENHO/AUTORIZACAO DE FORNECIMENTO,A- COMPANHADOS DOS DOCUMENTOS FISCAIS RESPECTIVOS,QUE DEVEM CONTER OBRIGATORIA-MENTE, A ESPECIFICACAO DO ITEM, MARCA DO FABRICANTE E QUANTIDADE ENTREGUE.  A ENTREGA POR AGENDAMENTO PREVIO NO E-MAIL:CIAD.GOIANIA@BRANETLOGISTICA.COM.BR, NO LOCAL:ALMOXARIFADO CENTRAL DA SMS, NA AV.PERIMETRALNORTE,COND.GOIAZEM, BL. E, GALPAO 06/10, VL. JOAO VAZ, GOIANIA/GO. CEP 74445-190. TEL.3524-   3404/3407. DEMAIS ESCLARECIMENTOS CONF. MEMORANDO 244/2026(10260849)GEREMO, EDITAL PE90013/2025(10261498)GEREMO, PARECER 295(10297383)GERPSR E ANEXOS   SEI 26.29.000019492-1.                                                      .                                                                           8 - PISO DE ATENCAO BASICA - PAB.                                           ;Pregão;000900132025
20262150007410028;19/06/2026 00:00:00;89,04;;;0,00;;;0,00;33903000;MATERIAL DE CONSUMO;04724729000161;SECRETARIA MUNICIPAL DE SAUDE;89,04;SECRETARIA MUNICIPAL DE SAUDE                                                                                                                                                                                                                                ;SAUDE - 10;ATENCAO BASICA - 301;TRANSFERENCIA DE RECURSOS DO SISTEMA UNICO DE SAUDE - SUS / ESTADOS - 131;MAXLAB PRODUTOS PARA DIAGNOSTICOS E PESQUISAS LTDA - EPP;ACOMPANHADOS DOS DOCUMENTOS FISCAIS RESPECTIVOS, QUE DEVEM CONTER OBRIGATO- RIAMENTE,A ESPECIFICACAO DO ITEM,MARCA DO FABRICANTE E QUANTIDADE ENTREGUE. A ENTREGA C/ AGENDAMENTO PREVIO NO E-MAIL:CIAD.GOIANIA@BRANETLOGISTICA.COM. BR,NO LOCAL:ALMOXARIFADO CENTRAL DA SMS, NA AV.PERIMETRAL NORTE,COND.GOIAZEM,BL. E,GALPAO 06/10,VL. JOAO VAZ,GOIANIA/GO.CEP 74445-190.TEL3524-3404/3407.DEMAIS ESCLARECIMENTOS CONF.MEMORANDO 244/2026(10260849)-GEREMO, EDITAL PE  90013/2025(10261498)-GEREMO, PARECER 295/2026(10297383)-GERPSR E ANEXOS SEI 26.29.000019492-1.                                                          .                                                                           8 - PISO DE ATENCAO BASICA - PAB.                                           DESPESA COM AQUISICAO DE MEDICAMENTOS ATRAVES DO 2º PEDIDO FILHO, ARP086/25,EDITAL PE90013/2025 CONF.MEMORANDO 244/2026-GEREMO, PARECER 295/2026-GERPSR,PEDIDO DE COMPRAS 370/2026 / ITEM 4. SCC 819019.                            SOLICITACAO FINANCEIRA 183325-2026.                                         .                                                                           ITEM 4- FRASCO VIDRO AMBAR BOCA ESTREITA CPM TAMPA 1 L. - MARCA WHEATON.    COD.347353.......................6,00 UN.......14,8400.................89,04VALOR TOTAL:...........................................................89,04.                                                                           A ENTREGA SERA NO PRAZO NAO SUPERIOR A 20 DIAS UTEIS, CONTADOS APOS O RECE- BIMENTO DA ORDEM DE ENTREGA OU NOTA DE EMPENHO/AUTORIZACAO DE FORNECIMENTO, ;Pregão;000900132025
20262150007410029;19/06/2026 00:00:00;2413,74;;;0,00;;;0,00;33903000;MATERIAL DE CONSUMO;04724729000161;SECRETARIA MUNICIPAL DE SAUDE;2413,74;SECRETARIA MUNICIPAL DE SAUDE                                                                                                                                                                                                                                ;SAUDE - 10;ATENCAO BASICA - 301;TRANSFERENCIA DE RECURSOS DO SISTEMA UNICO DE SAUDE - SUS / ESTADOS - 131;MAXLAB PRODUTOS PARA DIAGNOSTICOS E PESQUISAS LTDA - EPP;.                                                                           ITEM 5- KIT COLORACAO ZIEHL-NEELSEN 3 FRASCOS DE 500 ML.- MARCA NEWPROV.    COD.600024.......................6,00 UN.......71,2900................427,74ITEM 7- LAPIS DERMOGRAFICO ROXO CARMIN - MARCA MITSUBISHI.                  COD.197181......................50,00 UN.......15,7200................786,00ITEM 8- TUBO POLIPROPILENO P/CONGELAMENTO 12X45 MM. C/TAMPA DE ROSCA E ANEL VEDACAO - MARCA CRAL.                                                       COD.573426...................3.000,00 UN.......0,4000...............1.200,00VALOR TOTAL:........................................................2.413,74.                                                                           A ENTREGA SERA NO PRAZO NAO SUPERIOR A 20 DIAS UTEIS, CONTADOS APOS O RECE- BIMENTO DA ORDEM DE ENTREGA OU NOTA DE EMPENHO/AUTORIZACAO DE FORNECIMENTO, ACOMPANHADOS DOS DOCUMENTOS FISCAIS RESPECTIVOS, QUE DEVEM CONTER OBRIGATO- RIAMENTE,A ESPECIFICACAO DO ITEM,MARCA DO FABRICANTE E QUANTIDADE ENTREGUE. A ENTREGA C/ AGENDAMENTO PREVIO NO E-MAIL:CIAD.GOIANIA@BRANETLOGISTICA.COM. BR,NO LOCAL:ALMOXARIFADO CENTRAL DA SMS, NA AV.PERIMETRAL NORTE,COND.GOIAZEM,BL. E,GALPAO 06/10,VL. JOAO VAZ,GOIANIA/GO.CEP 74445-190.TEL3524-3404/3407.DEMAIS ESCLARECIMENTOS CONF.MEMORANDO 244/2026(10260849)-GEREMO, EDITAL PE  90013/2025(10261498)-GEREMO, PARECER 295/2026(10297383)-GERPSR E ANEXOS SEI 26.29.000019492-1.                                                          .                                                                           8 - PISO DE ATENCAO BASICA - PAB.                                           DESPESA COM AQUISICAO DE MEDICAMENTOS ATRAVES DO 2º PEDIDO FILHO, ARP086/25,EDITAL PE90013/2025 CONF.MEMORANDO 244/2026-GEREMO, PARECER 295/2026-GERPSR,PEDIDO DE COMPRAS 370/2026 / ITENS:5,7 E 8. SCC 819019.                     SOLICITACAO FINANCEIRA 183326 - 2026.                                       ;Pregão;000900132025
20262150008410059;10/06/2026 00:00:00;2433,21;;;0,00;;;0,00;33903600;OUTROS SERVICOS DE TERCEIROS - PESSOA FISICA;00003720543153;SECRETARIA MUNICIPAL DE SAUDE;0,00;SECRETARIA MUNICIPAL DE SAUDE                                                                                                                                                                                                                                ;SAUDE - 10;ATENCAO BASICA - 301;TRANSFERENCIA DE RECURSOS DO SISTEMA UNICO DE SAUDE - SUS - BLOCO DE MANUTENCAO DAS ACOES E SERVICOS PUBLICOS DE SAUDE - 107;JOSE DA CUNHA MEDEIROS SOBRINHO;DESPESA COM CONTRATO DE LOCACAO NR 1713/2025 DO IMOVEL ONDE FUNCIONA O CSF BAIRRO GOIA - VALORES RELATIVOS A JULHO/2026, CONFORME DESPACHO NR 512/2026-GERINF, PEDIDO DE COMPRAS NR 150/2025, SCC: 779319                           .                                                                           VALOR TOTAL:......................................................2.433,21  .                                                                           8 - TRANSFERENCIA DE RECURSOS DO SUS - ATENCAO PRIMARIA                     SOLICITACAO FINANCEIRA: 183402/2026                                         ;Inexigibilidade de Licitação;000001732025
20262150008430054;02/06/2026 00:00:00;5269,15;;;0,00;;;0,00;33903600;OUTROS SERVICOS DE TERCEIROS - PESSOA FISICA;00032094078191;SECRETARIA MUNICIPAL DE SAUDE;5269,15;SECRETARIA MUNICIPAL DE SAUDE                                                                                                                                                                                                                                ;SAUDE - 10;ATENCAO BASICA - 301;TRANSFERENCIA DE RECURSOS DO SISTEMA UNICO DE SAUDE - SUS - BLOCO DE MANUTENCAO DAS ACOES E SERVICOS PUBLICOS DE SAUDE - 107;JOSE OSMAR MARTINS;SOLICITACAO FINANCEIRA: 183095/2026                                         64 - TRANSFERENCIAS DE RECURSOS DO SUS - ATENCAO ESPECIALIZADA              .                                                                           VALOR TOTAL:......................................................5.269,15  VALOR EMPENHADO DE 07/2026 E 08/2026 COM MENSAIS DE:..............2.195,48  VALOR EMPENHADO DE 06/2026  COM MENSAL DE:..........................878,19  .                                                                           429/2026-GERINF, PEDIDO DE COMPRAS NR 396/2026, SCC: 498379-6               RAVELAS - VALORES RELATIVOS A 19/06/2026 A AGOSTO/2026, CONFORME DESPACHO NRDESPESA COM CONTRATO DE LOCACAO NR 351/2020 DO IMOVEL ONDE FUNCIONA O CSF CA;Dispensa de Licitação;000029502020
20262150008430055;10/06/2026 00:00:00;8705,34;;;0,00;;;0,00;33903600;OUTROS SERVICOS DE TERCEIROS - PESSOA FISICA;00064889726187;SECRETARIA MUNICIPAL DE SAUDE;8705,34;SECRETARIA MUNICIPAL DE SAUDE                                                                                                                                                                                                                                ;SAUDE - 10;ATENCAO BASICA - 301;TRANSFERENCIA DE RECURSOS DO SISTEMA UNICO DE SAUDE - SUS - BLOCO DE MANUTENCAO DAS ACOES E SERVICOS PUBLICOS DE SAUDE - 107;WALTER LOPES FERREIRA JUNIOR;DESPESA C/CONTRATO DE LOCACAO Nº 1715/2025 DO IMOVEL ONDE FUNCIONA O CSF SANTO HILARIO VALORES RELATIVOS A 22/08/2026 A OUTUBRO/2026, CONFORME DESPACHO Nº 437/2026-GERINF,PEDIDO DE COMPRAS 390/2026, SCC: 779335-1-SOLICITACAO FI-NANCEIRA 183334 - 2026.                                                     .                                                                           VALORES C/MENSAIS.........AGO - 1.135,48....SET - 3.784,93....OUT - 3.784,93VALOR TOTAL.........................................................8.705,34.                                                                           8 - TRANSFERENCIA DE RECURSOS DO SUS - ATENCAO PRIMARIA                     ;Inexigibilidade de Licitação;000001822025
20262150008430056;10/06/2026 00:00:00;8928,00;;;0,00;;;0,00;33903600;OUTROS SERVICOS DE TERCEIROS - PESSOA FISICA;00003720543153;SECRETARIA MUNICIPAL DE SAUDE;8928,00;SECRETARIA MUNICIPAL DE SAUDE                                                                                                                                                                                                                                ;SAUDE - 10;ATENCAO BASICA - 301;TRANSFERENCIA DE RECURSOS DO SISTEMA UNICO DE SAUDE - SUS - BLOCO DE MANUTENCAO DAS ACOES E SERVICOS PUBLICOS DE SAUDE - 107;JOSE DA CUNHA MEDEIROS SOBRINHO;DESPESA C/CONTRATO DE LOCACAO Nº1713/2025 DO IMOVEL ONDE FUNCIONA O CSF BAIRRO GOIA,VALORES RELATIVOS DE AGOSTO A OUTUBRO/26, CONF.DESP.436/2026-GERINF,PED.DE COMPRAS 389/2026, SCC:779319-1 - SOLICITACAO FINANCEIRA 183332 - 2026.                                                                           VALORES COM MENSAIS.......AGO - 2.976,00....SET - 2.976,00....OUT - 2.976,00VALOR TOTAL.........................................................8.928,00.                                                                           8 - TRANSFERENCIA DE RECURSOS DO SUS - ATENCAO PRIMARIA                     ;Inexigibilidade de Licitação;000001732025
20262150008430057;10/06/2026 00:00:00;4634,76;;;0,00;;;0,00;33903600;OUTROS SERVICOS DE TERCEIROS - PESSOA FISICA;00070684405172;SECRETARIA MUNICIPAL DE SAUDE;4634,76;SECRETARIA MUNICIPAL DE SAUDE                                                                                                                                                                                                                                ;SAUDE - 10;ATENCAO BASICA - 301;TRANSFERENCIA DE RECURSOS DO SISTEMA UNICO DE SAUDE - SUS - BLOCO DE MANUTENCAO DAS ACOES E SERVICOS PUBLICOS DE SAUDE - 107;FREDERICO TEIXEIRA DE MIRANDA;DESPESA COM CONTRATO DE LOCACAO NR 041/2019 DO IMOVEL ONDE FUNCIONA O CSF BRISAS DA MATA - VALORES RELATIVOS A AGOSTO A OUTUBRO/2026, CONFORME DESPACHO NR 412/2026-GERINF, PEDIDO DE COMPRAS NR 348/2026, SCC: 465373-7            .                                                                           VALOR EMPENHADO DE 08/2026 A 10/2026 COM MENSAIS DE:..............1.544,92  VALOR TOTAL:......................................................4.634,76  .                                                                           64 - TRANSFERENCIAS DE RECURSOS DO SUS - ATENCAO ESPECIALIZADA              SOLICITACAO FINANCEIRA: 182821/2026                                         ;Dispensa de Licitação;000042492018
20262150008430058;10/06/2026 00:00:00;4149,30;;;0,00;;;0,00;33903600;OUTROS SERVICOS DE TERCEIROS - PESSOA FISICA;00051081407115;SECRETARIA MUNICIPAL DE SAUDE;0,00;SECRETARIA MUNICIPAL DE SAUDE                                                                                                                                                                                                                                ;SAUDE - 10;ATENCAO BASICA - 301;TRANSFERENCIA DE RECURSOS DO SISTEMA UNICO DE SAUDE - SUS - BLOCO DE MANUTENCAO DAS ACOES E SERVICOS PUBLICOS DE SAUDE - 107;JOANA APARECIDA NUNES;DESPESA COM CONTRATO DE LOCACAO NR 1712/2025 VISANDO A CONTINUIDADE DOS SERVICOS DA CENTRO DE SAUDE MIRABEL - VALORES RELATIVOS A JULHO A 07/08/2026, CONFORME DESPACHO NR 509/2026-GERINF, PEDIDO DE COMPRAS NR 166/2025, SCC: 779301                                                                          .                                                                           VALOR EMPENHADO DE 07/2026  COM MENSAL DE:........................3.364,30  VALOR EMPENHADO DE 08/2026  COM MENSAL DE:..........................785,00  VALOR TOTAL:......................................................4.149,30  .                                                                           8 - TRANSFERENCIA DE RECURSOS DO SUS - ATENCAO PRIMARIA                     SOLICITACAO FINANCEIRA: 183403/2026                                         ;Inexigibilidade de Licitação;000001902025
20262150008430060;17/06/2026 00:00:00;4603,68;;;0,00;;;0,00;33903600;OUTROS SERVICOS DE TERCEIROS - PESSOA FISICA;00006038794115;SECRETARIA MUNICIPAL DE SAUDE;4603,68;SECRETARIA MUNICIPAL DE SAUDE                                                                                                                                                                                                                                ;SAUDE - 10;ATENCAO BASICA - 301;TRANSFERENCIA DE RECURSOS DO SISTEMA UNICO DE SAUDE - SUS - BLOCO DE MANUTENCAO DAS ACOES E SERVICOS PUBLICOS DE SAUDE - 107;OROZIMBO GOMES FERNANDES;DESPESA COM CONTRATO DE LOCACAO Nº 219/2019 DO IMOVEL ONDE FUNCIONA O CS VI-LA MORAIS VALORES RELATIVOS A 19/06 A AGOSTO/2026, CONFORME DESPACHO Nº 519/2026-GERINF, PEDIDO DE COMPRAS Nº 416/2026, SCC: 471306-8. SOLICITACAO FINANCEIRA 183438 - 2026.                                                        .                                                                           VALORES MENSAIS EM...............JUN - 767,28.................JUL - 3.836,40VALOR TOTAL.........................................................4.603,68.                                                                           8 - TRANSFERENCIA DE RECURSOS DO SUS - ATENCAO PRIMARIA                     ;Dispensa de Licitação;000017352019
20262150008430061;25/06/2026 00:00:00;6205,00;;;0,00;;;0,00;33903600;OUTROS SERVICOS DE TERCEIROS - PESSOA FISICA;00064889726187;SECRETARIA MUNICIPAL DE SAUDE;0,00;SECRETARIA MUNICIPAL DE SAUDE                                                                                                                                                                                                                                ;SAUDE - 10;ATENCAO BASICA - 301;TRANSFERENCIA DE RECURSOS DO SISTEMA UNICO DE SAUDE - SUS - BLOCO DE MANUTENCAO DAS ACOES E SERVICOS PUBLICOS DE SAUDE - 107;WALTER LOPES FERREIRA JUNIOR;DESPESA COM CONTRATO DE LOCACAO N. 1715/2025, DO IMOVEL ONDE FUNCIONA O CS  SANTO HILARIO, COM VALORES RELATIVOS AO MES DE JULHO A 21/08/2026, CONFORME DESPACHO 566 (10632149)-GERINF, PEDIDO DE COMPRAS 156/2025. SCC 779335.     SOLICITACAO FINANCEIRA 183872 - 2026.                                       .                                                                           VALORES MENSAIS:............................JUL - 3.650,00....AGO - 2.555,00VALOR TOTAL:........................................................6.205,00.                                                                           8 - TRANSFERENCIA DE RECURSOS DO SUS - ATENCAO PRIMARIA.                    ;Inexigibilidade de Licitação;000001822025
20262150008810022;10/06/2026 00:00:00;67500,00;0151792026;11/06/2026 00:00:00;19405,50;202621500088100220001;24/06/2026 00:00:00;19405,50;33903900;OUTROS SERVICOS DE TERCEIROS - PESSOA JURIDICA;10280768000110;SECRETARIA MUNICIPAL DE SAUDE;0,00;SECRETARIA MUNICIPAL DE SAUDE                                                                                                                                                                                                                                ;SAUDE - 10;ATENCAO BASICA - 301;TRANSFERENCIA DE RECURSOS DO SISTEMA UNICO DE SAUDE - SUS - BLOCO DE MANUTENCAO DAS ACOES E SERVICOS PUBLICOS DE SAUDE - 107;RESIDUO ZERO AMBIENTAL S/A;DESPESA COM PRESTACAO DE SERVICO DE COLETA, TRATAMENTO E DESTINACAO FINAL DOS RESIDUOS SOLIDOS DE SAUDE (RSS) - VALORES RELATIVOS ABRIL A JUNHO/2026    .                                                                           VALOR TOTAL:.....................................................67.500,00  .                                                                           8 - TRANSFERENCIA DE RECURSOS DO SUS - ATENCAO PRIMARIA                     SOLICITACAO FINANCEIRA: 183377/2026                                         ;Pregão;000900342024
20262150008810022;10/06/2026 00:00:00;67500,00;0174552026;02/07/2026 00:00:00;14094,50;;;0,00;33903900;OUTROS SERVICOS DE TERCEIROS - PESSOA JURIDICA;10280768000110;SECRETARIA MUNICIPAL DE SAUDE;0,00;SECRETARIA MUNICIPAL DE SAUDE                                                                                                                                                                                                                                ;SAUDE - 10;ATENCAO BASICA - 301;TRANSFERENCIA DE RECURSOS DO SISTEMA UNICO DE SAUDE - SUS - BLOCO DE MANUTENCAO DAS ACOES E SERVICOS PUBLICOS DE SAUDE - 107;RESIDUO ZERO AMBIENTAL S/A;DESPESA COM PRESTACAO DE SERVICO DE COLETA, TRATAMENTO E DESTINACAO FINAL DOS RESIDUOS SOLIDOS DE SAUDE (RSS) - VALORES RELATIVOS ABRIL A JUNHO/2026    .                                                                           VALOR TOTAL:.....................................................67.500,00  .                                                                           8 - TRANSFERENCIA DE RECURSOS DO SUS - ATENCAO PRIMARIA                     SOLICITACAO FINANCEIRA: 183377/2026                                         ;Pregão;000900342024
20262150008810024;18/06/2026 00:00:00;137666,64;;;0,00;;;0,00;33903900;OUTROS SERVICOS DE TERCEIROS - PESSOA JURIDICA;41938735000148;SECRETARIA MUNICIPAL DE SAUDE;137666,64;SECRETARIA MUNICIPAL DE SAUDE                                                                                                                                                                                                                                ;SAUDE - 10;ATENCAO BASICA - 301;TRANSFERENCIA DE RECURSOS DO SISTEMA UNICO DE SAUDE - SUS - BLOCO DE MANUTENCAO DAS ACOES E SERVICOS PUBLICOS DE SAUDE - 107;MAAS SERVICOS LTDA;DESPESA COM PEDIDO FILHO PARA LOCACAO DE VEICULOS SEM MOTORISTA,DE ACORDO C/A ATA NR.041/2026, SRP NR. 90015/2025 PARA ATENDER A SECRETARIA MUNICIPAL DESAUDE,PARECER NR. 280/2026-GERPSR CONF. PEDIDO DE COMPRA NR. 354/2026-FMS, ITEM 1(01-UMA UNIDADE)-BLOCO PAB-SCC818900-SOLICITACAO FINANCEIRA:183412-2026.                                                                           VALOR TOTAL.......................................................137.666,64.                                                                           8 - TRANSFERENCIA DE RECURSOS DO SUS - ATENCAO PRIMARIA                     ;Pregão;000900152025
20262150008830023;12/06/2026 00:00:00;24186,00;0154112026;15/06/2026 00:00:00;5004,00;202621500088300230001;23/06/2026 00:00:00;5004,00;33903900;OUTROS SERVICOS DE TERCEIROS - PESSOA JURIDICA;02105260000157;SECRETARIA MUNICIPAL DE SAUDE;0,00;SECRETARIA MUNICIPAL DE SAUDE                                                                                                                                                                                                                                ;SAUDE - 10;ATENCAO BASICA - 301;TRANSFERENCIA DE RECURSOS DO SISTEMA UNICO DE SAUDE - SUS - BLOCO DE MANUTENCAO DAS ACOES E SERVICOS PUBLICOS DE SAUDE - 107;CONSELHO CENTRAL N SRA DE FATIMA DE GOIANIA DA S S V P;8 - TRANSFERENCIA DE RECURSOS DO SUS - ATENCAO PRIMARIA                     .                                                                           VALOR TOTAL........................................................24.186,00VALOR COM MENSAIS........JUN - 15.012,00....JUL - 5.004,00....AGO - 4.170,00.                                                                           LICITACAO FINANCEIRA 183375 - 2026.                                         DESPACHO Nº 498/2026-GERINF, SCC: 754057-1, PEDIDO DE COMPRAS Nº 186/2025 SODIM GUANABARA I VALORES RELATIVOS AO PERÍODO DE ABRIL A 25/08/2026, CONFORMEDESPESA COM CONTRATO Nº 210/2024 RELATIVO AOS SERVIÇOS DE LOCAÇÃO DO CSF JAR;Inexigibilidade de Licitação;000001632023
20262150008830023;12/06/2026 00:00:00;24186,00;0154172026;15/06/2026 00:00:00;5004,00;202621500088300230002;23/06/2026 00:00:00;5004,00;33903900;OUTROS SERVICOS DE TERCEIROS - PESSOA JURIDICA;02105260000157;SECRETARIA MUNICIPAL DE SAUDE;0,00;SECRETARIA MUNICIPAL DE SAUDE                                                                                                                                                                                                                                ;SAUDE - 10;ATENCAO BASICA - 301;TRANSFERENCIA DE RECURSOS DO SISTEMA UNICO DE SAUDE - SUS - BLOCO DE MANUTENCAO DAS ACOES E SERVICOS PUBLICOS DE SAUDE - 107;CONSELHO CENTRAL N SRA DE FATIMA DE GOIANIA DA S S V P;8 - TRANSFERENCIA DE RECURSOS DO SUS - ATENCAO PRIMARIA                     .                                                                           VALOR TOTAL........................................................24.186,00VALOR COM MENSAIS........JUN - 15.012,00....JUL - 5.004,00....AGO - 4.170,00.                                                                           LICITACAO FINANCEIRA 183375 - 2026.                                         DESPACHO Nº 498/2026-GERINF, SCC: 754057-1, PEDIDO DE COMPRAS Nº 186/2025 SODIM GUANABARA I VALORES RELATIVOS AO PERÍODO DE ABRIL A 25/08/2026, CONFORMEDESPESA COM CONTRATO Nº 210/2024 RELATIVO AOS SERVIÇOS DE LOCAÇÃO DO CSF JAR;Inexigibilidade de Licitação;000001632023
20262150008830023;12/06/2026 00:00:00;24186,00;0169762026;26/06/2026 00:00:00;5004,00;202621500088300230003;06/07/2026 00:00:00;5004,00;33903900;OUTROS SERVICOS DE TERCEIROS - PESSOA JURIDICA;02105260000157;SECRETARIA MUNICIPAL DE SAUDE;0,00;SECRETARIA MUNICIPAL DE SAUDE                                                                                                                                                                                                                                ;SAUDE - 10;ATENCAO BASICA - 301;TRANSFERENCIA DE RECURSOS DO SISTEMA UNICO DE SAUDE - SUS - BLOCO DE MANUTENCAO DAS ACOES E SERVICOS PUBLICOS DE SAUDE - 107;CONSELHO CENTRAL N SRA DE FATIMA DE GOIANIA DA S S V P;8 - TRANSFERENCIA DE RECURSOS DO SUS - ATENCAO PRIMARIA                     .                                                                           VALOR TOTAL........................................................24.186,00VALOR COM MENSAIS........JUN - 15.012,00....JUL - 5.004,00....AGO - 4.170,00.                                                                           LICITACAO FINANCEIRA 183375 - 2026.                                         DESPACHO Nº 498/2026-GERINF, SCC: 754057-1, PEDIDO DE COMPRAS Nº 186/2025 SODIM GUANABARA I VALORES RELATIVOS AO PERÍODO DE ABRIL A 25/08/2026, CONFORMEDESPESA COM CONTRATO Nº 210/2024 RELATIVO AOS SERVIÇOS DE LOCAÇÃO DO CSF JAR;Inexigibilidade de Licitação;000001632023
20262150008830025;26/06/2026 00:00:00;175000,00;;;0,00;;;0,00;33903900;OUTROS SERVICOS DE TERCEIROS - PESSOA JURIDICA;12900948000182;SECRETARIA MUNICIPAL DE SAUDE;175000,00;SECRETARIA MUNICIPAL DE SAUDE                                                                                                                                                                                                                                ;SAUDE - 10;ATENCAO BASICA - 301;TRANSFERENCIA DE RECURSOS DO SISTEMA UNICO DE SAUDE - SUS - BLOCO DE MANUTENCAO DAS ACOES E SERVICOS PUBLICOS DE SAUDE - 107;MAXX PROJETOS E CONSULTORIA EM TI LTDA;CONTRATACAO DE PLATAFORMA DE MENSAGERIA E WEBCHAT VIA WHATSAPP BUSINESS API PARA COMUNICACAO COM PACIENTES, ENVIO AUTOMATIZADO DE NOTIFICACOES E INTEGRACAO AOS SISTEMAS DA SMS, COM MAIS EFICIENCIA CONF.TERMO DE HOMOLOGACAO DO PE90027/26, PED.DE COMPRA 487/25/ SCC819698/SOLICITACAO FINANCEIRA 183824-2026.                                                                           VALORES COM MENSAIS...JUN - 60.000,00....JUL - 60.000,00.....AGO - 55.000,00.                                                                           VALOR TOTAL.......................................................175.000,00.                                                                           8 - TRANSFERENCIA DE RECURSOS DO SUS - ATENCAO PRIMARIA                     ;Pregão;000900272026
20262150009210004;03/06/2026 00:00:00;300000,00;;;0,00;;;0,00;33903900;OUTROS SERVICOS DE TERCEIROS - PESSOA JURIDICA;01585595000157;SECRETARIA MUNICIPAL DE SAUDE;0,00;SECRETARIA MUNICIPAL DE SAUDE                                                                                                                                                                                                                                ;SAUDE - 10;ATENCAO BASICA - 301;EMENDAS PARLAMENTARES INDIVIDUAIS - TRANSFERêNCIA COM FINALIDADE DEFINIDA (ART. 1º DA EC 105/2019 E INCISO II DO ART. 166-A DA CF/88) - 181;ASSOCIACAO DE COMBATE AO CANCER EM GOIAS;636 - TRANSFERENCIA COM FINALIDADE DEFINIDA                                 SOLICITACAO FINANCEIRA 183286 - 2026                                        VALOR TOTAL.......................................................300.000,00.                                                                           181-EMENDAS PARLAMENTARES INDIVIDUAIS-TRANSFERêNCIA COM FINALIDADE DEFINIDA (ART. 1º DA EC 105/2019 E INCISO II DO ART. 166-A DA CF/88)                 DESPESA COM TERMO DE COMPROMISSO - TRANSFERENCIAS DO FUNDO NACIONAL DE SAUDE/FNS,INCREMENTO TEMPORARIO AO CUSTEIO DOS SERVICOS DE ASSISTENCIA HOSPITALARE AMBULATORIAL PARA CUMPRIMENTO E METAS - MAC INDICACAO DE RECURSOS:INCREMENTO MAC - PORTARIA GM/MS NR.10.431, DE 27/03/2026,PARLAMENTAR:CELIO SILVEIRA/N.EMENDA:30700006-CONTA DEBITO C/C:24.402-3 PROPOSTA FNS:36000752655202600. .                                                                           ;Outros (Convênios, ajustes, similares, etc.);000005802026
20262150009210005;03/06/2026 00:00:00;327000,00;;;0,00;;;0,00;33903900;OUTROS SERVICOS DE TERCEIROS - PESSOA JURIDICA;01585595000157;SECRETARIA MUNICIPAL DE SAUDE;0,00;SECRETARIA MUNICIPAL DE SAUDE                                                                                                                                                                                                                                ;SAUDE - 10;ATENCAO BASICA - 301;EMENDAS PARLAMENTARES INDIVIDUAIS - TRANSFERêNCIA COM FINALIDADE DEFINIDA (ART. 1º DA EC 105/2019 E INCISO II DO ART. 166-A DA CF/88) - 181;ASSOCIACAO DE COMBATE AO CANCER EM GOIAS;DESPESA COM TERMO DE COMPROMISSO - TRANSFERENCIAS DO FUNDO NACIONAL DE SAUDE/FNS,INCREMENTO TEMPORARIO AO CUSTEIO DOS SERVICOS DE ASSISTENCIA HOSPITALARE AMBULATORIAL PARA CUMPRIMENTO E METAS - MAC INDICACAO DE RECURSOS:INCREMENTO MAC-PORT.GM/MS N.10.431,DE 27/03/2026,PARLAMENTAR:ADRIANO DO BALDY/EMENDA39000008,CONTA DEBITO C/C:24.392-2 -PROPOSTA FNS:36000750343202600/SCC818187.                                                                           VALOR TOTAL.......................................................327.000,00.                                                                           181 -EMENDAS PARLAMENTARES INDIVIDUAIS-TRANSFERêNCIA COM FINALIDADE DEFINIDA(ART. 1º DA EC 105/2019 E INCISO II DO ART. 166-A DA CF/88)                 636 - TRANSFERENCIA COM FINALIDADE DEFINIDA                                 SOLICITACAO FINANCEIRA 183278 - 2026                                        ;Outros (Convênios, ajustes, similares, etc.);000005752026
20262150009210006;03/06/2026 00:00:00;300000,00;;;0,00;;;0,00;33903900;OUTROS SERVICOS DE TERCEIROS - PESSOA JURIDICA;01585595000157;SECRETARIA MUNICIPAL DE SAUDE;0,00;SECRETARIA MUNICIPAL DE SAUDE                                                                                                                                                                                                                                ;SAUDE - 10;ATENCAO BASICA - 301;EMENDAS PARLAMENTARES INDIVIDUAIS - TRANSFERêNCIA COM FINALIDADE DEFINIDA (ART. 1º DA EC 105/2019 E INCISO II DO ART. 166-A DA CF/88) - 181;ASSOCIACAO DE COMBATE AO CANCER EM GOIAS;HOSPITALAR E AMBULATORIAL PARA CUMPRIMENTO E METAS-MAC INDICACAO DE RECURSOSINCREMENTO MAC-PORT.GM/MS N.10.431,DE 27/03/26 PARLAMENTAR:PROFESSORALCIDES EMENDA:40580002-CONTA DEBITO C/C:24.390-6 PROPOSTA FNS:36000752698202600.   .                                                                           VALOR TOTAL.......................................................300.000,00.                                                                           181 - EMENDAS PARLAMENTARES INDIVIDUAIS - TRANSFERêNCIA COM FINALIDADE DEFINIDA                                                                         (ART. 1º DA EC 105/2019 E INCISO II DO ART. 166-A DA CF/88)                 636 - TRANSFERENCIA COM FINALIDADE DEFINIDA                                 .                                                                           SOLICITACAO FINANCEIRA 183279 - 2026                                        SAUDE/FNS, INCREMENTO TEMPORARIO AO CUSTEIO DOS SERVICOS DE ASSISTENCIA     DESPESA COM TERMO DE COMPROMISSO - TRANSFERENCIAS DO FUNDO NACIONAL DE      ;Outros (Convênios, ajustes, similares, etc.);000005792026
20262150009210007;08/06/2026 00:00:00;1000000,00;;;0,00;;;0,00;33903900;OUTROS SERVICOS DE TERCEIROS - PESSOA JURIDICA;01585595000157;SECRETARIA MUNICIPAL DE SAUDE;0,00;SECRETARIA MUNICIPAL DE SAUDE                                                                                                                                                                                                                                ;SAUDE - 10;ATENCAO BASICA - 301;EMENDAS PARLAMENTARES INDIVIDUAIS - TRANSFERêNCIA COM FINALIDADE DEFINIDA (ART. 1º DA EC 105/2019 E INCISO II DO ART. 166-A DA CF/88) - 181;ASSOCIACAO DE COMBATE AO CANCER EM GOIAS;DESPESA COM TERMO DE COMPROMISSO - TRANSFERENCIAS DO FUNDO NACIONAL DE SAUDE/FNS, INCREMENTO TEMPORARIO AO CUSTEIO DOS SERVICOS DE ASSISTENCIA HOSPITALAR E AMBULATORIAL PARA CUMPRIMENTO E METAS - MAC                             INDICACAO DE RECURSOS: INCREMENTO MAC - PORTARIA GM/MS NR. 10.431, DE 27/03/2026 PARLAMENTAR: VANDERLAN CARDOSO / NR. DA EMENDA: 40830003               CONTA DÉBITO C/C: 24.407-4 - PROPOSTA FNS:36000752978202600                 .                                                                           VALOR TOTAL:..................................................1.000.000,00  .                                                                           636 - TRANSFERENCIA COM FINALIDADE DEFINIDA                                 SOLICITACAO FINANCEIRA: 183269/2026                                         ;Outros (Convênios, ajustes, similares, etc.);000005782026
20262150009210008;11/06/2026 00:00:00;300000,00;0153352026;12/06/2026 00:00:00;300000,00;202621500092100080001;16/06/2026 00:00:00;300000,00;33903900;OUTROS SERVICOS DE TERCEIROS - PESSOA JURIDICA;02600740000194;SECRETARIA MUNICIPAL DE SAUDE;0,00;SECRETARIA MUNICIPAL DE SAUDE                                                                                                                                                                                                                                ;SAUDE - 10;ATENCAO BASICA - 301;EMENDAS PARLAMENTARES INDIVIDUAIS - TRANSFERêNCIA COM FINALIDADE DEFINIDA (ART. 1º DA EC 105/2019 E INCISO II DO ART. 166-A DA CF/88) - 181;FUNDACAO BANCO DE OLHOS DE GOIAS;DESPESA COM TERMO DE COMPROMISSO - TRANSFERENCIAS DO FUNDO NACIONAL DE SAUDE/FNS, INCREMENTO TEMPORARIO AO CUSTEIO DOS SERVICOS DE ASSISTENCIA HOSPITALAR E AMBULATORIAL PARA CUMPRIMENTO E METAS - MAC - INDICACAO DE RECURSOS: INCREMENTO MAC - PORTARIA GM/MS NR. 10.431, DE 27/03/2026                      PARLAMENTAR: PROFESSOR ALCIDES / NR. DA EMENDA: 40580002                    CONTA DÉBITO C/C: 24.408-2 - PROPOSTA FNS: 3600075926620260                 .                                                                           VALOR TOTAL:....................................................300.000,00  .                                                                           636 - TRANSFERENCIA COM FINALIDADE DEFINIDA                                 SOLICITACAO FINANCEIRA: 182580/2026                                         ;Outros (Convênios, ajustes, similares, etc.);000002652026
20262150009210009;15/06/2026 00:00:00;600000,00;;;0,00;;;0,00;33903900;OUTROS SERVICOS DE TERCEIROS - PESSOA JURIDICA;01585595000157;SECRETARIA MUNICIPAL DE SAUDE;0,00;SECRETARIA MUNICIPAL DE SAUDE                                                                                                                                                                                                                                ;SAUDE - 10;ATENCAO BASICA - 301;EMENDAS PARLAMENTARES INDIVIDUAIS - TRANSFERêNCIA COM FINALIDADE DEFINIDA (ART. 1º DA EC 105/2019 E INCISO II DO ART. 166-A DA CF/88) - 181;ASSOCIACAO DE COMBATE AO CANCER EM GOIAS;SOLICITACAO FINANCEIRA: 183280/2026                                         DESPESA COM TERMO DE COMPROMISSO - TRANSFERENCIAS DO FUNDO NACIONAL DE SAUDE/FNS, INCREMENTO TEMPORARIO AO CUSTEIO DOS SERVICOS DE ASSISTENCIA HOSPITALAR E AMBULATORIAL PARA CUMPRIMENTO E METAS - MAC                             INDICACAO DE RECURSOS: INCREMENTO MAC - PORTARIA GM/MS NR. 10.431, DE 27/03/2026, PARLAMENTAR:SILVYE ALVES / NR. DA EMENDA: 44780001                    CONTA DÉBITO C/C:24.410-4 PROPOSTA FNS: 36000752778202600                   .                                                                           VALOR TOTAL:....................................................600.000,00  .                                                                           636 - TRANSFERENCIA COM FINALIDADE DEFINIDA                                 ;Outros (Convênios, ajustes, similares, etc.);000005772026
20262150009210010;19/06/2026 00:00:00;300000,00;;;0,00;;;0,00;33903900;OUTROS SERVICOS DE TERCEIROS - PESSOA JURIDICA;01619790000150;SECRETARIA MUNICIPAL DE SAUDE;0,00;SECRETARIA MUNICIPAL DE SAUDE                                                                                                                                                                                                                                ;SAUDE - 10;ATENCAO BASICA - 301;EMENDAS PARLAMENTARES INDIVIDUAIS - TRANSFERêNCIA COM FINALIDADE DEFINIDA (ART. 1º DA EC 105/2019 E INCISO II DO ART. 166-A DA CF/88) - 181;SANTA CASA DE MISERICORDIA DE GOIANIA;DESPESA COM TERMO DE COMPROMISSO - TRANSFERENCIAS DO FUNDO NACIONAL DE SAUDE/FNS,INCREMENTO TEMPORARIO AO CUSTEIO DOS SERVICOS DE ASSISTENCIA HOSPITALARE AMBULATORIAL PARA CUMPRIMENTO E METAS - MAC INDICACAO DE RECURSOS: INCREMENTO MAC-PORTARIA GM/MS NR.10.431,DE 27/03/26,PARLAMENTAR:PROFESSOR ALCIDES /N.DA EMENDA:40580002-CONT.DEBITO C/C:24.395-7 PROPOSTA FNS:36000754956202600.                                                                           VALOR TOTAL:......................................................300.000,00.                                                                           181-EMENDAS PARLAMENTARES INDIVIDUAIS -TRANSFERêNCIA COM FINALIDADE DEFINIDA(ART. 1º DA EC 105/2019 E INCISO II DO ART. 166-A DA CF/88)                 636 - TRANSFERENCIA COM FINALIDADE DEFINIDA                                 ;Outros (Convênios, ajustes, similares, etc.);000002522026
20262150009210011;19/06/2026 00:00:00;400000,00;;;0,00;;;0,00;33903900;OUTROS SERVICOS DE TERCEIROS - PESSOA JURIDICA;02917870000155;SECRETARIA MUNICIPAL DE SAUDE;0,00;SECRETARIA MUNICIPAL DE SAUDE                                                                                                                                                                                                                                ;SAUDE - 10;ATENCAO BASICA - 301;EMENDAS PARLAMENTARES INDIVIDUAIS - TRANSFERêNCIA COM FINALIDADE DEFINIDA (ART. 1º DA EC 105/2019 E INCISO II DO ART. 166-A DA CF/88) - 181;ASSOCIACAO DOS DEFICIENTES FISICOS DO ESTADO DE GOIAS;DESPESA COM TERMO DE COMPROMISSO - INCREMENTO TEMPORARIO PARA CUSTEIO DOS   SERVIÇOS DE ATENCAO ESPECIALIZADA A SAUDE,DESTINADO A MANUTENCAO DAS ATIVIDADES, BENEFICIARIO: ADFEGO.ORIGEM DO RECURSO: PORTARIA GM/MS NR. 10.431,DE 27/03/2026, PARLAMENTAR: LEDA BORGES / NR. DA EMENDA: 44070003 SCC 819221 -   SOLICITACAO FINANCEIRA 183754 - 2026.                                       .                                                                           VALOR TOTAL.......................................................400.000,00.                                                                           181-EMENDAS PARLAMENTARES INDIVIDUAIS-TRANSFERêNCIA COM FINALIDADE DEFINIDA (ART. 1º DA EC 105/2019 E INCISO II DO ART. 166-A DA CF/88)                 636 - TRANSFERENCIA COM FINALIDADE DEFINIDA                                 ;Outros (Convênios, ajustes, similares, etc.);000104312026
20262150010710053;15/06/2026 00:00:00;7626,00;0161162026;23/06/2026 00:00:00;7626,00;202621500107100530001;14/07/2026 00:00:00;0,00;33909200;DESPESAS DE EXERCICIOS ANTERIORES;44387711000136;SECRETARIA MUNICIPAL DE SAUDE;0,00;SECRETARIA MUNICIPAL DE SAUDE                                                                                                                                                                                                                                ;SAUDE - 10;ATENCAO BASICA - 301;TRANSFERENCIA DE RECURSOS DO SISTEMA UNICO DE SAUDE - SUS - BLOCO DE MANUTENCAO DAS ACOES E SERVICOS PUBLICOS DE SAUDE - 107;3PH MEDICAMENTOS ESPECIAIS LTDA;REEMPENHO DE DESPESA COM AQUISICAO DE SENSOR DE GLICEMIA EM CUMPRIMENTO A   .                                                                           8 - TRANSFERENCIA DE RECURSOS DO SUS - ATENCAO PRIMARIA.                    DECISAO JUDICIAL PROFERIDA NO PROCESSO JUDICIAL N.5823227-76.2024.8.09.0051 - DEFENSORIA PUBLICA - TRIBUNAL DE JUSTICA-GO PARA PAGAMENTO DA NOTA FISCAL N.5844, SCC766721,PED.COMPRA: 412/2024. SOLICITACAO FINANCEIRA 183467 - 2026.                                                                           VALOR TOTAL:........................................................7.626,00;Outros (Convênios, ajustes, similares, etc.);000002252024
20262150010710053;15/06/2026 00:00:00;7626,00;0161162026;23/06/2026 00:00:00;7626,00;202621500107100530002;16/07/2026 00:00:00;0,00;33909200;DESPESAS DE EXERCICIOS ANTERIORES;44387711000136;SECRETARIA MUNICIPAL DE SAUDE;0,00;SECRETARIA MUNICIPAL DE SAUDE                                                                                                                                                                                                                                ;SAUDE - 10;ATENCAO BASICA - 301;TRANSFERENCIA DE RECURSOS DO SISTEMA UNICO DE SAUDE - SUS - BLOCO DE MANUTENCAO DAS ACOES E SERVICOS PUBLICOS DE SAUDE - 107;3PH MEDICAMENTOS ESPECIAIS LTDA;REEMPENHO DE DESPESA COM AQUISICAO DE SENSOR DE GLICEMIA EM CUMPRIMENTO A   .                                                                           8 - TRANSFERENCIA DE RECURSOS DO SUS - ATENCAO PRIMARIA.                    DECISAO JUDICIAL PROFERIDA NO PROCESSO JUDICIAL N.5823227-76.2024.8.09.0051 - DEFENSORIA PUBLICA - TRIBUNAL DE JUSTICA-GO PARA PAGAMENTO DA NOTA FISCAL N.5844, SCC766721,PED.COMPRA: 412/2024. SOLICITACAO FINANCEIRA 183467 - 2026.                                                                           VALOR TOTAL:........................................................7.626,00;Outros (Convênios, ajustes, similares, etc.);000002252024
20262150010710053;15/06/2026 00:00:00;7626,00;0161162026;23/06/2026 00:00:00;7626,00;202621500107100530003;20/07/2026 00:00:00;7626,00;33909200;DESPESAS DE EXERCICIOS ANTERIORES;44387711000136;SECRETARIA MUNICIPAL DE SAUDE;0,00;SECRETARIA MUNICIPAL DE SAUDE                                                                                                                                                                                                                                ;SAUDE - 10;ATENCAO BASICA - 301;TRANSFERENCIA DE RECURSOS DO SISTEMA UNICO DE SAUDE - SUS - BLOCO DE MANUTENCAO DAS ACOES E SERVICOS PUBLICOS DE SAUDE - 107;3PH MEDICAMENTOS ESPECIAIS LTDA;REEMPENHO DE DESPESA COM AQUISICAO DE SENSOR DE GLICEMIA EM CUMPRIMENTO A   .                                                                           8 - TRANSFERENCIA DE RECURSOS DO SUS - ATENCAO PRIMARIA.                    DECISAO JUDICIAL PROFERIDA NO PROCESSO JUDICIAL N.5823227-76.2024.8.09.0051 - DEFENSORIA PUBLICA - TRIBUNAL DE JUSTICA-GO PARA PAGAMENTO DA NOTA FISCAL N.5844, SCC766721,PED.COMPRA: 412/2024. SOLICITACAO FINANCEIRA 183467 - 2026.                                                                           VALOR TOTAL:........................................................7.626,00;Outros (Convênios, ajustes, similares, etc.);000002252024
20262150010710054;24/06/2026 00:00:00;10080,60;0170312026;26/06/2026 00:00:00;10080,60;;;0,00;33909200;DESPESAS DE EXERCICIOS ANTERIORES;43121365000187;SECRETARIA MUNICIPAL DE SAUDE;0,00;SECRETARIA MUNICIPAL DE SAUDE                                                                                                                                                                                                                                ;SAUDE - 10;ATENCAO BASICA - 301;TRANSFERENCIA DE RECURSOS DO SISTEMA UNICO DE SAUDE - SUS - BLOCO DE MANUTENCAO DAS ACOES E SERVICOS PUBLICOS DE SAUDE - 107;MG FLEX LTDA;REEMPENHO DE DESPESA  COM AQUISICAO DE INSUMOS ODONTOLOGICOS  ATRAVÉS DO 1. PEDIDO FILHO, EDITAL PE N. 90008/2024 - ARP N. 068/2024 CONF. NOTAS FISCAIS:17010, 19221, 19234, 19235 E 19215, FORNECEDOR: MG FLEX LTDA.               PEDIDO DE COMPRA 452/2024. SCC: 772551.                                     SOLICITACAO FINANCEIRA 183858 - 2026.                                       .                                                                           VALOR TOTAL:.......................................................10.080,60.                                                                           8 - TRANSFERENCIA DE RECURSOS DO SUS - ATENCAO PRIMARIA.                    ;Pregão;000900082025
20262150011410008;17/06/2026 00:00:00;45339,16;0193082026;23/07/2026 00:00:00;45339,16;;;0,00;33909300;INDENIZACOES E RESTITUICOES;00027787060115;SECRETARIA MUNICIPAL DE SAUDE;0,00;SECRETARIA MUNICIPAL DE SAUDE                                                                                                                                                                                                                                ;SAUDE - 10;ATENCAO BASICA - 301;TRANSFERENCIA DE RECURSOS DO SISTEMA UNICO DE SAUDE - SUS - BLOCO DE MANUTENCAO DAS ACOES E SERVICOS PUBLICOS DE SAUDE - 107;APARECIDA DE FATIMA DE JESUS LACERDA;DESPESA COM FORMALIZACAO DE TERMO DE PAGAMENTO VISTANDO O PAGAMENTO POR     INDENIZACAO RELATIVO REFORMA PARA RESTITUICAO AS CONDICOES DE LOCACAO DO    IMOVEL ONDE FUNCIONAVA O CSF JARDIM DAS AROEIRAS,CONFORME MEMO.523/2026 -   GERINF, PEDIDO DE COMPRA: 421/2026. SOLICITACAO FINANCEIRA 183618-2026.     .                                                                           .                                                                           VALOR MES JULHO/2026...............................................45.339,16VALOR TOTAL:.......................................................45.339,16.                                                                           8 - TRANSFERENCIA DE RECURSOS DO SUS - ATENCAO PRIMARIA.                    ;Não se aplica (Ex.: Despesas com Pessoal);000000000000
20262150011410009;17/06/2026 00:00:00;27924,37;0193112026;23/07/2026 00:00:00;590,99;;;0,00;33909300;INDENIZACOES E RESTITUICOES;00027787060115;SECRETARIA MUNICIPAL DE SAUDE;0,00;SECRETARIA MUNICIPAL DE SAUDE                                                                                                                                                                                                                                ;SAUDE - 10;ATENCAO BASICA - 301;TRANSFERENCIA DE RECURSOS DO SISTEMA UNICO DE SAUDE - SUS - BLOCO DE MANUTENCAO DAS ACOES E SERVICOS PUBLICOS DE SAUDE - 107;APARECIDA DE FATIMA DE JESUS LACERDA;DESPESA COM FORMALIZACAO DE TERMO DE PAGAMENTO VISTANDO O PAGAMENTO POR     INDENIZACAO RELATIVO A PRESTACAO DE SERVICOS DE LOCACAO DO IMOVEL ONDE      FUNCIONAVA O CSF JARDIM DAS AROEIRAS, CONFORME MEMORANDO 522/2026 GERINF,   REFERENCIA: 23/05/2025 A 10/06/2026, PEDIDO DE COMPRA 420/2026.             SOLICITACAO FINANCEIRA 183617 - 2026.                                       .                                                                           VALOR MES JULHO/2026...............................................27.924,37VALOR TOTAL:.......................................................27.924,37.                                                                           8 - TRANSFERENCIA DE RECURSOS DO SUS - ATENCAO PRIMARIA.                    ;Não se aplica (Ex.: Despesas com Pessoal);000000000000
20262150011410009;17/06/2026 00:00:00;27924,37;0193122026;23/07/2026 00:00:00;2216,22;;;0,00;33909300;INDENIZACOES E RESTITUICOES;00027787060115;SECRETARIA MUNICIPAL DE SAUDE;0,00;SECRETARIA MUNICIPAL DE SAUDE                                                                                                                                                                                                                                ;SAUDE - 10;ATENCAO BASICA - 301;TRANSFERENCIA DE RECURSOS DO SISTEMA UNICO DE SAUDE - SUS - BLOCO DE MANUTENCAO DAS ACOES E SERVICOS PUBLICOS DE SAUDE - 107;APARECIDA DE FATIMA DE JESUS LACERDA;DESPESA COM FORMALIZACAO DE TERMO DE PAGAMENTO VISTANDO O PAGAMENTO POR     INDENIZACAO RELATIVO A PRESTACAO DE SERVICOS DE LOCACAO DO IMOVEL ONDE      FUNCIONAVA O CSF JARDIM DAS AROEIRAS, CONFORME MEMORANDO 522/2026 GERINF,   REFERENCIA: 23/05/2025 A 10/06/2026, PEDIDO DE COMPRA 420/2026.             SOLICITACAO FINANCEIRA 183617 - 2026.                                       .                                                                           VALOR MES JULHO/2026...............................................27.924,37VALOR TOTAL:.......................................................27.924,37.                                                                           8 - TRANSFERENCIA DE RECURSOS DO SUS - ATENCAO PRIMARIA.                    ;Não se aplica (Ex.: Despesas com Pessoal);000000000000
20262150011410009;17/06/2026 00:00:00;27924,37;0193132026;23/07/2026 00:00:00;2216,22;;;0,00;33909300;INDENIZACOES E RESTITUICOES;00027787060115;SECRETARIA MUNICIPAL DE SAUDE;0,00;SECRETARIA MUNICIPAL DE SAUDE                                                                                                                                                                                                                                ;SAUDE - 10;ATENCAO BASICA - 301;TRANSFERENCIA DE RECURSOS DO SISTEMA UNICO DE SAUDE - SUS - BLOCO DE MANUTENCAO DAS ACOES E SERVICOS PUBLICOS DE SAUDE - 107;APARECIDA DE FATIMA DE JESUS LACERDA;DESPESA COM FORMALIZACAO DE TERMO DE PAGAMENTO VISTANDO O PAGAMENTO POR     INDENIZACAO RELATIVO A PRESTACAO DE SERVICOS DE LOCACAO DO IMOVEL ONDE      FUNCIONAVA O CSF JARDIM DAS AROEIRAS, CONFORME MEMORANDO 522/2026 GERINF,   REFERENCIA: 23/05/2025 A 10/06/2026, PEDIDO DE COMPRA 420/2026.             SOLICITACAO FINANCEIRA 183617 - 2026.                                       .                                                                           VALOR MES JULHO/2026...............................................27.924,37VALOR TOTAL:.......................................................27.924,37.                                                                           8 - TRANSFERENCIA DE RECURSOS DO SUS - ATENCAO PRIMARIA.                    ;Não se aplica (Ex.: Despesas com Pessoal);000000000000
20262150011410009;17/06/2026 00:00:00;27924,37;0193142026;23/07/2026 00:00:00;2216,22;;;0,00;33909300;INDENIZACOES E RESTITUICOES;00027787060115;SECRETARIA MUNICIPAL DE SAUDE;0,00;SECRETARIA MUNICIPAL DE SAUDE                                                                                                                                                                                                                                ;SAUDE - 10;ATENCAO BASICA - 301;TRANSFERENCIA DE RECURSOS DO SISTEMA UNICO DE SAUDE - SUS - BLOCO DE MANUTENCAO DAS ACOES E SERVICOS PUBLICOS DE SAUDE - 107;APARECIDA DE FATIMA DE JESUS LACERDA;DESPESA COM FORMALIZACAO DE TERMO DE PAGAMENTO VISTANDO O PAGAMENTO POR     INDENIZACAO RELATIVO A PRESTACAO DE SERVICOS DE LOCACAO DO IMOVEL ONDE      FUNCIONAVA O CSF JARDIM DAS AROEIRAS, CONFORME MEMORANDO 522/2026 GERINF,   REFERENCIA: 23/05/2025 A 10/06/2026, PEDIDO DE COMPRA 420/2026.             SOLICITACAO FINANCEIRA 183617 - 2026.                                       .                                                                           VALOR MES JULHO/2026...............................................27.924,37VALOR TOTAL:.......................................................27.924,37.                                                                           8 - TRANSFERENCIA DE RECURSOS DO SUS - ATENCAO PRIMARIA.                    ;Não se aplica (Ex.: Despesas com Pessoal);000000000000
20262150011410009;17/06/2026 00:00:00;27924,37;0193152026;23/07/2026 00:00:00;2216,22;;;0,00;33909300;INDENIZACOES E RESTITUICOES;00027787060115;SECRETARIA MUNICIPAL DE SAUDE;0,00;SECRETARIA MUNICIPAL DE SAUDE                                                                                                                                                                                                                                ;SAUDE - 10;ATENCAO BASICA - 301;TRANSFERENCIA DE RECURSOS DO SISTEMA UNICO DE SAUDE - SUS - BLOCO DE MANUTENCAO DAS ACOES E SERVICOS PUBLICOS DE SAUDE - 107;APARECIDA DE FATIMA DE JESUS LACERDA;DESPESA COM FORMALIZACAO DE TERMO DE PAGAMENTO VISTANDO O PAGAMENTO POR     INDENIZACAO RELATIVO A PRESTACAO DE SERVICOS DE LOCACAO DO IMOVEL ONDE      FUNCIONAVA O CSF JARDIM DAS AROEIRAS, CONFORME MEMORANDO 522/2026 GERINF,   REFERENCIA: 23/05/2025 A 10/06/2026, PEDIDO DE COMPRA 420/2026.             SOLICITACAO FINANCEIRA 183617 - 2026.                                       .                                                                           VALOR MES JULHO/2026...............................................27.924,37VALOR TOTAL:.......................................................27.924,37.                                                                           8 - TRANSFERENCIA DE RECURSOS DO SUS - ATENCAO PRIMARIA.                    ;Não se aplica (Ex.: Despesas com Pessoal);000000000000
20262150011410009;17/06/2026 00:00:00;27924,37;0193222026;23/07/2026 00:00:00;2216,22;;;0,00;33909300;INDENIZACOES E RESTITUICOES;00027787060115;SECRETARIA MUNICIPAL DE SAUDE;0,00;SECRETARIA MUNICIPAL DE SAUDE                                                                                                                                                                                                                                ;SAUDE - 10;ATENCAO BASICA - 301;TRANSFERENCIA DE RECURSOS DO SISTEMA UNICO DE SAUDE - SUS - BLOCO DE MANUTENCAO DAS ACOES E SERVICOS PUBLICOS DE SAUDE - 107;APARECIDA DE FATIMA DE JESUS LACERDA;DESPESA COM FORMALIZACAO DE TERMO DE PAGAMENTO VISTANDO O PAGAMENTO POR     INDENIZACAO RELATIVO A PRESTACAO DE SERVICOS DE LOCACAO DO IMOVEL ONDE      FUNCIONAVA O CSF JARDIM DAS AROEIRAS, CONFORME MEMORANDO 522/2026 GERINF,   REFERENCIA: 23/05/2025 A 10/06/2026, PEDIDO DE COMPRA 420/2026.             SOLICITACAO FINANCEIRA 183617 - 2026.                                       .                                                                           VALOR MES JULHO/2026...............................................27.924,37VALOR TOTAL:.......................................................27.924,37.                                                                           8 - TRANSFERENCIA DE RECURSOS DO SUS - ATENCAO PRIMARIA.                    ;Não se aplica (Ex.: Despesas com Pessoal);000000000000
20262150011410009;17/06/2026 00:00:00;27924,37;0193232026;23/07/2026 00:00:00;2216,22;;;0,00;33909300;INDENIZACOES E RESTITUICOES;00027787060115;SECRETARIA MUNICIPAL DE SAUDE;0,00;SECRETARIA MUNICIPAL DE SAUDE                                                                                                                                                                                                                                ;SAUDE - 10;ATENCAO BASICA - 301;TRANSFERENCIA DE RECURSOS DO SISTEMA UNICO DE SAUDE - SUS - BLOCO DE MANUTENCAO DAS ACOES E SERVICOS PUBLICOS DE SAUDE - 107;APARECIDA DE FATIMA DE JESUS LACERDA;DESPESA COM FORMALIZACAO DE TERMO DE PAGAMENTO VISTANDO O PAGAMENTO POR     INDENIZACAO RELATIVO A PRESTACAO DE SERVICOS DE LOCACAO DO IMOVEL ONDE      FUNCIONAVA O CSF JARDIM DAS AROEIRAS, CONFORME MEMORANDO 522/2026 GERINF,   REFERENCIA: 23/05/2025 A 10/06/2026, PEDIDO DE COMPRA 420/2026.             SOLICITACAO FINANCEIRA 183617 - 2026.                                       .                                                                           VALOR MES JULHO/2026...............................................27.924,37VALOR TOTAL:.......................................................27.924,37.                                                                           8 - TRANSFERENCIA DE RECURSOS DO SUS - ATENCAO PRIMARIA.                    ;Não se aplica (Ex.: Despesas com Pessoal);000000000000
20262150011410009;17/06/2026 00:00:00;27924,37;0193252026;23/07/2026 00:00:00;738,74;;;0,00;33909300;INDENIZACOES E RESTITUICOES;00027787060115;SECRETARIA MUNICIPAL DE SAUDE;0,00;SECRETARIA MUNICIPAL DE SAUDE                                                                                                                                                                                                                                ;SAUDE - 10;ATENCAO BASICA - 301;TRANSFERENCIA DE RECURSOS DO SISTEMA UNICO DE SAUDE - SUS - BLOCO DE MANUTENCAO DAS ACOES E SERVICOS PUBLICOS DE SAUDE - 107;APARECIDA DE FATIMA DE JESUS LACERDA;DESPESA COM FORMALIZACAO DE TERMO DE PAGAMENTO VISTANDO O PAGAMENTO POR     INDENIZACAO RELATIVO A PRESTACAO DE SERVICOS DE LOCACAO DO IMOVEL ONDE      FUNCIONAVA O CSF JARDIM DAS AROEIRAS, CONFORME MEMORANDO 522/2026 GERINF,   REFERENCIA: 23/05/2025 A 10/06/2026, PEDIDO DE COMPRA 420/2026.             SOLICITACAO FINANCEIRA 183617 - 2026.                                       .                                                                           VALOR MES JULHO/2026...............................................27.924,37VALOR TOTAL:.......................................................27.924,37.                                                                           8 - TRANSFERENCIA DE RECURSOS DO SUS - ATENCAO PRIMARIA.                    ;Não se aplica (Ex.: Despesas com Pessoal);000000000000
20262150011410009;17/06/2026 00:00:00;27924,37;0193162026;23/07/2026 00:00:00;2216,22;;;0,00;33909300;INDENIZACOES E RESTITUICOES;00027787060115;SECRETARIA MUNICIPAL DE SAUDE;0,00;SECRETARIA MUNICIPAL DE SAUDE                                                                                                                                                                                                                                ;SAUDE - 10;ATENCAO BASICA - 301;TRANSFERENCIA DE RECURSOS DO SISTEMA UNICO DE SAUDE - SUS - BLOCO DE MANUTENCAO DAS ACOES E SERVICOS PUBLICOS DE SAUDE - 107;APARECIDA DE FATIMA DE JESUS LACERDA;DESPESA COM FORMALIZACAO DE TERMO DE PAGAMENTO VISTANDO O PAGAMENTO POR     INDENIZACAO RELATIVO A PRESTACAO DE SERVICOS DE LOCACAO DO IMOVEL ONDE      FUNCIONAVA O CSF JARDIM DAS AROEIRAS, CONFORME MEMORANDO 522/2026 GERINF,   REFERENCIA: 23/05/2025 A 10/06/2026, PEDIDO DE COMPRA 420/2026.             SOLICITACAO FINANCEIRA 183617 - 2026.                                       .                                                                           VALOR MES JULHO/2026...............................................27.924,37VALOR TOTAL:.......................................................27.924,37.                                                                           8 - TRANSFERENCIA DE RECURSOS DO SUS - ATENCAO PRIMARIA.                    ;Não se aplica (Ex.: Despesas com Pessoal);000000000000
20262150011410009;17/06/2026 00:00:00;27924,37;0193172026;23/07/2026 00:00:00;2216,22;;;0,00;33909300;INDENIZACOES E RESTITUICOES;00027787060115;SECRETARIA MUNICIPAL DE SAUDE;0,00;SECRETARIA MUNICIPAL DE SAUDE                                                                                                                                                                                                                                ;SAUDE - 10;ATENCAO BASICA - 301;TRANSFERENCIA DE RECURSOS DO SISTEMA UNICO DE SAUDE - SUS - BLOCO DE MANUTENCAO DAS ACOES E SERVICOS PUBLICOS DE SAUDE - 107;APARECIDA DE FATIMA DE JESUS LACERDA;DESPESA COM FORMALIZACAO DE TERMO DE PAGAMENTO VISTANDO O PAGAMENTO POR     INDENIZACAO RELATIVO A PRESTACAO DE SERVICOS DE LOCACAO DO IMOVEL ONDE      FUNCIONAVA O CSF JARDIM DAS AROEIRAS, CONFORME MEMORANDO 522/2026 GERINF,   REFERENCIA: 23/05/2025 A 10/06/2026, PEDIDO DE COMPRA 420/2026.             SOLICITACAO FINANCEIRA 183617 - 2026.                                       .                                                                           VALOR MES JULHO/2026...............................................27.924,37VALOR TOTAL:.......................................................27.924,37.                                                                           8 - TRANSFERENCIA DE RECURSOS DO SUS - ATENCAO PRIMARIA.                    ;Não se aplica (Ex.: Despesas com Pessoal);000000000000
20262150011410009;17/06/2026 00:00:00;27924,37;0193182026;23/07/2026 00:00:00;2216,22;;;0,00;33909300;INDENIZACOES E RESTITUICOES;00027787060115;SECRETARIA MUNICIPAL DE SAUDE;0,00;SECRETARIA MUNICIPAL DE SAUDE                                                                                                                                                                                                                                ;SAUDE - 10;ATENCAO BASICA - 301;TRANSFERENCIA DE RECURSOS DO SISTEMA UNICO DE SAUDE - SUS - BLOCO DE MANUTENCAO DAS ACOES E SERVICOS PUBLICOS DE SAUDE - 107;APARECIDA DE FATIMA DE JESUS LACERDA;DESPESA COM FORMALIZACAO DE TERMO DE PAGAMENTO VISTANDO O PAGAMENTO POR     INDENIZACAO RELATIVO A PRESTACAO DE SERVICOS DE LOCACAO DO IMOVEL ONDE      FUNCIONAVA O CSF JARDIM DAS AROEIRAS, CONFORME MEMORANDO 522/2026 GERINF,   REFERENCIA: 23/05/2025 A 10/06/2026, PEDIDO DE COMPRA 420/2026.             SOLICITACAO FINANCEIRA 183617 - 2026.                                       .                                                                           VALOR MES JULHO/2026...............................................27.924,37VALOR TOTAL:.......................................................27.924,37.                                                                           8 - TRANSFERENCIA DE RECURSOS DO SUS - ATENCAO PRIMARIA.                    ;Não se aplica (Ex.: Despesas com Pessoal);000000000000
20262150011410009;17/06/2026 00:00:00;27924,37;0193192026;23/07/2026 00:00:00;2216,22;;;0,00;33909300;INDENIZACOES E RESTITUICOES;00027787060115;SECRETARIA MUNICIPAL DE SAUDE;0,00;SECRETARIA MUNICIPAL DE SAUDE                                                                                                                                                                                                                                ;SAUDE - 10;ATENCAO BASICA - 301;TRANSFERENCIA DE RECURSOS DO SISTEMA UNICO DE SAUDE - SUS - BLOCO DE MANUTENCAO DAS ACOES E SERVICOS PUBLICOS DE SAUDE - 107;APARECIDA DE FATIMA DE JESUS LACERDA;DESPESA COM FORMALIZACAO DE TERMO DE PAGAMENTO VISTANDO O PAGAMENTO POR     INDENIZACAO RELATIVO A PRESTACAO DE SERVICOS DE LOCACAO DO IMOVEL ONDE      FUNCIONAVA O CSF JARDIM DAS AROEIRAS, CONFORME MEMORANDO 522/2026 GERINF,   REFERENCIA: 23/05/2025 A 10/06/2026, PEDIDO DE COMPRA 420/2026.             SOLICITACAO FINANCEIRA 183617 - 2026.                                       .                                                                           VALOR MES JULHO/2026...............................................27.924,37VALOR TOTAL:.......................................................27.924,37.                                                                           8 - TRANSFERENCIA DE RECURSOS DO SUS - ATENCAO PRIMARIA.                    ;Não se aplica (Ex.: Despesas com Pessoal);000000000000
20262150011410009;17/06/2026 00:00:00;27924,37;0193202026;23/07/2026 00:00:00;2216,22;;;0,00;33909300;INDENIZACOES E RESTITUICOES;00027787060115;SECRETARIA MUNICIPAL DE SAUDE;0,00;SECRETARIA MUNICIPAL DE SAUDE                                                                                                                                                                                                                                ;SAUDE - 10;ATENCAO BASICA - 301;TRANSFERENCIA DE RECURSOS DO SISTEMA UNICO DE SAUDE - SUS - BLOCO DE MANUTENCAO DAS ACOES E SERVICOS PUBLICOS DE SAUDE - 107;APARECIDA DE FATIMA DE JESUS LACERDA;DESPESA COM FORMALIZACAO DE TERMO DE PAGAMENTO VISTANDO O PAGAMENTO POR     INDENIZACAO RELATIVO A PRESTACAO DE SERVICOS DE LOCACAO DO IMOVEL ONDE      FUNCIONAVA O CSF JARDIM DAS AROEIRAS, CONFORME MEMORANDO 522/2026 GERINF,   REFERENCIA: 23/05/2025 A 10/06/2026, PEDIDO DE COMPRA 420/2026.             SOLICITACAO FINANCEIRA 183617 - 2026.                                       .                                                                           VALOR MES JULHO/2026...............................................27.924,37VALOR TOTAL:.......................................................27.924,37.                                                                           8 - TRANSFERENCIA DE RECURSOS DO SUS - ATENCAO PRIMARIA.                    ;Não se aplica (Ex.: Despesas com Pessoal);000000000000
20262150011410009;17/06/2026 00:00:00;27924,37;0193212026;23/07/2026 00:00:00;2216,22;;;0,00;33909300;INDENIZACOES E RESTITUICOES;00027787060115;SECRETARIA MUNICIPAL DE SAUDE;0,00;SECRETARIA MUNICIPAL DE SAUDE                                                                                                                                                                                                                                ;SAUDE - 10;ATENCAO BASICA - 301;TRANSFERENCIA DE RECURSOS DO SISTEMA UNICO DE SAUDE - SUS - BLOCO DE MANUTENCAO DAS ACOES E SERVICOS PUBLICOS DE SAUDE - 107;APARECIDA DE FATIMA DE JESUS LACERDA;DESPESA COM FORMALIZACAO DE TERMO DE PAGAMENTO VISTANDO O PAGAMENTO POR     INDENIZACAO RELATIVO A PRESTACAO DE SERVICOS DE LOCACAO DO IMOVEL ONDE      FUNCIONAVA O CSF JARDIM DAS AROEIRAS, CONFORME MEMORANDO 522/2026 GERINF,   REFERENCIA: 23/05/2025 A 10/06/2026, PEDIDO DE COMPRA 420/2026.             SOLICITACAO FINANCEIRA 183617 - 2026.                                       .                                                                           VALOR MES JULHO/2026...............................................27.924,37VALOR TOTAL:.......................................................27.924,37.                                                                           8 - TRANSFERENCIA DE RECURSOS DO SUS - ATENCAO PRIMARIA.                    ;Não se aplica (Ex.: Despesas com Pessoal);000000000000
20262150012430001;09/06/2026 00:00:00;1689210,75;;;0,00;;;0,00;44903900;OUTROS SERVICOS DE TERCEIROS - PESSOA JURIDICA;07945776000123;SECRETARIA MUNICIPAL DE SAUDE;0,00;SECRETARIA MUNICIPAL DE SAUDE                                                                                                                                                                                                                                ;SAUDE - 10;ATENCAO BASICA - 301;OPERACOES DE CREDITO INTERNAS - 190;PRIMECON CONSTRUTORA LTDA EPP;DESPESA COM TERMO DE HOMOLOGACAO CONCORRENCIA 90002/2026 PARA CONTRATACAO DEEMPRESA ESPECIALIZADA PARA EXECUCAO DE OBRA DE CONSTRUCAO DE UNIDADE BASICA DE SAUDE - UBS PORTE 5 - DENOMINADA UBS GRAJAU VALOR CONFORME TERMO DE HOMO-LOGACAO E ADJUDICACAO Nº 1, 29 DE MAIO DE 2026(10380827),PROGRAMA DE ACELERACAO DO CRESCIMENTO (NOVO PAC) - PROPOSTA SISMOB Nº 37623.3520001/25-004 SCC:818462 - SOLICITACAO FINANCEIRA 183365 - 2026.                              .                                                                           VALORES COM MENSAIS.......JUN-563.070,25....JUL-563.070,25....AGO-563.070,25VALOR TOTAL.....................................................1.689.210,75.                                                                           190 - OPERACOES DE CREDITO INTERNAS                                         23 - OPERACAO DE CREDITO SAUDE                                              ;Pregão;000900022026
20262150013410033;02/06/2026 00:00:00;29600,00;;;0,00;;;0,00;44905200;EQUIPAMENTOS E MATERIAL PERMANENTE;11050321000117;SECRETARIA MUNICIPAL DE SAUDE;0,00;SECRETARIA MUNICIPAL DE SAUDE                                                                                                                                                                                                                                ;SAUDE - 10;ATENCAO BASICA - 301;TRANSFERENCIA DE RECURSOS DO SISTEMA UNICO DE SAUDE - SUS - BLOCO DE MANUTENCAO DAS ACOES E SERVICOS PUBLICOS DE SAUDE - 107;GIGANTE PRODUTOS MEDICOS EIRELI;NA ATENCAO PRIMARIA DA SAUDE NO MUNICIPIO CONF.PREGAO ELETRONICO 90014/2026 - DESPACHO 209 GEREMO-DESPACHO 366 PRECEL - PEDIDO DE COMPRAS 364/2025      SOLICITACAO FINANCEIRA: 182449/2026 - SCC 815854.                           .                                                                           01 - MACA GINECOLOBICA ELETRICA - MARCA: GIGANTE                            COD:670383...............02UN.............14.800..................29.600,00 VALOR TOTAL:......................................................29.600,00 .                                                                           OBS:   O PRAZO DE ENTREGA DOS BENS SERA EFETUADO NO PRAZO NAO SUPERIOR A 30 DIAS UTEIS, CONTADOS APOS O RECEBIMENTO DA ORDEM DE ENTREGA OU NOTA DE EMPE-NHO/AUTORIZACAO DE FORNECIMENTO, ACOMPANHADOS DOS DOCUMENTOS FISCAIS RESPEC-TIVOS, DEVE CONTER, OBRIGATORIAMENTE, A ESPECIFICACAO DO ITEM,MARCA DO FABRICANTE E QUANTIDADE ENTREGUE.DEMAIS ESCLARECIMENTOS CONF.EST.TEC.PREL.1.RETI-FICACAO (8531446)GEREMO,EDITAL DE LICITACAO PE 90014/2026 (9395960)PRECEL,MAPA DE PRECOS E PRE-EMPENHO(9865032) E ANEXOS SEI 25.29.000027933-6.         LOCAL DA ENTREGA:ALMOXARIFADO CENTRAL SMS, AV.PERIMETRAL NORTE COND.GOIAZEM BL.E, GALPOES 09/10, VL.JOAO VAZ, CEP:74.425-090, GO/GO. FONES:62-3524-3404 /3407, HORARIO:08:00 AS 17:00, ENTREGA C/AGENDAMENTO PREVIO NO EMAIL:       CIAD.GOIANIA@BRANETOLGISTICA.COM.BR.                                        .                                                                           8 - TRANSFERENCIA DE RECURSOS DO SUS - ATENCAO PRIMARIA                     DESPESA COM AQUISICAO DE MATERIAL PERMANENTE (MACAS GINECOLOGICAS ELETRICAS ACESSIVEIS) PARA ATENDER AS NECESSIDADES ESPECIFICAS DA PESSOA C/DEFICIENCIA;Pregão;009000142026
20262150013410034;18/06/2026 00:00:00;1393976,00;0179892026;08/07/2026 00:00:00;1393976,00;;;0,00;44905200;EQUIPAMENTOS E MATERIAL PERMANENTE;12477490000281;SECRETARIA MUNICIPAL DE SAUDE;0,00;SECRETARIA MUNICIPAL DE SAUDE                                                                                                                                                                                                                                ;SAUDE - 10;ATENCAO BASICA - 301;TRANSFERENCIA DE RECURSOS DO SISTEMA UNICO DE SAUDE - SUS - BLOCO DE MANUTENCAO DAS ACOES E SERVICOS PUBLICOS DE SAUDE - 107;LIDER NOTEBOOKS COMERCIO E SERVICOS;DESPESA C/ AQUISICAO EQUIP DE TECNOLOGIA DA INFORMACAO (ESTACOES DE TRABALHODESKTOPS)CONF. ARP 07/2025 -EDITAL LICITACAO Nº90.001/2025 DO MINIST.DE GES-TAO E DA INOVACAO EM SERV.PUBLICOS CONF.DFD 7947619-ETP 7949621 DESP.12/2026GERTEC - DESP.259/26-GERCOM -DESP.344/26-PRECELTOTAL DEEQUIPAMENTOS-QTDE :  400 PCS. SCC 803121 SOLICITACAO FINANCEIRA 183093 - 2026.                   .                                                                           ITEM 1-MICROCOMPUTADOR DESKTOP MINI PADRAO DESKTOP INTERMEDIARIO, MARCA:LENOVO, MODELO:THINKCENTRE M75Q GEN2 AMD RYZEN 5 PRO 5655GE 16GB DDR4 3200MHZ   512 GB SSD M.2 PCIE TLC E DEMAIS ESPECIFICOES CONFORME TERMO DE REFERENCIA. LENOVO.                                                                     COD63884-6.................400,00 UN...........3.484,9400.......1.393.976,00VALOR TOTAL.....................................................1.393.976,00.                                                                           A ENTREGA DOS BENS DEVERA SER EFETIVADA NO PRAZO MAXIMO DE 30 (TRINTA) DIAS CORRIDOS, CONTADOS DO RECEBIMENTO DA ORDEM DE FORNECIMENTO DE BENS, EMITIDA CONTRATANTE.ESSE PRAZO PODERA SER PRORROGADO, EXCEPCIONALMENTE,POR ATE IGUALPERIODO,DESDE QUE A SOLICITACAO SEJA PREVIAMENTE JUSTIFICADA PELA CONTRATADAE DEVIDAMENTE AUTORIZADA PELA CONTRATANTE, CONF.DISPOSTO NO ITEM 4.5 DO TER-MO DE REFERENCIA DO ORGAO GERENCIADOR.ANTES DA REALIZACAO DA ENTREGA,A CON- TRATADA DEVERA CONFIRMAR JUNTO A CONTRATANTE O ENDERECO E OS HORARIOS DISPO-NIVEIS A FIM DE EVITAR DIVERGENCIAS E ASSEGURAR A ADEQUADA RECEPCAO DOS EQUIPAMENTOS.ENTREGAS DEVERAO SER PREVIAMENTE AGENDADAS POR MEIO DO ENDERECO ELETRONICO:CIAD.GOIANIA@BRANETLOGISTICA.COM.BR.  ENTREGUES NO ALMOXARIFADO CEN-RAL DA SECRETARIA MUNICIPAL DE SAUDE DE GOIANIA, SITO A AV.PERIMETRAL NORTE COND.GOIAZEM BL.E, GALPOES 09/10 VL.JOAO VAZ,CEP: 74.425-090, GOIANIA-GO.   O MODELO DE EXECUCAO A SER ADOTADO E AQUELE INDICADO NO ITEM 6 DO TERMO DE  REFERENCIA DO ORGAO GERENCIADOR,DEVENDO SER OBSERVADO EM SUA INTEGRALIDADE  PELA CONTRATADA. DEMAIS ESCLARECIMETNOS CONF. EDITAL PE-SRP Nº90.001/2025(7947029), ATA DE REGISTRO DE PRECOS  0007/2025, PARECER N. 294/2025-GERPSR, PEDIDO DE COMPRAS 565/2025-GERCOM E ANEXOS SEI 25.29.000035314-5.             107 - TRANSFERENCIA DE RECURSOS DO SISTEMA UNICO DE SAUDE - SUS - BLOCO DE  MANUTENCAO DAS ACOES E SERVICOS PUBLICOS DE SAUDE                           8 - TRANSFERENCIA DE RECURSOS DO SUS - ATENCAO PRIMARIA                     ;Pregão;000900012025
20262150013410035;19/06/2026 00:00:00;10540,00;;;0,00;;;0,00;44905200;EQUIPAMENTOS E MATERIAL PERMANENTE;07897039000100;SECRETARIA MUNICIPAL DE SAUDE;10540,00;SECRETARIA MUNICIPAL DE SAUDE                                                                                                                                                                                                                                ;SAUDE - 10;ATENCAO BASICA - 301;TRANSFERENCIA DE RECURSOS DO SISTEMA UNICO DE SAUDE - SUS - BLOCO DE MANUTENCAO DAS ACOES E SERVICOS PUBLICOS DE SAUDE - 107;DENTEMED EQUIPAMENTOS ODONTOLOGICOS LTDA;"DESPESA C/ AQUISICAO DE EQUIPAMENTO ODONTOLOGICOS ATRAVES DO 2º PEDIDO FILHOARP 025/2025, PE 90027/2024,CONF. MEMORANDO 212/2026-GEREMO,PARECER 251/2026GERPSR, PED.DE COMPRAS 293/26-SCC815625-SOLICITACAO FINANCEIRA 183703 - 2026.                                                                           1-MOCHO ODONTOLOGICO ENCOSTO REGULAVEL RODIZIOS DENTEMED.                   COD05934-0...............20,00 UN..............527,0000............10.540,00VALOR TOTAL........................................................10.540,00.                                                                           O FORNECIMENTO DEVERA SER EFETUADO C/PRAZO DE ENTREGA NAO SUPERIOR A 20 DIASCONTADOS A PARTIR DO RECEBIMENTO DA NOTA DE EMPENHO,ENTREGA EM PERFEITAS CONDICOES, ACOMPANHADO DA RESPECTIVA NOTA FISCAL CONSTANDO DETALHADAMENTE A MARCA, FABRICANTE, MODELO, TIPO E PROCEDEACIA; COMUNICAR A ADMINISTRACAO,NO PRAZO MAXIMO DE 24 HORAS QUE ANTECEDE A DATA DA ENTREGA,OS MOTIVOS QUE IMPOSSI BILITEM O CUMPRIMENTO DO PRAZO PREVISTO, COM A DEVIDA COMPROVACAO,ENTREGA NOALMOXARIFADO CENTRAL DA SMS, AV.PERIMETRAL NORTE,COND.GOIAZEM, BL.E,GALPAO  9/10, VL.JOAO VAZ, CEP:74.425-090, GOIANIA/GOIAS, AGENDAR ENTREGA ATRAVES DOE-MAIL CIAD.GOIANIA@BRANETOLGISTICA.COM.BR, DEMAIS ESCLARECIMENTOS MEMORANDO212 2° FILHO DENTEMED ARP Nº 25/2025(9927033)GEREMO, EDITAL EQUIPAMENTO ODONTO(9927122)GEREMO, EXTRATO DE ATA EQUIPAMENTO ODONTO (9927254)GEREMO,PARECER251 (10016551)GERPSR, E ANEXOS SEI 26.29.000014051-1.                       .                                                                           8 - TRANSFERENCIA DE RECURSOS DO SUS - ATENCAO PRIMARIA                     ";Pregão;000900272026
20262150013410036;22/06/2026 00:00:00;56602,00;;;0,00;;;0,00;44905200;EQUIPAMENTOS E MATERIAL PERMANENTE;97533241000138;SECRETARIA MUNICIPAL DE SAUDE;56602,00;SECRETARIA MUNICIPAL DE SAUDE                                                                                                                                                                                                                                ;SAUDE - 10;ATENCAO BASICA - 301;TRANSFERENCIA DE RECURSOS DO SISTEMA UNICO DE SAUDE - SUS - BLOCO DE MANUTENCAO DAS ACOES E SERVICOS PUBLICOS DE SAUDE - 107;MHM DO COUTO COMERCIAL ME;DESPESA COM AQUISICAO DE EQUIP. ODONTOLOGICO ATRAVES DO 2º PEDIDO FILHO, ARP020/2025, EDITAL PE90027/2024 CONF.MEMORANDO 194/2026-GEREMO,PARECER 237/26,PEDIDO DE COMPRAS 278/2026. SCC 819281.                                     SOLICITACAO FINANCEIRA 183706-2026.                                         .                                                                           ITEM 1-_APARELHO FOTOPOLIMERIZADOR RESTAURACAO RESINA- MARCA SCHUSTER.      COD.346063................28,00 UN..........470,0000...............13.160,00ITEM 2-_APARELHO SUCCAO UNIDADE AUXILIAR ELETRICO- MARCA SCHUSTER.          COD.247391................58,00 UN..........749,0000...............43.442,00VALOR TOTAL:.......................................................56.602.00.                                                                           O FORNECIMENTO DOS BENS DEVERAO SER NO PRAZO NAO SUPERIOR A 20 DIAS, CONTA- DOS A PARTIR DO RECEBIMENTO DA NOTA DE EMPENHO/ORDEM DE FORNECIMENTO,ACOMPA-NHADOS DOS DOCUMENTOS FISCAIS, DESCRITOS COM ESPECIFICACAO DO ITEM, MARCA DOFABRICANTE E QUANTIDADE ENTREGUE. A ENTREGA SERA C/ AGENDAMENTO PREVIO NO E-MAIL:CIAD.GOIANIA@BRANETLOGISTICA.COM.BR., NO LOCAL:ALMOXARIFADO CENTRAL DA SMS, NA AV.PERIMETRAL NORTE, COND.GOIAZEM, BL.E, GALPOES 06/10, VL.JOAO VAZ,GOIANIA/GO. CEP 74445-190. TEL. 3524-3404/3407. DEMAIS ESCLARECIMENTOS CONF.MEMORANDO 194/2026(9897225)GEREMO,_EDITAL PE90027/2024(9898267)GEREMO, PARE-CER 237/26(9989558)GERPSR E ANEXOS SEI 26.26.000013521-6.                   .                                                                           8 - TRANSFERENCIA DE RECURSOS DO SUS - ATENCAO PRIMARIA.                    ;Pregão;000900272024
20262150013410037;22/06/2026 00:00:00;15366,30;;;0,00;;;0,00;44905200;EQUIPAMENTOS E MATERIAL PERMANENTE;20669174000159;SECRETARIA MUNICIPAL DE SAUDE;15366,30;SECRETARIA MUNICIPAL DE SAUDE                                                                                                                                                                                                                                ;SAUDE - 10;ATENCAO BASICA - 301;TRANSFERENCIA DE RECURSOS DO SISTEMA UNICO DE SAUDE - SUS - BLOCO DE MANUTENCAO DAS ACOES E SERVICOS PUBLICOS DE SAUDE - 107;K2 INDUSTRIA, COMERCIO, IMPORTACAO E EXPORTACAO LTDA;DESPESA COM AQUISICAO DE EQUIP. ODONTOLOGICO ATRAVES DO 2º PEDIDO FILHO,ARP 023/2025, EDITAL PE90027/2024 CONF.MEMORANDO 197/2026-GEREMO, PARECER 253/26-GERPSR, PEDIDO DE COMPRAS 296/2026. SCC 819272.                            SOLICITACAO FINANCEIRA 183692 - 2026.                                       .                                                                           ITEM 1-_KIT CONTRA ANGULO/MICROMOTOR BAIXA ROTACAO- MARCA KHALKOS/K2 IND.   COD.722561...................34,00 UN........451,9500..............15.366,30VALOR TOTAL:.......................................................15.366,30.                                                                           O FORNECIMENTO DOS BENS DEVERAO SER NO PRAZO NAO SUPERIOR A 20 DIAS,CONTADOSA PARTIR DO RECEBIMENTO DA NOTA DE EMPENHO/ORDEM DE FORNECIMENTO, ACOMPANHA-DOS DOS DOCUMENTOS FISCAIS, DESCRITOS COM ESPECIFICACAO DO ITEM,MARCA DO FA-BRICANTE E QUANTIDADE ENTREGUE. A ENTREGA SERA C/ AGENDAMENTO PREVIO NO E-  MAIL:CIAD.GOIANIA@BRANETLOGISTICA.COM.BR., NO LOCAL: ALMOXARIFADO CENTRAL_DASMS, NA AV.PERIMETRAL NORTE, COND.GOIAZEM, BL.E, GALPOES 06/10, VL.JOAO VAZ,GOIANIA/GO. CEP 74445-190. TEL. 3524-3404/3407. DEMAIS ESCLARECIMENTOS CONF.MEMORANDO 197/2026(9899379)GEREMO, EDITAL PE90027/2024(9899663)GEREMO, PARE-CER 253/2026(10020707)GERPSR E ANEXOS SEI 26.29.000013561-5.                .                                                                           8 - TRANSFERENCIA DE RECURSOS DO SUS - ATENCAO PRIMARIA.                    ;Pregão;000900272024
20262150013410038;22/06/2026 00:00:00;191598,40;;;0,00;;;0,00;44905200;EQUIPAMENTOS E MATERIAL PERMANENTE;46344050000197;SECRETARIA MUNICIPAL DE SAUDE;191598,40;SECRETARIA MUNICIPAL DE SAUDE                                                                                                                                                                                                                                ;SAUDE - 10;ATENCAO BASICA - 301;TRANSFERENCIA DE RECURSOS DO SISTEMA UNICO DE SAUDE - SUS - BLOCO DE MANUTENCAO DAS ACOES E SERVICOS PUBLICOS DE SAUDE - 107;SUL AGUA EQUIPAMENTOS LTDA;DESPESA COM AQUISICAO DE EQUIP. ODONTOLOGICO ATRAVES DO 2º PEDIDO FILHO, ARP024/2025, EDITAL PE90027/2024-GEREMO CONF. MEMORANDO 198/2026-GEREMO, PARE- CER 252/2026-GERPSR, PEDIDO DE COMPRAS 294/2026. SCC 819264.                SOLICITACAO FINANCEIRA 183704 - 2026.                                       .                                                                           ITEM 1- COMPRESSOR AR ISENTO DE OLEO 100L. - MARCA FIAC.                    COD.722502..................20,00 UN.......4.899,9500..............97.999,00ITEM 2- COMPRESSOR AR ODONTOLOGICO ISENTO DE OLEO 200L. - MARCA FIAC.       COD.719730..................12,00 UN.......7.799,9500..............93.599,40VALOR TOTAL:......................................................191.598,40.                                                                           O FORNECIMENTO DOS BENS DEVERAO SER NO PRAZO NAO SUPERIOR A 20 DIAS,CONTADOSA PARTIR DO RECEBIMENTO DA NOTA DE EMPENHO/ORDEM DE FORNECIMENTO, ACOMPANHA-DOS DOS DOCUMENTOS FISCAIS, DESCRITOS C/ ESPECIFICACAO DO ITEM, MARCA DO FA-BRICANTE E QUANTIDADE ENTREGUE. A ENTREGA SERA C/AGENDAMENTO PREVIO NO EMAILCIAD.GOIANIA@BRANETLOGISTICA.COM.BR., NO LOCAL: ALMOXARIFADO CENTRAL DA SMS NA AV.PERIMETRAL NORTE, COND.GOIAZEM, BL.E, GALPOES 06/10, VL.JOAO VAZ, GOI-ANIA/GO. CEP 74445-190. TEL.3524-3404/3407. DEMAIS ESCLARECIMENTOS CONF.MEMO198/2026(9899892)GEREMO, EDITAL PE90027/2024(9899989)GEREMO,PARECER 252/2026(10017251)GERPSR E ANEXOS SEI 26.29.000013566-6.                            .                                                                           8 - TRANSFERENCIA DE RECURSOS DO SUS - ATENCAO PRIMARIA.                    ;Pregão;000900272024
20262150013410039;23/06/2026 00:00:00;3720,00;;;0,00;;;0,00;44905200;EQUIPAMENTOS E MATERIAL PERMANENTE;30037851000170;SECRETARIA MUNICIPAL DE SAUDE;3720,00;SECRETARIA MUNICIPAL DE SAUDE                                                                                                                                                                                                                                ;SAUDE - 10;ATENCAO BASICA - 301;TRANSFERENCIA DE RECURSOS DO SISTEMA UNICO DE SAUDE - SUS - BLOCO DE MANUTENCAO DAS ACOES E SERVICOS PUBLICOS DE SAUDE - 107;SQUADRA DO BRASIL DISTRIBUIDORA DE EQUIPAMENTOS;DESPESA COM AQUISICAO DE MATERIAIS PERMANENTES PARA REESTRUTURACAO DA UABSF VALE DOS SONHOS, LUANA PARK E GRAJAU, PE REMESSA UNICA CONF. MEMORANDO 1553//2025-DIRAPP, TERMO DE REFERENCIA 7974145-GEREMO,_PARECER 272/2025-GERPSR.  PEDIDO DE COMPRA 533/2025. SCC 819205.                                      SOLICITACAO FINANCEIRA 183721-2026.                                         .                                                                           ITEM 6- FOCO ACO GINECOLOGICO PRADO PSL01.                                  COD 166030...................12,00 UN..........310,0000.............3.720,00VALOR TOTAL:........................................................3.720,00.                                                                           O FORNECIMENTO DOS BENS DEVERA SER EFETUADO NO PRAZO NAO SUPERIOR A 20 DIAS UTEIS, CONTADOS APOS O RECEBIMENTO DA ORDEM DE ENTREGA OU NOTA DE EMPENHO/  AUTORIZACAO DE FORNECIMENTO, ACOMPANHADOS DOS DOCUMENTOS FISCAIS, QUE DEVEM CONTER,OBRIGATORIAMENTE,A ESPECIFICACAO DO ITEM, MARCA DO FABRICANTE E_QUAN-TIDADE ENTREGUE. A ENTREGA SERA C/ AGENDAMENTO PREVIO PELO E-MAIL:          CIAD.GOIANIA@BRANETLOGISTICA.COM.BR, NO LOCAL: ALMOXARIFADO CENTRAL DA SMS, NA AV.PERIMETRAL NORTE,COND.GOIAZEM,BL.E,GALPOES 06/10,VL. JOAO VAZ,GOIANIA//GO. CEP 74445-190. TEL. 3524-3404/3407. DEMAIS ESCLARECIMENTOS CONF. MEMO. 1553/2025(7961644)DIRAPP, TERMO DE REFERENCIA 7974145 GEREMO,_PARECER 272/25(8097819) GERPSR E ANEXO SEI 25.29.000035452-4.                             .                                                                           8 - TRANSFERENCIA DE RECURSOS DO SUS - ATENCAO PRIMARIA.                    ;Pregão;000900112026
20262150013410040;23/06/2026 00:00:00;3690,00;;;0,00;;;0,00;44905200;EQUIPAMENTOS E MATERIAL PERMANENTE;63679550000107;SECRETARIA MUNICIPAL DE SAUDE;3690,00;SECRETARIA MUNICIPAL DE SAUDE                                                                                                                                                                                                                                ;SAUDE - 10;ATENCAO BASICA - 301;TRANSFERENCIA DE RECURSOS DO SISTEMA UNICO DE SAUDE - SUS - BLOCO DE MANUTENCAO DAS ACOES E SERVICOS PUBLICOS DE SAUDE - 107;VERLUMA COMERCIO LTDA;DESPESA COM AQUISICAO DE MATERIAIS PERMANENTES PARA REESTRUTURACAO DA UABSF VALE DOS SONHOS, LUANA PARK E GRAJAU, PE REMESSA UNICA CONF. MEMORANDO 1553/2025-DIRAPP, TERMO DE REFERENCIA 7974145-GEREMO, PARECER 272/2025-GERPSR.   PEDIDO DE COMPRA 533/2025. SCC 819175.                                      SOLICITACAO FINANCEIRA 183723 - 2026.                                       .                                                                           ITEM 2- BALANCA DIGITAL ANTROPOMETRICA 250 KG. LIDER P300C.                 COD.687952...................3,00 UN...........1.230,0000...........3.690,00VALOR TOTAL:........................................................3.690,00.                                                                           O FORNECIMENTO DOS BENS DEVERA SER EFETUADO NO PRAZO NAO SUPERIOR A 20 DIAS UTEIS, CONTADOS APOS O RECEBIMENTO DA ORDEM DE ENTREGA OU NOTA DE EMPENHO/  AUTORIZACAO DE FORNECIMENTO,_ACOMPANHADOS DOS DOCUMENTOS FISCAIS, QUE DEVEM CONTER,OBRIGATORIAMENTE,A ESPECIFICACAO DO ITEM, MARCA DO FABRICANTE E QUAN-TIDADE ENTREGUE. A ENTREGA SERA C/ AGENDAMENTO PREVIO POR E-MAIL:           CIAD.GOIANIA@BRANETLOGISTICA.COM.BR, NO LOCAL: ALMOXARIFADO CENTRAL DA SMS, NA AV.PERIMETRAL NORTE,COND.GOIAZEM, BL.E, GALPOES 06/10, VL. JOAO VAZ,GOIA-NIA/GO. CEP 74445-190. TEL.3524-3404/3407. DEMAIS ESCLARECIMENTOS CONF.MEMO.1553/2025(7961644) DIRAPP, TERMO DE REFERENCIA 7974145 GEREMO,PARECER 272/25(8097819) GERPSR E ANEXOS SEI 25.29.000035452-4.                            .                                                                           8 - TRANSFERENCIA DE RECURSOS DO SUS - ATENCAO PRIMARIA.                    ;Pregão;000900112026
20262150013410041;23/06/2026 00:00:00;16854,39;;;0,00;;;0,00;44905200;EQUIPAMENTOS E MATERIAL PERMANENTE;57498660000161;SECRETARIA MUNICIPAL DE SAUDE;16854,39;SECRETARIA MUNICIPAL DE SAUDE                                                                                                                                                                                                                                ;SAUDE - 10;ATENCAO BASICA - 301;TRANSFERENCIA DE RECURSOS DO SISTEMA UNICO DE SAUDE - SUS - BLOCO DE MANUTENCAO DAS ACOES E SERVICOS PUBLICOS DE SAUDE - 107;STARMEDICAL IMPORTAO E EXPORTAO DE_PROD. HOSP. LTDA;DESPESA COM AQUISICAO DE MATERIAIS PERMANENTES PARA REESTRUTURACAO DA UABSF VALE DOS SONHOS, LUANA PARK E GRAJAU, PE REMESSA UNICA CONF. MEMORANDO 1553/2025-DIRAPP, TERMO DE REFERENCIA 7974145-GEREMO, PARECER 272/2025-GERPSR.   PEDIDO DE COMPRA 533/2025 / ITEM 4. SCC 819183.                             SOLICITACAO FINANCEIRA 183726 - 2026.                                       .                                                                           ITEM 4- POLTRONA RECLINAVEL DESCANSO LIFENOX.                               COD.665886...................21,00 UN..........802,5900............16.854,39VALOR TOTAL:.......................................................16.854,39.                                                                           O FORNECIMENTO DOS BENS DEVERA SER EFETUADO NO PRAZO NAO SUPERIOR A 20 DIAS UTEIS, CONTADOS APOS O RECEBIMENTO DA ORDEM DE ENTREGA OU NOTA DE EMPENHO/  AUTORIZACAO DE FORNECIMENTO,_ACOMPANHADOS DOS DOCUMENTOS FISCAIS, QUE DEVEM CONTER,OBRIGATORIAMENTE,A ESPECIFICACAO DO ITEM, MARCA DO FABRICANTE E QUAN-TIDADE ENTREGUE. A ENTREGA SERA C/ AGENDAMENTO PREVIO, ATRAVES DO E-MAIL:   CIAD.GOIANIA@BRANETLOGISTICA.COM.BR, NO LOCAL: ALMOXARIFADO CENTRAL DA SMS, NA AV.PERIMETRAL NORTE,COND.GOIAZEM, BL.E, GALPOES 06/10,_VL. JOAO VAZ,GOIA-NIA/GO. CEP 74445-190. TEL.3524-3404/3407. DEMAIS ESCLARECIMENTOS CONF.MEMO.1553/2025(7961644) DIRAPP, TERMO DE REFERENCIA 7974145 GEREMO,PARECER 272/25(8097819) GERPSR E ANEXOS SEI 25.29.000035452-4.                            .                                                                           8 - TRANSFERENCIA DE RECURSOS DO SUS - ATENCAO PRIMARIA.                    ;Pregão;000900112026
20262150013410042;23/06/2026 00:00:00;6600,00;;;0,00;;;0,00;44905200;EQUIPAMENTOS E MATERIAL PERMANENTE;32597474000159;SECRETARIA MUNICIPAL DE SAUDE;6600,00;SECRETARIA MUNICIPAL DE SAUDE                                                                                                                                                                                                                                ;SAUDE - 10;ATENCAO BASICA - 301;TRANSFERENCIA DE RECURSOS DO SISTEMA UNICO DE SAUDE - SUS - BLOCO DE MANUTENCAO DAS ACOES E SERVICOS PUBLICOS DE SAUDE - 107;STOKMETAL INDUSTRIA E COMERCIO LTDA;DESPESA COM AQUISICAO DE MATERIAIS PERMANENTES PARA REESTRUTURACAO DA UABSF VALE DOS SONHOS, LUANA PARK E GRAJAU, PE REMESSA UNICA CONF. MEMORANDO 1553/2025-DIRAPP, TERMO DE REFERENCIA 7974145-GEREMO, PARECER 272/2025-GERPSR.   PEDIDO DE COMPRA 533/2025 / ITEM 5. SCC 819191.                             SOLICITACAO FINANCEIRA 183729 - 2026.                                       .                                                                           ITEM 5- ESCADA ACO 2 DEGRAUS METALIC METAL.                                 COD.165077...................33,00 UN..........200,0000.............6.600,00VALOR TOTAL:........................................................6.600,00.                                                                           O FORNECIMENTO DOS BENS DEVERA SER EFETUADO NO PRAZO NAO SUPERIOR A 20 DIAS UTEIS, CONTADOS APOS O RECEBIMENTO DA ORDEM DE ENTREGA OU NOTA DE EMPENHO/  AUTORIZACAO DE FORNECIMENTO,_ACOMPANHADOS DOS DOCUMENTOS FISCAIS, QUE DEVEM CONTER,OBRIGATORIAMENTE,A ESPECIFICACAO DO ITEM, MARCA DO FABRICANTE E QUAN-TIDADE ENTREGUE. A ENTREGA SERA C/ AGENDAMENTO PREVIO, ATRAVES DO E-MAIL:   CIAD.GOIANIA@BRANETLOGISTICA.COM.BR, NO LOCAL: ALMOXARIFADO CENTRAL DA SMS, NA AV.PERIMETRAL NORTE,COND.GOIAZEM, BL.E, GALPOES 06/10, VL. JOAO VAZ,GOIA-NIA/GO. CEP 74445-190. TEL.3524-3404/3407. DEMAIS ESCLARECIMENTOS CONF.MEMO.1553/2025(7961644) DIRAPP, TERMO DE REFERENCIA 7974145 GEREMO,PARECER 272/25(8097819) GERPSR E ANEXOS SEI_25.29.000035452-4.                            .                                                                           8 - TRANSFERENCIA DE RECURSOS DO SUS - ATENCAO PRIMARIA.                    ;Pregão;000900112026
20262150013410043;23/06/2026 00:00:00;32265,00;;;0,00;;;0,00;44905200;EQUIPAMENTOS E MATERIAL PERMANENTE;32597474000159;SECRETARIA MUNICIPAL DE SAUDE;32265,00;SECRETARIA MUNICIPAL DE SAUDE                                                                                                                                                                                                                                ;SAUDE - 10;ATENCAO BASICA - 301;TRANSFERENCIA DE RECURSOS DO SISTEMA UNICO DE SAUDE - SUS - BLOCO DE MANUTENCAO DAS ACOES E SERVICOS PUBLICOS DE SAUDE - 107;STOKMETAL INDUSTRIA E COMERCIO LTDA;DESPESA COM AQUISICAO DE MATERIAIS PERMANENTES PARA REESTRUTURACAO DA UABSF VALE DOS SONHOS, LUANA PARK E GRAJAU, PE REMESSA UNICA CONF. MEMORANDO 1553/2025-DIRAPP, TERMO DE REFERENCIA 7974145-GEREMO,_PARECER 272/2025-GERPSR.   PEDIDO DE COMPRA 533/2025 / ITEM 11. SCC 819191.                            SOLICITACAO FINANCEIRA 183730 - 2026.                                       .                                                                           ITEM 11- MACA METALICA FIXA METALIC METAL.                                  COD.638820...................27,00 UN..........1.195,0000..........32.265,00VALOR TOTAL:.......................................................32.265,00.                                                                           O FORNECIMENTO DOS BENS DEVERA SER EFETUADO NO PRAZO NAO SUPERIOR A 20 DIAS UTEIS, CONTADOS APOS O RECEBIMENTO DA ORDEM DE ENTREGA OU NOTA DE EMPENHO/  AUTORIZACAO DE FORNECIMENTO, ACOMPANHADOS DOS DOCUMENTOS FISCAIS, QUE DEVEM CONTER,OBRIGATORIAMENTE,A ESPECIFICACAO DO ITEM, MARCA DO FABRICANTE E QUAN-TIDADE ENTREGUE. A ENTREGA SERA COM AGENDAMENTO PREVIO NO E-MAIL:           CIAD.GOIANIA@BRANETLOGISTICA.COM.BR, NO LOCAL: ALMOXARIFADO CENTRAL DA SMS, NA AV.PERIMETRAL NORTE,COND.GOIAZEM, BL.E, GALPOES 06/10, VL. JOAO VAZ,GOIA-NIA/GO. CEP 74445-190. TEL.3524-3404/3407. DEMAIS ESCLARECIMENTOS CONF.MEMO.1553/2025(7961644) DIRAPP, TERMO DE REFERENCIA 7974145 GEREMO,PARECER 272/25(8097819) GERPSR E ANEXOS SEI 25.29.000035452-4.                            .                                                                           8 - TRANSFERENCIA DE RECURSOS DO SUS - ATENCAO PRIMARIA.                    ;Pregão;000900112026
20262150013410044;23/06/2026 00:00:00;22132,50;;;0,00;;;0,00;44905200;EQUIPAMENTOS E MATERIAL PERMANENTE;32597474000159;SECRETARIA MUNICIPAL DE SAUDE;22132,50;SECRETARIA MUNICIPAL DE SAUDE                                                                                                                                                                                                                                ;SAUDE - 10;ATENCAO BASICA - 301;TRANSFERENCIA DE RECURSOS DO SISTEMA UNICO DE SAUDE - SUS - BLOCO DE MANUTENCAO DAS ACOES E SERVICOS PUBLICOS DE SAUDE - 107;STOKMETAL INDUSTRIA E COMERCIO LTDA;DESPESA COM AQUISICAO DE MATERIAIS PERMANENTES PARA REESTRUTURACAO DA UABSF VALE DOS SONHOS, LUANA PARK E GRAJAU, PE REMESSA UNICA CONF. MEMORANDO 1553/2025-DIRAPP, TERMO DE REFERENCIA 7974145-GEREMO,_PARECER 272/2025-GERPSR.   PEDIDO DE COMPRA 533/2025 / ITEM 12, 13 E 18. SCC 819191.                   SOLICITACAO FINANCEIRA 183733 - 2026.                                       .                                                                           ITEM 12- MESA MDF GINECOLOGICA METALIC METAL.                               COD.543683...................6,00 UN...........2.303,9900..........13.823,94ITEM 13- MESA ACO INOX AUXILIAR, 40 X 60 X 80 CM. METALIC METAL.            COD.149500..................12,00 UN.............369,8800...........4.438,56ITEM 18- SUPORTE SORO ACO METALIC METAL.                                    COD.174017...................18,00 UN..........215,0000.............3.870,00VALOR TOTAL:.......................................................22.132,50.                                                                           O FORNECIMENTO DOS BENS DEVERA SER EFETUADO NO PRAZO NAO SUPERIOR A 20 DIAS UTEIS, CONTADOS APOS O RECEBIMENTO DA ORDEM DE ENTREGA OU NOTA DE EMPENHO/  AUTORIZACAO DE FORNECIMENTO, ACOMPANHADOS DOS DOCUMENTOS FISCAIS, QUE DEVEM CONTER,OBRIGATORIAMENTE, A ESPECIFICACAO DO ITEM,MARCA DO FABRICANTE E QUAN-TIDADE ENTREGUE. ENTREGA SERA C/ AGENDAMENTO PREVIO NO E-MAIL:  CIAD.GOIANIA@BRANETLOGISTICA.COM.BR, NO LOCAL:ALMOXARIFADO CENTRAL DA SMS, NA AV.PERIME-TRAL NORTE, COND.GOIAZEM, BL.E, GALPOES 09/10,VL.JOAO VAZ,GOIANIA/GO. CEP 74445-190. TEL.3524-3404/3407. DEMAIS ESCLARECIMENTOS CONF.MEMORANDO 1553/2025(7961644)DIRAPP, TERMO DE REFERENCIA 7974145GEREMO,PARECER 272/2025(8097819)GERPSR E ANEXOS SEI 25.29.000035452-4.                                      .                                                                           8 - TRANSFERENCIA DE RECURSOS DO SUS - ATENCAO PRIMARIA.                    ;Pregão;000900112026
20262150013410045;23/06/2026 00:00:00;1757,46;;;0,00;;;0,00;44905200;EQUIPAMENTOS E MATERIAL PERMANENTE;62231351000160;SECRETARIA MUNICIPAL DE SAUDE;1757,46;SECRETARIA MUNICIPAL DE SAUDE                                                                                                                                                                                                                                ;SAUDE - 10;ATENCAO BASICA - 301;TRANSFERENCIA DE RECURSOS DO SISTEMA UNICO DE SAUDE - SUS - BLOCO DE MANUTENCAO DAS ACOES E SERVICOS PUBLICOS DE SAUDE - 107;A.J.T.F LTDA;DESPESA COM AQUISICAO DE MATERIAIS PERMANENTES PARA REESTRUTURACAO DA UABSF VALE DOS SONHOS, LUANA PARK E GRAJAU, PE REMESSA UNICA CONF. MEMORANDO 1553/2025-DIRAPP, TERMO DE REFERENCIA 7974145-GEREMO, PARECER 272/2025-GERPSR.   PEDIDO DE COMPRA 533/2025. SCC 819213.                                      SOLICITACAO FINANCEIRA 183735 - 2026.                                       .                                                                           ITEM 8- FORNO ELETRICO MICROONDAS MIDEA.                                    COD.166227...................3,00 UN...........585,8200.............1.757,46VALOR TOTAL:........................................................1.757,46.                                                                           O FORNECIMENTO DOS BENS DEVERA SER EFETUADO NO PRAZO NAO SUPERIOR A 20 DIAS UTEIS, CONTADOS APOS O RECEBIMENTO DA ORDEM DE ENTREGA OU NOTA DE EMPENHO/  AUTORIZACAO DE FORNECIMENTO, ACOMPANHADOS DOS DOCUMENTOS FISCAIS, QUE DEVEM CONTER,OBRIGATORIAMENTE,A ESPECIFICACAO DO ITEM, MARCA DO FABRICANTE E QUAN-TIDADE ENTREGUE. ENTREGA SERA COM AGENDAMENTO PREVIO NO E-MAIL: CIAD.GOIANIA@BRANETLOGISTICA.COM.BR,NO LOCAL: ALMOXARIFADO CENTRAL DA SMS, NA AV.PERIME-TRAL NORTE, COND.GOIAZEM, BL.E, GALPOES 09/10, VL. JOAO VAZ, GOIANIA/GO. CEP74445-190. TEL.3524-3404/3407. DEMAIS ESCLARECIMENTOS CONF.MEMORANDO 1553/25(7961644) DIRAPP,_TERMO DE REFERENCIA 7974145 GEREMO,PARECER 272/25(8097819)GERPSR E ANEXOS SEI 25.29.000035452-4.                                      .                                                                           8 - TRANSFERENCIA DE RECURSOS DO SUS - ATENCAO PRIMARIA.                    ;Pregão;000900112026
20262150013410046;23/06/2026 00:00:00;3212,91;;;0,00;;;0,00;44905200;EQUIPAMENTOS E MATERIAL PERMANENTE;29953468000182;SECRETARIA MUNICIPAL DE SAUDE;3212,91;SECRETARIA MUNICIPAL DE SAUDE                                                                                                                                                                                                                                ;SAUDE - 10;ATENCAO BASICA - 301;TRANSFERENCIA DE RECURSOS DO SISTEMA UNICO DE SAUDE - SUS - BLOCO DE MANUTENCAO DAS ACOES E SERVICOS PUBLICOS DE SAUDE - 107;LICITARA COMERCIO DE MAQUINAS E EQUIPAMENTOS LTDA - EPP;DESPESA COM AQUISICAO DE MATERIAIS PERMANENTES PARA REESTRUTURACAO DA UABSF VALE DOS SONHOS, LUANA PARK E GRAJAU, PE REMESSA UNICA CONF. MEMORANDO 1553/2025-DIRAPP, TERMO DE REFERENCIA 7974145-GEREMO, PARECER 272/2025-GERPSR.   PEDIDO DE COMPRA 533/2025. SCC 819230.                                      SOLICITACAO FINANCEIRA 183738-2026.                                         .                                                                           ITEM 15- PURIFICADOR DE AGUA NATURAL E GELADA - LIBELL.                     COD.173185...................3,00 UN...........1.070,9700...........3.212,91VALOR TOTAL:........................................................3.212,91.                                                                           O FORNECIMENTO DOS BENS DEVERA SER EFETUADO NO PRAZO NAO SUPERIOR A 20 DIAS UTEIS, CONTADOS APOS O RECEBIMENTO DA ORDEM DE ENTREGA OU NOTA DE EMPENHO/  AUTORIZACAO  DE FORNECIMENTO,_ACOMPANHADOS DOS DOCUMENTOS FISCAIS, QUE DEVEMCONTER,OBRIGATORIAMENTE,A ESPECIFICACAO DO ITEM, MARCA DO FABRICANTE E QUAN-TIDADE ENTREGUE. ENTREGA SERA COM AGENDAMENTO PREVIO NO E-MAIL: CIAD.GOIANIA@BRANETLOGISTICA.COM.BR, NO LOCAL: ALMOXARIFADO CENTRAL DA SMS,NA AV.PERIME-TRAL NORTE, COND.GOIAZEM, BL.E, GALPOES 09/10,_VL. JOAO VAZ, GOIANIA/GO._CEP74445-190. TEL. 3524-3404/3407. DEMAIS ESCLARECIMENTOS CONF._MEMORANDO 1553/25(7961644)DIRAPP,TERMO DE REFERENCIA 7974145 GEREMO,PARECER 272/25(8097819)GERPSR E ANEXOS SEI 25.29.000035452-4.                                      .                                                                           8 - TRANSFERENCIA DE RECURSOS DO SUS - ATENCAO PRIMARIA.                    ;Pregão;000900112026
20262150013410047;23/06/2026 00:00:00;95480,00;;;0,00;;;0,00;44905200;EQUIPAMENTOS E MATERIAL PERMANENTE;14487450000165;SECRETARIA MUNICIPAL DE SAUDE;0,00;SECRETARIA MUNICIPAL DE SAUDE                                                                                                                                                                                                                                ;SAUDE - 10;ATENCAO BASICA - 301;TRANSFERENCIA DE RECURSOS DO SISTEMA UNICO DE SAUDE - SUS - BLOCO DE MANUTENCAO DAS ACOES E SERVICOS PUBLICOS DE SAUDE - 107;CASSIA COUTINHO LUCAS;DESPESA COM AQUISICAO DE EQUIPAMENTO ODONTOLOGICO ATRAVES DO 2ºPEDIDO FILHO,ARP 028/2025, EDITAL PE 90027/2024-GEREMO CONF._MEMORANDO 213/2026-GEREMO,  PARECER 255/26-GERPSR. PEDIDO DE COMPRA 298/2026. SCC 819256.               SOLICITACAO FINANCEIRA 183702-2026.                                         .                                                                           ITEM 1- APARELHO SUCCAO BOMBA ELETRICA - MARCA SCHUSTER.                    COD.247383...................22,00 UN........4.340,0000............95.480,00VALOR TOTAL:.......................................................95.480,00.                                                                           O FORNECIMENTO DOS BENS DEVERA SER EFETUADO NO PRAZO NAO SUPERIOR A 20 DIAS,CONTADOS A PARTIR DO RECEBIMENTO DA ORDEM DE ENTREGA OU NOTA DE EMPENHO/AU- TORIZACAO DE FORNECIMENTO, ACOMPANHADOS DOS DOCUMENTOS FISCAIS RESPECTIVOS, QUE DEVEM CONTER, OBRIGATORIAMENTE, A ESPECIFICACAO DO ITEM, MARCA DO FABRI-CANTE E QUANTIDADE ENTREGUE. A ENTREGA SERA C/ AGENDAMENTO PREVIO NO E-MAIL:CIAD.GOIANIA@BRANETLOGISTICA.COM.BR, NO LOCAL: ALMOXARIFADO CENTRAL DA SMS, NA AV. PERIMETRAL NORTE, COND. GOIAZEM, BL. E, GALPAO 09/10, VL. JOAO VAZ,  GOIANIA/GO. CEP 74445-190. TEL.3524-3404/3407. DEMAIS ESCLARECIMENTOS CONF. MEMO. 213/26-ARP028/25(9927483)GEREMO, PARECER 255/26(10021513)GERPSR E ANE-XOS SEI 26.29.000014060-0.                                                  .                                                                           8 - TRANSFERENCIA DE RECURSOS DO SUS - ATENCAO PRIMARIA.                    ;Pregão;000900272024
20262150014110002;15/06/2026 00:00:00;325,88;0161202026;23/06/2026 00:00:00;325,88;202621500141100020001;14/07/2026 00:00:00;0,00;44909200;DESPESAS DE EXERCICIOS ANTERIORES;44387711000136;SECRETARIA MUNICIPAL DE SAUDE;0,00;SECRETARIA MUNICIPAL DE SAUDE                                                                                                                                                                                                                                ;SAUDE - 10;ATENCAO BASICA - 301;TRANSFERENCIA DE RECURSOS DO SISTEMA UNICO DE SAUDE - SUS - BLOCO DE MANUTENCAO DAS ACOES E SERVICOS PUBLICOS DE SAUDE - 107;3PH MEDICAMENTOS ESPECIAIS LTDA;REEMPENHO DE DESPESA C/AQUISICAO DE APARELHO(MONITOR PORTATIL DE GLICEMIA)EMCUMPRIMENTO A DECISAO JUDICIAL - PROCESSO JUDIC.5823227-76.2024.8.09.0051 - DEFENSORIA PUBLICA TRIBUNAL DE JUSTICA PARA PAGAMENTO DA NOTA FISCAL N.5845,SCC:766721, PEDIDO DE COMPRA:412/2024. SOLICITACAO FINANCEIRA N.183469-2026..                                                                           VALOR TOTAL:..........................................................325,88.                                                                           8 - TRANSFERENCIA DE RECURSOS DO SUS - ATENCAO PRIMARIA.                    ;Outros (Convênios, ajustes, similares, etc.);000002252024
20262150014110002;15/06/2026 00:00:00;325,88;0161202026;23/06/2026 00:00:00;325,88;202621500141100020002;16/07/2026 00:00:00;0,00;44909200;DESPESAS DE EXERCICIOS ANTERIORES;44387711000136;SECRETARIA MUNICIPAL DE SAUDE;0,00;SECRETARIA MUNICIPAL DE SAUDE                                                                                                                                                                                                                                ;SAUDE - 10;ATENCAO BASICA - 301;TRANSFERENCIA DE RECURSOS DO SISTEMA UNICO DE SAUDE - SUS - BLOCO DE MANUTENCAO DAS ACOES E SERVICOS PUBLICOS DE SAUDE - 107;3PH MEDICAMENTOS ESPECIAIS LTDA;REEMPENHO DE DESPESA C/AQUISICAO DE APARELHO(MONITOR PORTATIL DE GLICEMIA)EMCUMPRIMENTO A DECISAO JUDICIAL - PROCESSO JUDIC.5823227-76.2024.8.09.0051 - DEFENSORIA PUBLICA TRIBUNAL DE JUSTICA PARA PAGAMENTO DA NOTA FISCAL N.5845,SCC:766721, PEDIDO DE COMPRA:412/2024. SOLICITACAO FINANCEIRA N.183469-2026..                                                                           VALOR TOTAL:..........................................................325,88.                                                                           8 - TRANSFERENCIA DE RECURSOS DO SUS - ATENCAO PRIMARIA.                    ;Outros (Convênios, ajustes, similares, etc.);000002252024
20262150014110002;15/06/2026 00:00:00;325,88;0161202026;23/06/2026 00:00:00;325,88;202621500141100020003;20/07/2026 00:00:00;325,88;44909200;DESPESAS DE EXERCICIOS ANTERIORES;44387711000136;SECRETARIA MUNICIPAL DE SAUDE;0,00;SECRETARIA MUNICIPAL DE SAUDE                                                                                                                                                                                                                                ;SAUDE - 10;ATENCAO BASICA - 301;TRANSFERENCIA DE RECURSOS DO SISTEMA UNICO DE SAUDE - SUS - BLOCO DE MANUTENCAO DAS ACOES E SERVICOS PUBLICOS DE SAUDE - 107;3PH MEDICAMENTOS ESPECIAIS LTDA;REEMPENHO DE DESPESA C/AQUISICAO DE APARELHO(MONITOR PORTATIL DE GLICEMIA)EMCUMPRIMENTO A DECISAO JUDICIAL - PROCESSO JUDIC.5823227-76.2024.8.09.0051 - DEFENSORIA PUBLICA TRIBUNAL DE JUSTICA PARA PAGAMENTO DA NOTA FISCAL N.5845,SCC:766721, PEDIDO DE COMPRA:412/2024. SOLICITACAO FINANCEIRA N.183469-2026..                                                                           VALOR TOTAL:..........................................................325,88.                                                                           8 - TRANSFERENCIA DE RECURSOS DO SUS - ATENCAO PRIMARIA.                    ;Outros (Convênios, ajustes, similares, etc.);000002252024
20262150017910040;15/06/2026 00:00:00;222795,50;0193722026;24/07/2026 00:00:00;222794,00;;;0,00;33903000;MATERIAL DE CONSUMO;06105362000123;SECRETARIA MUNICIPAL DE SAUDE;0,00;SECRETARIA MUNICIPAL DE SAUDE                                                                                                                                                                                                                                ;SAUDE - 10;ASSISTENCIA HOSPITALAR E AMBULATORIAL - 302;TRANSFERENCIA DE RECURSOS DO SISTEMA UNICO DE SAUDE - SUS - BLOCO DE MANUTENCAO DAS ACOES E SERVICOS PUBLICOS DE SAUDE - 107;ACCUMED PRODUTOS MEDICO HOSPITALARES LTDA;DESPESA COM AQUISICAO DE TIRA REATIVA E LANCETA DESCARTAVEL ATRAVES DO 2º   PEDIDO FILHO,ARP 142/2025,PE 90021/2025,CONF. MEMO.243/2026-GEREMO,PARECER  318/2026 - GERPSR, PEDIDO DE COMPRAS 407/2026 / ITEM 1 - 23.200 FR. E       ITEM 2 - 1266.250 UN, SOLICITACAO FINANCEIRA N.183482-2026. SCC 818691      .                                                                           1- TIRA REATIVA DETERMINACAO GLICOSE FR C/50,0 UN G-TECH.                   COD.26203-0..............23.200..FR.........9,4400................219.008.002-LANCETA DESCARTAVEL_G-TECH                                                COD.19605-3..............126.250UN.........0,0300...................3.787,50VALOR TOTAL:......................................................222.795,50.                                                                           O PRAZO DE ENTREGA DOS BENS SERA EFETUADO NO PRAZO NAO SUP. A 15 DIAS UTEIS CONTADOS_APOS O RECEBIMENTO DA ORDEM DE ENTREGA OU NOTA DE EMPENHO/AUTO-    RIZACAO DE FORNECIMENTO E ACOMPANHADOS DOS DOCUMENTOS FISCAIS RESPECTIVOS,DEVE CONTER, OBRIGATORIAMENTE, A ESPECIFICAçãO DO ITEM, MARCA DO FABRICANTE E QUANTIDADE ENTREGUE,MEDIANTE AGENDAMENTO PREVIO, ATRAVES DO E-MAIL CIAD.GOIANIA@BRANETLOGISTICA.COM.BR,ENTREGUES NO ALMOXARIFADO CENTRAL DA SMS         NA AV.PERIMETRAL NORTE N°2859,VL.JOAO VAZ,COND.GOYAZEM,BL.E, GALPOES 06/10, CEP74445-190,GOIANIA/GO.TEL.3524-3401/3407.DEMAIS ESCLARECIMENTOS CONF.MEMO.243(10235617)-GEREMO,EDITAL PE 90021/2025(10235640)GEREMO,PARECER 318/2026  GERPSR/SMS(10429504), E ANEXOS SEI 26.29.000019083-7.                       .                                                                           8 - TRANSFERENCIA DE RECURSOS DO SUS - ATENCAO PRIMARIA.                    ;Pregão;000900212025
20262150017910041;17/06/2026 00:00:00;361700,00;0160492026;22/06/2026 00:00:00;361700,00;202621500179100410001;26/06/2026 00:00:00;361700,00;33903000;MATERIAL DE CONSUMO;47036211000148;SECRETARIA MUNICIPAL DE SAUDE;0,00;SECRETARIA MUNICIPAL DE SAUDE                                                                                                                                                                                                                                ;SAUDE - 10;ASSISTENCIA HOSPITALAR E AMBULATORIAL - 302;TRANSFERENCIA DE RECURSOS DO SISTEMA UNICO DE SAUDE - SUS - BLOCO DE MANUTENCAO DAS ACOES E SERVICOS PUBLICOS DE SAUDE - 107;PREMIER HOSPITALAR IMPORTACAO E EXPORTACAO LTDA;DESPESA COM FORNECIMENTO DE INSUMOS, REAGENTES, MATERIAIS E KITS LABORATO   RIAIS ATRAVES ADESAO A ARP - MUNICIPIO QUIRINOPOLIS-GO - CONF. DFD 37/2026, ETP 9750431, PARECER 198/2026-GERPSR, PEDIDO DE COMPRA 227/2026/ITENS 20 E 27                                                                           .                                                                           20 - TESTE SODIO AUTOMACAO - MARCA: WIENER                                  COD:501786...........10.000UN..............21,17................211.700,00  27 - TESTE HEMOGLOBINA GLICOSADA AUTOMACAO - MARCA: WIENER                  COD:479217...........10.000UN..............15,00................150.000,00  VALOR TOTAL:....................................................361.700,00  .                                                                           O PRAZO DE ENTREGA DOS BENS SERA EFETUADO NO PRAZO NAO SUPERIOR A 15 (QUINZE) DIAS, CONTADOS APOS O RECEBIMENTO DA ORDEM DE ENTREGA OU NOTA DE EMPENHO/AUTORIZACAO DE FORNECIMENTO, ACOMPANHADOS DOS DOCUMENTOS FISCAIS RESPECTIVOS, DEVE CONTER, OBRIGATORIAMENTE, A ESPECIFICACAO DO ITEM, MARCA DO FABRICANTEE QUANTIDADE ENTREGUE.                                                      .                                                                           OS BENS DEVERAO SER ENTREGUES NO ALMOXARIFADO CENTRAL DA SECRETARIA MUNICIPAL DE SAUDE, NO SEGUINTE ENDEREçO: AVENIDA PERIMETRAL NORTE, CONDOMINIO GOIAZEM, BLOCO E, GALPAO 09 E 10, VILA JOAO VAZ, CEP: 74.425-090, GOIANIA.       .                                                                           8 - TRANSFERENCIA DE RECURSOS DO SUS - ATENCAO PRIMARIA                     SOLICITACAO FINANCEIRA: 181864/2026                                         ;Outros (Convênios, ajustes, similares, etc.);000027832026
20262150018010128;02/06/2026 00:00:00;265,00;;;0,00;;;0,00;33903000;MATERIAL DE CONSUMO;05895525000156;SECRETARIA MUNICIPAL DE SAUDE;0,00;SECRETARIA MUNICIPAL DE SAUDE                                                                                                                                                                                                                                ;SAUDE - 10;ASSISTENCIA HOSPITALAR E AMBULATORIAL - 302;TRANSFERENCIA DE RECURSOS DO SISTEMA UNICO DE SAUDE - SUS - BLOCO DE MANUTENCAO DAS ACOES E SERVICOS PUBLICOS DE SAUDE - 107;OBJETIVA PRODUTOS E SERVICOS P LABORATORIOS LTDA;DESPESA COM AQUISICAO DE INSUMO LABORATORIAL ATRAVES DO 1. PEDIDO FILHO, ARP003/2026, PE 90039/2025 CONF. MEMORANDO 224/2026-GEREMO, PARECER 256/2026-GERPSR, PED.DE COMPRAS 299/2026,SCC 816389,SOLICITACAO FINANCEIRA 182801-2026..                                                                           1-LAMINULA CRISTAL CAMARA NEUBAUER PRECISION.                               COD:22812-5..............500.00 UN.............0,5300.................265,00VALOR TOTAL...........................................................265,00.                                                                           O PRAZO DE ENTREGA DOS BENS SERA EFETUADO NO PRAZO NAO SUPERIOR A 15 DIAS   UTEIS, CONTADOS APOS O RECEBIMENTO DA ORDEM DE ENTREGA OU NOTA DE EMPENHO/AUTORIZACAO DE FORNECIMENTO, ACOMPANHADOS DOS DOCUMENTOS FISCAIS RESPECTIVOS, DEVE CONTER, OBRIGATORIAMENTE, A ESPECIFICACAO DO ITEM, MARCA DO FABRICANTE E QUANTIDADE ENTREGUE,AS ENTREGAS DEVERAO SER EFETUADAS MEDIANTE AGENDAMENTOPREVIO, ATRAVES DO E-MAIL CIAD.GOIANIA@BRANETLOGISTICA.COM.BR, ENTREGA NO ALMOXARIFADO CENTRAL DA SMS DE GOIANIA,AV.PERIMETRAL NORTE N.2.859,VL.JOAO VAZCOND.GOYAZEM BLOCO E GALPOES DE 06 A 10, CEP 74.445-190, GOIANIA-GO. DEMAIS ESCLARECIMENTOS CONF.MEMORANDO 224(10012047)GEREMO,EDITAL PE 90039/2025 (10012097)GEREMO,EXTRATO DE ATA DOM(10012118)GEREMO,PARECER 256 (10023649)GERPSRMAPA DE PRECOS E PRE EMPENHO(10088020)GERCOM E ANEXOS SEI 26290000153940.   .                                                                           64 - TRANSFERENCIAS DE RECURSOS DO SUS - ATENCAO ESPECIALIZADA              ;Pregão;000900392025
20262150018010129;03/06/2026 00:00:00;741,00;;;0,00;;;0,00;33903000;MATERIAL DE CONSUMO;01763210000102;SECRETARIA MUNICIPAL DE SAUDE;0,00;SECRETARIA MUNICIPAL DE SAUDE                                                                                                                                                                                                                                ;SAUDE - 10;ASSISTENCIA HOSPITALAR E AMBULATORIAL - 302;TRANSFERENCIA DE RECURSOS DO SISTEMA UNICO DE SAUDE - SUS - BLOCO DE MANUTENCAO DAS ACOES E SERVICOS PUBLICOS DE SAUDE - 107;REJANE COMERCIO DE PRODUTOS PEDAGOGICOS EIRELI;.                                                                           OS BENS DEVERAO SER ENTREGUES NO ALMOXARIFADO CENTRAL DA SECRETARIA MUNICIPAL DE SAUDE, NO SEGUINTE ENDEREçO: AVENIDA PERIMETRAL NORTE, CONDOMINIO GOIAZEM, BLOCO E, GALPAO 09 E 10, VILA JOAO VAZ, CEP: 74.425-090, GOIANIA.       .                                                                           SOLICITACAO FINANCEIRA: 183047/2026                                         EMPENHO/AUTORIZACAO DE FORNECIMENTO, ACOMPANHADOS DOS DOCUMENTOS FISCAIS RES) DIAS CORRIDOS, CONTADOS APOS O RECEBIMENTO DA ORDEM DE ENTREGA OU NOTA DE O PRAZO DE ENTREGA DOS BENS SERA EFETUADO NO PRAZO NAO SUPERIOR A 15 (QUINZE.                                                                           VALOR TOTAL:........................................................741,00  10 - BONECA PLASTICO NEGRA - MARCA: MILK                                    .                                                                           COMPRA 620/2025 - ITEM:10                                                   COM ATENDIMENTO PSICOSSOCIAL - DFD 29, ETP 8266403, PE 90030/2026, PEDIDO DEDESPESA COM AQUISIÇÃO DE BRINQUEDOS E JOGOS DESTINADOS AS UNIDADES DE SAUDE ;Pregão;000900302025
20262150018010130;03/06/2026 00:00:00;10531,89;;;0,00;;;0,00;33903000;MATERIAL DE CONSUMO;13697291000160;SECRETARIA MUNICIPAL DE SAUDE;0,00;SECRETARIA MUNICIPAL DE SAUDE                                                                                                                                                                                                                                ;SAUDE - 10;ASSISTENCIA HOSPITALAR E AMBULATORIAL - 302;TRANSFERENCIA DE RECURSOS DO SISTEMA UNICO DE SAUDE - SUS - BLOCO DE MANUTENCAO DAS ACOES E SERVICOS PUBLICOS DE SAUDE - 107;TIC TAC COMERCIO DE BRINQUEDOS PEDAG GICOS LTDA;COD:721549...............19CX..............42,47....................806,93  15 - JOGO PEDAGOGICO DOMINO MADEIRA - MARCA: ED FUNDAMENTAL                 COD:064157...............19UN..............23,25....................441,75  18 - JOGO PEDAGOGICO KIT COM 10 JOGOS - MARCA: GROW                         COD:721573...............19UN..............89,94..................1.708,86  19 - JOGO PEDAGOGICO MEMORIA TEXTURAS MDF - MARCA: ED FUNDAMENTAL           COD:711322...............19UN..............28,67....................544,73  20 - JOGO PEDAGOGICO MEMORIA ANIMAIS 54 PECAS PLASTICO                      MARCA: PAIS E FILHOS                                                        COD:721581...............19UN..............23,06....................438,14  24 - JOGO TERAPEUTICO TABULEIRO: COMPETICAO, RAPIDEZ E REFLEXO              MARCA:GROW                                                                  COD:721620...............19UN..............56,50..................1.073,50  28 - JOGO TERAPEUTICO LETRAS - MONTANDO PALAVRAS - TDAH                     MARCA: BRINC CRIANCA                                                        COD:721662...............19UN..............42,29....................803,51  32 - JOGO PEDAGOGICO PEGA VARETA PLASTICO - MARCA: DIV PLAST                COD:439460...............19UN..............08,99....................170,81  VALOR TOTAL:.....................................................10.531,89  .                                                                           O PRAZO DE ENTREGA DOS BENS SERA EFETUADO NO PRAZO NAO SUPERIOR A 15 (QUINZE) DIAS CORRIDOS, CONTADOS APOS O RECEBIMENTO DA ORDEM DE ENTREGA OU NOTA DE EMPENHO/AUTORIZACAO DE FORNECIMENTO, ACOMPANHADOS DOS DOCUMENTOS FISCAIS RESPECTIVOS, DEVE CONTER, OBRIGATORIAMENTE, A ESPECIFICACAO DO ITEM, MARCA DO FABRICANTE E QUANTIDADE ENTREGUE.                                            PERIMETRAL NORTE, CONDOMINIO GOIAZEM, BLOCO E, GALPAO 09 E 10, VILA JOAO VAZ, CEP: 74.425-090, GOIANIA.                                                 .                                                                           64 - TRANSFERENCIAS DE RECURSOS DO SUS - ATENCAO ESPECIALIZADA              SOLICITACAO FINANCEIRA: 183048/2026                                         13 - CARRINHO MINIATURA COLECIONAVEL CX C/10UN - MARCA: ABRINK              COD:356174...............19UN..............49,91....................948,29  12 - BRINQUEDO PLASTICO FAZENDA - MARCA: NIG                                COD:721530...............19UN..............60,00..................1.140,00  11 - BONECO PLASTICO NEGRO - MARCA: MAX TOYS                                COD:721522...............19UN..............60,00..................1.140,00  9 - BONECO PLASTICO BRANCO - MARCA: MAX TOYS                                COD:721506...............19UN..............25,00....................475,00  8 - BONECA PLASTICO BRANCA - MARCA: SID NYL                                 COD:439649...............19UN..............44,23....................840,37  7 - JOGO PEDAGOGICO CONJUNTO BLOCOS MONTAR - MARCA: LUCK TOYS               .                                                                           COMPRA 620/2025                                                             COM ATENDIMENTO PSICOSSOCIAL - DFD 29, ETP 8266403, PE 90030/2026, PEDIDO DEDESPESA COM AQUISIÇÃO DE BRINQUEDOS E JOGOS DESTINADOS AS UNIDADES DE SAUDE ;Pregão;000900302025
20262150018010131;03/06/2026 00:00:00;1518,10;;;0,00;;;0,00;33903000;MATERIAL DE CONSUMO;03441455000130;SECRETARIA MUNICIPAL DE SAUDE;0,00;SECRETARIA MUNICIPAL DE SAUDE                                                                                                                                                                                                                                ;SAUDE - 10;ASSISTENCIA HOSPITALAR E AMBULATORIAL - 302;TRANSFERENCIA DE RECURSOS DO SISTEMA UNICO DE SAUDE - SUS - BLOCO DE MANUTENCAO DAS ACOES E SERVICOS PUBLICOS DE SAUDE - 107;E. XAVIER CHAVES GUSTAVO & CIA LTDA;.                                                                           1 - JOGO TERAPEUTICO TREINO DE RESOLUCAO DE PROBLEMAS - MARCA: JOTT PLAY    COD:721441...............19UN..............79,90..................1.518,10  VALOR TOTAL:......................................................1.518,10  .                                                                           O PRAZO DE ENTREGA DOS BENS SERA EFETUADO NO PRAZO NAO SUPERIOR A 15 (QUINZE) DIAS CORRIDOS, CONTADOS APOS O RECEBIMENTO DA ORDEM DE ENTREGA OU NOTA DE RESPECTIVOS, DEVE CONTER, OBRIGATORIAMENTE, A ESPECIFICACAO DO ITEM, MARCA DO FABRICANTE E QUANTIDADE ENTREGUE.                                         .                                                                           OS BENS DEVERAO SER ENTREGUES NO ALMOXARIFADO CENTRAL DA SECRETARIA MUNICIPAL DE SAUDE, NO SEGUINTE ENDEREçO: AVENIDA PERIMETRAL NORTE, CONDOMINIO GOIAZEM, BLOCO E, GALPAO 09 E 10, VILA JOAO VAZ, CEP: 74.425-090, GOIANIA.       .                                                                           64 - TRANSFERENCIAS DE RECURSOS DO SUS - ATENCAO ESPECIALIZADA              SOLICITACAO FINANCEIRA: 183049/2026                                         COMPRA 620/2025                                                             COM ATENDIMENTO PSICOSSOCIAL - DFD 29, ETP 8266403, PE 90030/2026, PEDIDO DEDESPESA COM AQUISIÇÃO DE BRINQUEDOS E JOGOS DESTINADOS AS UNIDADES DE SAUDE ;Pregão;000900302025
20262150018010132;03/06/2026 00:00:00;3420,00;;;0,00;;;0,00;33903000;MATERIAL DE CONSUMO;63721909000159;SECRETARIA MUNICIPAL DE SAUDE;0,00;SECRETARIA MUNICIPAL DE SAUDE                                                                                                                                                                                                                                ;SAUDE - 10;ASSISTENCIA HOSPITALAR E AMBULATORIAL - 302;TRANSFERENCIA DE RECURSOS DO SISTEMA UNICO DE SAUDE - SUS - BLOCO DE MANUTENCAO DAS ACOES E SERVICOS PUBLICOS DE SAUDE - 107;63.721.909 MARIA EDUARDA DIAS MOTA;DESPESA COM AQUISIÇÃO DE BRINQUEDOS E JOGOS DESTINADOS AS UNIDADES DE SAUDE COM ATENDIMENTO PSICOSSOCIAL - DFD 29, ETP 8266403, PE 90030/2026, PEDIDO DECOMPRA 620/2025                                                             .                                                                           5 - JOGO TERAPEUTICO TREINO BARALHO TOD - MARCA: SINOPSYS                   VALOR TOTAL:......................................................3.420,00  .                                                                           O PRAZO DE ENTREGA DOS BENS SERA EFETUADO NO PRAZO NAO SUPERIOR A 15 (QUINZE) DIAS CORRIDOS, CONTADOS APOS O RECEBIMENTO DA ORDEM DE ENTREGA OU NOTA DE EMPENHO/AUTORIZACAO DE FORNECIMENTO, ACOMPANHADOS DOS DOCUMENTOS FISCAIS    RESPECTIVOS, DEVE CONTER, OBRIGATORIAMENTE, A ESPECIFICACAO DO ITEM, MARCA DO FABRICANTE E QUANTIDADE ENTREGUE.                                         .                                                                           OS BENS DEVERAO SER ENTREGUES NO ALMOXARIFADO CENTRAL DA SECRETARIA MUNICIPAL DE SAUDE, NO SEGUINTE ENDEREçO: AVENIDA PERIMETRAL NORTE, CONDOMINIO GOIAZEM, BLOCO E, GALPAO 09 E 10, VILA JOAO VAZ, CEP: 74.425-090, GOIANIA.       .                                                                           64 - TRANSFERENCIAS DE RECURSOS DO SUS - ATENCAO ESPECIALIZADA              SOLICITACAO FINANCEIRA: 183050/2026                                         ;Pregão;000900302025
20262150018010133;03/06/2026 00:00:00;816,81;;;0,00;;;0,00;33903000;MATERIAL DE CONSUMO;54170142000126;SECRETARIA MUNICIPAL DE SAUDE;0,00;SECRETARIA MUNICIPAL DE SAUDE                                                                                                                                                                                                                                ;SAUDE - 10;ASSISTENCIA HOSPITALAR E AMBULATORIAL - 302;TRANSFERENCIA DE RECURSOS DO SISTEMA UNICO DE SAUDE - SUS - BLOCO DE MANUTENCAO DAS ACOES E SERVICOS PUBLICOS DE SAUDE - 107;PLENNA DISTRIBUIDORA E COMERCIO LTDA;SOLICITACAO FINANCEIRA: 183051/2026                                         64 - TRANSFERENCIAS DE RECURSOS DO SUS - ATENCAO ESPECIALIZADA              .                                                                           EM, BLOCO E, GALPAO 09 E 10, VILA JOAO VAZ, CEP: 74.425-090, GOIANIA.       L DE SAUDE, NO SEGUINTE ENDEREçO: AVENIDA PERIMETRAL NORTE, CONDOMINIO GOIAZOS BENS DEVERAO SER ENTREGUES NO ALMOXARIFADO CENTRAL DA SECRETARIA MUNICIPA.                                                                           ABRICANTE E QUANTIDADE ENTREGUE.                                            PECTIVOS, DEVE CONTER, OBRIGATORIAMENTE, A ESPECIFICACAO DO ITEM, MARCA DO FEMPENHO/AUTORIZACAO DE FORNECIMENTO, ACOMPANHADOS DOS DOCUMENTOS FISCAIS RES) DIAS CORRIDOS, CONTADOS APOS O RECEBIMENTO DA ORDEM DE ENTREGA OU NOTA DE O PRAZO DE ENTREGA DOS BENS SERA EFETUADO NO PRAZO NAO SUPERIOR A 15 (QUINZE.                                                                           VALOR TOTAL:........................................................816,81  COD:691143...............19UN..............42,99....................816,81  36 - TABULEIRO XADREZ FORMATO ESTOJO MDF C/PECAS - MARCA: UNYHOME           .                                                                           COMPRA 620/2025                                                             COM ATENDIMENTO PSICOSSOCIAL - DFD 29, ETP 8266403, PE 90030/2026, PEDIDO DEDESPESA COM AQUISIÇÃO DE BRINQUEDOS E JOGOS DESTINADOS AS UNIDADES DE SAUDE ;Pregão;000900302025
20262150018010134;16/06/2026 00:00:00;222795,50;0193702026;24/07/2026 00:00:00;222794,00;;;0,00;33903000;MATERIAL DE CONSUMO;06105362000123;SECRETARIA MUNICIPAL DE SAUDE;0,00;SECRETARIA MUNICIPAL DE SAUDE                                                                                                                                                                                                                                ;SAUDE - 10;ASSISTENCIA HOSPITALAR E AMBULATORIAL - 302;TRANSFERENCIA DE RECURSOS DO SISTEMA UNICO DE SAUDE - SUS - BLOCO DE MANUTENCAO DAS ACOES E SERVICOS PUBLICOS DE SAUDE - 107;ACCUMED PRODUTOS MEDICO HOSPITALARES LTDA;DESPESA COM AQUISICAO DE TIRA REATIVA E LANCETA DESCARTAVEL ATRAVES DO 2º   PEDIDO FILHO, ARP 142/2025, PE 90021/2025, MEMO.243/2026 - GEREMO, PARECER  318/2026 - GERPSR, PEDIDO DE COMPRAS N.407/2026: ITEM 1 - 23.200 FR. E      ITEM 2 - 126.250 UN. SOLICITACAO FINANCEIRA N.183483-2026. SCC 818691.      .                                                                           1- TIRA REATIVA DETERMINACAO GLICOSE FR. C/50,0 UN. MARCA G-TECH -          COD.26203-0,............23.200 FR.,.........9,4400 VL.UN.,........219.008,002- LANCETA DESCARTAVEL MARCA G-TECH -                                       COD.19605-3,...........126.250 UN.,.........0,0300 VL.UN.,..........3.787,50VALOR TOTAL:......................................................222.795,50.                                                                           O PRAZO DE ENTREGA DOS BENS SERA EFETUADO NO PRAZO NAO SUPERIOR A 15 DIAS   UTEIS, CONTADOS APOS O RECEBIMENTO DA ORDEM DE ENTREGA OU NOTA DE EMPENHO / AUTORIZACAO DE FORNECIMENTO, ACOMPANHADOS DOS DOCUMENTOS FISCAIS RESPECTIVOS,QUE DEVEM CONTER, OBRIGATORIAMENTE, A ESPECIFICACAO DO ITEM, MARCA DO      FABRICANTE E QUANTIDADE ENTREGUE. A ENTREGA SERA MEDIANTE AGENDAMENTO PREVIO, ATRAVES DO E-MAIL CIAD.GOIANIA@BRANETLOGISTICA.COM.BR, NO ALMOXARIFADO    CENTRAL DA SMS, NA AV. PERIMETRAL NORTE Nº2859, COND.GOIAZEM, BL.E, GALPOES 06/10, VL.JOAO VAZ, GOIANIA/GO, CEP 74445-190. CONTATO TEL. 3524-3401/3407. DEMAIS ESCLARECIMENTOS CONFORME MEMORANDO 243(10235617) - GEREMO, EDITAL    PE 90021/2025(10235640) - GEREMO, PARECER 318/2026(10429504) - GERPSR E     ANEXOS SEI 26.29.000019083-7.                                               . 64 - TRANSFERENCIAS DE RECURSOS DO SUS - ATENCAO ESPECIALIZADA.           ;Pregão;000900212025
20262150018010135;17/06/2026 00:00:00;733025,00;0160502026;22/06/2026 00:00:00;733025,00;202621500180101350001;26/06/2026 00:00:00;733025,00;33903000;MATERIAL DE CONSUMO;47036211000148;SECRETARIA MUNICIPAL DE SAUDE;0,00;SECRETARIA MUNICIPAL DE SAUDE                                                                                                                                                                                                                                ;SAUDE - 10;ASSISTENCIA HOSPITALAR E AMBULATORIAL - 302;TRANSFERENCIA DE RECURSOS DO SISTEMA UNICO DE SAUDE - SUS - BLOCO DE MANUTENCAO DAS ACOES E SERVICOS PUBLICOS DE SAUDE - 107;PREMIER HOSPITALAR IMPORTACAO E EXPORTACAO LTDA;DESPESA COM FORNECIMENTO DE INSUMOS, REAGENTES, MATERIAIS E KITS LABORATO   RIAIS ATRAVES ADESAO A ARP - MUNICIPIO QUIRINOPOLIS-GO - CONF. DFD 37/2026, ETP 9750431, PARECER 198/2026-GERPSR, PEDIDO DE COMPRA 227/2026/            ITENS 1 A 19, 21 A 26, 28 A 32                                              .                                                                           01 - TESTE ACIDO URICO AUTOMACAO - MARCA:WIENER                             COD:433586............7.500UN..............01,11..................8.325,00  02 - TESTE ALBUMINA AUTOMACAO - MARCA: WIENER                               COD:433640............2.500UN..............00,85..................2.12502 - 03 - TESTE AMILASE AUTOMACAO - MARCA: WIENER                                COD:433594............5.000UN..............03,34.................16.700,00  04 - TESTE BILIRRUBINA DIRETA AUTOMACAO - MARCA: WIENER                     COD:433551............7.500UN..............01,60.................12.000,00  05 - TESTE BILIRRUBINA TOTAL AUTOMACAO - MARCA: WIENER                      COD:433543............7.500UN..............01,50.................11.250,00  06 - TESTE CALCIO AUTOMACAO - MARCA: WIENER                                 COD:433608...........10.000UN..............01,31.................13.100,00  07 - TESTE CK-MB AUTOMACAO, TESTE - MARCA: WIENER                           COD:634263............7.500UN..............04,35.................32.625,00  08 - TESTE COLESTEROL TOTAL AUTOMACAO - MARCA: WIENER                       COD:433560...........22.500UN..............01,25.................28.125,00  09 - TESTE CREATININA AUTOMACAO - MARCA: WIENER                             COD:199117...........27.500UN..............00,92.................25.300,00  10 - TESTE CLORETOS AUTOMACAO, TESTE - MARCA: WIENER                        COD:634280............2.500UN..............04,00.................10.000,00  11 - TESTE CPK AUTOMACAO - MARCA: WIENER                                    COD:479179............7.500UN..............04,36.................32.700,00  12 - TESTE DHL AUTOMACAO - MARCA: WIENER                                    COD:479187............2.500UN..............02,51..................6.275,00  13 - TESTE FOSFATASE ALCALINA AUTOMACAO - MARCA: WIENER                     COD:192350...........10.000UN..............02,92.................29.200,00  14 - TESTE GAMA GT AUTOMACAO - MARCA: WIENER                                COD:433659...........10.000UN..............01,75.................17.500,00  15 - TESTE GLICOSE AUTOMACAO - MARCA: WIENER                                COD:433500...........27.500UN..............00,98.................26.950,00  16 - TESTE COLESTEROL HDL AUTOMACAO - MARCA: WIENER                         COD:433578...........22.500UN..............03,42.................76.950,00  17 - TESTE MAGNESIO AUTOMACAO - MARCA: WIENER                               COD:433624...........10.000UN..............01,38.................13.800,00  18 - TESTE POTASSIO AUTOMACAO - MARCA: WIENER                               COD:501794...........10.000UN..............04,00.................40.000,00  19 - TESTE PROTEINA TOTAL AUTOMACAO - MARCA: WIENER                         COD:433632............2.500UN..............00,90..................2.250,00  21 - TESTE TGO AUTOMACAO - MARCA: WIENER                                    COD:433535...........20.000UN..............01,35.................27.000,00  22 - TESTE TGP AUTOMACAO - MARCA: WIENER                                    COD:433527...........20.000UN..............01,27.................25.400,00  23 - TESTE TRIGLICERIDES AUTOMACAO - MARCA: WIENER                          COD:228010...........22.500UN..............03,10.................70.650,00  24 - TESTE UREIA AUTOMACAO - MARCA: WIENER                                  COD:433519...........27.500UN..............01,63.................44.825,00  25 - TESTE PROTEINA C REATIVA AUTOMACAO - MARCA: WIENER                     COD:739774............7.500UN..............07,81.................58.575,00  26 - TESTE LACTATO ATUOMACAO, TESTE - MARCA: WIENER                         COD:634301............5.000UN..............04,97.................24.850,00  28 - TESTE FERRO SERICO AUTOMACAO - MARCA: WIENER                           COD:433667............5.000UN..............01,96..................9.800,00  29 - TESTE FERRITINA AUTOMACAO - MARCA: WIENER                              COD:433675............5.000UN..............01,96..................9.800,00  30 - TESTE LIPASE AUTOMACAO - MARCA: WIENER                                 COD:739766............2.500UN..............15,26.................38.150,00  31 - TESTE FOSFORO AUTOMACAO - MARCA: WIENER                                COD:433616............2.500UN..............01,51..................3.775,00  32 - TESTE ZINCO AUTOMACAO - MARCA: WIENER                                  COD:739782............2.500UN..............06,01.................15.025,00  VALOR TOTAL:....................................................733.025,00  .                                                                           O PRAZO DE ENTREGA DOS BENS SERA EFETUADO NO PRAZO NAO SUPERIOR A 15 (QUINZE) DIAS, CONTADOS APOS O RECEBIMENTO DA ORDEM DE ENTREGA OU NOTA DE EMPENHO/AUTORIZACAO DE FORNECIMENTO, ACOMPANHADOS DOS DOCUMENTOS FISCAIS RESPECTIVOS,DEVE CONTER, OBRIGATORIAMENTE, A ESPECIFICACAO DO ITEM, MARCA DO FABRICANTE E QUANTIDADE ENTREGUE.                                                      .                                                                           OS BENS DEVERAO SER ENTREGUES NO ALMOXARIFADO CENTRAL DA SECRETARIA MUNICIPAL DE SAUDE, NO SEGUINTE ENDEREçO: AVENIDA PERIMETRAL NORTE, CONDOMINIO GOIAZEM, BLOCO E, GALPAO 09 E 10, VILA JOAO VAZ, CEP: 74.425-090, GOIANIA.       .                                                                           64 - TRANSFERENCIAS DE RECURSOS DO SUS - ATENCAO ESPECIALIZADA              SOLICITACAO FINANCEIRA: 181865/2026                                         ;Outros (Convênios, ajustes, similares, etc.);000027832026
20262150018010136;17/06/2026 00:00:00;43120,00;;;0,00;;;0,00;33903000;MATERIAL DE CONSUMO;37760066000190;SECRETARIA MUNICIPAL DE SAUDE;43120,00;SECRETARIA MUNICIPAL DE SAUDE                                                                                                                                                                                                                                ;SAUDE - 10;ASSISTENCIA HOSPITALAR E AMBULATORIAL - 302;TRANSFERENCIA DE RECURSOS DO SISTEMA UNICO DE SAUDE - SUS - BLOCO DE MANUTENCAO DAS ACOES E SERVICOS PUBLICOS DE SAUDE - 107;VITORIA SERVICO E COMERCIO LTDA;DESPESA C/ AQUISICAO DE MATERIAL CLINCO HOSPITALAR PARA ABASTECIMENTO DA SMSPARA GARANTIR A SEGURANCA DOS SERVIDORES QUE EXERCEM SUAS FUNCOES NO SERVICODE LAVANDERIA DFD 145 E ETPGEREMO -AVISO DE DISPENSA DE LICITACAO 105 GERCOM- JUSTIFICATIVA 693 E 1103 GERCOM -DISPENSA ELETRONCIA POR MANDADO JUDICIAL - ITEM 03, SCC804321,SOLICITACAO FINANCEIRA 179522 - 2026.                  .                                                                           03-MASCARA FACIAL COMPLETA VISOR POLICARBONATO AIR SAFETY.                  COD73846-8................28,00 UN.............1.540,0000..........43.120.00VALOR TOTAL........................................................43.120.00.                                                                           O PRAZO DE ENTREGA SERA EM REMESSA UNICA,NO PRAZO NAO SUPERIOR A 10 DIAS CORRIDOS CONTADOS APOS O RECEBIMENTO DA ORDEM DE ENTREGA OU NOTA DE EMPENHO/AU-TORIZACAO DE FORNECIMENTO,ACOMPANHADOS DOS DOCUMENTOS FISCAIS RESPECTIVOS,DEVE CONTER, OBRIGATORIAMENTE, A ESPECIFICACAO DO ITEM, MARCA DO FABRICANTE E QUANTIDADE ENTREGUE, BEM COMO O SEU ACONDICIONAMENTO,ENTREGA C/AGENDAMENTO  PELO EMAIL CIAD.GOIANIA@BRANETOLGISTICA.COM.BR, NO  ALMOXARIFADO CENTRAL DA SMS, AV.PERIMETRAL NORTE, CONDOMINIO GOIAZEM, BLOCO E, GALPAO 09 E 10, VILA JOAO VAZ, CEP: 74.445-190, GOIANIA/GO.DEMAIS ESCLARECIMENTOS CONF.DOCUMENTO DE FORMALIZACAO DA DEMANDA 145(8418793)GEREMO,TERMO DE REFERENCIA 8418850-GEREMO,PARECER 341 GERPSR(8613538)GERPSR,MINUTA 453 DESP.453(9842091)CHEADV E ANEXOS SEI 25.29.000042087-0.                                               .                                                                           64 - TRANSFERENCIAS DE RECURSOS DO SUS - ATENCAO ESPECIALIZADA              ;Dispensa de Licitação;000000442026
20262150018010137;17/06/2026 00:00:00;1230,88;;;0,00;;;0,00;33903000;MATERIAL DE CONSUMO;52824176000161;SECRETARIA MUNICIPAL DE SAUDE;1230,88;SECRETARIA MUNICIPAL DE SAUDE                                                                                                                                                                                                                                ;SAUDE - 10;ASSISTENCIA HOSPITALAR E AMBULATORIAL - 302;TRANSFERENCIA DE RECURSOS DO SISTEMA UNICO DE SAUDE - SUS - BLOCO DE MANUTENCAO DAS ACOES E SERVICOS PUBLICOS DE SAUDE - 107;MARIANA ROBERTA VOLTOLINO SANCHEZ;DESPESA COM AQUISICAO DE MATERIAL DE VESTUARIO, UNIFORME,ARTIGO PARA ESPORTEE DIVERTI. PARA GARANTIR A SEGURANCA DOS SERVIDORES QUE EXERCEM SUAS FUNCOESNO SERVICO DE LAVANDERIA DFD 145 E ETP GEREMO -AVISO DE DISPENSA DE LICITACAO 105 GERCOM - JUSTIFICATIVA 693 E 1103 GERCOM -DISPENSA ELETRONCIA POR MAN-DADO JUDICIAL - ITEM 02 - SCC812545, SOLICITACAO FINANCEIRA 179523 - 2026.  .                                                                           2-LUVA BORRACHA LATEX CANO LONGO VOLK.                                      COD32875-8...............112.00 PR.............10,9900..............1.230,88VALOR TOTAL.........................................................1.230,88.                                                                           SERA EM REMESSA UNICA,NO PRAZO NAO SUPERIOR A 10 DIAS CORRIDOS,CONTADOS APOSO RECEBIMENTO DA ORDEM DE ENTREGA OU NOTA DE EMPENHO/AUTORIZACAO DE FORNECI-MENTO,ACOMPANHADOS DOS DOCUMENTOS FISCAIS RESPECTIVOS,DEVE CONTER,OBRIGATO- RIAMENTE, A ESPECIFICACAO DO ITEM, MARCA DO FABRICANTE E QUANTIDADE ENTREGUEBEM COMO O SEU ACONDICIONAMENTO,FORNECIMENTO C/AGENDAMENTO PELO EMAIL:      CIAD.GOIANIA@BRANETOLGISTICA.COM.BR, NO ALMOXARIFADO CENTARL/SMS, AV.PERIME-TRAL NORTE, COND.GOIAZEM, BL.E, GALPOES 9/10, VL.JOAO VAZ, GOIANIA/GO.DEMAISESCLARECIMENTOS DOCUMENTO DE FORMALIZACAO DA DEMANDA 145(8418793)GEREMO,ESTUDO TECNICO PRELIMINAR - ETP 8418823-GEREMO,PARECER 341 GERPSR/SMS (8613538) GERPSR, E ANEXOS SEI 25.29.000042087-0.                                     .                                                                           64 - TRANSFERENCIAS DE RECURSOS DO SUS - ATENCAO ESPECIALIZADA              ;Dispensa de Licitação;000000442026
20262150018010138;17/06/2026 00:00:00;1256,64;;;0,00;;;0,00;33903000;MATERIAL DE CONSUMO;52824176000161;SECRETARIA MUNICIPAL DE SAUDE;1256,64;SECRETARIA MUNICIPAL DE SAUDE                                                                                                                                                                                                                                ;SAUDE - 10;ASSISTENCIA HOSPITALAR E AMBULATORIAL - 302;TRANSFERENCIA DE RECURSOS DO SISTEMA UNICO DE SAUDE - SUS - BLOCO DE MANUTENCAO DAS ACOES E SERVICOS PUBLICOS DE SAUDE - 107;MARIANA ROBERTA VOLTOLINO SANCHEZ;64 - TRANSFERENCIAS DE RECURSOS DO SUS - ATENCAO ESPECIALIZADA              .                                                                           8418850-GEREMO, PARECER 341 GERPSR(8613538)E ANEXOS SEI 25.29.000042087-0.  GEREMO,ESTUDO TECNICO PRELIMINAR - ETP 8418823-GEREMO, TERMO DE REFERENCIA -190.DEMAIS ESCLARECIMENTOS DOCUMENTO DE FORMALIZACAO DA DEMANDA 145(8418793)TRAL NORTE,COND.GOIAZEM,GALPOES 9/10,BL.E,VL.JOAO VAZ,GOIANIA/GO, CEP:74445-CIAD.GOIANIA@BRANETOLGISTICA.COM.BR,_NO ALMOXARIFADO CENTRAL/SMS, AV.PERIME-BEM COMO O SEU ACONDICIONAMENTO, ENTREGA C/AGENDAMENTO PELO EMAIL:          RIAMENTE, A ESPECIFICACAO DO ITEM, MARCA DO FABRICANTE E QUANTIDADE ENTREGUEMENTO,ACOMPANHADOS DOS DOCUMENTOS FISCAIS RESPECTIVOS, DEVE CONTER, OBRIGATOO RECEBIMENTO DA ORDEM DE ENTREGA OU NOTA DE EMPENHO/AUTORIZACAO DE FORNECI-SERA EM REMESSA UNICA,NO PRAZO NAO SUPERIOR A 10 DIAS CORRIDOS,CONTADOS APOS.                                                                           VALOR TOTAL.........................................................1.256,64COD669555................84,00 UN..............14,9600..............1.256,641- AVENTAL PROTECAO IMPERMEAVEL EM TREVIRA TOTAL CAPAS                      .                                                                           SOLICITACAO FINANCEIRA 179524 - 2026.                                       E 1103 GERCOM -DISPENSA ELETRONCIA POR MANDADO JUDICIAL - ITEM 01 SCC812545-E ETP GEREMO -AVISO DE DISPENSA DE LICITACAO 105 GERCOM - JUSTIFICATIVA 693 CA_DOS SERVIDORES QUE EXERCEM SUAS FUNCOES NO SERVICO DE LAVANDERIA DFD 145 DESPESA COM AQUISICAO DE MATERIAL DE CONSUMO DIVERSO PARA GARANTIR A SEGURAN;Dispensa de Licitação;000000442026
20262150018010139;18/06/2026 00:00:00;1930,00;;;0,00;;;0,00;33903000;MATERIAL DE CONSUMO;03620716000180;SECRETARIA MUNICIPAL DE SAUDE;0,00;SECRETARIA MUNICIPAL DE SAUDE                                                                                                                                                                                                                                ;SAUDE - 10;ASSISTENCIA HOSPITALAR E AMBULATORIAL - 302;TRANSFERENCIA DE RECURSOS DO SISTEMA UNICO DE SAUDE - SUS - BLOCO DE MANUTENCAO DAS ACOES E SERVICOS PUBLICOS DE SAUDE - 107;CMOS DRAKE DO NORDESTE LTDA;DESPESA P/ AQUISICAO DE MATERIAL CLINICO HOSPITALAR(CPAP) A FIM DE GARANTIR O CUMPRIMENTO DA DECISAO JUDICIAL -PROCESSO Nº 5960015-63.2025.8.09.0051- EMFAVOR A VALDENI FRANCISCO GUIMARAES, CONFORME DESPACHO 1103-GEREMO, PARECER 06-GERPSR, DESPACHO 130-GEREMO, JUSTIFICATIVA 144-GERCOM,DESPACHO 180GERCOM.PEDIDO DE COMPRAS 13/2026. SOLICITACAO FINANCEIRA 180661-2026. SCC 812537.  1- APARELHO CPAP(ADULTO) GERADOR DE FLUXO DE PRESSAO POSITIVA,              EM CUMPRIMENTO DE DECISAO JUDICIAL.                                         COD.552895.......................1,00 UN.......1.930,0000...........1.930,00VALOR TOTAL:........................................................1.930,00. A ENTREGA SERA EM REMESSA UNICA, NO PRAZO NAO SUPERIOR A 10 DIAS CORRIDOS,CONTADOS APOS O RECEBIMENTO DA ORDEM DE ENTREGA OU NOTA DE EMPENHO/AUTORIZA-CAO DE FORNECIMENTO, ACOMPANHADOS DOS DOCUMENTOS FISCAIS RESPECTIVOS, QUE   DEVEM CONTER, OBRIGATORIAMENTE, A ESPECIFICACAO DO ITEM, MARCA DO FABRICANTEE QUANTIDADE ENTREGUE, BEM COMO O SEU ACONDICIONAMENTO. A ENTREGA SERA COM OAGENDAMENTO PREVIO PELO E-MAIL CIAD.GOIANIA@BRANETLOGISTICA.COM.BR, NO LOCALALMOXARIFADO CENTRAL DA SMS, NA AV. PERIMETRAL NORTE, COND. GOIAZEM, BL.E,  GALPAO 06A10,VL.JOAO VAZ, GOIANIA/GO. CEP 74445-190. DEMAIS ESCLARECIMENTOS CONF. ANEXO MANDADO 6331454_000333(8676227)-STPM, DESPACHO 1103(8770454)-   GEREMO, DECISAO(8811210)-PGM/PJUD, DESPACHO 22931(8811222)-PGM/PJUD,_PARECER6(8992471)-GERPSR E ANEXOS SEI 25.29.000045837-0.                           .                                                                           64 - TRANSFERENCIAS DE RECURSOS DO SUS - ATENCAO ESPECIALIZADA.             ;Dispensa de Licitação;000000612026
20262150018530001;02/06/2026 00:00:00;494012,49;;;0,00;;;0,00;33903000;MATERIAL DE CONSUMO;08767786000189;SECRETARIA MUNICIPAL DE SAUDE;494012,49;SECRETARIA MUNICIPAL DE SAUDE                                                                                                                                                                                                                                ;SAUDE - 10;ASSISTENCIA HOSPITALAR E AMBULATORIAL - 302;TRANSFERENCIA DE RECURSOS DO SISTEMA UNICO DE SAUDE - SUS / ESTADOS - 131;VITALAB COMERCIO DE PRODUTOS PARA LABORATORIO LTDA;DESPESA C/EMPRESA ESPECIALIZADA NO FORNECIMENTO DE EQUIPAMENTOS ANALISADORESPARA A REALIZACAO DE EXAMES DE HEMATOLOGIA E URANALISE, POR DISPENSA DE LICITACAO, PELO PERIODO DE 12 MESES CONFORME DFD 51/2026,PEDIDO DE COMPRA NR.271/2026-FMS, VALORES ESTIMADOS CONFORME DECRETO 134/2025 SCC817661 - SOLICITA-CAO FINANCEIRA 183083 - 2026.                                               VALORES MENSAIS ESTIMADOS...AGO-164.670,83...SET-164.670,83...OUT-164.670,83VALOR TOTAL.......................................................494.012,49.                                                                           INICIO DA EXECUCAO DO OBJETO: EM ATE 05 (CINCO) DIAS CORRIDOS, APOS O RECEBIMENTO DA ORDEM DE SERVICO,CONF.DOC.FORM.DE DEMANDA 51/1 RETIFICACAO(9923903)GERADI, ESTUDO TECNICO PRELIMINAR - ETP 9914692 GERADI, TERMO DE REFERENCIA 9927876 GEREMO,PARECER 231 (9957504)GERPSR, E ANEXOS SEI 26290000138363.    .                                                                           20 - SERVICOS DE ATENDIMENTO MOVEL DE URGENCIA - SAMU                       ;Outros (Convênios, ajustes, similares, etc.);000004252026
20262150018610001;18/06/2026 00:00:00;28980,00;;;0,00;;;0,00;33903000;MATERIAL DE CONSUMO;05116278000142;SECRETARIA MUNICIPAL DE SAUDE;0,00;SECRETARIA MUNICIPAL DE SAUDE                                                                                                                                                                                                                                ;SAUDE - 10;ASSISTENCIA HOSPITALAR E AMBULATORIAL - 302;TRANSFERENCIA DE RECURSOS DO SISTEMA UNICO DE SAUDE - SUS / ESTADOS - 131;CONSUMERSLAB PRODUTOS PARA LABORATORIOS E HOSPITAIS LTDA;DESPESA COM AQUISICAO DE INSUMOS LABORATORIAIS ATRAVES DO 2º PEDIDO FILHO,  ARP 088/2026, EDITAL PE 90013/2025-SRP CONFORME MEMORANDO 263/2026-GEREMO,  PARECER 298/2026-GERPSR. PEDIDO DE COMPRAS 373/2026. SCC 818918.            SOLICITACAO FINANCEIRA 183399 - 2026.                                       .                                                                           ITEM 1- KIT COLETA URINA - CONSUMERSLAB.                                    COD. 548979................50.000,00 UN.........0,5700.............28.500,00ITEM 2- TUBO FALCON 15 ML. -  CONSUMERSLAB.                                 COD. 393894.................1.000,00 UN.........0,4800................480,00VALOR TOTAL:.......................................................28.980,00.                                                                           A ENTREGA DOS BENS E NO PRAZO DE 20 DIAS UTEIS, CONTADOS APOS O RECEBIMENTO DA ORDEM DE ENTREGA OU NOTA DE EMPENHO/AUTORIZACAO DE FORNECIMENTO E ACOMPA-NHADOS DOS DOCUMENTOS FISCAIS RESPECTIVOS, QUE DEVEM CONTER, OBRIGATORIAMEN-TE, A ESPECIFICACAO DO ITEM, MARCA DO FABRICANTE E QUANTIDADE ENTREGUE. A   ENTREGA DOS BENS SERA C/ AGENDAMENTO PREVIO PELO E-MAIL: CIAD.GOIANIA@BRANETLOGISTICA.COM.BR, NO LOCAL:ALMOXARIFADO CENTRAL DA SMS, AV.PERIMETRAL NORTE,COND. GOIAZEM, BL.E, GALPAO 09/10, VL.JOAO VAZ, GOIANIA/GO. CEP 74445-190.  TEL.3524-3404/3407. DEMAIS ESCLARECIMENTOS CONF.MEMO. 263/2026(10295575) -  GEREMO, EDITAL PE90013(10279053)GEREMO,PARECER 298(10322643)GERPSR E ANEXOS SEI 26.29.000019495-6.                                                      .                                                                           64 - TRANSFERENCIAS DE RECURSOS DO FUNDO ESTADUAL DE SAUDE ATENCAO ESPECIALIZADA.                                                                       ;Pregão;000900132025
20262150018610002;19/06/2026 00:00:00;100800,00;;;0,00;;;0,00;33903000;MATERIAL DE CONSUMO;05343029000190;SECRETARIA MUNICIPAL DE SAUDE;100800,00;SECRETARIA MUNICIPAL DE SAUDE                                                                                                                                                                                                                                ;SAUDE - 10;ASSISTENCIA HOSPITALAR E AMBULATORIAL - 302;TRANSFERENCIA DE RECURSOS DO SISTEMA UNICO DE SAUDE - SUS / ESTADOS - 131;MEDLEVENSOHN COMERCIO E REPRESENTACOES DE PRODUTOS HOSPITALA;DESPESA COM AQUISICAO DE INSUMOS LABORATORIAIS ATRAVÉS DO 2º PEDIDO FILHO, ARP 091/2025, PE 90011/2025 CONF. MEMORANDO 257/2026-GEREMO, PARECER 300/2026PEDIDO DE COMPRA 375/2026 - SCC819043 - SOLICITACAO FINANCEIRA 183353 - 2026.                                                                           1-TIRA TESTE TROPONINA QUALITATIVO MEDTESTE.                                COD50712-1...............36.000,00 UN..........2,8000.............100.800,00VALOR TOTAL.......................................................100.800,00.                                                                           O PRAZO DE ENTREGA DOS BENS SERA EFETUADO NO PRAZO NAO SUPERIOR A 15 DIAS U-TEIS, CONTADOS APOS O RECEBIMENTO DA ORDEM DE ENTREGA OU NOTA DE EMPENHO,AU-TORIZACAO DE FORNECIMENTO, ACOMPANHADOS DOS DOCUMENTOS FISCAIS RESPECTIVOS QQUE DEVEM CONTER,OBRIGATORIAMENTE, A ESPECIFICACAO DO ITEM,MARCA DO FABRICANTE E QUANTIDADE ENTREGUE,ENTREGA C/AGENDAMENTO PREVIO, ATRAVES DO E-MAIL CIAD.GOIANIA@BRANETLOGISTICA.COM.BR, NO ALMOXARIFADO CENTRAL DA SMS, NA AV.PERIMETRAL NORTE COND.GOYAZEM, N.2859 BL.E,GALPOES 6/10, VL.JOAO VAZ GO/GO,CEP: 74.425-090, MAIORES INFORMACOES PELOS TELEFONES:(62)3524-3404/3407.DEMAIS ESCLARECIMETNOS MEMORANDO 257 2º PED FILHO PE 90011-25  ARP 091-25 - MEDLEVENSOH (10281183)GEREMO, EDITAL DE LICITACAO PE90011/2025 SRP(10282708)GEREMO,  PARECER 300 (10328124)GERPSR, E ANEXOS SEI 26.29.000019791-2.               .                                                                           64-TRANSFERENCIAS DE RECURSOS DO FUNDO ESTADUAL DE SAUDE ATENCAO ESPECIALIZADA                                                                          ;Pregão;000900112025
20262150018710022;02/06/2026 00:00:00;40599,00;0187342026;20/07/2026 00:00:00;40599,00;;;0,00;33903000;MATERIAL DE CONSUMO;21681325000157;SECRETARIA MUNICIPAL DE SAUDE;0,00;SECRETARIA MUNICIPAL DE SAUDE                                                                                                                                                                                                                                ;SAUDE - 10;ASSISTENCIA HOSPITALAR E AMBULATORIAL - 302;TRANSFERENCIA DE RECURSOS DO SISTEMA UNICO DE SAUDE - SUS / ESTADOS - 131;MULTIFARMA COMERCIAL LTDA;DESPESA COM AQUISICAO DE MEDICAMENTOS ATRAVES DO 3º PEDIDO FILHO, ARP 056/2025, PE 90001/2025 CONF. MEMORANDO 231/2026-GEREMO, PARECER 264/2026-GERPSR, PEDIDO DE COMPRAS 323/2026 SCC 816974 - SOLICITACAO FINANCEIRA 182799 - 2026.                                                                           1-ESCETAMINA CLORIDRATO 50MG/ML AMPOLA FR C/10,0 ML CRISTALIA               COD:71238-8..............500,00 FR.............78,3900.............39.195,002-FENITOINA 50MG/ML INJETAVEL AMPOLA FR C/5,0 ML HIPOLABOR                  COD:36811-3..............600,00 FR..............2,3400..............1.404,00VALOR TOTAL........................................................40.599,00.                                                                           O FORNECIMENTO DEVERA SER EFETUADO,C/PRAZO DE ENTREGA NAO SUPERIOR A 20 DIASCONTADOS A PARTIR DO RECEBIMENTO DA NOTA DE EMPENHO/AUTORIZACAO DE FORNECI- MENTO E ACOMPANHADOS DOS DOCUMENTOS FISCAIS RESPECTIVOS, DEVE CONTER OBRIGA-TORIAMENTE, A ESPECIFICACAO DO ITEM, MARCA DO FABRICANTE E QUANTIDADE ENTRE-GUE.O BEM DEVERA SER ENTREGUE NO ALMOXARIFADO CENTRAL DA SMS,AVENIDA PERIME TRAL NORTE,COND.GOIAZEM, BL.E, GALPAO 09/10, VILA JOAO VAZ, CEP:74.425-090  GOIANIA/GO.TELEFONES:(62)3524-3401/3407, NO HORARIO:08H00MIN AS 17H00MIN, MEDIANTE AGENDAMENTO PREVIO PELO E-MAIL CIAD.GOIANIA@BRANETLOGISTICA.COM.BR.  DEMAIS ESCLARECIMENTOS CONF.MEMORANDO 231 (10096652)GEREMO, EDITAL(10096673)GEREMO, EXTRATO DE ATA(10096689)GEREMO,PARECER 264 (10109282)GERPSR, MAPA DEPRECOS E PRE EMPENHO (10135135)GERCOM E ANEXOS SEI 26.29.000016696-0.       .                                                                           13 - ASSISTENCIA FARMACIA BASICA                                            ;Pregão;000900012025
20262150018710023;02/06/2026 00:00:00;81630,00;0193772026;24/07/2026 00:00:00;81630,00;;;0,00;33903000;MATERIAL DE CONSUMO;16699864000183;SECRETARIA MUNICIPAL DE SAUDE;0,00;SECRETARIA MUNICIPAL DE SAUDE                                                                                                                                                                                                                                ;SAUDE - 10;ASSISTENCIA HOSPITALAR E AMBULATORIAL - 302;TRANSFERENCIA DE RECURSOS DO SISTEMA UNICO DE SAUDE - SUS / ESTADOS - 131;SANTE MEDICA HOSPITALAR LTDA;DESPESA COM AQUISICAO DE MEDICAMENTOS PARA ABASTECIMENTO DA SMS - PREGAO ELETRONICO NR 90001/25 - ARP NR 050/2025 - MEMORANDO 251 GEREMO - PARECER 289 GERPSR - DESPACHO 431 GERPSR - DESPACHO 49 PRECEL - PEDIDO DE COMPRAS 362/26 .                                                                           01 (ITEM R18) - CEFTRIAXONA 1G PO PARA SOLUCAO INJETAVEL INTRAVENOSA        MARCA: TEUTO                                                                COD:247359...........15.000UN..............03,89..................58.350,00 02 (ITEM R62) - MORFINA SULFATO 10MG AMPOLA - MARCA: TEUTO                  COD:503487............5.800FR..............01,80..................10.440,00 03 (ITEM R77) - TRAMADOL 50MG/ML AMPOLA FR C/2ML - MARCA: TEUTO             COD:398705...........12.000FR..............01,07..................12.840,00 VALOR TOTAL:......................................................81.630,00 .                                                                           OBS: O FORNECIMENTO DEVERA SER EFETUADO C/ PRAZO NAO SUP. A 20 DIAS CONTADOSA PARTIR DO RECEBIMENTO DA NOTA DE EMPENHO/AUTORIZACAO DE FORNECIMENTO,     C/A DEVIDA NOTA FISCAL, DETALHANDO MARCA/FABRICANTE/MODELO/TIPO/PROCEDENCIA,E QUANTIDADE ENTREGUE.                                                      DEMAIS ESCLARECIMENTOS CONFORME MEMO 251/2026,PARECER 289/2026, PE 90001/25 ATA 50/2025, PROCESSO SEI: 26.29.000019656-8 E DOCUMENTOS EM ANEXO.         .                                                                           LOCAL DA ENTREGA:ALMOXARIFADO CENTRAL SMS, AV.PERIMETRAL NORTE COND.GOIAZEM BL.E, GALPOES 09/10, VL.JOAO VAZ, CEP:74.425-090, GO/GO. FONES:62-3524-3401/3407, HORARIO:08:00 AS 17:00.AGENDAMENTO PRéVIO PELO E-MAIL:                CIAD.GOIANIA@BRANETLOGISTICA.COM.BR.____/  SCC 817253.                      .                                                                           SOLICITACAO FINANCEIRA: 183160/2026                                         .                                                                           13 - ASSISTENCIA FARMACIA BASICA                                            ;Pregão;000900012025
20262150018710024;02/06/2026 00:00:00;25200,40;;;0,00;;;0,00;33903000;MATERIAL DE CONSUMO;67729178000491;SECRETARIA MUNICIPAL DE SAUDE;0,00;SECRETARIA MUNICIPAL DE SAUDE                                                                                                                                                                                                                                ;SAUDE - 10;ASSISTENCIA HOSPITALAR E AMBULATORIAL - 302;TRANSFERENCIA DE RECURSOS DO SISTEMA UNICO DE SAUDE - SUS / ESTADOS - 131;COMERCIAL CIRURGICA RIOCLARENSE LTDA;DESPESA COM AQUISICAO DE MEDICAMENTOS PARA ABASTECIMENTO DA SMS - PREGAO ELETRONICO NR 90007/2025 - ARP NR 064/2025 - MEMORANDO 236 GEREMO - PARECER 268GERPSR - DESPACHO 423 GERCOM - DESPACHO 501 PRECEL - PEDIDO DE COMPRAS 332/ 2026.SOLICITACAO FINANCEIRA: 183161/2026-SCC817245.                         .                                                                           01 (ITEM R16) - ANLODIPINO BESILATO 5MG COMPRIMIDO - MARCA: GEOLAB          COD:462764..........228.000UN.............0,0283...................6.452,40 02 (ITEM R67) - GLICEROL 12% ENEMA FRASCO 500ML - MARCA: EQUIFLEX           COD:607126..............200FR..............08,75...................1.750,00 03 (ITEM R77) - ITRACONAZOL 100MG CAPSULA - MARCA: GEOLAB                   COD:253235............3.700UN..............00,78...................2.886,00 04 (ITEM R91) - METILDOPA 250MG COMPRIMIDO - MARCA: HIPOLABOR               COD:015180...........40.000UN..............0,324..................12.960,00 05 (ITEM R115) - PREDNISONA 5MG COMPRIMIDO - MARCA: HIPOLABOR               COD:016764...........20.000UN.............0,0576...................1.152,00 VALOR TOTAL:......................................................25.200,40 .                                                                           OBS: O FORNECIMENTO DEVERA SER EFETUADO C/ PRAZO NAO SUP. A 20 DIAS,CONTADOSA PARTIR DO RECEBIMENTO DA NOTA DE EMPENHO/AUTORIZACAO DE FORNECIMENTO E COMOS DOCUMENTOS FISCAIS RESPECTIVOS, DEVE CONTER, OBRIGATORIAMENTE A NOTA FIS-CAL, DETALHANDO MARCA/FABRICANTE/MODELO/TIPO/PROCEDENCIA. DEMAIS ESCLARECI- MENTOS CONFORME MEMO 236/2026, PARECER 268/2026, PE 90007/2025,ATA 64/2025  PROCESSO SEI: 26.29.000017123-9 E DOCUMENTOS EM ANEXO.                      .                                                                           LOCAL DA ENTREGA:ALMOXARIFADO CENTRAL SMS, AV.PERIMETRAL NORTE COND.GOIAZEM BL.E, GALPOES 09/10, VL.JOAO VAZ, CEP:74.425-090, GO/GO. FONES:62-3524-3401 /3407, HORARIO:08:00 AS 17:00.                                              .                                                                           13 - ASSISTENCIA FARMACIA BASICA                                            ;Pregão;000900072025
20262150018710025;02/06/2026 00:00:00;68430,48;;;0,00;;;0,00;33903000;MATERIAL DE CONSUMO;27718661000103;SECRETARIA MUNICIPAL DE SAUDE;0,00;SECRETARIA MUNICIPAL DE SAUDE                                                                                                                                                                                                                                ;SAUDE - 10;ASSISTENCIA HOSPITALAR E AMBULATORIAL - 302;TRANSFERENCIA DE RECURSOS DO SISTEMA UNICO DE SAUDE - SUS / ESTADOS - 131;ARMAZEM DOS MEDICAMENTOS EIRELI;DESPESA COM AQUISICAO DE MEDICAMENTOS PARA ABASTECIMENTO DA SMS - PREGAO ELETRONICO NR 90001/2025 - ARP NR 048/2025 - MEMORANDO 258 GEREMO - PARECER 294GERPSR-DESP.509 PRECEL - PED.COMPRAS 368/26 SCC817261.                      .                                                                           01 (ITEM R08) - ATROPINA SULFATO 0,25MG/ML INJETAVEL AMPOLA- MARCA: FARMACE COD:000353............2.200FR.............0,7684...................1.690,48 02 (ITEM R26) - COMPLEXO B B5 6MG + B3 40MG + B6 4MG + B2 2MG + B1 8MG INJE TAVEL FR C/2ML - MARCA: HYPOFARMA                                           COD:379611...........71.000FR..............00,94..................66.740,00 VALOR TOTAL:......................................................68.430,48 .                                                                           OBS:O PRAZO DE ENTREGA DOS BENS E DE 20 DIAS,CONTADOS APOS O RECEBIMENTO DA ORDEM DE ENTREGA  OU NOTA DE EMPENHO/AUTORIZACAO DE FORNECIMENTO E          ACOMPANHADOS DOS DOCUMENTOS FISCAIS RESPECTIVOS DEVE CONTER,OBRIGATORIAMENTEA ESPECIFICACAO DO ITEM, MARCA DOFABRICANTE,QUANTIDADE ENTREGUE, VALIDADE,  E PROCEDENCIA.DEMAIS ESCLARECIMENTOS MEM.258(10282133)GEREMO,EDITAL (10282157)GEREMO,EXTRATO DE ATA(10282184)GEREMO,PARECER 294(10291795)GEREMO,E ANEXOSSEI 26.29.000019792-0.                                                      LOCAL DA ENTREGA:ALMOXARIFADO CENTRAL SMS, AV.PERIMETRAL NORTE COND.GOIA    ZEM, BL.E, GALPOES 09/10, VL.JOAO VAZ, CEP:74.425-090, GO/GO. FONES:62-3524--3404/3407, HORARIO:08:00 AS 17:00.EMAIL P/AGENDAR A ENTREGA:               CIAD.GOIANIA@BRANETOLGISTICA.COM.BR.                                        .                                                                           13 - TRANSFERENCIAS DE RECURSOS DO SUS - ASSITENCIA FARMACEUTICA            SOLICITACAO FINANCEIRA: 183171/2026                                         ;Pregão;000900012025
20262150018710026;08/06/2026 00:00:00;10770,00;;;0,00;;;0,00;33903000;MATERIAL DE CONSUMO;52967925000100;SECRETARIA MUNICIPAL DE SAUDE;0,00;SECRETARIA MUNICIPAL DE SAUDE                                                                                                                                                                                                                                ;SAUDE - 10;ASSISTENCIA HOSPITALAR E AMBULATORIAL - 302;TRANSFERENCIA DE RECURSOS DO SISTEMA UNICO DE SAUDE - SUS / ESTADOS - 131;ABC FARMACEUTICO LTDA;DESPESA COM AQUISICAO DE MEDICAMENTOS ATRAVES DO 3º PEDIDO FILHO, ARP 058/2025, PE90001/2025 CONF. MEMORANDO 253/2026-GEREMO, PARECER 292/2026,PEDIDO DECOMPRAS 366/2026 SCC 818268 SOLICITACAO FINANCEIRA 183299 - 2026.           .                                                                           1-ROCURONIO 10 MG/ML INJETAVEL AMPOLA FR C/5,0 ML GLAND PHARMA              COD68204-7...............1.000,00 FR...........10,7700.............10.770,00VALOR TOTAL........................................................10.770,00.                                                                           O FORNECIMENTO DEVERA SER EFETUADO,C/PRAZO DE ENTREGA NAO SUPERIOR A 20 DIASCONTADOS A PARTIR DO RECEBIMENTO DA NOTA DE EMPENHO/AUTORIZACAO DE FORNECI- MENTO E ACOMPANHADOS DOS DOCUMENTOS FISCAIS RESPECTIVOS, DEVE CONTER, OBRIGATORIAMENTE,A ESPECIFICACAO DO ITEM,MARCA DO FABRICANTE E QUANTIDADE ENTREGUEENTREGA C/AGENDAMENTO PREVIO PELO E-MAIL CIAD.GOIANIA@BRANETLOGISTICA.COM.BRTELEFONES: (62) 3524-3401 / 3524-3407, NO HORARIO DAS 08H00MIN AS 17H00MIN. ENTREGUE NO ALMOXARIFADO CENTRAL DA SECRETARIA MUNICIPAL DE SAUDE, AV.PERIMETRAL NORTE,CONDOMINIO GOIAZEM, BLOCO E, GALPAO 09 E 10, VILA JOAO VAZ, CEP: 74.445-190, GOIANIA - GOIAS.DEMAIS ESCLARECIMENTOS CONF.MEMORANDO 253 (10278236)GEREMO, EDITAL (10278379)GEREMO,EXTRATO DE ATA (10278396)GEREMO,PARECER 292 (10291692)GERPSR, E ANEXOS SEI 26.29.000019757-2.                       .                                                                           13 - ASSISTENCIA FARMACIA BASICA                                            ;Pregão;009000012025
20262150018710027;08/06/2026 00:00:00;5672,00;0187602026;20/07/2026 00:00:00;5672,00;;;0,00;33903000;MATERIAL DE CONSUMO;26457348000104;SECRETARIA MUNICIPAL DE SAUDE;0,00;SECRETARIA MUNICIPAL DE SAUDE                                                                                                                                                                                                                                ;SAUDE - 10;ASSISTENCIA HOSPITALAR E AMBULATORIAL - 302;TRANSFERENCIA DE RECURSOS DO SISTEMA UNICO DE SAUDE - SUS / ESTADOS - 131;C. A HOSPITALAR EIRELI;DESPESA COM AQUISICAO DE MEDICAMENTOS ATRAVES DO 1º PEDIDO FILHO, ARP 047/2025, PE90001/2025 CONF. MEMORANDO 273/2026-GEREMO,PARECER 313/2026, PEDIDO DECOMPRAS 391/2026 SCC818306 SOLICITACAO FINANCEIRA 183295 - 2026.            .                                                                           1-ADENOSINA FOSFATO 3 MG/ML INJETAVEL AMPOLA FR C/2,0 ML HALEX ISTAR        COD47012-0...............400,00FR..............9,8900...............3.956,002-CLORETO POTASSIO 19,1 INJETAVEL AMPOLA FR C/10,0 ML SAMTEC                COD17628-1...............1.000,00 FR...........0,4200.................420,003-GLICONATO CALCIO 10% INJETAVEL FRASCO/AMPOLA 10ML FR C/10,0 ML ISOFARMA   COD68799-5...............400,00 FR.............1,8300.................732,004-NALOXONA CLORIDRATO 0,4MG/ML AMPOLA HIPOLABOR                             COD40065-3...............100,00 FR.............5,6400.................564,00VALOR TOTAL.........................................................5.672,00.                                                                           O FORNECIMENTO DEVERA SER EFETUADO, COM PRAZO DE ENTREGA NAO SUPERIOR A 20  DIAS, CONTADOS A PARTIR DO RECEBIMENTO DA NOTA DE EMPENHO/AUTORIZACAO DE FORNECIMENTO E ACOMPANHADOS DOS DOCUMENTOS FISCAIS RESPECTIVOS,DEVE CONTER,OBRIGATORIAMENTE, A ESPECIFICACAO DO ITEM,MARCA DO FABRICANTE E QUANTIDADE ENTREGUE.ENTREGA C/AGENDAMENTO PREVIO PELO E-MAIL CIAD.GOIANIA@BRANETLOGISTICA.COM.BR.                                                                       O BEM DEVERA SER ENTREGUE NO ALMOXARIFADO CENTRAL DA SECRETARIA MUNICIPAL DESAUDE NO SEGUINTE ENDERECO: AVENIDA PERIMETRAL NORTE, CONDOMINIO GOIAZEM,BLOCO E, GALPAO 09 E 10, VILA JOAO VAZ, CEP: 74.445-190, GOIANIA - GOIAS. TELE-FONES: (62) 3524-3401 / 3524-3407,NO HORARIO DAS 08H00MIN AS 17H00MIN.DEMAISESCLARECIMENTOS MEMORANDO 273 (10357445)GEREMO, EDITAL (10357459)GERMO, EX- TRATO DA ATA(10357486)GEREMO,PARECER 313(10368771)E ANEXOS SEI26.29.000020804-3.                                                                        .                                                                           13 - ASSISTENCIA FARMACIA BASICA                                            ;Pregão;000900012025
20262150018710028;08/06/2026 00:00:00;70624,50;;;0,00;;;0,00;33903000;MATERIAL DE CONSUMO;17174657000844;SECRETARIA MUNICIPAL DE SAUDE;0,00;SECRETARIA MUNICIPAL DE SAUDE                                                                                                                                                                                                                                ;SAUDE - 10;ASSISTENCIA HOSPITALAR E AMBULATORIAL - 302;TRANSFERENCIA DE RECURSOS DO SISTEMA UNICO DE SAUDE - SUS / ESTADOS - 131;HYPOFARMA INSTITUTO DE HYPODERMIA E FARMACIA LTDA;COD:013790...........17.000FR..............00,97..................16.490,00 OBS: O FORNECIMENTO DEVERA SER EFETUADO C/ PRAZO NAO SUP. A 20 DIAS         CONFORME TERMO DE REFERENCIA (10261007) CONTADOS A PARTIR DO                RECEBIMENTO DA NOTA DE EMPENHO,ENTREGA EM PERFEITAS CONDICOES C/A DEVIDA    NOTA FISCAL, DETALHANDO MARCA/FABRICANTE/MODELO/TIPO/PROCEDENCIA. DEMAIS    ESCLARECIMENTOS CONFORME MEMO 245/2026, PARECER 286/2026, PE 90001/2025,    ATA 46/2025, PROCESSO SEI: 26.29.000019500-6 E DOCUMENTOS EM ANEXO.         .                                                                           LOCAL DA ENTREGA:ALMOXARIFADO CENTRAL SMS, AV.PERIMETRAL NORTE COND.GOIA    ZEM, BL.E, GALPOES 09/10, VL.JOAO VAZ, CEP:74.425-090, GO/GO. FONES:62-3    524-3401/3407, HORARIO:08:00 AS 17:00.                                      .                                                                           13 - TRANSFERENCIAS DE RECURSOS DO SUS - ASSITENCIA FARMACEUTICA            SOLICITACAO FINANCEIRA: 183312/2026                                         MARCA: HYPOFARMA                                                            04 (ITEM R36) - ESCOPOLAMINA BUTILBROMETO 20MG/ML INJETAVEL AMPOLA          COD:587460..............250FR..............05,07...................1.267,50 03 (ITEM R32) - DOBUTAMINA 12,5 MG/ML INJETAVEL FR C/20ML - MARCA:HYPOFARMA COD:145157...........44.000FR..............00,80..................35.200,00 02 (ITEM R28) - DEXAMETASONA 4 MG/ML INJETAVEL FR C/2,5ML - MARCA:HYPOFARMA COD:187097............5.200FR..............00,94...................4.888,00 MARCA: HYCIMET HYPOFAR                                                      01 (ITEM R19) - CIMETIDINA 150 MG/ML INJETAVEL FR C/2M                      .                                                                           O DE COMPRAS 360/2026                                                       25, PE 90001/2025 - CONF. MEMORANDO 245/2026-GEREMO, PARECER 286/2026, PEDIDDESPESA COM AQUISICAO DE MEDICAMENTOS ATRAVES DO 5  PEDIDO FILHO, ARP 046/20COD:186805............2.500FR..............03,60...................9.000,00 06 (ITEM R64) - NITROPRUSSETO SODIO 50MG INJETAVEL FRASCO AMPOLA 2ML FR C/  2ML - MARCA: HYPOFARMA                                                      COD:688436..............100FR..............15,94...................1.594,00 07 (ITEM R65) - NOREPINEFRINA HEMITARTARATO 2MG/ML AMPOLA FR C/4ML          05 (ITEM R56) - LIDOCAINA 2% INJETAVEL SEM VASO CONSTRITOR FR C/20ML        MARCA: HYPOFARMA                                                            MARCA: HYPOFARMA                                                            COD:510092............2.300FR..............00,95...................2.185,00 VALOR TOTAL:......................................................70.624,50 .                                                                           ;Pregão;000900012025
20262150018710029;08/06/2026 00:00:00;767,40;;;0,00;;;0,00;33903000;MATERIAL DE CONSUMO;47036211000148;SECRETARIA MUNICIPAL DE SAUDE;0,00;SECRETARIA MUNICIPAL DE SAUDE                                                                                                                                                                                                                                ;SAUDE - 10;ASSISTENCIA HOSPITALAR E AMBULATORIAL - 302;TRANSFERENCIA DE RECURSOS DO SISTEMA UNICO DE SAUDE - SUS / ESTADOS - 131;PREMIER HOSPITALAR IMPORTACAO E EXPORTACAO LTDA;DESPESA COM AQUISICAO DE MEDICAMENTOS ATRAVES DO 2. PEDIDO FILHO,ARP090/202513 - ASSISTENCIA FARMACIA BASICA                                            PE90011/2025 CONF.MEMORANDO 256/2026-GEREMO, PARECER 306/2026, PEDIDO DE COMPRAS 379/2026 SCC818284 SOLICITACAO FINANCEIRA 183305 - 2026.               .                                                                           1-KIT SORO ANTI-A MET MANUAL DETERMINACACAO GRUPO SANGUINEO FR 10 ML EBRAM  COD19731-9...............10,00 FR..............25,6600................256,602-KIT SORO ANTI-B MET MANUAL DETERMINACAO GRUPO SANGUINEO FR 10 ML EBRAM    COD19730-0...............10,00 FR..............21,5400................215,403-KIT SORO ANTI-D RH 85% MET MANUAL DETERMINAR FATOR RH FR 10 ML EBRAM      COD19732-7...............10,00 FR..............29,5400................295,40VALOR TOTAL...........................................................767,40.                                                                           O PRAZO DE ENTREGA DOS BENS SERA EFETUADO NO PRAZO NAO SUPERIOR A 15 DIAS U-TEIS CONTADOS APóS O RECEBIMENTO DA ORDEM DE ENTREGA OU NOTA DE EMPENHO/AUTORIZACAO DE FORNECIMENTO, ACOMPANHADOS DOS DOCUMENTOS FISCAIS RESPECTIVOS QUEDEVEM CONTER, OBRIGATORIAMENTE, A ESPECIFICACAO DO ITEM, MARCA DO FABRICANTEE QUANTIDADE ENTREGUE,AS ENTREGAS DEVERAO SER EFETUADAS MEDIANTE AGENDAMENTOPREVIO, ATRAVES DO E-MAIL CIAD.GOIANIA@BRANETLOGISTICA.COM.BR,DEVERAO SER ENTREGUES NO ALMOXARIFADO CENTRAL DA SECRETARIA MUNICIPAL DE SAUDE,NO SEGUINTEENDERECO:AV.PERIMETRAL NORTE,COND.GOYAZEM,N.2859 BL.E,GALPOES 06/10 VL.JOAO VAZ, CEP: 74.445-190, GOIANIA-GO,MAIORES INFORMACOES PELOS TELEFONES: (62)3524-3404/3407. DEMAIS ESCLARECIMENTOS MEMORANDO 256 2. PED.FILHO PE 90011-25 ARP 090-25 - PREMIER (10281117)GEREMO,EDITAL DE LICITACAO PE 90011/2025 SRP (10282967)GEREMO,PARECER 306 (10330980)GERPSR E ANEXOS SEI26.29.000019788-2..                                                                           ;Pregão;000900112025
20262150018710030;08/06/2026 00:00:00;39000,00;0193282026;23/07/2026 00:00:00;38992,50;;;0,00;33903000;MATERIAL DE CONSUMO;26457348000104;SECRETARIA MUNICIPAL DE SAUDE;0,00;SECRETARIA MUNICIPAL DE SAUDE                                                                                                                                                                                                                                ;SAUDE - 10;ASSISTENCIA HOSPITALAR E AMBULATORIAL - 302;TRANSFERENCIA DE RECURSOS DO SISTEMA UNICO DE SAUDE - SUS / ESTADOS - 131;C. A HOSPITALAR EIRELI;DESPESA COM AQUISICAO DE MEDICAMENTOS ATRAVES DO 3  PEDIDO FILHO, ARP 068/2025, PE 90007/2025 - CONF. MEMORANDO 271/2026-GEREMO, PARECER 311/2026, PEDIDO DE COMPRAS 368/2026                                                       .                                                                           01 (ITEM R14) - AMOXICILINA + CLAVULANATO POTASSIO 50MG + 12,5MG/ML SUSPEN  SAO - MARCA: SANDOZ                                                         COD:474495..........260.000ML..............00,15..................39.000,00 VALOR TOTAL:......................................................39.000,00 .                                                                           OBS: O FORNECIMENTO DEVERA SER EFETUADO C/ PRAZO NAO SUP. A 20 DIAS         CONFORME TERMO DE REFERENCIA (10349171) CONTADOS A PARTIR DO                RECEBIMENTO DA NOTA DE EMPENHO,ENTREGA EM PERFEITAS CONDICOES C/A DEVIDA    NOTA FISCAL, DETALHANDO MARCA/FABRICANTE/MODELO/TIPO/PROCEDENCIA. DEMAIS    ESCLARECIMENTOS CONFORME MEMO 271/2026, PARECER 311/2026, PE 90007/2025,    ATA 68/2025, PROCESSO SEI: 26.29.000020700-4 E DOCUMENTOS EM ANEXO.         .                                                                           LOCAL DA ENTREGA:ALMOXARIFADO CENTRAL SMS, AV.PERIMETRAL NORTE COND.GOIA    ZEM, BL.E, GALPOES 09/10, VL.JOAO VAZ, CEP:74.425-090, GO/GO. FONES:62-3    524-3401/3407, HORARIO:08:00 AS 17:00.                                      .                                                                           13 - TRANSFERENCIAS DE RECURSOS DO SUS - ASSITENCIA FARMACEUTICA            SOLICITACAO FINANCEIRA: 183304/2026                                         ;Pregão;000900072025
20262150018710031;08/06/2026 00:00:00;1440,00;;;0,00;;;0,00;33903000;MATERIAL DE CONSUMO;67729178000491;SECRETARIA MUNICIPAL DE SAUDE;0,00;SECRETARIA MUNICIPAL DE SAUDE                                                                                                                                                                                                                                ;SAUDE - 10;ASSISTENCIA HOSPITALAR E AMBULATORIAL - 302;TRANSFERENCIA DE RECURSOS DO SISTEMA UNICO DE SAUDE - SUS / ESTADOS - 131;COMERCIAL CIRURGICA RIOCLARENSE LTDA;DESPESA COM AQUISICAO DE MEDICAMENTOS ATRAVES DO 4. PEDIDO FILHO, ARP 055/2025, PE 90001/2025 CONF. MEMORANDO 254/2026-GEREMO, PARECER 293/2026, PEDIDO DE COMPRAS 367/2026 SCC818276-SOLICITACAO FINANCEIRA 183301 - 2026.         .                                                                           1-SOLUCAO MANITOL 20% SOLUCAO INJETAVEL SISTEMA FECHADO BOLSA FR C/250,0 ML FARMACE                                                                     COD25872-5...............200,00 FR.............7,2000...............1.440,00VALOR TOTAL.........................................................1.440,00.                                                                           O FORNECIMENTO DEVERA SER EFETUADO,C/PRAZO DE ENTREGA NAO SUPERIOR A 20 DIASCONTADOS A PARTIR DO RECEBIMENTO DA NOTA DE EMPENHO/AUTORIZACAO DE FORNECI- MENTO E ACOMPANHADOS DOS DOCUMENTOS FISCAIS RESPECTIVOS,DEVE CONTER,OBRIGATORIAMENTE, A ESPECIFICACAO DO ITEM, MARCA DO FABRICANTE E QUANTIDADE ENTREGUEENTREGA C/AGENDAMENTO PREVIO NO E-MAIL CIAD.GOIANIA@BRANETLOGISTICA.COM.BR. TELEFONES:(62)3524-3401/3407,NO HORARIO DAS 08H00MIN AS 17H00MIN.ENDERECO:  ALMOXARIFADO CENTRAL DA SECRETARIA MUNICIPAL DE SAUDE NO SEGUINTE ENDERECO: AVENIDA PERIMETRAL NORTE, CONDOMINIO GOIAZEM, BLOCO E, GALPAO 09 E 10, VILA JOAO VAZ, CEP: 74.425-090, GOIANIA - GOIAS.DEMAIS ESCLARECIMENTOS CONF.MEMO.254 (10279227)GEREMO,EDITAL (10279352)GEREMO,EXTRATO DE ATA (10279373)GEREMOPARECER 293 (10291733)GERPSR E ANEXOS SEI26.29.000019772-6.                 .                                                                           13 - ASSISTENCIA FARMACIA BASICA                                            ;Pregão;000900012025
20262150018710032;15/06/2026 00:00:00;182,00;0187412026;20/07/2026 00:00:00;168,00;;;0,00;33903000;MATERIAL DE CONSUMO;34707920000166;SECRETARIA MUNICIPAL DE SAUDE;0,00;SECRETARIA MUNICIPAL DE SAUDE                                                                                                                                                                                                                                ;SAUDE - 10;ASSISTENCIA HOSPITALAR E AMBULATORIAL - 302;TRANSFERENCIA DE RECURSOS DO SISTEMA UNICO DE SAUDE - SUS / ESTADOS - 131;ONMED DISTRIBUIDORA DE MEDICAMENTOS EIRELI;DESPESA COM AQUISICAO DE MEDICAMENTOS ATRAVES DO 1º PEDIDO FILHO,ARP085/2025,PE90007/2025,CONF. MEMORANDO 270/2026-GEREMO,PARECER 307/2026-GERPSR,PEDIDODE COMPRA 382/2026. SOLICITACAO FINANCEIRA N.183527-2026. SCC N.818675.     .                                                                           .                                                                           1-VARFARINA SODICA 5MG COMP. FARMOQUIMICA.                                  COD.46383-3......................1.300,00UN......0,1400...............182,00VALOR TOTAL:..........................................................182,00.                                                                           O FORNECIMENTO DEVERA SER EFETUADO,C/PRAZO DE ENTREGA NAO SUPERIOR A 20 DIASCONTADOS A PARTIR DO RECEBIMENTO DA NOTA DE EMPENHO/AUTORIZACAO DE FORNECIMENTO E ACOMPANHADOS DOS DOCUMENTOS FISCAIS RESPECTIVOS, DEVE CONTER, OBRIGATORIAMENTE, A ESPECIFICACAO DO ITEM, MARCA DO FABRICANTE E QUANTIDADE ENTREGUEAGENDAMENTO PREVIO PELO E-MAIL CIAD.GOIANIA@BRANETLOGISTICA.COM.BR,ENTREGA  NO ALMOXARIFADO CENTRAL DA SMS,AV.PERIMETRAL NORTE, COND. GOIAZEM,BL.E      GALPAO 09/10, VL.JOAO VAZ,CEP 74.445-190,GOIANIA/GO, TEL.(62)3524-3401/3407,NO HORARIO DAS 08H00MIN àS 17H00MIN. DEMAIS ESCLARECIMENTOS CONF.MEMO.270   (10328676)-GEREMO,EDITAL 90007/2025 (10328853)-GEREMO, PARECER 307(10331027)-GERPSR, E ANEXOS SEI 26.29.000020394-7.                                    .                                                                           13 - ASSISTENCIA FARMACIA BASICA                                            ;Pregão;000900072025
20262150018710033;16/06/2026 00:00:00;3519,30;0192782026;23/07/2026 00:00:00;3519,30;;;0,00;33903000;MATERIAL DE CONSUMO;82873068000816;SECRETARIA MUNICIPAL DE SAUDE;0,00;SECRETARIA MUNICIPAL DE SAUDE                                                                                                                                                                                                                                ;SAUDE - 10;ASSISTENCIA HOSPITALAR E AMBULATORIAL - 302;TRANSFERENCIA DE RECURSOS DO SISTEMA UNICO DE SAUDE - SUS / ESTADOS - 131;GENESIO A MENDES & CIA LTDA;DESPESA COM AQUISICAO DE MEDICAMENTOS ATRAVES DO 1ºPEDIDOFILHO, ARP 169/2025EDITAL PE 90001/2025,CONFORME MEMORANDO 262/2026-GEREMO,PARECER 296/2026 -  GERPSR, PEDIDO DE COMPRA 371/2026. SOLICITACAO FINANCEIRA 183524 - 2026.    SCC 818730.                                                                 .                                                                           1- IMUNOGLOBULINA ANTI RH 300 MCG. 1500 UI. INJETAVEL RHOPHYLAC.            COD.398322...............15,00 FR.............234,6200 VL.UN........3.519,30VALOR TOTAL:........................................................3.519,30.                                                                           .                                                                           O PRAZO DE ENTREGA DOS BENS E DE 20 DIAS, CONTADOS APOS O RECEBIMENTO DA    ORDEM DE ENTREGA OU NOTA DE EMPENHO / AUTORIZACAO DE FORNECIMENTO E         ACOMPANHADOS DOS DOCUMENTOS FISCAIS RESPECTIVOS,DEVE CONTER,OBRIGATORIAMENTEA ESPECIFICACAO DO ITEM, MARCA DO FABRICANTE E QUANTIDADE ENTREGUE, MEDIANTEAGENDAMENTO PREVIO,ATRAVES DO E-MAIL CIAD.GOIANIA@BRANETOLGISTICA.COM.BR,   MAIORES INFORMACOES PELOS TELEFONES:(62)3524-3404/3407, LOCAL DE ENTREGA NO ALMOXARIFADO CENTRAL DA SMS: AV.PERIMETRAL NORTE,COND.GOIAZEM,BL.E, GALPAO  09/10, VL.JOAO VAZ, GOIANIA/GO. CEP 74.425-090. DEMAIS ESCLARECIMENTOS CONF.MEMO.262(10295363)GEREMO,EDITAL PE90001/2025(10295473),PARECER 296(10306329)E ANEXOS SEI 26.29.000019973-7.                                             .                                                                           .                                                                           13 - ASSISTENCIA FARMACIA BASICA.                                           ;Pregão;000900012025
20262150018710034;16/06/2026 00:00:00;103560,00;;;0,00;;;0,00;33903000;MATERIAL DE CONSUMO;16699864000183;SECRETARIA MUNICIPAL DE SAUDE;0,00;SECRETARIA MUNICIPAL DE SAUDE                                                                                                                                                                                                                                ;SAUDE - 10;ASSISTENCIA HOSPITALAR E AMBULATORIAL - 302;TRANSFERENCIA DE RECURSOS DO SISTEMA UNICO DE SAUDE - SUS / ESTADOS - 131;SANTE MEDICA HOSPITALAR LTDA;COD27292-2.............628.000,00 UN...........0,1000..............62.800,00VALOR TOTAL.......................................................103.560,00.                                                                           O FORNECIMENTO DEVERA SER EFETUADO,C/PRAZO DE ENTREGA NAO SUPERIOR A 20 DIASCONTADOS A PARTIR DO RECEBIMENTO DA NOTA DE EMPENHO/AUTORIZACAO DE FORNECIMENTO E ACOMPANHADOS DOS DOCUMENTOS FISCAIS RESPECTIVOS, DEVE CONTER, OBRIGATODESPESA COM AQUISICAO DE MEDICAMENTOS ATRAVES DO 4º PEDIDO FILHO, ARP 061/2025, PE 90007/2025 CONFORME MEMORANDO 264/2026-GEREMO,PARECER 301/2026-GERPSRPED.DE COMPRA 376/2026 - SCC818748 - SOLICITACAO FINANCEIRA  183525 - 2026. .                                                                           1- ACICLOVIR 200 MG COMPRIMIDO RAMBAXY.                                     COD41165-5..............28.000.00 UN...........0,1700...............4.760,002-AMOXICILINA +CLAVULANATO 500/125MG COMPRIMIDO RAMBAXY.                    COD51493-4..............40.000.00 UN...........0,9000..............36.000,003-GLICLAZIDA MR 30 MG COMPRIMIDO LIBERACAO PROLONGADA RAMBAXY.              RIAMENTE, A ESPECIFICACAO DO ITEM, MARCA DO FABRICANTE E QUANTIDADE ENTREGUEFORNECIMENTO C/AGENDAMENTO  PELO E-MAIL CIAD.GOIANIA@BRANETLOGISTICA.COM.BR.LOCAL DA ENTREGA ALMOXARIFADO CENTRAL DA SMS, AV.PERIMETRAL NORTE, COND.GOIAZEM, BL.E,GALPAO 09/10, VL.JOAO VAZ,CEP:74445-190,GOIANIA/GO.CONTATO:62-35243401/3407,NO HORARIO DAS 08H00MIN AS 17H00MIN.DEMAIS ESCLARECIMENTOS CONF.MEMO.264(10309451)GEREMO, EDITAL(10309791)GEREMO, PARECER 301(10330418)GERPSR E ANEXOS SEI 26.29.000020151-0.                                             .                                                                           13 - ASSISTENCIA FARMACIA BASICA                                            ;Pregão;000900072025
20262150018710035;16/06/2026 00:00:00;1050,00;;;0,00;;;0,00;33903000;MATERIAL DE CONSUMO;28093678000185;SECRETARIA MUNICIPAL DE SAUDE;1050,00;SECRETARIA MUNICIPAL DE SAUDE                                                                                                                                                                                                                                ;SAUDE - 10;ASSISTENCIA HOSPITALAR E AMBULATORIAL - 302;TRANSFERENCIA DE RECURSOS DO SISTEMA UNICO DE SAUDE - SUS / ESTADOS - 131;F F DISTRIBUIDORA DE MEDICAMENTOS LTDA;DESPESA COM AQUISICAO DE MEDICAMENTOS ATRAVES DO 4ºPEDIDOFILHO, ARP074/2025,EDITAL PE90007/2025, CONFORME MEMO.266/2026-GEREMO, PARECER 302/2026-GERPSR,PEDIDO DE COMPRA 377/2026. SOLICITACAO FINANCEIRA 183526 - 2026.            SCC 818683.                                                                 .                                                                           1- METRONIDAZOL 400 MG. COMP. FARMOQUIMICA .                                COD.629260............7.500,00 UN..........0,1400...................1.050,00VALOR TOTAL:........................................................1.050,00.                                                                           O PRAZO DE ENTREGA DOS BENS E DE 20 DIAS, CONTADOS APOS O RECEBIMENTO DA    ORDEM DE ENTREGA OU NOTA DE EMPENHO / AUTORIZACAO DE FORNECIMENTO E ACOMPA- NHADOS DOS DOCUMENTOS FISCAIS RESPECTIVOS, QUE DEVEM CONTER, OBRIGATORIAMEN-TE, A ESPECIFICACAO DO ITEM, MARCA DO FABRICANTE E QUANTIDADE ENTREGUE.     LOCAL DE ENTREGA NO ALMOXARIFADO CENTRAL DA SMS: AV.PERIMETRAL NORTE, COND. GOIAZEM, BL.E, GALPAO 09/10, VL.JOAO VAZ, GOIANIA/GO. CEP 74425-090.        TEL.3524-3404/3407.AGENDAMENTO PREVIO, ATRAVES DO E-MAIL:                   CIAD.GOIANIA@BRANETLOGISTICA.COM.BR.                                        DEMAIS ESCLARECIMENTOS CONF. MEMO.266(10327048)GEREMO,EDITAL PE 90007/2025  (10327266)GEREMO,PARECER 302(10330533)GERPSR,E ANEXOS SEI 2629000020373-4.  .                                                                           13 - ASSISTENCIA FARMACIA BASICA.                                           ;Pregão;000900072025
20262150018710036;18/06/2026 00:00:00;2550,00;;;0,00;;;0,00;33903000;MATERIAL DE CONSUMO;28093678000185;SECRETARIA MUNICIPAL DE SAUDE;0,00;SECRETARIA MUNICIPAL DE SAUDE                                                                                                                                                                                                                                ;SAUDE - 10;ASSISTENCIA HOSPITALAR E AMBULATORIAL - 302;TRANSFERENCIA DE RECURSOS DO SISTEMA UNICO DE SAUDE - SUS / ESTADOS - 131;F F DISTRIBUIDORA DE MEDICAMENTOS LTDA;DESPESA C/ AQUISICAO DE MEDICAMENTOS ATRAVES DO 4°PEDIDO FILHO, ARP074/2025,EDITAL PE90007/2025-GEREMO, CONFORME MEMO.266/2026-GEREMO,PARECER 302/2026- GERPSR. PEDIDO DE COMPRA 377/2026. SOLICITACAO FINANCEIRA 183673-2026.      SCC 818683.                                                                 .                                                                           1- METRONIDAZOL 400 MG. COMP. MARCA FARMOQUIMICA.                           COD.629260..................7.500,00 UN.......0,3400................2.550,00VALOR TOTAL:........................................................2.550,00.                                                                           O PRAZO DE ENTREGA DOS BENS E DE 20 DIAS, CONTADOS APOS O RECEBIMENTO DA OR-DEM DE ENTREGA OU NOTA DE EMPENHO/AUTORIZACAO DE FORNECIMENTO E ACOMPANHADOSDOS DOCUMENTOS FISCAIS RESPECTIVOS, QUE DEVEM CONTER, OBRIGATORIAMENTE, A   ESPECIFICACAO DO ITEM, MARCA DO FABRICANTE E QUANTIDADE ENTREGUE. A ENTREGA SERA C/ AGENDAMENTO PREVIO PELO E-MAIL: CIAD.GOIANIA@BRANETLOGISTICA.COM.BR,NO LOCAL: ALMOXARIFADO CENTRAL DA SMS,NA AV.PERIMETRAL NORTE, COND. GOIAZEM,BL.E, GALPAO 09/10, VL.JOAO VAZ, GOIANIA/GO. CEP 74445-190. TEL.3524-3404 / 3407. DEMAIS ESCLARECIMENTOS CONF. MEMO.266(10327048)-GEREMO, EDITALPE90007/2025(10327266)-GEREMO,PARECER 302(10330533)-GERPSR,DESPACHO 519(10566801) E ANEXOS SEI 26.29.000020373-4.                                               .                                                                           13 - ASSISTENCIA FARMACIA BASICA.                                           ;Pregão;000900072025
20262150018710037;19/06/2026 00:00:00;3067,80;;;0,00;;;0,00;33903000;MATERIAL DE CONSUMO;09315996000107;SECRETARIA MUNICIPAL DE SAUDE;3067,80;SECRETARIA MUNICIPAL DE SAUDE                                                                                                                                                                                                                                ;SAUDE - 10;ASSISTENCIA HOSPITALAR E AMBULATORIAL - 302;TRANSFERENCIA DE RECURSOS DO SISTEMA UNICO DE SAUDE - SUS / ESTADOS - 131;COMERCIAL MARK ATACADISTA EIRELI;DESPESA COM AQUISICAO DE MEDICAMENTOS ATRAVES DO 3ºPEDIDO FILHO,ARP076/2025,EDITAL PE90007/2025-GEREMO CONF. MEMORANDO 235/2026-GEREMO, PARECER267/2026-GERPSR,PEDIDO DE COMPRAS 331/2026. SCC 819001.                              SOLICITACAO FINANCEIRA 183348 - 2026.                                       .                                                                           ITEM 1-_DEXAMETASONA 0,1 MG/ML ELIXIR - MARCA FARMACE.                      COD.542164...................44.000,00 ML.......0,0237..............1.042,80ITEM 2-_NIMESULIDA 100 MG. COMPR. - MARCA CIMED.                            COD.365041...................30.000,00 UN.......0,0675..............2.025,00VALOR TOTAL:........................................................3.067,80.                                                                           O PRAZO DE ENTREGA DOS BENS E DE 20 DIAS, CONTADOS A PARTIR DO RECEBIMENTO  DA NOTA DE EMPENHO/AUTORIZACAO DO FORNECIMENTO E ACOMPANHADOS DOS DOCUMENTOSFISCAIS RESPECTIVOS, QUE DEVEM CONTER, OBRIGATORIAMENTE, A ESPECIFICACAO DO ITEM, MARCA DO FABRICANTE E QUANTIDADE ENTREGUE. A ENTREGA SERA COM AGENDA- MENTO PREVIO PELO E-MAIL:CIAD.GOIANIA@BRANETLOGISTICA.COM.BR., NO LOCAL: AL-MOXARIFADO CENTRAL DA SMS, NA AV. PERIMETRAL NORTE, COND. GOIAZEM, BL.E,GAL-PAO 09/10, VL. JOAO VAZ, GOIANIA/GO. CEP 74445-190. TEL.3524-3401/3407.     DEMAIS ESCLARECIMENTOS CONF.MEMORANDO 235(10120614)GEREMO,EDITAL PE90007/25 (10120680)GEREMO, PARECER 267(10150827)GERPSR E ANEXOS SEI26.29.000017118-2..                                                                           13 - ASSISTENCIA FARMACIA BASICA.                                           ;Pregão;000900072025
20262150018710038;19/06/2026 00:00:00;46399,00;;;0,00;;;0,00;33903000;MATERIAL DE CONSUMO;12889035000293;SECRETARIA MUNICIPAL DE SAUDE;46399,00;SECRETARIA MUNICIPAL DE SAUDE                                                                                                                                                                                                                                ;SAUDE - 10;ASSISTENCIA HOSPITALAR E AMBULATORIAL - 302;TRANSFERENCIA DE RECURSOS DO SISTEMA UNICO DE SAUDE - SUS / ESTADOS - 131;INOVAMED HOSPITALAR LTDA;DESPESA COM AQUISICAO DE MEDICAMENTOS ATRAVES DO 5º PEDIDO FILHO, ARP 071/2025, PE90007/2025 CONF. MEMORANDO 268/2026-GEREMO, PARECER 304/2026,PEDIDO DECOMPRAS 380/2026 SCC 819078 SOLICITACAO FINANCEIRA 183317 - 2026.           .                                                                           1-CARVEDILOL 12,5 MG COMPRIMIDO CIMED                                       COD46644-1...............5.000,00 UN..........0,0800..................400,002-ENALAPRIL MALEATO 10 MG COMPRIMIDO CIMED.                                 COD24381-7...............108.000,00 UN........0,0300................3.240.003-ENALAPRIL MALEATO 20 MG COMPRIMIDO CIMED.                                 COD05919-6................88.000,00 UN.......0,04500................3.960,004-FINASTERIDA 5 MG COMPRIMIDO CIMED.                                        COD23611-0...............3.500,00 UN...........0,2130.................745,505-HIDROCLOROTIAZIDA 25 MG COMPRIMIDO CIMED.                                 COD42730-6...............100.000,00 UN.........0,0250...............2.500,006-LEVOTIROXINA SODICA 100MCG COMPRIMIDO MERCK.                              COD41554-5...............21.000,00 UN..........0,0816...............1.713,607-LEVOTIROXINA SODICA 50MCG COMPRIMIDO MERCK.                               COD46633-6...............26.000,00 UN..........0,0816...............2.121,608-METFORMINA CLORIDRATO 850 MG COMPRIMIDO PRATI DONADUZI.                   COD31648-2...............135.000,00 UN.........0,1000..............13.500,009-CLORIDRATO ONDANSETRONA 4 MG COMPRIMIDO BIOLAB.                           COD64870-1...............49.000,00 UN..........0,1967...............9.638,3010-SINVASTATINA 40MG COMPRIMIDO CIMED.                                      COD46399-0...............78.000,00 UN..........0,1100...............8.580,00VALOR TOTAL........................................................46.399,00.                                                                           O FORNECIMENTO DEVERA SER EFETUADO,C/PRAZO DE ENTREGA NAO SUPERIOR A 20 DIASCONTADOS A PARTIR DO RECEBIMENTO DA NOTA DE EMPENHO/AUTORIZACAO DE FORNECIMENTO E ACOMPANHADOS DOS DOCUMENTOS FISCAIS RESPECTIVOS, DEVE CONTER, OBRIGATORIAMENTE, A ESPECIFICACAO DO ITEM, MARCA DO FABRICANTE E QUANTIDADE ENTREGUEAGENDAMENTO PREVIO PELO E-MAIL CIAD.GOIANIA@BRANETLOGISTICA.COM.BR.         TELEFONES:(62)3524-3401/3407,HORARIO DAS 08H00MIN AS 17H00MIN, LOCAL DA EN- TREGA ALMOXARIFADO CENTRAL DA SMS AV.PERIMETRAL NORTE,COND.GOIAZEM,BL.E, GALPOES 9/10, VL.JOAO VAZ,CEP:74.425-190, GOIANIA/GO. DEMAIS INFORMAÇOES MEMORANDO 268 (10327938)GEREMO,EDITAL (10328224)GEREMO,PARECER 304(10330846)GERPSRE ANEXOS 26.29.000020387-4.                                                 .                                                                           13 - ASSISTENCIA FARMACIA BASICA                                            ;Pregão;000900072025
20262150018710039;19/06/2026 00:00:00;584944,00;;;0,00;;;0,00;33903000;MATERIAL DE CONSUMO;09034672000192;SECRETARIA MUNICIPAL DE SAUDE;584944,00;SECRETARIA MUNICIPAL DE SAUDE                                                                                                                                                                                                                                ;SAUDE - 10;ASSISTENCIA HOSPITALAR E AMBULATORIAL - 302;TRANSFERENCIA DE RECURSOS DO SISTEMA UNICO DE SAUDE - SUS / ESTADOS - 131;MAEVE PRODUTOS HOSPITALARES LTDA;DESPESA COM AQUISICAO DE MEDICAMENTOS ATRAVES DO 10º PEDIDO FILHO, ARP 052/2025, PE90001/2025 CONF. MEMORANDO 272/2026-GEREMO, PARECER 312/2026, PEDIDO DE COMPRA 387/2026 SCC 819094 SOLICITACAO FINANCEIRA 183350 - 2026.         .                                                                           1-DESLANOSIDEO 0,2 MG/ML INJETAVEL AMPOLA FR C/2,0 ML UNIAO QUIMICA.        COD17630-3...............500,00 FR.............1,9400.................970,002-METILERGOMETRINA 0,2 MG INJETAVEL_UNIAO QUIMICA.                          COD14523-8...............50,00 FR..............2,1200.................106,003-OMEPRAZOL SODICO 40MG INJETAVEL AMPOLA FR C/10,0 FR BLAU.                 COD54565-1................12.000,00 FR.........7,7300..............92.760,004-SULFAMETOXAZOL + TRIMETOPRIMA 80/16MG/ML INJETAVEL FR C/5,0 ML BRAINFARMA.COD45153-3...............500,00 FR.............3,9400...............1.970,005-SUXAMETONIO 100MG PO P/ SOLUCAO INJATAVEL UNIAO QUIMICA.                  COD39805-5...............700,00 FR.............16,4400.............11.508,006-TENOXICAM 20 MG PO PARA SOLUCAO INJETAVEL FRASCO AMPOLA UNIAO QUIMICA.    COD38837-8...............87.000,00 FR..........5,4900.............477.630,00VALOR TOTAL.......................................................584.944,00.                                                                           O FORNECIMENTO DEVERA SER EFETUADO, COM PRAZO DE ENTREGA NAO SUPERIOR A 20 (VINTE) DIAS, CONTADOS A PARTIR DO RECEBIMENTO DA NOTA DE EMPENHO/AUTORIZACAODE FORNECIMENTO E ACOMPANHADOS DOS DOCUMENTOS FISCAIS RESPECTIVOS, DEVE CONTER, OBRIGATORIAMENTE, A ESPECIFICACAO DO ITEM, MARCA DO FABRICANTE E QUANTIDDADE ENTREGUE.O BEM DEVERA SER ENTREGUE NO ALMOXARIFADO CENTRAL DA SECRETARIA MUNICIPAL DE SAUDE NO SEGUINTE ENDERECO: AVENIDA PERIMETRAL NORTE, CONDOMíNIO GOIAZéM, BLOCO E, GALPãO 09 E 10, VL.JOAO VAZ,GO/GO.CEP:CEP: 74.425-090.DEMAIS ESCLARECIMENTOS MEMORANDO 272 (10355605)GEREMO, EDITAL (10356387)GEREMO, PARECER 312 (10357483)GERPSR E ANEXOS SEI26.29.000020777-2.             .                                                                           13 - ASSISTENCIA FARMACIA BASICA                                            ;Pregão;000900012025
20262150018710040;19/06/2026 00:00:00;499980,00;;;0,00;;;0,00;33903000;MATERIAL DE CONSUMO;31673254001095;SECRETARIA MUNICIPAL DE SAUDE;499980,00;SECRETARIA MUNICIPAL DE SAUDE                                                                                                                                                                                                                                ;SAUDE - 10;ASSISTENCIA HOSPITALAR E AMBULATORIAL - 302;TRANSFERENCIA DE RECURSOS DO SISTEMA UNICO DE SAUDE - SUS / ESTADOS - 131;LABORATORIO B BRAUN SA;DESPESA COM AQUISICAO DE MEDICAMENTOS ATRAVES DO 1º PEDIDO FILHO, ARP 009/2026, PE90056/2025 CONF. MEMORANDO 274/2026-GEREMO, PARECER 316/2026, PEDIDO DE COMPRA 393/2026 SCC819108 - SOLICITACAO FINANCEIRA 183349 - 2026.         .                                                                           1-CLORETO SODIO 0,9% SOLUCAO INJETAVEL SIST.FECHADO FR C/100,0 ML B BRAUN.  COD15685-0...............147.000,00 FR.........2,0800.............305.760,002-CLORETO SODIO 0,9% SOLUCAO INJETAVEL SIST.FECHADO FR C/500,0 ML B BRAUN.  COD01222-0...............51.000,00 FR..........3,0600.............156.060,003-GLICOSE 5% SOLUCAO INJETAVEL SIST.FECHADO FR C/500,0 ML B BRAUN.          COD00197-0...............5.300,00 FR...........3,9000..............20.670,004-RINGER ASSOCIADO C/ LACTADO SODIO SOL.INJ.SIS. FECHADO BOLSA FR C/500,0 MLB BRAUN.                                                                    COD00198-8...............2.300,00 FR...........4,5000..............10.350,005-RINGER SIMPLES INJETAVEL SISTEMA FECHADO BOLSA FR C/500,0 ML B BRAUN.     COD34660-8...............1.700,00 FR...........4,2000...............7.140,00VALOR TOTAL.......................................................499.980,0013 - ASSISTENCIA FARMACIA BASICA                                            .                                                                           DEMAIS INFORMACOES(62)3524-3401/3404/3407, E ANEXOS SEI 26.29.000021017-0.  CONDOMINIO GOYAZEM BLOCO E GALPOES DE 06 A 10, CEP 74.445-190, GOIANIA-GO.  MOXARIFADO CENTRAL DA SMS,NA AVENIDA PERIMETRAL NORTE N. 2.859,VILA JOAO VAZMAIL CIAD.GOIANIA@BRANETLOGISTICA.COM.BR,OS BENS DEVERAO SER ENTREGUES NO ALABRICANTE E QUANTIDADE ENTREGUE, ENTREGA C/AGENDAMENTO PREVIO, ATRAVES DO E-PECTIVOS, DEVE CONTER, OBRIGATORIAMENTE, A ESPECIFICACAO DO ITEM, MARCA DO FEMPENHO/AUTORIZACAO DE FORNECIMENTO, ACOMPANHADOS DOS DOCUMENTOS FISCAIS RES) DIAS CORRIDOS, CONTADOS APóS O RECEBIMENTO DA ORDEM DE ENTREGA OU NOTA DE O PRAZO DE ENTREGA DOS BENS SERA EFETUADO NO PRAZO NAO SUPERIOR A 15 (QUINZE.                                                                           ;Pregão;000900562025
20262150018710041;19/06/2026 00:00:00;19767,00;;;0,00;;;0,00;33903000;MATERIAL DE CONSUMO;56795674000184;SECRETARIA MUNICIPAL DE SAUDE;19767,00;SECRETARIA MUNICIPAL DE SAUDE                                                                                                                                                                                                                                ;SAUDE - 10;ASSISTENCIA HOSPITALAR E AMBULATORIAL - 302;TRANSFERENCIA DE RECURSOS DO SISTEMA UNICO DE SAUDE - SUS / ESTADOS - 131;G.O MEDICAL LTDA;DESPESA COM AQUISICAO DE MEDICAMENTOS ATRAVES DO 5ºPEDIDO FILHO, ARP 054/25,EDITAL PE90001/2025 CONF.MEMORANDO 250/2026-GEREMO, PARECER 291/2026-GERPSR,PEDIDO DE COMPRA 365/2026. SCC 819035.                                      SOLICITACAO FINANCEIRA 183351 - 2026.                                       .                                                                           ITEM 1_CLORIDRATO HIDRALAZINA 20 MG/ML INJETAVEL - MARCA CRISTALIA.         COD.400629...................3.300,00 FR.......5,9900..............19.767,00VALOR TOTAL:.......................................................19.767,00.                                                                           O BEM DEVERA SER ENTREGUE NO PRAZO NAO SUPERIOR A 20 DIAS, CONTADOS A PARTIRDO RECEBIMENTO DA NOTA DE EMPENHO/AUTORIZACAO DE FORNECIMENTO E ACOMPANHADOSDOS DOCUMENTOS FISCAIS RESPECTIVOS, QUE DEVEM CONTER OBRIGATORIAMENTE, A ES-PECIFICACAO DO ITEM, MARCA DO FABRICANTE E QUANTIDADE ENTREGUE. A ENTREGA C/AGENDAMENTO PREVIO NO E-MAIL: CIAD.GOIANIA@BRANETLOGISTICA.COM.BR., LOCAL:NOALMOXARIFADO CENTRAL DA SMS, NA AV.PERIMETRAL NORTE, COND.GOIAZEM, BL.E,    GALPAO 06/10,VL. JOAO VAZ,GOIANIA/GO._CEP 74445-190. TEL.3524-3404/3407.    DEMAIS ESCLARECIMENTOS CONF.MEMORANDO 250/2026(10270328)GEREMO,_PARECER_291//2026(10283061)GERPSR E ANEXOS SEI 26.29.000019651-7.                       .                                                                           13 - ASSISTENCIA FARMACIA BASICA.                                           ;Pregão;000900012020
20262150018710042;19/06/2026 00:00:00;8252,70;;;0,00;;;0,00;33903000;MATERIAL DE CONSUMO;12889035000293;SECRETARIA MUNICIPAL DE SAUDE;0,00;SECRETARIA MUNICIPAL DE SAUDE                                                                                                                                                                                                                                ;SAUDE - 10;ASSISTENCIA HOSPITALAR E AMBULATORIAL - 302;TRANSFERENCIA DE RECURSOS DO SISTEMA UNICO DE SAUDE - SUS / ESTADOS - 131;INOVAMED HOSPITALAR LTDA;DESPESA COM AQUISICAO DE MEDICAMENTOS ATRAVES DO 4º PEDIDO FILHO, ARP049/25,EDITAL PE90001/2025 CONF. MEMORANDO 246/2026-GEREMO,PARECER 287/2026-GERPSR,PEDIDO DE COMPRAS 361/2026. ITENS 1 E 2. SCC 819027.                        SOLICITACAO FINANCEIRA 183315 - 2026.                                       .                                                                           ITEM 1- DIAZEPAM 5 MG/ML. FR. C/2,0 ML._- MARCA HIPOLABOR.                  COD.034045....................2.700,00 FR......0,7510...............2.027,70ITEM 2- EPINEFRINA 1 MG. INJETAVEL_- MARCA HIPOLABOR.                       COD.033863....................7.500,00 FR......0,8300...............6.225,00VALOR TOTAL:........................................................8.252,70.                                                                           OS BENS DEVERAO SER ENTREGUES NO PRAZO NAO SUPERIOR A 20 DIAS,CONTADOS A    PARTIR DO RECEBIMENTO DA ORDEM DE ENTREGA OU NOTA DE EMPENHO/AUTORIZACAO DE FORNECIMENTO,ACOMPANHADOS DOS DOCUMENTOS FISCAIS RESPECTIVOS, QUE DEVEM CON-TER OBRIGATORIAMENTE, A ESPECIFICACAO DO ITEM, MARCA DO FABRICANTE E QUANTI-DADE ENTREGUE. A ENTREGA SERA POR AGENDAMENTO PREVIO NO E-MAIL:CIAD.GOIANIA@BRANETLOGISTICA.COM.BR, LOCAL: ALMOXARIFADO CENTRAL DA SMS, NA AV.PERIMETRALNORTE,COND.GOIAZEM,BL.E,GALPAO 06/10,VL. JOAO VAZ,GOIANIA/GO.CEP 74445-190. TEL.3524-3401/3407.   DEMAIS ESCLARECIMENTOS CONF. MEMO.246/2026(10262095)- GEREMO, PARECER 287/2026(10263384)-GERPSR E ANEXOS SEI 26.29.000019520-0.   .                                                                           13 - ASSISTENCIA FARMACIA BASICA.                                           ;Pregão;000900012025
20262150018710043;22/06/2026 00:00:00;26880,00;;;0,00;;;0,00;33903000;MATERIAL DE CONSUMO;05439635000456;SECRETARIA MUNICIPAL DE SAUDE;26880,00;SECRETARIA MUNICIPAL DE SAUDE                                                                                                                                                                                                                                ;SAUDE - 10;ASSISTENCIA HOSPITALAR E AMBULATORIAL - 302;TRANSFERENCIA DE RECURSOS DO SISTEMA UNICO DE SAUDE - SUS / ESTADOS - 131;ABL ANTIBIOTICOS DO BRASIL LTDA;.                                                                           O FORNECIMENTO DOS BENS DEVERA SER NO PRAZO NAO SUPERIOR A 20 DIAS, CONTADOSAPOS O RECEBIMENTO DA ORDEM ENTREGA OU NOTA DE EMPENHO/AUTORIZACAO DE FORNE-CIMENTO, ACOMPANHADOS DOS DOCUMENTOS FISCAIS, DESCRITOS COM ESPECIFICACAO DOITEM, MARCA DO FABRICANTE E QUANTIDADE ENTREGUE. A ENTREGA SERA C/AGENDAMEN-TO PREVIO NO E-MAIL: CIAD.GOIANIA@BRANETLOGISTICA.COM.BR., NO LOCAL: ALMOXA-RIFADO CENTRAL DA SMS, NA AV.PERIMETRAL NORTE, COND.GOIAZEM, BL.E, GALPOES  06/10, VL.JOAO VAZ, GOIANIA/GO. CEP 74445-190. TEL. 3524-3404/3407. DEMAIS  ESCLARECIMENTOS CONF. MEMO.267/2026(10327551)GEREMO, EDITAL(10327647)GEREMO,PARECER 303/26(10330633)GERPSR E ANEXOS SEI 26.29.000020381-5.              .                                                                           13 - ASSISTENCIA FARMACIA BASICA.                                           VALOR TOTAL:.......................................................26.880,00COD.146412..................56.000,00 UN......0,4800...............26.880,00ITEM 1-_CEFALEXINA 500 MG. CAPSULA - MARCA ABL.                             .                                                                           SOLICITACAO FINANCEIRA 183360 - 2026.                                       GERPSR. PEDIDO DE COMPRA 378/2026. SCC 819060.                              EDITAL PE90007/2025-GEREMO, CONF. MEMORANDO 267/2026-GEREMO, PARECER 303/26-DESPESA COM AQUISICAO DE MEDICAMENTOS ATRAVES DO 3º PEDIDO FILHO, ARP 073/25;Pregão;000900072025
20262150018710044;22/06/2026 00:00:00;57684,00;;;0,00;;;0,00;33903000;MATERIAL DE CONSUMO;02520829000140;SECRETARIA MUNICIPAL DE SAUDE;57684,00;SECRETARIA MUNICIPAL DE SAUDE                                                                                                                                                                                                                                ;SAUDE - 10;ASSISTENCIA HOSPITALAR E AMBULATORIAL - 302;TRANSFERENCIA DE RECURSOS DO SISTEMA UNICO DE SAUDE - SUS / ESTADOS - 131;DIMASTER  COMERCIO DE PRODUTOS HOSPITALARES LTDA;DESPESA COM AQUISICAO DE MEDICAMENTOS ATRAVES DO 5º PEDIDO FILHO,ARP 063/26,CONF. EDITAL PE90007/2026-GEREMO, MEMORANDO 265/26-GEREMO, PARECER 297/2026.PEDIDO DE COMPRA 372/2026. SCC 819124.                                      SOLICITACAO FINANCEIRA 183746 - 2026.                                       .                                                                           ITEM 1- AZITROMICINA 500 MG. COMPRIM. - MARCA CIMED.                        COD.344427...................7.000,00 UN.......0,6800...............4.760,00ITEM 2- DIPIRONA SODICA 500 MG. COMPRIM. - GREENPHARMA.                     COD.034185.................310.000,00 UN.......0,1100..............34.100,00ITEM 3- IBUPROFENO 50 MG/ML. SOLUCAO ORAL FR.C/30,0ML.- NATULAB.            COD.487872...................1.800,00 FR.......2,0800...............3.744,00ITEM 4-IPRATROPIO BROMETO SOLUCAO INALATORIA FR.C/20,0ML.- PRATI DONADUZZI. COD.388360.....................800,00 FR.......1,0000.................800,00ITEM 5- LOSARTANA POTASSICA 50 MG. COMPRIM. - PRATI DONADUZZI.              COD.395277.................263.000,00 UN.......0,0350...............9.205,00ITEM 6- METRONIDAZOL 100 MG/G.GEL VAGINAL BISNAGA C/10 APLIC. - TEUTO.      COD.017850.....................800,00 TB.......5,5000...............4.400,00ITEM 7- PROPANOLOL 40 MG. COMPRIM. - HIPOLABOR.                             COD.016829..................25.000,00 UN.......0,0270.................675,00VALOR TOTAL:.......................................................57.684.00.                                                                           O FORNECIMENTO DOS BENS DEVERA SER NO PRAZO NAO SUPERIOR A 20 DIAS, CONTADOSA PARTIR DO RECEBIMENTO DA NOTA DE EMPENHO/AUTORIZACAO FORNECIMENTO, ACOMPA-NHADOS DOS DOCUMENTOS FISCAIS, DESCRITOS COM ESPECIFICACAO DO ITEM, MARCA DOFABRICANTE E QUANTIDADE ENTREGUE. A ENTREGA SERA C/ AGENDAMENTO NO E-MAIL:  CIAD.GOIANIA@BRANETLOGISTICA.COM.BR., NO LOCAL: ALMOXARIFADO CENTRAL DA SMS,NA AV.PERIMETRAL NORTE, COND.GOIAZEM, BL.E, GALPOES 06/10, VL.JOAO VAZ, GOI-ANIA/GO. CEP 74445-190. TEL. 3524-3404/3407. DEMAIS ESCLARECIMENTOS CONF.   MEMO.265/26(10310633)GEREMO,EDITAL PE90007/2026(10310922)GEREMO, PARECER297/26(10322535)GERPSR E ANEXOS SEI 26.29.000020166-9.                          .                                                                           13 - ASSISTENCIA FARMACIA BASICA.                                           ;Pregão;000900072025
20262150018710045;22/06/2026 00:00:00;4250,00;;;0,00;;;0,00;33903000;MATERIAL DE CONSUMO;41347974000123;SECRETARIA MUNICIPAL DE SAUDE;4250,00;SECRETARIA MUNICIPAL DE SAUDE                                                                                                                                                                                                                                ;SAUDE - 10;ASSISTENCIA HOSPITALAR E AMBULATORIAL - 302;TRANSFERENCIA DE RECURSOS DO SISTEMA UNICO DE SAUDE - SUS / ESTADOS - 131;ZAFRA DISTRIBUIDORA DE MEDICAMENTOS E PROD HOSPITALARELTDA;DESPESA COM AQUISICAO DE MEDICAMENTOS ATRAVES DO 3º PEDIDO FILHO,ARP 069/25,EDITAL PE90007/2025-GEREMO CONF. MEMORANDO 269/2026-GEREMO, PARECER 305/26- GERPSR. PEDIDO DE COMPRA 381/2026. SCC 819086.                              SOLICITACAO FINANCEIRA 183327.                                              .                                                                           ITEM 1- BACLOFENO 10 MG. COMPRIMIDO - MARCA TEUTO.                          COD.462780..................25.000,00 UN.......0,1700...............4.250,00VALOR TOTAL:........................................................4.250,00.                                                                           O FORNECIMENTO DOS BENS DEVERAO SER NO PRAZO NAO SUPERIOR A 20 DIAS,CONTADOSA PARTIR DO RECEBIMENTO DA NOTA DE EMPENHO/AUTORIZACAO DE FORNECIMENTO,ACOM-PANHADOS DOS DOCUMENTOS FISCAIS, DESCRITOS COM ESPECIFICACAO DO ITEM, MARCA DO FABRICANTE E QUANTIDADE ENTREGUE. A ENTREGA SERA C/ AGENDAMENTO PREVIO NOE-MAIL: CIAD.GOIANIA@BRANETLOGISTICA.COM.BR., NO LOCAL: ALMOXARIFADO CENTRALDA SMS, NA AV.PERIMETRAL NORTE, COND.GOIAZEM, BL.E, GALPOES 06/10, VL. JOAO VAZ, GOIANIA/GO. CEP 74445-190. TEL. 3524-3404/3407. DEMAIS ESCLARECIMENTOS CONF. MEMO.269(10328429)GEREMO, EDITAL(10328525)GEREMO,PARECER 305(10330938)GERPSR E ANEXOS SEI 26.29.000020390-4.                                      .                                                                           13 - ASSISTENCIA FARMACIA BASICA.                                           ;Pregão;000900072025
20262150018710046;22/06/2026 00:00:00;27975,00;;;0,00;;;0,00;33903000;MATERIAL DE CONSUMO;21681325000157;SECRETARIA MUNICIPAL DE SAUDE;27975,00;SECRETARIA MUNICIPAL DE SAUDE                                                                                                                                                                                                                                ;SAUDE - 10;ASSISTENCIA HOSPITALAR E AMBULATORIAL - 302;TRANSFERENCIA DE RECURSOS DO SISTEMA UNICO DE SAUDE - SUS / ESTADOS - 131;MULTIFARMA COMERCIAL LTDA;DESPESA COM AQUISICAO DE MEDICAMENTOS ATRAVES DO 3º PEDIDO FILHO, ARP066/25,EDITAL PE90007/2025-GEREMO CONF. MEMORANDO 275/2026-GEREMO, PARECER 315/2026GERPR. PEDIDO DE COMPRAS 392/2026 - ITENS 1 A 5. SCC 819116.                SOLICITACAO FINANCEIRA 183314-2026.                                         .                                                                           ITEM 1- ALOPURINOL 300 MG. COMPRIM. - MARCA PRATI DONADUZZI.                COD.440272..................24.000,00 UN.......0,2300...............5.520,00ITEM 2- DEXAMETASONA 0,1% CREME TB. C/10,0 G - HIPOLABOR.                   COD.012335...................3.500,00 TB.......1,4000...............4.900,00ITEM 3- DOXAZOSINA MESILATO 2 MG. COMPRIM. - EMS.                           COD.467758..................15.000,00 UN.......0,0770...............1.155,00ITEM 4- DOXAZOSINA MESILATO 4 MG. COMPRIM. - PRATI DONADUZZI.               COD.471712..................11.000,00 UN.......0,1000...............1.100,00ITEM 5- ESPIRONOLACTONA 25 MG. COMPRIM. - EMS.                              COD.017744..................90.000,00 UN.......0,1700..............15.300,00VALOR TOTAL:.......................................................27.975,00.                                                                           O FORNECIMENTO DO BENS DEVERAO SER NO PRAZO NAO SUPERIOR A 20 DIAS, CONTADOSA PARTIR DO RECEBIMENTO DA NOTA DE EMPENHO/AUTORIZACAO DE FORNECIMENTO,ACOM-PANHADOS DOS DOCUMENTOS FISCAIS, DESCRITOS COM ESPECIFICACAO DO ITEM, MARCA DO FABRICANTE E QUANTIDADE ENTREGUE. A ENTREGA SERA C/ AGENDAMENTO PREVIO NOE-MAIL: CIAD.GOIANIA@BRANETLOGISTICA.COM.BR., NO LOCAL: ALMOXARIFADO CENTRALDA SMS, NA AV.PERIMETRAL NORTE, COND.GOIAZEM, BL.E, GALPOES 06/10, VL. JOAO VAZ, GOIANIA/GO. CEP 74445-190. TEL.3524-3404/3407. DEMAIS ESCLARECIMENTOS  CONF. MEMORANDO 275(10382965)GEREMO, EDITAL(10383040)GEREMO, PARECER 315/26 (10386047)GERPSR E ANEXOS SEI 26.29.000021199-0.                            .                                                                           13 - ASSISTENCIA FARMACIA BASICA.                                           ;Pregão;000900072025
20262150018710047;22/06/2026 00:00:00;5607,00;;;0,00;;;0,00;33903000;MATERIAL DE CONSUMO;26457348000104;SECRETARIA MUNICIPAL DE SAUDE;5607,00;SECRETARIA MUNICIPAL DE SAUDE                                                                                                                                                                                                                                ;SAUDE - 10;ASSISTENCIA HOSPITALAR E AMBULATORIAL - 302;TRANSFERENCIA DE RECURSOS DO SISTEMA UNICO DE SAUDE - SUS / ESTADOS - 131;C. A HOSPITALAR EIRELI;DESPESA COM AQUISICAO DE MEDICAMENTOS ATRAVES DO 2º PEDIDO FILHO, ARP032/26,EDITAL PE90007/2026-GEREMO, MEMORANDO 294/26-GEREMO, PARECER 325/26-GERPSR. PEDIDO DE COMPRA: 425/2026. SCC 819159.                                     SOLICITACAO FINANCEIRA 183745 - 2026.                                       ITEM 1- HALOPERIDOL CLORIDRATO 5MG/ML. AMPOLA 1ML. INJET.- UNIAO QUIMICA.   COD.011924...................3.500,00 FR.......1,6020...............5.607.00VALOR TOTAL:........................................................5.607.00.                                                                           O FORNECIMENTO DOS BENS DEVERAO SER NO PRAZO NAO SUPERIOR A 15 DIAS,CORRIDOSAPOS O RECEBIMENTO DA NOTA DE EMPENHO/AUTORIZACAO DE FORNECIMENTO, ACOMPA-  NHADOS DOS DOCUMENTOS FISCAIS, DESCRITOS COM ESPECIFICACAO DO ITEM, MARCA DOFABRICANTE E QUANTIDADE ENTREGUE. A ENTREGA SERA C/ AGENDAMENTO PREVIO NO E-MAIL: CIAD.GOIANIA@BRANETLOGISTICA.COM.BR., NO LOCAL:ALMOXARIFADO CENTRAL DASMS, NA AV.PERIMETRAL NORTE, COND.GOIAZEM, BL.E, GALPOES 06/10, VL.JOAO VAZ,GOIANIA/GO. CEP 74445-190. TEL. 3524-3404/3407. DEMAIS ESCLARECIMENTOS CONF.MEMORANDO 294(10544624)GEREMO, EDITAL(10544872), PARECER 325(10556339)GERPSRE ANEXOS SEI 26.29.000023184-3.                                             .                                                                           13 - ASSISTENCIA FARMACIA BASICA.                                           ;Pregão;000900072026
20262150018710048;24/06/2026 00:00:00;19183,00;;;0,00;;;0,00;33903000;MATERIAL DE CONSUMO;29404097000180;SECRETARIA MUNICIPAL DE SAUDE;0,00;SECRETARIA MUNICIPAL DE SAUDE                                                                                                                                                                                                                                ;SAUDE - 10;ASSISTENCIA HOSPITALAR E AMBULATORIAL - 302;TRANSFERENCIA DE RECURSOS DO SISTEMA UNICO DE SAUDE - SUS / ESTADOS - 131;OCTO FARMACO LTDA;DESPESA COM AQUISICAO DE MEDICAMENTOS ATRAVES DO 5º PEDIDO FILHO, ARP 062/2025, PE 90007/2025 CONF. MEMORANDO 293/2026-GEREMO, PARECER 324/2026-GERPSR, PEDIDO DE COMPRA:424/2026 SCC819574 SOLICITACAO FINANCEIRA 183818 - 2026.   .                                                                           1-ACIDO ACETIL SALICILICO 100MG COMPRIMIDO IMEC.                            COD00994-6...............90.000,00 UN..........0,0300...............2.700,002-ACIDO FOLICO 5MG COMPRIMIDO HIPOLABOR                                     COD25782-6...............60.000,00 UN..........0,0320...............1.920,003-ALOPURINOL 100 MG COMPRIMIDO SANOFI/ MEDLEY                               COD24818-5...............20.000,00 UN..........0,1100...............2.200,004-CETOCONAZOL 20 MG/G CREME TB C/30,0 G BELFAR                              COD11763-3...............700,00 TB.............2,4900...............1.743.005-FLUCONAZOL 150 MG CAPSULA BELFAR                                          COD41164-7...............8.000,00 UN...........0,4000...............3.200,006-MICONAZOL 2% CREME VAGINAL C/ 14 APLICADORES TB C/80,0 G NATIVITA         COD54638-0...............1.000,00 TB...........7,4200...............7.420,00VALOR TOTAL........................................................19.183,00.                                                                           O FORNECIMENTO DEVERA SER EFETUADO,C/PRAZO DE ENTREGA NAO SUPERIOR A 20 DIASCONTADOS A PARTIR DO RECEBIMENTO DA NOTA DE EMPENHO/AUTORIZACAO DE FORNECIMENTO E ACOMPANHADOS DOS DOCUMENTOS FISCAIS RESPECTIVOS, DEVE CONTER, OBRIGATORIAMENTE, A ESPECIFICACAO DO ITEM, MARCA DO FABRICANTE E QUANTIDADE ENTREGUEENTREGA MEDIANTE AGENDAMENTO PREVIO PELO E-MAIL CIAD.GOIANIA@BRANETLOGISTICA.COM.BR, ENTREGUE NO ALMOXARIFADO CENTRAL DA SECRETARIA MUNICIPAL DE SAUDE  AV.PERIMETRAL NORTE, CONDOMINIO GOIAZEM, BLOCO E, GALPAO 09 E 10, VILA JOAO VAZ,CEP:74.445-190,GOIANIA-GO,TELEFONES:(62)3524-3401/3407, NO HORARIO DAS :8H00MIN AS 17H00MIN.DEMAIS ESCLARECIMENTOS MEMORANDO 293(10543954)GEREMO,EDITAL (10544105)GEREMO,EXTRATO DE ATA (10544156)GEREMO, PARECER 324 (10556316)GERPSR E ANEXOS SEI 26.29.000023178-9.                                      .                                                                           13 - ASSISTENCIA FARMACIA BASICA                                            ;Pregão;000900072025
20262150018710049;26/06/2026 00:00:00;8290,00;;;0,00;;;0,00;33903000;MATERIAL DE CONSUMO;06065614000138;SECRETARIA MUNICIPAL DE SAUDE;0,00;SECRETARIA MUNICIPAL DE SAUDE                                                                                                                                                                                                                                ;SAUDE - 10;ASSISTENCIA HOSPITALAR E AMBULATORIAL - 302;TRANSFERENCIA DE RECURSOS DO SISTEMA UNICO DE SAUDE - SUS / ESTADOS - 131;SUPERMEDICA DISTRIBUIDORA HOSPITALAR LTDA;DESPESA COM AQUISICAO DE MEDICAMENTOS ATRAVES DO 4.PEDIDO FILHO, ARP 081/25,EDITAL PE90007/2025 CONFORME MEMORANDO 298/2026 - GEREMO, PARECER 331/2026 -GERPSR. PEDIDO DE COMPRAS 439/2025. SCC 819604.                             SOLICITACAO FINANCEIRA 183882 - 2026.                                       .                                                                           ITEM 1- ISOSSORBIDA MONONITRATO 20 MG. COMPRIM. - MARCA BIOLAB.             COD.466433...................1.000,00 UN........0,1900................190,00ITEM 2- LORATADINA 10 MG. COMPRIM. - CIMED.                                 COD.470970.................123.000,00 UN........0,0500..............6.150,00ITEM 3- SULFATO FERROSO 5 MG./ML. XAROPE - MAYBEN.                          COD.694746..................65.000,00 ML........0,0300..............1.950,00VALOR TOTAL:........................................................8.290,00.                                                                           O FORNECIMENTO DOS BENS DEVERA SER NO PRAZO NAO SUPERIOR A 20 DIAS, CONTADOSA PARTIR DO RECEBIMENTO DA NOTA DE EMPENHO/AUTORIZACAO DE FORNECIMENTO,ACOM-PANHADOS DOS DOCUMENTOS FISCAIS, QUE DEVEM CONTER, OBRIGATORIAMENTE, A ESPE-CIFICACAO DO ITEM, MARCA DO FABRICANTE E QUANTIDADE ENTREGUE. A ENTREGA SERACOM AGENDAMENTO PREVIO NO E-MAIL: CIAD.GOIANIA@BRANETLOGISTICA.COM.BR,NO LO-CAL: ALMOXARIFADO CENTRAL DA SMS, NA AV.PERIMETRAL NORTE, COND.GOIAZEM,BL.E,GALPAO 06/10, VL. JOAO VAZ, GOIANIA/GO. CEP 74445-190. TEL.: 3524-3401/3407.DEMAIS ESCLARECIMENTOS CONF.MEMORANDO 298(10588213)GEREMO, EDITAL (10588480)GEREMO, PARECER 331 (10602309)GERPSR E ANEXOS SEI 26.29.000023709-4.        .                                                                           13 - ASSISTENCIA FARMACIA BASICA.                                           ;Pregão;000900072025
20262150019310013;18/06/2026 00:00:00;2299,50;;;0,00;;;0,00;33903200;MATERIAL DE DISTRIBUICAO GRATUITA;10851899000371;SECRETARIA MUNICIPAL DE SAUDE;0,00;SECRETARIA MUNICIPAL DE SAUDE                                                                                                                                                                                                                                ;SAUDE - 10;ASSISTENCIA HOSPITALAR E AMBULATORIAL - 302;TRANSFERENCIA DE RECURSOS DO SISTEMA UNICO DE SAUDE - SUS - BLOCO DE MANUTENCAO DAS ACOES E SERVICOS PUBLICOS DE SAUDE - 107;CPAPS IMPORTACAO E COMERCIO DE EQUIPAMENTOS MEDICOS LTDA;DESPESA COM MATERIAL CLINICO HOSPITALAR A FIM DE GARANTIR O CUMPRIMENTO DA  DECISAO JUDICIAL - PROCESSO 5295645-27.2025.8.090051 - EM FAVOR DA REQUEREN-TE MARIA ROSARIA PIMENTEL, CONFORME DESPACHO 715-GEREMO, PARECER 274-GERPSR,AVISO91 DISPENSA ELETRONICA-GERCOM,DESPACHO 1101-GERCOM,DESPACHO1347-GERPSR.SOLICITACAO FINANCEIRA 179596-2026. SCC 802655.                             01 - CPAP - GERADOR DE FLUXO DE PRESSAO POSITIVA - MARCA PHILIPS.           COD:552895....... .........01 UN..........2.299,50..................2.299,50VALOR TOTAL:........................................................2.299,50A ENTREGA SERA EM REMESSA UNICA, NO PRAZO NAO SUPERIOR A 15 DIAS, CONTADOS  APOS O RECEBIMENTO DA ORDEM DE ENTREGA OU NOTA DE EMPENHO/AUTORIZACAO DE    FORNECIMENTO, ACOMPANHADOS DOS DOCUMENTOS FISCAIS RESPECTIVOS, QUE DEVEM    CONTER, OBRIGATORIAMENTE, A ESPECIFICACAO DO ITEM, MARCA DO FABRICANTE E    QUANTIDADE ENTREGUE, BEM COMO O SEU ACONDICIONAMENTO. OS BENS DEVERAO SER   ENTREGUES C/ AGENDAMENTO PREVIO: EMAIL CIAD.GOIANIA@BRANETLOGISTICA.COM.BR, NO ALMOXARIFADO CENTRAL DA SMS, NA AV. PERIMETRAL NORTE, COND.GOIAZEM, BL.E,GALPAO 09/10, VL. JOAO VAZ, GOIANIA/GO. CEP 74445-190.                      .                                                                           64 - TRANSFERENCIAS DE RECURSOS DO SUS - ATENCAO ESPECIALIZADA.             ;Dispensa de Licitação;000000322025
20262150020130050;01/06/2026 00:00:00;9355,60;0173712026;01/07/2026 00:00:00;2903,46;202621500201300500002;10/07/2026 00:00:00;2903,46;33903600;OUTROS SERVICOS DE TERCEIROS - PESSOA FISICA;00016628390144;SECRETARIA MUNICIPAL DE SAUDE;0,00;SECRETARIA MUNICIPAL DE SAUDE                                                                                                                                                                                                                                ;SAUDE - 10;ASSISTENCIA HOSPITALAR E AMBULATORIAL - 302;TRANSFERENCIA DE RECURSOS DO SISTEMA UNICO DE SAUDE - SUS - BLOCO DE MANUTENCAO DAS ACOES E SERVICOS PUBLICOS DE SAUDE - 107;MARIA DO CARMO FREIRE DE QUEIROZ;DESPESA COM CONTRATO DE LOCACAO Nº 1494/2025 DO IMOVEL ONDE FUNCIONA O CAPSIAGUA VIVA VALORES RELATIVOS A 04/06/2026 A AGOSTO/2026, CONFORME DESPACHO Nº386/2026-GERINF, PEDIDO DE COMPRAS Nº 329/2026, SCC: 776549-1 SOLICITACAO FINANCEIRA  182545 - 2026.                                                    .                                                                           VALORES C/ MENSAIS EM...JUN - 2.903,46....JUL - 3.226,07......AGO - 3.226,07VALOR TOTAL.........................................................9.355,60.                                                                           64 - TRANSFERENCIAS DE RECURSOS DO SUS - ATENCAO ESPECIALIZADA              ;Inexigibilidade de Licitação;000001262025
20262150020130050;01/06/2026 00:00:00;9355,60;0173712026;01/07/2026 00:00:00;2903,46;202621500201300500001;06/07/2026 00:00:00;0,00;33903600;OUTROS SERVICOS DE TERCEIROS - PESSOA FISICA;00016628390144;SECRETARIA MUNICIPAL DE SAUDE;0,00;SECRETARIA MUNICIPAL DE SAUDE                                                                                                                                                                                                                                ;SAUDE - 10;ASSISTENCIA HOSPITALAR E AMBULATORIAL - 302;TRANSFERENCIA DE RECURSOS DO SISTEMA UNICO DE SAUDE - SUS - BLOCO DE MANUTENCAO DAS ACOES E SERVICOS PUBLICOS DE SAUDE - 107;MARIA DO CARMO FREIRE DE QUEIROZ;DESPESA COM CONTRATO DE LOCACAO Nº 1494/2025 DO IMOVEL ONDE FUNCIONA O CAPSIAGUA VIVA VALORES RELATIVOS A 04/06/2026 A AGOSTO/2026, CONFORME DESPACHO Nº386/2026-GERINF, PEDIDO DE COMPRAS Nº 329/2026, SCC: 776549-1 SOLICITACAO FINANCEIRA  182545 - 2026.                                                    .                                                                           VALORES C/ MENSAIS EM...JUN - 2.903,46....JUL - 3.226,07......AGO - 3.226,07VALOR TOTAL.........................................................9.355,60.                                                                           64 - TRANSFERENCIAS DE RECURSOS DO SUS - ATENCAO ESPECIALIZADA              ;Inexigibilidade de Licitação;000001262025
20262150020130050;01/06/2026 00:00:00;9355,60;0196222026;24/07/2026 00:00:00;3226,07;;;0,00;33903600;OUTROS SERVICOS DE TERCEIROS - PESSOA FISICA;00016628390144;SECRETARIA MUNICIPAL DE SAUDE;0,00;SECRETARIA MUNICIPAL DE SAUDE                                                                                                                                                                                                                                ;SAUDE - 10;ASSISTENCIA HOSPITALAR E AMBULATORIAL - 302;TRANSFERENCIA DE RECURSOS DO SISTEMA UNICO DE SAUDE - SUS - BLOCO DE MANUTENCAO DAS ACOES E SERVICOS PUBLICOS DE SAUDE - 107;MARIA DO CARMO FREIRE DE QUEIROZ;DESPESA COM CONTRATO DE LOCACAO Nº 1494/2025 DO IMOVEL ONDE FUNCIONA O CAPSIAGUA VIVA VALORES RELATIVOS A 04/06/2026 A AGOSTO/2026, CONFORME DESPACHO Nº386/2026-GERINF, PEDIDO DE COMPRAS Nº 329/2026, SCC: 776549-1 SOLICITACAO FINANCEIRA  182545 - 2026.                                                    .                                                                           VALORES C/ MENSAIS EM...JUN - 2.903,46....JUL - 3.226,07......AGO - 3.226,07VALOR TOTAL.........................................................9.355,60.                                                                           64 - TRANSFERENCIAS DE RECURSOS DO SUS - ATENCAO ESPECIALIZADA              ;Inexigibilidade de Licitação;000001262025
20262150020130051;01/06/2026 00:00:00;9355,60;0173702026;01/07/2026 00:00:00;2903,46;202621500201300510001;06/07/2026 00:00:00;2903,46;33903600;OUTROS SERVICOS DE TERCEIROS - PESSOA FISICA;00012511030144;SECRETARIA MUNICIPAL DE SAUDE;0,00;SECRETARIA MUNICIPAL DE SAUDE                                                                                                                                                                                                                                ;SAUDE - 10;ASSISTENCIA HOSPITALAR E AMBULATORIAL - 302;TRANSFERENCIA DE RECURSOS DO SISTEMA UNICO DE SAUDE - SUS - BLOCO DE MANUTENCAO DAS ACOES E SERVICOS PUBLICOS DE SAUDE - 107;LOURENCO FREIRE DA SILVA;DESPESA COM CONTRATO DE LOCACAO Nº 1494/2025 DO IMOVEL ONDE FUNCIONA O CAPSIAGUA VIVA VALORES RELATIVOS A 04/06/2026 A AGOSTO/2026, CONFORME DESPACHO Nº386/2026-GERINF, PEDIDO DE COMPRAS Nº 329/2026, SCC: 776549-1 SOLICITACAO FINANCEIRA: 182546 - 2026                                                     .                                                                           VALORES C/ MENSAIS EM...JUN - 2.903,46....JUL - 3.226,07......AGO - 3.226,07VALOR TOTAL.........................................................9.355,60.                                                                           64 - TRANSFERENCIAS DE RECURSOS DO SUS - ATENCAO ESPECIALIZADA              ;Inexigibilidade de Licitação;000001262025
20262150020130051;01/06/2026 00:00:00;9355,60;0196192026;24/07/2026 00:00:00;3226,07;;;0,00;33903600;OUTROS SERVICOS DE TERCEIROS - PESSOA FISICA;00012511030144;SECRETARIA MUNICIPAL DE SAUDE;0,00;SECRETARIA MUNICIPAL DE SAUDE                                                                                                                                                                                                                                ;SAUDE - 10;ASSISTENCIA HOSPITALAR E AMBULATORIAL - 302;TRANSFERENCIA DE RECURSOS DO SISTEMA UNICO DE SAUDE - SUS - BLOCO DE MANUTENCAO DAS ACOES E SERVICOS PUBLICOS DE SAUDE - 107;LOURENCO FREIRE DA SILVA;DESPESA COM CONTRATO DE LOCACAO Nº 1494/2025 DO IMOVEL ONDE FUNCIONA O CAPSIAGUA VIVA VALORES RELATIVOS A 04/06/2026 A AGOSTO/2026, CONFORME DESPACHO Nº386/2026-GERINF, PEDIDO DE COMPRAS Nº 329/2026, SCC: 776549-1 SOLICITACAO FINANCEIRA: 182546 - 2026                                                     .                                                                           VALORES C/ MENSAIS EM...JUN - 2.903,46....JUL - 3.226,07......AGO - 3.226,07VALOR TOTAL.........................................................9.355,60.                                                                           64 - TRANSFERENCIAS DE RECURSOS DO SUS - ATENCAO ESPECIALIZADA              ;Inexigibilidade de Licitação;000001262025
20262150020130052;10/06/2026 00:00:00;7476,60;;;0,00;;;0,00;33903600;OUTROS SERVICOS DE TERCEIROS - PESSOA FISICA;00021840717149;SECRETARIA MUNICIPAL DE SAUDE;0,00;SECRETARIA MUNICIPAL DE SAUDE                                                                                                                                                                                                                                ;SAUDE - 10;ASSISTENCIA HOSPITALAR E AMBULATORIAL - 302;TRANSFERENCIA DE RECURSOS DO SISTEMA UNICO DE SAUDE - SUS - BLOCO DE MANUTENCAO DAS ACOES E SERVICOS PUBLICOS DE SAUDE - 107;ANICESIO VALMER QUINTINO;FORME DESPACHO NR 506/2026-GERINF, PEDIDO DE COMPRAS: 210/2025, SCC: 781640 .                                                                           VALOR EMPENHADO DE 07/2026  COM MENSAL DE:........................4.398,00  VALOR EMPENHADO DE 08/2026  COM MENSAL DE:........................3.078,60  VALOR TOTAL:......................................................7.476,60  DESPESA COM CONTRATO DE LOCACAO NR 1916/2025 DO IMOVEL ONDE FUNCIONA O RESIDENCIA TERAPEUTICA BEIJA FLOR I - VALORES RELATIVOS A JULHO A 21/08/2026, CON.                                                                           64 - TRANSFERENCIAS DE RECURSOS DO SUS - ATENCAO ESPECIALIZADA              SOLICITACAO FINANCEIRA: 183392/2026                                         ;Inexigibilidade de Licitação;000002252025
20262150020130053;10/06/2026 00:00:00;26856,66;;;0,00;;;0,00;33903600;OUTROS SERVICOS DE TERCEIROS - PESSOA FISICA;00008909903104;SECRETARIA MUNICIPAL DE SAUDE;0,00;SECRETARIA MUNICIPAL DE SAUDE                                                                                                                                                                                                                                ;SAUDE - 10;ASSISTENCIA HOSPITALAR E AMBULATORIAL - 302;TRANSFERENCIA DE RECURSOS DO SISTEMA UNICO DE SAUDE - SUS - BLOCO DE MANUTENCAO DAS ACOES E SERVICOS PUBLICOS DE SAUDE - 107;JOAO OLIVEIRA GODINHO;DESPESA COM CONTRATO DE LOCACAO DO IMOVEL ONDE FUNCIONA O CENTRO DE REFERENC.                                                                           64 - TRANSFERENCIAS DE RECURSOS DO SUS - ATENCAO ESPECIALIZADA              SOLICITACAO FINANCEIRA: 183388/2026                                         IA EM SAUDE DO TRABALHADOR - CEREST - VALORES RELATIVOS AO PERIODO DE JULHO A SETEMBRO/2026, CONFORME DESPACHO NR 510/2026-GERINF, SCC: 798992, PEDIDO DE COMPRAS NR 724/2025                                                       .                                                                           VALOR EMPENHADO DE 07/2026 A 09/2026 COM MENSAIS DE:..............8.952,22  VALOR TOTAL:.....................................................26.856,66  ;Inexigibilidade de Licitação;000001802025
20262150020130054;10/06/2026 00:00:00;9118,04;;;0,00;;;0,00;33903600;OUTROS SERVICOS DE TERCEIROS - PESSOA FISICA;00049349139120;SECRETARIA MUNICIPAL DE SAUDE;0,00;SECRETARIA MUNICIPAL DE SAUDE                                                                                                                                                                                                                                ;SAUDE - 10;ASSISTENCIA HOSPITALAR E AMBULATORIAL - 302;TRANSFERENCIA DE RECURSOS DO SISTEMA UNICO DE SAUDE - SUS - BLOCO DE MANUTENCAO DAS ACOES E SERVICOS PUBLICOS DE SAUDE - 107;ANA MARIA DA SILVEIRA;DESPESA COM CONTRATO DE LOCACAO NR 1935/2025 DO IMOVEL ONDE FUNCIONA O CAPS AD OESTE - VALORES RELATIVOS A JULHO A 28/08/2026, CONFORME DESPACHO NR 505/2026-GERINF, PEDIDO DE COMPRAS NR 279/2025, SCC: 783405                     .                                                                           VALOR EMPENHADO DE 07/2026  COM MENSAL DE:........................4.716,23  VALOR EMPENHADO DE 08/2026  COM MENSAL DE:........................4.401,81  VALOR TOTAL:......................................................9.118,04  .                                                                           64 - TRANSFERENCIAS DE RECURSOS DO SUS - ATENCAO ESPECIALIZADA              SOLICITACAO FINANCEIRA: 183406/2026                                         ;Inexigibilidade de Licitação;000002642025
20262150020130055;10/06/2026 00:00:00;12148,41;;;0,00;;;0,00;33903600;OUTROS SERVICOS DE TERCEIROS - PESSOA FISICA;00000534177123;SECRETARIA MUNICIPAL DE SAUDE;0,00;SECRETARIA MUNICIPAL DE SAUDE                                                                                                                                                                                                                                ;SAUDE - 10;ASSISTENCIA HOSPITALAR E AMBULATORIAL - 302;TRANSFERENCIA DE RECURSOS DO SISTEMA UNICO DE SAUDE - SUS - BLOCO DE MANUTENCAO DAS ACOES E SERVICOS PUBLICOS DE SAUDE - 107;GUILHERME WOLHGEMUTH FLEURY VELOSO DA SILVEIRA;DESPESA COM CONTRATO DE LOCACAO Nº 268/2024 DO IMOVEL ONDE FUNCIONA O CAPS  ESPERANCA VALORES RELATIVOS A JULHO A 14/10/2026, CONFORME DESPACHO Nº 507/2026-GERINF, PEDIDO DE COMPRAS Nº 527/2025, SCC: 756611-1 SOLICITACAO FINAN- CEIRA 183414 - 2026.                                                        .                                                                           VALORES MENSAIS EM..JUL-3.504,35..AGO-3.504,35...SET-3.504,35...OUT-1.635,36VALOR TOTAL........................................................12.148,41.                                                                           64 - TRANSFERENCIAS DE RECURSOS DO SUS - ATENCAO ESPECIALIZADA              ;Pregão;000002582024
20262150020130056;10/06/2026 00:00:00;12148,41;;;0,00;;;0,00;33903600;OUTROS SERVICOS DE TERCEIROS - PESSOA FISICA;00071818332191;SECRETARIA MUNICIPAL DE SAUDE;0,00;SECRETARIA MUNICIPAL DE SAUDE                                                                                                                                                                                                                                ;SAUDE - 10;ASSISTENCIA HOSPITALAR E AMBULATORIAL - 302;TRANSFERENCIA DE RECURSOS DO SISTEMA UNICO DE SAUDE - SUS - BLOCO DE MANUTENCAO DAS ACOES E SERVICOS PUBLICOS DE SAUDE - 107;AUGUSTO WOHLGEMUTH FLEURY V DA SILVEIRA;DESPESA COM CONTRATO DE LOCACAO Nº 268/2024 DO IMOVEL ONDE FUNCIONA O CAPS  ESPERANCA VALORES RELATIVOS A JULHO A 14/10/2026, CONFORME DESPACHO Nº 507/2026-GERINF, PEDIDO DE COMPRAS Nº 527/2025, SCC: 756611-1 SOLICITACAO FINAN- CEIRA 183415 - 2026.                                                        .                                                                           VALORES COM MENSAIS...JUL-3.504,35..AGO-3.504,35..SET-3.504,35..OUT-1.635,36VALOR TOTAL........................................................12.148,41.                                                                           64 - TRANSFERENCIAS DE RECURSOS DO SUS - ATENCAO ESPECIALIZADA              ;Pregão;000002582024
20262150020130057;10/06/2026 00:00:00;12148,41;;;0,00;;;0,00;33903600;OUTROS SERVICOS DE TERCEIROS - PESSOA FISICA;00088875083134;SECRETARIA MUNICIPAL DE SAUDE;0,00;SECRETARIA MUNICIPAL DE SAUDE                                                                                                                                                                                                                                ;SAUDE - 10;ASSISTENCIA HOSPITALAR E AMBULATORIAL - 302;TRANSFERENCIA DE RECURSOS DO SISTEMA UNICO DE SAUDE - SUS - BLOCO DE MANUTENCAO DAS ACOES E SERVICOS PUBLICOS DE SAUDE - 107;JULIANA WOHLGEMUTH FLEURY VELOSO DA SILVEIRA;.                                                                           VALORES COM MENSAIS...JUL-3.504,35..AGO-3.504,35..SET-3.504,35..OUT-1.635,36VALOR TOTAL........................................................12.148,41.                                                                           64 - TRANSFERENCIAS DE RECURSOS DO SUS - ATENCAO ESPECIALIZADA              DESPESA COM CONTRATO DE LOCACAO Nº 268/2024 DO IMOVEL ONDE FUNCIONA O CAPS  ESPERANCA VALORES RELATIVOS A JULHO A 14/10/2026, CONFORME DESPACHO Nº 507/2026-GERINF, PEDIDO DE COMPRAS Nº 527/2025, SCC: 756611-1 SOLICITACAO FINAN- CEIRA 183416 - 2026.                                                        ;Pregão;000002582024
20262150020130058;11/06/2026 00:00:00;16572,81;;;0,00;;;0,00;33903600;OUTROS SERVICOS DE TERCEIROS - PESSOA FISICA;00008909903104;SECRETARIA MUNICIPAL DE SAUDE;0,00;SECRETARIA MUNICIPAL DE SAUDE                                                                                                                                                                                                                                ;SAUDE - 10;ASSISTENCIA HOSPITALAR E AMBULATORIAL - 302;TRANSFERENCIA DE RECURSOS DO SISTEMA UNICO DE SAUDE - SUS - BLOCO DE MANUTENCAO DAS ACOES E SERVICOS PUBLICOS DE SAUDE - 107;JOAO OLIVEIRA GODINHO;DESPESA COM CONTRATO N.2084/2025 DOS SERVICOS DE LOCACAO DA UNIDADE DE      TRABALHO E PRODUCAO GERARTE I E CENTRO MUNICIPAL DE COMERCIALIZACAO DE      ECONOMIA SOLIDARIA DO GERARTE, VALORES RELATIVOS AO PERIODO DE JULHO A      SETEMBRO/2026, CONFORME DESPACHO N.351/2026 - GERINF, SCC N.789292, PEDIDO  COMPRAS N. 509/2025. SOLICITACAO FINANCEIRA N.183389-2026.                  .                                                                           VALORES MENSAIS:.............JUL-5.524,27... AGO-5.524,27... SET-5.524,27...VALOR TOTAL: .....................................................16.572,81 .                                                                           64-TRANSFERENCIA DE RECURSOS DO SUS - ATENCAO ESPECIALIZADA.                ;Inexigibilidade de Licitação;000005092025
20262150020130059;25/06/2026 00:00:00;3608,14;;;0,00;;;0,00;33903600;OUTROS SERVICOS DE TERCEIROS - PESSOA FISICA;00058776184153;SECRETARIA MUNICIPAL DE SAUDE;0,00;SECRETARIA MUNICIPAL DE SAUDE                                                                                                                                                                                                                                ;SAUDE - 10;ASSISTENCIA HOSPITALAR E AMBULATORIAL - 302;TRANSFERENCIA DE RECURSOS DO SISTEMA UNICO DE SAUDE - SUS - BLOCO DE MANUTENCAO DAS ACOES E SERVICOS PUBLICOS DE SAUDE - 107;LOURDES SILVA RODRIGUES;VALORES MENSAIS:.............................JUL - 2.925,52.....AGO - 682,62VALOR TOTAL:........................................................3.608,14.                                                                           64 - TRANSFERENCIAS DE RECURSOS DO SUS - ATENCAO ESPECIALIZADA.             DESPESA COM CONTRATO DE LOCACAO N. 1874/2025 DO IMOVEL ONDE FUNCIONA A RESI-DENCIA TERAPEUTICA NOVO MUNDO I, COM VALORES RELATIVOS AO MES DE JULHO A 07/08/2026, CONFORME DESPACHO 567(10632404)-GERINF. PEDIDO DE COMPRAS 192/2025.SCC 781526.                                                                 SOLICITACAO FINANCEIRA 183873 - 2026.                                       .                                                                           ;Inexigibilidade de Licitação;000002102025
20262150021110270;02/06/2026 00:00:00;1031225,95;0146412026;02/06/2026 00:00:00;1031225,95;202621500211102700001;02/06/2026 00:00:00;1031225,95;33903900;OUTROS SERVICOS DE TERCEIROS - PESSOA JURIDICA;45349461002903;SECRETARIA MUNICIPAL DE SAUDE;0,00;SECRETARIA MUNICIPAL DE SAUDE                                                                                                                                                                                                                                ;SAUDE - 10;ASSISTENCIA HOSPITALAR E AMBULATORIAL - 302;TRANSFERENCIA DE RECURSOS DO SISTEMA UNICO DE SAUDE - SUS - BLOCO DE MANUTENCAO DAS ACOES E SERVICOS PUBLICOS DE SAUDE - 107;ASSOCIACAO HOSPITALAR BENEFICENTE DO BRASIL;DESPESA COM O II TERMO DE COLABORACAO EMERGENCIAL N. 041/2025 ENTRE A SMS E A ASSOCIACAO HOSPITALAR BENEFICENTE DO BRASIL NA GESTAO DO HOSPITAL MATERNI DADE NASCER CIDACAO, CONFORME O GERENCIAMENTO, OPERACIONALIZACAO E EXECUCAO DAS ACOES E SERVICOS DE SAUDE EM REGIME DE 24 HS/DIA, ASSEGURANDO A ASSISTE NCIA UNIVERSAL A POPULACAO.                                                 .                                                                           EMENDA CUSTEIO(63000729264202600) - PORTARIA NR. 10923(17/04/26) - 107/064 -SEI: 26.29.000017662-1 - COMPETENCIA 06.2026                                .                                                                           VALOR:........................................................1.031.225,95  FONTE DETALHADA: 64 - TRANSFERENCIAS DE RECURSOS DO SUS - ATENCAO ESPECIALIZADA                                                                         SOLICITACAO FINANCEIRA NR. 183254-2026 / SCC: 783073-2                      ;Outros (Convênios, ajustes, similares, etc.);000000012025
20262150021110275;10/06/2026 00:00:00;40500,00;0151802026;11/06/2026 00:00:00;11641,50;202621500211102750001;24/06/2026 00:00:00;11641,50;33903900;OUTROS SERVICOS DE TERCEIROS - PESSOA JURIDICA;10280768000110;SECRETARIA MUNICIPAL DE SAUDE;0,00;SECRETARIA MUNICIPAL DE SAUDE                                                                                                                                                                                                                                ;SAUDE - 10;ASSISTENCIA HOSPITALAR E AMBULATORIAL - 302;TRANSFERENCIA DE RECURSOS DO SISTEMA UNICO DE SAUDE - SUS - BLOCO DE MANUTENCAO DAS ACOES E SERVICOS PUBLICOS DE SAUDE - 107;RESIDUO ZERO AMBIENTAL S/A;DESPESA COM PRESTACAO DE SERVICO DE COLETA, TRATAMENTO E DESTINACAO FINAL DOS RESIDUOS SOLIDOS DE SAUDE (RSS) - VALORES RELATIVOS ABRIL A JUNHO/2026    .                                                                           VALOR TOTAL:.....................................................50.500,00  .                                                                           64 - TRANSFERENCIAS DE RECURSOS DO SUS - ATENCAO ESPECIALIZADA              SOLICITACAO FINANCEIRA: 182378/2026                                         ;Pregão;000900342024
20262150021110275;10/06/2026 00:00:00;40500,00;0174562026;02/07/2026 00:00:00;10000,00;;;0,00;33903900;OUTROS SERVICOS DE TERCEIROS - PESSOA JURIDICA;10280768000110;SECRETARIA MUNICIPAL DE SAUDE;0,00;SECRETARIA MUNICIPAL DE SAUDE                                                                                                                                                                                                                                ;SAUDE - 10;ASSISTENCIA HOSPITALAR E AMBULATORIAL - 302;TRANSFERENCIA DE RECURSOS DO SISTEMA UNICO DE SAUDE - SUS - BLOCO DE MANUTENCAO DAS ACOES E SERVICOS PUBLICOS DE SAUDE - 107;RESIDUO ZERO AMBIENTAL S/A;DESPESA COM PRESTACAO DE SERVICO DE COLETA, TRATAMENTO E DESTINACAO FINAL DOS RESIDUOS SOLIDOS DE SAUDE (RSS) - VALORES RELATIVOS ABRIL A JUNHO/2026    .                                                                           VALOR TOTAL:.....................................................50.500,00  .                                                                           64 - TRANSFERENCIAS DE RECURSOS DO SUS - ATENCAO ESPECIALIZADA              SOLICITACAO FINANCEIRA: 182378/2026                                         ;Pregão;000900342024
20262150021110278;15/06/2026 00:00:00;79,98;;;0,00;;;0,00;33903900;OUTROS SERVICOS DE TERCEIROS - PESSOA JURIDICA;25026483000124;SECRETARIA MUNICIPAL DE SAUDE;79,98;SECRETARIA MUNICIPAL DE SAUDE                                                                                                                                                                                                                                ;SAUDE - 10;ASSISTENCIA HOSPITALAR E AMBULATORIAL - 302;TRANSFERENCIA DE RECURSOS DO SISTEMA UNICO DE SAUDE - SUS - BLOCO DE MANUTENCAO DAS ACOES E SERVICOS PUBLICOS DE SAUDE - 107;KALI COMERCIO E SERVICOS LTDA;DESPESA COM PRESTACAO DE SERVICOS DE EMISSAO DE CERTIFICADO DIGITAL PADRAO  ICP-BRASIL TIPO A1 EM ARQUIVO GERADO E ARMAZENADO NO PROPRIO COMPUTADOR     PESSOAL DO USUARIO COM VALIDADE DE 1 ANO PARA ATENDIMENTO DAS NECESSIDADES  DESTA PASTA CONF. MEMORANDO 239/2026-GERTEC, PARECER 205/2026-GERPSR, PEDIDODE COMPRA 239/2026._SOLICITACAO FINANCEIRA N.183250-2026. SCC N.818641.     .                                                                           VALOR TOTAL:...........................................................79,98.                                                                           64 - TRANSFERENCIAS DE RECURSOS DO SUS - ATENCAO ESPECIALIZADA.             ;Inexigibilidade de Licitação;000000292026
20262150021110279;15/06/2026 00:00:00;623,00;;;0,00;;;0,00;33903900;OUTROS SERVICOS DE TERCEIROS - PESSOA JURIDICA;23958279000116;SECRETARIA MUNICIPAL DE SAUDE;623,00;SECRETARIA MUNICIPAL DE SAUDE                                                                                                                                                                                                                                ;SAUDE - 10;ASSISTENCIA HOSPITALAR E AMBULATORIAL - 302;TRANSFERENCIA DE RECURSOS DO SISTEMA UNICO DE SAUDE - SUS - BLOCO DE MANUTENCAO DAS ACOES E SERVICOS PUBLICOS DE SAUDE - 107;ZEFERINO & CAMELO SERVICOS ADMINISTRATIVOS LTDA;N.183252 - 2026. SCC N.818659.                                              .                                                                           VALOR TOTAL:..........................................................623,00.                                                                           64 - TRANSFERENCIAS DE RECURSOS DO SUS - ATENCAO ESPECIALIZADA.             DESPESA COM PRESTACAO DE SERVICOS DE EMISSAO DE CERTIFICADO DIGITAL PADRAO  ICP-BRASIL TIPO A3 EM TOKEN CRIPTOGRAFICO COM VALIDADE DE 3 ANOS PARA       ATENDIMENTO DAS NECESSIDADES DESTA PASTA CONF. MEMORANDO 239/2026-GERTEC,   PARECER 205/2026-GERPSR, PEDIDO DE COMPRA 239/2026. SOLICITACAO FINANCEIRA  ;Dispensa de Licitação;000000292026
20262150021110303;18/06/2026 00:00:00;137666,64;;;0,00;;;0,00;33903900;OUTROS SERVICOS DE TERCEIROS - PESSOA JURIDICA;41938735000148;SECRETARIA MUNICIPAL DE SAUDE;137666,64;SECRETARIA MUNICIPAL DE SAUDE                                                                                                                                                                                                                                ;SAUDE - 10;ASSISTENCIA HOSPITALAR E AMBULATORIAL - 302;TRANSFERENCIA DE RECURSOS DO SISTEMA UNICO DE SAUDE - SUS - BLOCO DE MANUTENCAO DAS ACOES E SERVICOS PUBLICOS DE SAUDE - 107;MAAS SERVICOS LTDA;DESPESA COM PEDIDO FILHO PARA LOCACAO DE VEICULOS SEM MOTORISTA,DE ACORDO C/A ATA NR. 041/2026, SRP NR.90015/2025 PARA ATENDER A SECRETARIA MUNICIPAL DESAUDE,PARECER NR. 280/2026-GERPSR CONF. PEDIDO DE COMPRA NR. 354/2026-FMS, ITEM 01(01-UMA UNIDADE)-BLOCO MAC/SCC818900-SOLICITACAO FINACEIRA 183411/2026.                                                                           VALOR TOTAL.......................................................137.666,64.                                                                           64 - TRANSFERENCIAS DE RECURSOS DO SUS - ATENCAO ESPECIALIZADA              ;Pregão;000900152025
20262150021110321;19/06/2026 00:00:00;177123,98;0159832026;19/06/2026 00:00:00;177123,98;202621500211103210001;19/06/2026 00:00:00;177123,98;33903900;OUTROS SERVICOS DE TERCEIROS - PESSOA JURIDICA;01081470000190;SECRETARIA MUNICIPAL DE SAUDE;0,00;SECRETARIA MUNICIPAL DE SAUDE                                                                                                                                                                                                                                ;SAUDE - 10;ASSISTENCIA HOSPITALAR E AMBULATORIAL - 302;TRANSFERENCIA DE RECURSOS DO SISTEMA UNICO DE SAUDE - SUS - BLOCO DE MANUTENCAO DAS ACOES E SERVICOS PUBLICOS DE SAUDE - 107;HOSPITAL RUY AZEREDO LTDA;DESPESA COM CONTRATO NR. 114/2025 PARA A EXECUCAO DE SERVICOS MEDICOS DE    ASSISTENCIA A SAUDE AMBULATORIAL (HOSPITALAR) E/OU APOIO DIAGNOSTICO        TERAPEUTICO PARA ATENDIMENTO DOS USUARIOS DO SUS - SCC: 774244              REFERENCIA: COMPETENCIAS 04/2026 - COMPLEMENTAR, PAGAMENTOS                 .                                                                           VALOR TOTAL:....................................................177.123,98  .                                                                           64 - TRANSFERENCIAS DE RECURSOS DO SUS - ATENCAO ESPECIALIZADA              SOLICITACAO FINANCEIRA: 183749/2026                                         ;Inexigibilidade de Licitação;000000052020
20262150021110325;23/06/2026 00:00:00;81109,54;0162492026;24/06/2026 00:00:00;81109,54;202621500211103250001;24/06/2026 00:00:00;81109,54;33903900;OUTROS SERVICOS DE TERCEIROS - PESSOA JURIDICA;03845195000169;SECRETARIA MUNICIPAL DE SAUDE;0,00;SECRETARIA MUNICIPAL DE SAUDE                                                                                                                                                                                                                                ;SAUDE - 10;ASSISTENCIA HOSPITALAR E AMBULATORIAL - 302;TRANSFERENCIA DE RECURSOS DO SISTEMA UNICO DE SAUDE - SUS - BLOCO DE MANUTENCAO DAS ACOES E SERVICOS PUBLICOS DE SAUDE - 107;PINHEIRO OLIVEIRA LABORATORIO CLINICO LTDAA;VALOR TOTAL:.....................................................81.109,54  .                                                                           64 - TRANSFERENCIAS DE RECURSOS DO SUS - ATENCAO ESPECIALIZADA              SOLICITACAO FINANCEIRA: 183663/2026                                         DESPESA COM I TERMO ADITIVO DO CONTRATO NR. 932/2020 PARA A EXECUCAO DE SERVICOS MEDICOS DE ASSISTENCIA A SAUDE AMBULATORIAL(HOSPITALAR) E/OU APOIO DIAGNOSTICO TERAPEUTICO - PERIODO DE VIGENCIA: 03/11/2025 A 02/11/2026, COMPETENCIA: 04/2026 - SCC: 518477-1                                                .                                                                           ;Inexigibilidade de Licitação;000000052020
20262150021110331;26/06/2026 00:00:00;2605642,78;0171362026;30/06/2026 00:00:00;0,00;202621500211103310001;30/06/2026 00:00:00;0,00;33903900;OUTROS SERVICOS DE TERCEIROS - PESSOA JURIDICA;00000000000868;SECRETARIA MUNICIPAL DE SAUDE;0,00;SECRETARIA MUNICIPAL DE SAUDE                                                                                                                                                                                                                                ;SAUDE - 10;ASSISTENCIA HOSPITALAR E AMBULATORIAL - 302;TRANSFERENCIA DE RECURSOS DO SISTEMA UNICO DE SAUDE - SUS - BLOCO DE MANUTENCAO DAS ACOES E SERVICOS PUBLICOS DE SAUDE - 107;BANCO DO BRASIL S/A;DESPESA COM PRESTACAO DE SERVICOS MEDICOS DE TERCEIROS - PESSOA FISICA(PF)  E PESSOA JURIDICA (PJ) DE ACORDO COM VALORES BRUTOS POR PRODUCAO - SGIF DA  SECRETARIA MUNICIPAL DE SAUDE DE GOIANIA. SOLICITACAO FINANCEIRA: 183910-26 .                                                                           OBS:REFERENCIA: COMPETENCIA 04/2026, SCC: 799751                            VALOR TOTAL:..................................................2.605.642,78  .                                                                           107 - TRANSFERENCIA DE RECURSOS DO SISTEMA UNICO DE SAUDE - SUS - BLOCO DE  MANUTENCAO DAS ACOES E SERVICOS PUBLICOS DE SAUDE                           64 - TRANSFERENCIAS DE RECURSOS DO SUS - ATENCAO ESPECIALIZADA              ;Outros (Convênios, ajustes, similares, etc.);000000112026
20262150021110331;26/06/2026 00:00:00;2605642,78;0171362026;30/06/2026 00:00:00;0,00;202621500211103310002;30/06/2026 00:00:00;0,00;33903900;OUTROS SERVICOS DE TERCEIROS - PESSOA JURIDICA;00000000000868;SECRETARIA MUNICIPAL DE SAUDE;0,00;SECRETARIA MUNICIPAL DE SAUDE                                                                                                                                                                                                                                ;SAUDE - 10;ASSISTENCIA HOSPITALAR E AMBULATORIAL - 302;TRANSFERENCIA DE RECURSOS DO SISTEMA UNICO DE SAUDE - SUS - BLOCO DE MANUTENCAO DAS ACOES E SERVICOS PUBLICOS DE SAUDE - 107;BANCO DO BRASIL S/A;DESPESA COM PRESTACAO DE SERVICOS MEDICOS DE TERCEIROS - PESSOA FISICA(PF)  E PESSOA JURIDICA (PJ) DE ACORDO COM VALORES BRUTOS POR PRODUCAO - SGIF DA  SECRETARIA MUNICIPAL DE SAUDE DE GOIANIA. SOLICITACAO FINANCEIRA: 183910-26 .                                                                           OBS:REFERENCIA: COMPETENCIA 04/2026, SCC: 799751                            VALOR TOTAL:..................................................2.605.642,78  .                                                                           107 - TRANSFERENCIA DE RECURSOS DO SISTEMA UNICO DE SAUDE - SUS - BLOCO DE  MANUTENCAO DAS ACOES E SERVICOS PUBLICOS DE SAUDE                           64 - TRANSFERENCIAS DE RECURSOS DO SUS - ATENCAO ESPECIALIZADA              ;Outros (Convênios, ajustes, similares, etc.);000000112026
20262150021110331;26/06/2026 00:00:00;2605642,78;0171362026;30/06/2026 00:00:00;0,00;202621500211103310003;30/06/2026 00:00:00;0,00;33903900;OUTROS SERVICOS DE TERCEIROS - PESSOA JURIDICA;00000000000868;SECRETARIA MUNICIPAL DE SAUDE;0,00;SECRETARIA MUNICIPAL DE SAUDE                                                                                                                                                                                                                                ;SAUDE - 10;ASSISTENCIA HOSPITALAR E AMBULATORIAL - 302;TRANSFERENCIA DE RECURSOS DO SISTEMA UNICO DE SAUDE - SUS - BLOCO DE MANUTENCAO DAS ACOES E SERVICOS PUBLICOS DE SAUDE - 107;BANCO DO BRASIL S/A;DESPESA COM PRESTACAO DE SERVICOS MEDICOS DE TERCEIROS - PESSOA FISICA(PF)  E PESSOA JURIDICA (PJ) DE ACORDO COM VALORES BRUTOS POR PRODUCAO - SGIF DA  SECRETARIA MUNICIPAL DE SAUDE DE GOIANIA. SOLICITACAO FINANCEIRA: 183910-26 .                                                                           OBS:REFERENCIA: COMPETENCIA 04/2026, SCC: 799751                            VALOR TOTAL:..................................................2.605.642,78  .                                                                           107 - TRANSFERENCIA DE RECURSOS DO SISTEMA UNICO DE SAUDE - SUS - BLOCO DE  MANUTENCAO DAS ACOES E SERVICOS PUBLICOS DE SAUDE                           64 - TRANSFERENCIAS DE RECURSOS DO SUS - ATENCAO ESPECIALIZADA              ;Outros (Convênios, ajustes, similares, etc.);000000112026
20262150021110331;26/06/2026 00:00:00;2605642,78;0171512026;30/06/2026 00:00:00;2385535,25;202621500211103310012;15/07/2026 00:00:00;2301267,20;33903900;OUTROS SERVICOS DE TERCEIROS - PESSOA JURIDICA;00000000000868;SECRETARIA MUNICIPAL DE SAUDE;0,00;SECRETARIA MUNICIPAL DE SAUDE                                                                                                                                                                                                                                ;SAUDE - 10;ASSISTENCIA HOSPITALAR E AMBULATORIAL - 302;TRANSFERENCIA DE RECURSOS DO SISTEMA UNICO DE SAUDE - SUS - BLOCO DE MANUTENCAO DAS ACOES E SERVICOS PUBLICOS DE SAUDE - 107;BANCO DO BRASIL S/A;DESPESA COM PRESTACAO DE SERVICOS MEDICOS DE TERCEIROS - PESSOA FISICA(PF)  E PESSOA JURIDICA (PJ) DE ACORDO COM VALORES BRUTOS POR PRODUCAO - SGIF DA  SECRETARIA MUNICIPAL DE SAUDE DE GOIANIA. SOLICITACAO FINANCEIRA: 183910-26 .                                                                           OBS:REFERENCIA: COMPETENCIA 04/2026, SCC: 799751                            VALOR TOTAL:..................................................2.605.642,78  .                                                                           107 - TRANSFERENCIA DE RECURSOS DO SISTEMA UNICO DE SAUDE - SUS - BLOCO DE  MANUTENCAO DAS ACOES E SERVICOS PUBLICOS DE SAUDE                           64 - TRANSFERENCIAS DE RECURSOS DO SUS - ATENCAO ESPECIALIZADA              ;Outros (Convênios, ajustes, similares, etc.);000000112026
20262150021110331;26/06/2026 00:00:00;2605642,78;0171512026;30/06/2026 00:00:00;2385535,25;202621500211103310005;30/06/2026 00:00:00;33239,00;33903900;OUTROS SERVICOS DE TERCEIROS - PESSOA JURIDICA;00000000000868;SECRETARIA MUNICIPAL DE SAUDE;0,00;SECRETARIA MUNICIPAL DE SAUDE                                                                                                                                                                                                                                ;SAUDE - 10;ASSISTENCIA HOSPITALAR E AMBULATORIAL - 302;TRANSFERENCIA DE RECURSOS DO SISTEMA UNICO DE SAUDE - SUS - BLOCO DE MANUTENCAO DAS ACOES E SERVICOS PUBLICOS DE SAUDE - 107;BANCO DO BRASIL S/A;DESPESA COM PRESTACAO DE SERVICOS MEDICOS DE TERCEIROS - PESSOA FISICA(PF)  E PESSOA JURIDICA (PJ) DE ACORDO COM VALORES BRUTOS POR PRODUCAO - SGIF DA  SECRETARIA MUNICIPAL DE SAUDE DE GOIANIA. SOLICITACAO FINANCEIRA: 183910-26 .                                                                           OBS:REFERENCIA: COMPETENCIA 04/2026, SCC: 799751                            VALOR TOTAL:..................................................2.605.642,78  .                                                                           107 - TRANSFERENCIA DE RECURSOS DO SISTEMA UNICO DE SAUDE - SUS - BLOCO DE  MANUTENCAO DAS ACOES E SERVICOS PUBLICOS DE SAUDE                           64 - TRANSFERENCIAS DE RECURSOS DO SUS - ATENCAO ESPECIALIZADA              ;Outros (Convênios, ajustes, similares, etc.);000000112026
20262150021110331;26/06/2026 00:00:00;2605642,78;0171512026;30/06/2026 00:00:00;2385535,25;202621500211103310006;30/06/2026 00:00:00;7408,61;33903900;OUTROS SERVICOS DE TERCEIROS - PESSOA JURIDICA;00000000000868;SECRETARIA MUNICIPAL DE SAUDE;0,00;SECRETARIA MUNICIPAL DE SAUDE                                                                                                                                                                                                                                ;SAUDE - 10;ASSISTENCIA HOSPITALAR E AMBULATORIAL - 302;TRANSFERENCIA DE RECURSOS DO SISTEMA UNICO DE SAUDE - SUS - BLOCO DE MANUTENCAO DAS ACOES E SERVICOS PUBLICOS DE SAUDE - 107;BANCO DO BRASIL S/A;DESPESA COM PRESTACAO DE SERVICOS MEDICOS DE TERCEIROS - PESSOA FISICA(PF)  E PESSOA JURIDICA (PJ) DE ACORDO COM VALORES BRUTOS POR PRODUCAO - SGIF DA  SECRETARIA MUNICIPAL DE SAUDE DE GOIANIA. SOLICITACAO FINANCEIRA: 183910-26 .                                                                           OBS:REFERENCIA: COMPETENCIA 04/2026, SCC: 799751                            VALOR TOTAL:..................................................2.605.642,78  .                                                                           107 - TRANSFERENCIA DE RECURSOS DO SISTEMA UNICO DE SAUDE - SUS - BLOCO DE  MANUTENCAO DAS ACOES E SERVICOS PUBLICOS DE SAUDE                           64 - TRANSFERENCIAS DE RECURSOS DO SUS - ATENCAO ESPECIALIZADA              ;Outros (Convênios, ajustes, similares, etc.);000000112026
20262150021110331;26/06/2026 00:00:00;2605642,78;0171512026;30/06/2026 00:00:00;2385535,25;202621500211103310013;24/07/2026 00:00:00;43620,44;33903900;OUTROS SERVICOS DE TERCEIROS - PESSOA JURIDICA;00000000000868;SECRETARIA MUNICIPAL DE SAUDE;0,00;SECRETARIA MUNICIPAL DE SAUDE                                                                                                                                                                                                                                ;SAUDE - 10;ASSISTENCIA HOSPITALAR E AMBULATORIAL - 302;TRANSFERENCIA DE RECURSOS DO SISTEMA UNICO DE SAUDE - SUS - BLOCO DE MANUTENCAO DAS ACOES E SERVICOS PUBLICOS DE SAUDE - 107;BANCO DO BRASIL S/A;DESPESA COM PRESTACAO DE SERVICOS MEDICOS DE TERCEIROS - PESSOA FISICA(PF)  E PESSOA JURIDICA (PJ) DE ACORDO COM VALORES BRUTOS POR PRODUCAO - SGIF DA  SECRETARIA MUNICIPAL DE SAUDE DE GOIANIA. SOLICITACAO FINANCEIRA: 183910-26 .                                                                           OBS:REFERENCIA: COMPETENCIA 04/2026, SCC: 799751                            VALOR TOTAL:..................................................2.605.642,78  .                                                                           107 - TRANSFERENCIA DE RECURSOS DO SISTEMA UNICO DE SAUDE - SUS - BLOCO DE  MANUTENCAO DAS ACOES E SERVICOS PUBLICOS DE SAUDE                           64 - TRANSFERENCIAS DE RECURSOS DO SUS - ATENCAO ESPECIALIZADA              ;Outros (Convênios, ajustes, similares, etc.);000000112026
20262150021110331;26/06/2026 00:00:00;2605642,78;0171362026;30/06/2026 00:00:00;0,00;202621500211103310004;30/06/2026 00:00:00;0,00;33903900;OUTROS SERVICOS DE TERCEIROS - PESSOA JURIDICA;00000000000868;SECRETARIA MUNICIPAL DE SAUDE;0,00;SECRETARIA MUNICIPAL DE SAUDE                                                                                                                                                                                                                                ;SAUDE - 10;ASSISTENCIA HOSPITALAR E AMBULATORIAL - 302;TRANSFERENCIA DE RECURSOS DO SISTEMA UNICO DE SAUDE - SUS - BLOCO DE MANUTENCAO DAS ACOES E SERVICOS PUBLICOS DE SAUDE - 107;BANCO DO BRASIL S/A;DESPESA COM PRESTACAO DE SERVICOS MEDICOS DE TERCEIROS - PESSOA FISICA(PF)  E PESSOA JURIDICA (PJ) DE ACORDO COM VALORES BRUTOS POR PRODUCAO - SGIF DA  SECRETARIA MUNICIPAL DE SAUDE DE GOIANIA. SOLICITACAO FINANCEIRA: 183910-26 .                                                                           OBS:REFERENCIA: COMPETENCIA 04/2026, SCC: 799751                            VALOR TOTAL:..................................................2.605.642,78  .                                                                           107 - TRANSFERENCIA DE RECURSOS DO SISTEMA UNICO DE SAUDE - SUS - BLOCO DE  MANUTENCAO DAS ACOES E SERVICOS PUBLICOS DE SAUDE                           64 - TRANSFERENCIAS DE RECURSOS DO SUS - ATENCAO ESPECIALIZADA              ;Outros (Convênios, ajustes, similares, etc.);000000112026
20262150021110331;26/06/2026 00:00:00;2605642,78;0171512026;30/06/2026 00:00:00;2385535,25;202621500211103310007;07/07/2026 00:00:00;0,00;33903900;OUTROS SERVICOS DE TERCEIROS - PESSOA JURIDICA;00000000000868;SECRETARIA MUNICIPAL DE SAUDE;0,00;SECRETARIA MUNICIPAL DE SAUDE                                                                                                                                                                                                                                ;SAUDE - 10;ASSISTENCIA HOSPITALAR E AMBULATORIAL - 302;TRANSFERENCIA DE RECURSOS DO SISTEMA UNICO DE SAUDE - SUS - BLOCO DE MANUTENCAO DAS ACOES E SERVICOS PUBLICOS DE SAUDE - 107;BANCO DO BRASIL S/A;DESPESA COM PRESTACAO DE SERVICOS MEDICOS DE TERCEIROS - PESSOA FISICA(PF)  E PESSOA JURIDICA (PJ) DE ACORDO COM VALORES BRUTOS POR PRODUCAO - SGIF DA  SECRETARIA MUNICIPAL DE SAUDE DE GOIANIA. SOLICITACAO FINANCEIRA: 183910-26 .                                                                           OBS:REFERENCIA: COMPETENCIA 04/2026, SCC: 799751                            VALOR TOTAL:..................................................2.605.642,78  .                                                                           107 - TRANSFERENCIA DE RECURSOS DO SISTEMA UNICO DE SAUDE - SUS - BLOCO DE  MANUTENCAO DAS ACOES E SERVICOS PUBLICOS DE SAUDE                           64 - TRANSFERENCIAS DE RECURSOS DO SUS - ATENCAO ESPECIALIZADA              ;Outros (Convênios, ajustes, similares, etc.);000000112026
20262150021110331;26/06/2026 00:00:00;2605642,78;0171512026;30/06/2026 00:00:00;2385535,25;202621500211103310008;09/07/2026 00:00:00;0,00;33903900;OUTROS SERVICOS DE TERCEIROS - PESSOA JURIDICA;00000000000868;SECRETARIA MUNICIPAL DE SAUDE;0,00;SECRETARIA MUNICIPAL DE SAUDE                                                                                                                                                                                                                                ;SAUDE - 10;ASSISTENCIA HOSPITALAR E AMBULATORIAL - 302;TRANSFERENCIA DE RECURSOS DO SISTEMA UNICO DE SAUDE - SUS - BLOCO DE MANUTENCAO DAS ACOES E SERVICOS PUBLICOS DE SAUDE - 107;BANCO DO BRASIL S/A;DESPESA COM PRESTACAO DE SERVICOS MEDICOS DE TERCEIROS - PESSOA FISICA(PF)  E PESSOA JURIDICA (PJ) DE ACORDO COM VALORES BRUTOS POR PRODUCAO - SGIF DA  SECRETARIA MUNICIPAL DE SAUDE DE GOIANIA. SOLICITACAO FINANCEIRA: 183910-26 .                                                                           OBS:REFERENCIA: COMPETENCIA 04/2026, SCC: 799751                            VALOR TOTAL:..................................................2.605.642,78  .                                                                           107 - TRANSFERENCIA DE RECURSOS DO SISTEMA UNICO DE SAUDE - SUS - BLOCO DE  MANUTENCAO DAS ACOES E SERVICOS PUBLICOS DE SAUDE                           64 - TRANSFERENCIAS DE RECURSOS DO SUS - ATENCAO ESPECIALIZADA              ;Outros (Convênios, ajustes, similares, etc.);000000112026
20262150021110331;26/06/2026 00:00:00;2605642,78;0171512026;30/06/2026 00:00:00;2385535,25;202621500211103310009;13/07/2026 00:00:00;0,00;33903900;OUTROS SERVICOS DE TERCEIROS - PESSOA JURIDICA;00000000000868;SECRETARIA MUNICIPAL DE SAUDE;0,00;SECRETARIA MUNICIPAL DE SAUDE                                                                                                                                                                                                                                ;SAUDE - 10;ASSISTENCIA HOSPITALAR E AMBULATORIAL - 302;TRANSFERENCIA DE RECURSOS DO SISTEMA UNICO DE SAUDE - SUS - BLOCO DE MANUTENCAO DAS ACOES E SERVICOS PUBLICOS DE SAUDE - 107;BANCO DO BRASIL S/A;DESPESA COM PRESTACAO DE SERVICOS MEDICOS DE TERCEIROS - PESSOA FISICA(PF)  E PESSOA JURIDICA (PJ) DE ACORDO COM VALORES BRUTOS POR PRODUCAO - SGIF DA  SECRETARIA MUNICIPAL DE SAUDE DE GOIANIA. SOLICITACAO FINANCEIRA: 183910-26 .                                                                           OBS:REFERENCIA: COMPETENCIA 04/2026, SCC: 799751                            VALOR TOTAL:..................................................2.605.642,78  .                                                                           107 - TRANSFERENCIA DE RECURSOS DO SISTEMA UNICO DE SAUDE - SUS - BLOCO DE  MANUTENCAO DAS ACOES E SERVICOS PUBLICOS DE SAUDE                           64 - TRANSFERENCIAS DE RECURSOS DO SUS - ATENCAO ESPECIALIZADA              ;Outros (Convênios, ajustes, similares, etc.);000000112026
20262150021110331;26/06/2026 00:00:00;2605642,78;0171512026;30/06/2026 00:00:00;2385535,25;202621500211103310010;14/07/2026 00:00:00;0,00;33903900;OUTROS SERVICOS DE TERCEIROS - PESSOA JURIDICA;00000000000868;SECRETARIA MUNICIPAL DE SAUDE;0,00;SECRETARIA MUNICIPAL DE SAUDE                                                                                                                                                                                                                                ;SAUDE - 10;ASSISTENCIA HOSPITALAR E AMBULATORIAL - 302;TRANSFERENCIA DE RECURSOS DO SISTEMA UNICO DE SAUDE - SUS - BLOCO DE MANUTENCAO DAS ACOES E SERVICOS PUBLICOS DE SAUDE - 107;BANCO DO BRASIL S/A;DESPESA COM PRESTACAO DE SERVICOS MEDICOS DE TERCEIROS - PESSOA FISICA(PF)  E PESSOA JURIDICA (PJ) DE ACORDO COM VALORES BRUTOS POR PRODUCAO - SGIF DA  SECRETARIA MUNICIPAL DE SAUDE DE GOIANIA. SOLICITACAO FINANCEIRA: 183910-26 .                                                                           OBS:REFERENCIA: COMPETENCIA 04/2026, SCC: 799751                            VALOR TOTAL:..................................................2.605.642,78  .                                                                           107 - TRANSFERENCIA DE RECURSOS DO SISTEMA UNICO DE SAUDE - SUS - BLOCO DE  MANUTENCAO DAS ACOES E SERVICOS PUBLICOS DE SAUDE                           64 - TRANSFERENCIAS DE RECURSOS DO SUS - ATENCAO ESPECIALIZADA              ;Outros (Convênios, ajustes, similares, etc.);000000112026
20262150021110331;26/06/2026 00:00:00;2605642,78;0171512026;30/06/2026 00:00:00;2385535,25;202621500211103310011;15/07/2026 00:00:00;0,00;33903900;OUTROS SERVICOS DE TERCEIROS - PESSOA JURIDICA;00000000000868;SECRETARIA MUNICIPAL DE SAUDE;0,00;SECRETARIA MUNICIPAL DE SAUDE                                                                                                                                                                                                                                ;SAUDE - 10;ASSISTENCIA HOSPITALAR E AMBULATORIAL - 302;TRANSFERENCIA DE RECURSOS DO SISTEMA UNICO DE SAUDE - SUS - BLOCO DE MANUTENCAO DAS ACOES E SERVICOS PUBLICOS DE SAUDE - 107;BANCO DO BRASIL S/A;DESPESA COM PRESTACAO DE SERVICOS MEDICOS DE TERCEIROS - PESSOA FISICA(PF)  E PESSOA JURIDICA (PJ) DE ACORDO COM VALORES BRUTOS POR PRODUCAO - SGIF DA  SECRETARIA MUNICIPAL DE SAUDE DE GOIANIA. SOLICITACAO FINANCEIRA: 183910-26 .                                                                           OBS:REFERENCIA: COMPETENCIA 04/2026, SCC: 799751                            VALOR TOTAL:..................................................2.605.642,78  .                                                                           107 - TRANSFERENCIA DE RECURSOS DO SISTEMA UNICO DE SAUDE - SUS - BLOCO DE  MANUTENCAO DAS ACOES E SERVICOS PUBLICOS DE SAUDE                           64 - TRANSFERENCIAS DE RECURSOS DO SUS - ATENCAO ESPECIALIZADA              ;Outros (Convênios, ajustes, similares, etc.);000000112026
20262150021110334;30/06/2026 00:00:00;81065,12;0172492026;01/07/2026 00:00:00;81065,12;202621500211103340001;02/07/2026 00:00:00;81065,12;33903900;OUTROS SERVICOS DE TERCEIROS - PESSOA JURIDICA;02091999000157;SECRETARIA MUNICIPAL DE SAUDE;0,00;SECRETARIA MUNICIPAL DE SAUDE                                                                                                                                                                                                                                ;SAUDE - 10;ASSISTENCIA HOSPITALAR E AMBULATORIAL - 302;TRANSFERENCIA DE RECURSOS DO SISTEMA UNICO DE SAUDE - SUS - BLOCO DE MANUTENCAO DAS ACOES E SERVICOS PUBLICOS DE SAUDE - 107;INSTITUTO DE OLHOS DE GOIANIA LTDA;DESPESA COM I TERMO ADITIVO DO CONTRATO NR. 922/2020 PARA A EXECUCAO DE SERVICOS MEDICOS DE ASSISTENCIA A SAUDE AMBULATORIAL (HOSPITALAR) E/OU APOIO DIAGNOSTICO TERAPEUTICO PARA ATENDIMENTO DOS USUARIOS DO SUS - SCC: 523179-1   REFERÊNCIA: COMPLEMENTAR COMPETÊNCIA 03/2026 PEDIDO DE COMPRA NR. 609/2025  .                                                                           VALOR TOTAL:.....................................................81.065,12  .                                                                           64 - TRANSFERENCIAS DE RECURSOS DO SUS - ATENCAO ESPECIALIZADA              SOLICITACAO FINANCEIRA: 183939/2026                                         ;Inexigibilidade de Licitação;000000052020
20262150021130268;02/06/2026 00:00:00;15881,40;;;0,00;;;0,00;33903900;OUTROS SERVICOS DE TERCEIROS - PESSOA JURIDICA;37864667000142;SECRETARIA MUNICIPAL DE SAUDE;15881,40;SECRETARIA MUNICIPAL DE SAUDE                                                                                                                                                                                                                                ;SAUDE - 10;ASSISTENCIA HOSPITALAR E AMBULATORIAL - 302;TRANSFERENCIA DE RECURSOS DO SISTEMA UNICO DE SAUDE - SUS - BLOCO DE MANUTENCAO DAS ACOES E SERVICOS PUBLICOS DE SAUDE - 107;ENDOCENTRO SERVICOS MEDICOS LTDA;DESPESA COM NOVO CREDENCIAMENTO PARA A EXECUCAO DE SERVICOS MEDICOS DE ASSISTENCIA A SAUDE AMBULATORIAL (HOSPITALAR) E/OU APOIO DIAGNOSTICO TERAPEUTICO PARA ATENDIMENTO DOS USUARIOS DO SUS                                        REFERENCIA: EXERCICIO DE 2026, VALORES ESTIMADOS, DESPACHO NR. 431/2026-SUPRAC E DE ACORDO COM DECRETO NR. 134/2025, DE ACORDO COM EDITAL 002/2025      .                                                                           VALOR EMPENHADO DE 07/2026 A 09/2026 COM MENSAIS DE:..............5.293,80  VALOR TOTAL:.....................................................15.881,40  .                                                                           64 - TRANSFERENCIAS DE RECURSOS DO SUS - ATENCAO ESPECIALIZADA              SOLICITACAO FINANCEIRA: 182047/2026                                         ;Inexigibilidade de Licitação;000000022025
20262150021130269;02/06/2026 00:00:00;6877143,36;;;0,00;;;0,00;33903900;OUTROS SERVICOS DE TERCEIROS - PESSOA JURIDICA;04529890000184;SECRETARIA MUNICIPAL DE SAUDE;6877143,36;SECRETARIA MUNICIPAL DE SAUDE                                                                                                                                                                                                                                ;SAUDE - 10;ASSISTENCIA HOSPITALAR E AMBULATORIAL - 302;TRANSFERENCIA DE RECURSOS DO SISTEMA UNICO DE SAUDE - SUS - BLOCO DE MANUTENCAO DAS ACOES E SERVICOS PUBLICOS DE SAUDE - 107;DAVITA SERVICOS DE NEFROLOGIA JARDIM AMERICA LTDA;DESPESA COM NOVO CREDENCIAMENTO PARA A EXECUCAO DE SERVICOS MEDICOS DE ASSISTENCIA A SAUDE AMBULATORIAL (HOSPITALAR) E/OU APOIO DIAGNOSTICO TERAPEUTICO PARA ATENDIMENTO DOS USUARIOS DO SUS                                        REFERENCIA: EXERCICIO DE 2026, VALORES ESTIMADOS, DESPACHO NR. 497/2026-SUPRAC E DE ACORDO COM DECRETO NR. 134/2025                                     .                                                                           VALOR EMPENHADO DE 05/2026 A 07/2026 COM MENSAIS DE:..........2.292.381,12  VALOR TOTAL:..................................................6.877.143,36  .                                                                           64 - TRANSFERENCIAS DE RECURSOS DO SUS - ATENCAO ESPECIALIZADA              SOLICITACAO FINANCEIRA: 182439/2026                                         ;Inexigibilidade de Licitação;000000022025
20262150021130271;02/06/2026 00:00:00;9617,99;0148512026;08/06/2026 00:00:00;1923,61;202621500211302710001;09/06/2026 00:00:00;1923,61;33903900;OUTROS SERVICOS DE TERCEIROS - PESSOA JURIDICA;18628083000204;SECRETARIA MUNICIPAL DE SAUDE;0,00;SECRETARIA MUNICIPAL DE SAUDE                                                                                                                                                                                                                                ;SAUDE - 10;ASSISTENCIA HOSPITALAR E AMBULATORIAL - 302;TRANSFERENCIA DE RECURSOS DO SISTEMA UNICO DE SAUDE - SUS - BLOCO DE MANUTENCAO DAS ACOES E SERVICOS PUBLICOS DE SAUDE - 107;CEPHEID BRASIL,IMP,EXP E COMERCIO DE PRODUTOS DE DIAGNOSTICO;DESPESA COM II TERMO  ADITIVO DO CONTRATO NR 166/2023 DOS SERVICOS DE ASSISTENCIA TECNICA, MANUTENCAO PREVENTIVA/CORRETIVA/FORNECIMENTO DE PECAS E CALIBRACAO DE EQUIPAMENTO DE TESTE MOLECULAR                                     VALOR ESTIMADO PARA OS MESES DE ABRIL/2026 A 18/09/2026 - SCC: 644219-2     .                                                                           VALOR EMPENHADO DE 05/2026 E 06/2026 COM MENSAIS DE:..............3.205,99  VALOR EMPENHADO DE 07/2026  COM MENSAL DE:........................3.206,01  VALOR TOTAL:......................................................9.617,99  .                                                                           64 - TRANSFERENCIAS DE RECURSOS DO SUS - ATENCAO ESPECIALIZADA              SOLICITACAO FINANCEIRA: 183217/2026                                         ;Inexigibilidade de Licitação;000018392023
20262150021130271;02/06/2026 00:00:00;9617,99;0171012026;29/06/2026 00:00:00;1923,61;;;0,00;33903900;OUTROS SERVICOS DE TERCEIROS - PESSOA JURIDICA;18628083000204;SECRETARIA MUNICIPAL DE SAUDE;0,00;SECRETARIA MUNICIPAL DE SAUDE                                                                                                                                                                                                                                ;SAUDE - 10;ASSISTENCIA HOSPITALAR E AMBULATORIAL - 302;TRANSFERENCIA DE RECURSOS DO SISTEMA UNICO DE SAUDE - SUS - BLOCO DE MANUTENCAO DAS ACOES E SERVICOS PUBLICOS DE SAUDE - 107;CEPHEID BRASIL,IMP,EXP E COMERCIO DE PRODUTOS DE DIAGNOSTICO;DESPESA COM II TERMO  ADITIVO DO CONTRATO NR 166/2023 DOS SERVICOS DE ASSISTENCIA TECNICA, MANUTENCAO PREVENTIVA/CORRETIVA/FORNECIMENTO DE PECAS E CALIBRACAO DE EQUIPAMENTO DE TESTE MOLECULAR                                     VALOR ESTIMADO PARA OS MESES DE ABRIL/2026 A 18/09/2026 - SCC: 644219-2     .                                                                           VALOR EMPENHADO DE 05/2026 E 06/2026 COM MENSAIS DE:..............3.205,99  VALOR EMPENHADO DE 07/2026  COM MENSAL DE:........................3.206,01  VALOR TOTAL:......................................................9.617,99  .                                                                           64 - TRANSFERENCIAS DE RECURSOS DO SUS - ATENCAO ESPECIALIZADA              SOLICITACAO FINANCEIRA: 183217/2026                                         ;Inexigibilidade de Licitação;000018392023
20262150021130271;02/06/2026 00:00:00;9617,99;0193862026;24/07/2026 00:00:00;0,00;;;0,00;33903900;OUTROS SERVICOS DE TERCEIROS - PESSOA JURIDICA;18628083000204;SECRETARIA MUNICIPAL DE SAUDE;0,00;SECRETARIA MUNICIPAL DE SAUDE                                                                                                                                                                                                                                ;SAUDE - 10;ASSISTENCIA HOSPITALAR E AMBULATORIAL - 302;TRANSFERENCIA DE RECURSOS DO SISTEMA UNICO DE SAUDE - SUS - BLOCO DE MANUTENCAO DAS ACOES E SERVICOS PUBLICOS DE SAUDE - 107;CEPHEID BRASIL,IMP,EXP E COMERCIO DE PRODUTOS DE DIAGNOSTICO;DESPESA COM II TERMO  ADITIVO DO CONTRATO NR 166/2023 DOS SERVICOS DE ASSISTENCIA TECNICA, MANUTENCAO PREVENTIVA/CORRETIVA/FORNECIMENTO DE PECAS E CALIBRACAO DE EQUIPAMENTO DE TESTE MOLECULAR                                     VALOR ESTIMADO PARA OS MESES DE ABRIL/2026 A 18/09/2026 - SCC: 644219-2     .                                                                           VALOR EMPENHADO DE 05/2026 E 06/2026 COM MENSAIS DE:..............3.205,99  VALOR EMPENHADO DE 07/2026  COM MENSAL DE:........................3.206,01  VALOR TOTAL:......................................................9.617,99  .                                                                           64 - TRANSFERENCIAS DE RECURSOS DO SUS - ATENCAO ESPECIALIZADA              SOLICITACAO FINANCEIRA: 183217/2026                                         ;Inexigibilidade de Licitação;000018392023
20262150021130271;02/06/2026 00:00:00;9617,99;0193872026;24/07/2026 00:00:00;1923,61;;;0,00;33903900;OUTROS SERVICOS DE TERCEIROS - PESSOA JURIDICA;18628083000204;SECRETARIA MUNICIPAL DE SAUDE;0,00;SECRETARIA MUNICIPAL DE SAUDE                                                                                                                                                                                                                                ;SAUDE - 10;ASSISTENCIA HOSPITALAR E AMBULATORIAL - 302;TRANSFERENCIA DE RECURSOS DO SISTEMA UNICO DE SAUDE - SUS - BLOCO DE MANUTENCAO DAS ACOES E SERVICOS PUBLICOS DE SAUDE - 107;CEPHEID BRASIL,IMP,EXP E COMERCIO DE PRODUTOS DE DIAGNOSTICO;DESPESA COM II TERMO  ADITIVO DO CONTRATO NR 166/2023 DOS SERVICOS DE ASSISTENCIA TECNICA, MANUTENCAO PREVENTIVA/CORRETIVA/FORNECIMENTO DE PECAS E CALIBRACAO DE EQUIPAMENTO DE TESTE MOLECULAR                                     VALOR ESTIMADO PARA OS MESES DE ABRIL/2026 A 18/09/2026 - SCC: 644219-2     .                                                                           VALOR EMPENHADO DE 05/2026 E 06/2026 COM MENSAIS DE:..............3.205,99  VALOR EMPENHADO DE 07/2026  COM MENSAL DE:........................3.206,01  VALOR TOTAL:......................................................9.617,99  .                                                                           64 - TRANSFERENCIAS DE RECURSOS DO SUS - ATENCAO ESPECIALIZADA              SOLICITACAO FINANCEIRA: 183217/2026                                         ;Inexigibilidade de Licitação;000018392023
20262150021130272;03/06/2026 00:00:00;1051065,87;;;0,00;;;0,00;33903900;OUTROS SERVICOS DE TERCEIROS - PESSOA JURIDICA;05029600000287;SECRETARIA MUNICIPAL DE SAUDE;0,00;SECRETARIA MUNICIPAL DE SAUDE                                                                                                                                                                                                                                ;SAUDE - 10;ASSISTENCIA HOSPITALAR E AMBULATORIAL - 302;TRANSFERENCIA DE RECURSOS DO SISTEMA UNICO DE SAUDE - SUS - BLOCO DE MANUTENCAO DAS ACOES E SERVICOS PUBLICOS DE SAUDE - 107;ASSOCIACAO DE GESTAO, INOVACAO E RESULTADOS EM SAUDE;DESPESA COM CONVENIO PARA A ATUACAO CONJUNTA NA GESTAO E CONSOLIDACAO DO NUCLEO DE ATENCAO AO TRANSTORNO DO ESPECTRO AUTISTA (TEA) NO MUNICIPIO DE GOIANIA CONFORME DESPACHO NR. 1451/2025 - SUPRAC                                 PORTARIA NR. GM/MS NR 1.526, DE 11 DE OUTUBRO DE 2023, PEDIDO COMPRA NR. 693/2025-FMS, VALOR ESTIMADO PARA JULHO A SETEMBRO/2026                        .                                                                           VALOR EMPENHADO DE 07/2026 A 09/2026 COM MENSAIS DE:............350.355,29  VALOR TOTAL:..................................................1.051.065,87  .                                                                           64 - TRANSFERENCIAS DE RECURSOS DO SUS - ATENCAO ESPECIALIZADA              SOLICITACAO FINANCEIRA: 183268/2026                                         ;Outros (Convênios, ajustes, similares, etc.);000033472026
20262150021130273;03/06/2026 00:00:00;1125000,00;;;0,00;;;0,00;33903900;OUTROS SERVICOS DE TERCEIROS - PESSOA JURIDICA;60765823000130;SECRETARIA MUNICIPAL DE SAUDE;1125000,00;SECRETARIA MUNICIPAL DE SAUDE                                                                                                                                                                                                                                ;SAUDE - 10;ASSISTENCIA HOSPITALAR E AMBULATORIAL - 302;TRANSFERENCIA DE RECURSOS DO SISTEMA UNICO DE SAUDE - SUS - BLOCO DE MANUTENCAO DAS ACOES E SERVICOS PUBLICOS DE SAUDE - 107;HOSPITAL ALBERT EINSTEIN;SOLICITACAO FINANCEIRA: 182649/2026                                         64 - TRANSFERENCIAS DE RECURSOS DO SUS - ATENCAO ESPECIALIZADA              .                                                                           VALOR TOTAL:..................................................1.125.000,00  VALOR EMPENHADO DE 06/2026 A 08/2026 COM MENSAIS DE:............375.000,00  .                                                                           26,CONFORME DECRETO 134/2025                                                DE ACORDO COM PEDIDO DE COMPRA NR. 250/2026, VALOR ESTIMADO DA DESPESA EM 20ACIONAIS, CONF. DFD NR. 45, PARECER NR 219/26                               DE PROJETOS TRANSVERSAIS E MONITORAMENTO DE INDICADORES ASSISTENCIAIS E OPERDESPESA COM CONTRATACAO DE PRESTACAO DE SERVICOS TECNICOS AO DESENVOLVIMENTO;Outros (Convênios, ajustes, similares, etc.);000002542026
20262150021130274;08/06/2026 00:00:00;210734,89;0150932026;10/06/2026 00:00:00;71315,52;202621500211302740002;24/06/2026 00:00:00;71315,52;33903900;OUTROS SERVICOS DE TERCEIROS - PESSOA JURIDICA;00740696000192;SECRETARIA MUNICIPAL DE SAUDE;69056,18;SECRETARIA MUNICIPAL DE SAUDE                                                                                                                                                                                                                                ;SAUDE - 10;ASSISTENCIA HOSPITALAR E AMBULATORIAL - 302;TRANSFERENCIA DE RECURSOS DO SISTEMA UNICO DE SAUDE - SUS - BLOCO DE MANUTENCAO DAS ACOES E SERVICOS PUBLICOS DE SAUDE - 107;PMH  PRODUTOS MEDICOS HOSPITALARES LTDA;DESPESA COM 9 TERMO ADITIVO DO CONTRATO NR 265/2021 REFERENTE A PRESTACAO DESERVICOS PARA REALIZACAO DE EXAMES LABORATORIAIS DE BIOQUIMICA E CESSAO DE USO DE EQUIPAMENTOS, INCLUINDO MANUTENCAO                                    CONF. MEMORANDO NR 194/2025, VIGENCIA: 03/03/2026 A 02/03/2027, PEDIDO DE COMPRAS NR 727/2025 - REFERENTE AO PERIODO DE 03/03/2026 A 31/05/2026         VALORES ESTIMADOS - SCC:533930-9                                            .                                                                           VALOR EMPENHADO DE 06/2026  COM MENSAL DE:.......................68.666,43  VALOR EMPENHADO DE 07/2026 E 08/2026 COM MENSAIS DE:.............71.034,23  VALOR TOTAL:....................................................210.734,89  .                                                                           64 - TRANSFERENCIAS DE RECURSOS DO SUS - ATENCAO ESPECIALIZADA              SOLICITACAO FINANCEIRA: 177125/2026                                         ;Pregão;000000842020
20262150021130274;08/06/2026 00:00:00;210734,89;0151172026;10/06/2026 00:00:00;70363,19;202621500211302740001;24/06/2026 00:00:00;70363,19;33903900;OUTROS SERVICOS DE TERCEIROS - PESSOA JURIDICA;00740696000192;SECRETARIA MUNICIPAL DE SAUDE;69056,18;SECRETARIA MUNICIPAL DE SAUDE                                                                                                                                                                                                                                ;SAUDE - 10;ASSISTENCIA HOSPITALAR E AMBULATORIAL - 302;TRANSFERENCIA DE RECURSOS DO SISTEMA UNICO DE SAUDE - SUS - BLOCO DE MANUTENCAO DAS ACOES E SERVICOS PUBLICOS DE SAUDE - 107;PMH  PRODUTOS MEDICOS HOSPITALARES LTDA;DESPESA COM 9 TERMO ADITIVO DO CONTRATO NR 265/2021 REFERENTE A PRESTACAO DESERVICOS PARA REALIZACAO DE EXAMES LABORATORIAIS DE BIOQUIMICA E CESSAO DE USO DE EQUIPAMENTOS, INCLUINDO MANUTENCAO                                    CONF. MEMORANDO NR 194/2025, VIGENCIA: 03/03/2026 A 02/03/2027, PEDIDO DE COMPRAS NR 727/2025 - REFERENTE AO PERIODO DE 03/03/2026 A 31/05/2026         VALORES ESTIMADOS - SCC:533930-9                                            .                                                                           VALOR EMPENHADO DE 06/2026  COM MENSAL DE:.......................68.666,43  VALOR EMPENHADO DE 07/2026 E 08/2026 COM MENSAIS DE:.............71.034,23  VALOR TOTAL:....................................................210.734,89  .                                                                           64 - TRANSFERENCIAS DE RECURSOS DO SUS - ATENCAO ESPECIALIZADA              SOLICITACAO FINANCEIRA: 177125/2026                                         ;Pregão;000000842020
20262150021130276;10/06/2026 00:00:00;22164,22;;;0,00;;;0,00;33903900;OUTROS SERVICOS DE TERCEIROS - PESSOA JURIDICA;03458700000112;SECRETARIA MUNICIPAL DE SAUDE;0,00;SECRETARIA MUNICIPAL DE SAUDE                                                                                                                                                                                                                                ;SAUDE - 10;ASSISTENCIA HOSPITALAR E AMBULATORIAL - 302;TRANSFERENCIA DE RECURSOS DO SISTEMA UNICO DE SAUDE - SUS - BLOCO DE MANUTENCAO DAS ACOES E SERVICOS PUBLICOS DE SAUDE - 107;INCORPORATO ADMINISTRACAO EMPRESARIAL LTDA;.                                                                           64 - TRANSFERENCIAS DE RECURSOS DO SUS - ATENCAO ESPECIALIZADA              SOLICITACAO FINANCEIRA: 183390/2026                                         DESPESA COM CONTRATO DE LOCACAO NR 1928/2025 DO IMOVEL ONDE FUNCIONA O CAPS GIRASSOL - VALORES RELATIVOS A JULHO A 15/09/2026, CONFORME DESPACHO NR 508/2026-GERINF, PEDIDO DE COMPRAS NR 209/2025, SCC 782972                      .                                                                           VALOR EMPENHADO DE 07/2026 E 08/2026 COM MENSAIS DE:..............8.865,69  VALOR EMPENHADO DE 09/2026  COM MENSAL DE:........................4.432,84  VALOR TOTAL:.....................................................22.164,22  ;Inexigibilidade de Licitação;000003692025
20262150021130277;15/06/2026 00:00:00;354490,02;;;0,00;;;0,00;33903900;OUTROS SERVICOS DE TERCEIROS - PESSOA JURIDICA;02778769000160;SECRETARIA MUNICIPAL DE SAUDE;354490,02;SECRETARIA MUNICIPAL DE SAUDE                                                                                                                                                                                                                                ;SAUDE - 10;ASSISTENCIA HOSPITALAR E AMBULATORIAL - 302;TRANSFERENCIA DE RECURSOS DO SISTEMA UNICO DE SAUDE - SUS - BLOCO DE MANUTENCAO DAS ACOES E SERVICOS PUBLICOS DE SAUDE - 107;CEMPRE III CENTRO DE MEDICINA INTEGRADA LTDA;PARA ATENDIMENTO DOS USUARIOS DO SUS - REFERÊNCIA: EXERCÍCIO DE 2025, VALORES ESTIMADOS                                                                 .                                                                           VALOR EMPENHADO DE 06/2026  COM MENSAL DE:......................118.163,34  VALOR EMPENHADO DE 11/2026 E 12/2026 COM MENSAIS DE:............118.163,34  VALOR TOTAL:....................................................354.490,02  .                                                                           64 - TRANSFERENCIAS DE RECURSOS DO SUS - ATENCAO ESPECIALIZADA              SOLICITACAO FINANCEIRA: 182422/2026                                         DESPESA COM NOVO CREDENCIAMENTO PARA A EXECUCAO DE SERVICOS MEDICOS DE ASSISTENCIA A SAUDE AMBULATORIAL (HOSPITALAR) E/OU APOIO DIAGNOSTICO TERAPEUTICO ;Inexigibilidade de Licitação;000000022025
20262150021130280;15/06/2026 00:00:00;88971,48;;;0,00;;;0,00;33903900;OUTROS SERVICOS DE TERCEIROS - PESSOA JURIDICA;26696633000170;SECRETARIA MUNICIPAL DE SAUDE;0,00;SECRETARIA MUNICIPAL DE SAUDE                                                                                                                                                                                                                                ;SAUDE - 10;ASSISTENCIA HOSPITALAR E AMBULATORIAL - 302;TRANSFERENCIA DE RECURSOS DO SISTEMA UNICO DE SAUDE - SUS - BLOCO DE MANUTENCAO DAS ACOES E SERVICOS PUBLICOS DE SAUDE - 107;CENTRO TECNOLOGICO DE ANALISES E PESQUISAS CLINICAS LTDA;DESPESA COM TERMO ADITIVO DO CONTRATO NR. 936/2020 PARA A EXECUCAO DE SERVICOS MEDICOS DE ASSISTENCIA A SAUDE AMBULATORIAL (HOSPITALAR) E/OU APOIO DIAGNOSTICO TERAPEUTICO - EXERCICIO DE 2026, VALORES ESTIMADOS CONF. DECRETO 134/2025 - SCC: 518515-1 PEDIDO DE COMPRA NR.: 325/2025-FMS                     .                                                                           VALOR EMPENHADO DE 06/2026 A 08/2026 COM MENSAIS DE:.............29.657,16  VALOR TOTAL:.....................................................88.971,48  .                                                                           64 - TRANSFERENCIAS DE RECURSOS DO SUS - ATENCAO ESPECIALIZADA              SOLICITACAO FINANCEIRA: 183514/2026                                         ;Inexigibilidade de Licitação;000068722020
20262150021130281;17/06/2026 00:00:00;2072457,60;;;0,00;;;0,00;33903900;OUTROS SERVICOS DE TERCEIROS - PESSOA JURIDICA;01407360000175;SECRETARIA MUNICIPAL DE SAUDE;0,00;SECRETARIA MUNICIPAL DE SAUDE                                                                                                                                                                                                                                ;SAUDE - 10;ASSISTENCIA HOSPITALAR E AMBULATORIAL - 302;TRANSFERENCIA DE RECURSOS DO SISTEMA UNICO DE SAUDE - SUS - BLOCO DE MANUTENCAO DAS ACOES E SERVICOS PUBLICOS DE SAUDE - 107;AMIGO ASSISTENCIA MEDICA INFANTIL DE GOIANIA LTDA;DESPESA COM CONTRATO NR. 1534/2026 PARA A EXECUCAO DE SERVICOS MEDICOS DE ASSISTENCIA A SAUDE AMBULATORIAL(HOSPITALAR) E/OU APOIO DIAGNOSTICO TERAPEUTICO PARA ATENDIMENTO DOS USUARIOS DO SUS                                      REFERENCIA: EXERCICIO DE 2026, VALORES ESTIMADOS, DESPACHO NR. 80/2026-SUPRAC E DE ACORDO COM DECRETO NR. 134/2025                                      .                                                                           VALOR EMPENHADO DE 06/2026 A 08/2026 COM MENSAIS DE:............690.819,20  VALOR TOTAL:..................................................2.072.457,60  .                                                                           64 - TRANSFERENCIAS DE RECURSOS DO SUS - ATENCAO ESPECIALIZADA              SOLICITACAO FINANCEIRA: 180119/2026                                         ;Inexigibilidade de Licitação;000015032026
20262150021130282;17/06/2026 00:00:00;1339617,33;0160072026;19/06/2026 00:00:00;0,00;;;0,00;33903900;OUTROS SERVICOS DE TERCEIROS - PESSOA JURIDICA;01590900000107;SECRETARIA MUNICIPAL DE SAUDE;0,00;SECRETARIA MUNICIPAL DE SAUDE                                                                                                                                                                                                                                ;SAUDE - 10;ASSISTENCIA HOSPITALAR E AMBULATORIAL - 302;TRANSFERENCIA DE RECURSOS DO SISTEMA UNICO DE SAUDE - SUS - BLOCO DE MANUTENCAO DAS ACOES E SERVICOS PUBLICOS DE SAUDE - 107;HOSPITAL UROLOGICO DE GOIANIA LTDA;C E DE ACORDO COM DECRETO NR. 134/2025                                      .                                                                           VALOR EMPENHADO DE 06/2026 A 08/2026 COM MENSAIS DE:............446.539,11  VALOR TOTAL:..................................................1.339.617,33  .                                                                           64 - TRANSFERENCIAS DE RECURSOS DO SUS - ATENCAO ESPECIALIZADA              SOLICITACAO FINANCEIRA: 180107/2026                                         DESPESA COM CONTRATO NR. 1531/2026 PARA A EXECUCAO DE SERVICOS MEDICOS DE ASSISTENCIA A SAUDE AMBULATORIAL(HOSPITALAR) E/OU APOIO DIAGNOSTICO TERAPEUTICO PARA ATENDIMENTO DOS USUARIOS DO SUS                                      REFERENCIA: EXERCICIO DE 2026, VALORES ESTIMADOS, DESPACHO NR. 84/2026-SUPRA;Inexigibilidade de Licitação;000000842026
20262150021130282;17/06/2026 00:00:00;1339617,33;0160102026;19/06/2026 00:00:00;679187,42;202621500211302820001;19/06/2026 00:00:00;679187,42;33903900;OUTROS SERVICOS DE TERCEIROS - PESSOA JURIDICA;01590900000107;SECRETARIA MUNICIPAL DE SAUDE;0,00;SECRETARIA MUNICIPAL DE SAUDE                                                                                                                                                                                                                                ;SAUDE - 10;ASSISTENCIA HOSPITALAR E AMBULATORIAL - 302;TRANSFERENCIA DE RECURSOS DO SISTEMA UNICO DE SAUDE - SUS - BLOCO DE MANUTENCAO DAS ACOES E SERVICOS PUBLICOS DE SAUDE - 107;HOSPITAL UROLOGICO DE GOIANIA LTDA;C E DE ACORDO COM DECRETO NR. 134/2025                                      .                                                                           VALOR EMPENHADO DE 06/2026 A 08/2026 COM MENSAIS DE:............446.539,11  VALOR TOTAL:..................................................1.339.617,33  .                                                                           64 - TRANSFERENCIAS DE RECURSOS DO SUS - ATENCAO ESPECIALIZADA              SOLICITACAO FINANCEIRA: 180107/2026                                         DESPESA COM CONTRATO NR. 1531/2026 PARA A EXECUCAO DE SERVICOS MEDICOS DE ASSISTENCIA A SAUDE AMBULATORIAL(HOSPITALAR) E/OU APOIO DIAGNOSTICO TERAPEUTICO PARA ATENDIMENTO DOS USUARIOS DO SUS                                      REFERENCIA: EXERCICIO DE 2026, VALORES ESTIMADOS, DESPACHO NR. 84/2026-SUPRA;Inexigibilidade de Licitação;000000842026
20262150021130282;17/06/2026 00:00:00;1339617,33;0186222026;16/07/2026 00:00:00;518399,67;202621500211302820002;16/07/2026 00:00:00;0,00;33903900;OUTROS SERVICOS DE TERCEIROS - PESSOA JURIDICA;01590900000107;SECRETARIA MUNICIPAL DE SAUDE;0,00;SECRETARIA MUNICIPAL DE SAUDE                                                                                                                                                                                                                                ;SAUDE - 10;ASSISTENCIA HOSPITALAR E AMBULATORIAL - 302;TRANSFERENCIA DE RECURSOS DO SISTEMA UNICO DE SAUDE - SUS - BLOCO DE MANUTENCAO DAS ACOES E SERVICOS PUBLICOS DE SAUDE - 107;HOSPITAL UROLOGICO DE GOIANIA LTDA;C E DE ACORDO COM DECRETO NR. 134/2025                                      .                                                                           VALOR EMPENHADO DE 06/2026 A 08/2026 COM MENSAIS DE:............446.539,11  VALOR TOTAL:..................................................1.339.617,33  .                                                                           64 - TRANSFERENCIAS DE RECURSOS DO SUS - ATENCAO ESPECIALIZADA              SOLICITACAO FINANCEIRA: 180107/2026                                         DESPESA COM CONTRATO NR. 1531/2026 PARA A EXECUCAO DE SERVICOS MEDICOS DE ASSISTENCIA A SAUDE AMBULATORIAL(HOSPITALAR) E/OU APOIO DIAGNOSTICO TERAPEUTICO PARA ATENDIMENTO DOS USUARIOS DO SUS                                      REFERENCIA: EXERCICIO DE 2026, VALORES ESTIMADOS, DESPACHO NR. 84/2026-SUPRA;Inexigibilidade de Licitação;000000842026
20262150021130282;17/06/2026 00:00:00;1339617,33;0186222026;16/07/2026 00:00:00;518399,67;202621500211302820003;21/07/2026 00:00:00;0,00;33903900;OUTROS SERVICOS DE TERCEIROS - PESSOA JURIDICA;01590900000107;SECRETARIA MUNICIPAL DE SAUDE;0,00;SECRETARIA MUNICIPAL DE SAUDE                                                                                                                                                                                                                                ;SAUDE - 10;ASSISTENCIA HOSPITALAR E AMBULATORIAL - 302;TRANSFERENCIA DE RECURSOS DO SISTEMA UNICO DE SAUDE - SUS - BLOCO DE MANUTENCAO DAS ACOES E SERVICOS PUBLICOS DE SAUDE - 107;HOSPITAL UROLOGICO DE GOIANIA LTDA;C E DE ACORDO COM DECRETO NR. 134/2025                                      .                                                                           VALOR EMPENHADO DE 06/2026 A 08/2026 COM MENSAIS DE:............446.539,11  VALOR TOTAL:..................................................1.339.617,33  .                                                                           64 - TRANSFERENCIAS DE RECURSOS DO SUS - ATENCAO ESPECIALIZADA              SOLICITACAO FINANCEIRA: 180107/2026                                         DESPESA COM CONTRATO NR. 1531/2026 PARA A EXECUCAO DE SERVICOS MEDICOS DE ASSISTENCIA A SAUDE AMBULATORIAL(HOSPITALAR) E/OU APOIO DIAGNOSTICO TERAPEUTICO PARA ATENDIMENTO DOS USUARIOS DO SUS                                      REFERENCIA: EXERCICIO DE 2026, VALORES ESTIMADOS, DESPACHO NR. 84/2026-SUPRA;Inexigibilidade de Licitação;000000842026
20262150021130282;17/06/2026 00:00:00;1339617,33;0186222026;16/07/2026 00:00:00;518399,67;202621500211302820004;21/07/2026 00:00:00;518399,67;33903900;OUTROS SERVICOS DE TERCEIROS - PESSOA JURIDICA;01590900000107;SECRETARIA MUNICIPAL DE SAUDE;0,00;SECRETARIA MUNICIPAL DE SAUDE                                                                                                                                                                                                                                ;SAUDE - 10;ASSISTENCIA HOSPITALAR E AMBULATORIAL - 302;TRANSFERENCIA DE RECURSOS DO SISTEMA UNICO DE SAUDE - SUS - BLOCO DE MANUTENCAO DAS ACOES E SERVICOS PUBLICOS DE SAUDE - 107;HOSPITAL UROLOGICO DE GOIANIA LTDA;C E DE ACORDO COM DECRETO NR. 134/2025                                      .                                                                           VALOR EMPENHADO DE 06/2026 A 08/2026 COM MENSAIS DE:............446.539,11  VALOR TOTAL:..................................................1.339.617,33  .                                                                           64 - TRANSFERENCIAS DE RECURSOS DO SUS - ATENCAO ESPECIALIZADA              SOLICITACAO FINANCEIRA: 180107/2026                                         DESPESA COM CONTRATO NR. 1531/2026 PARA A EXECUCAO DE SERVICOS MEDICOS DE ASSISTENCIA A SAUDE AMBULATORIAL(HOSPITALAR) E/OU APOIO DIAGNOSTICO TERAPEUTICO PARA ATENDIMENTO DOS USUARIOS DO SUS                                      REFERENCIA: EXERCICIO DE 2026, VALORES ESTIMADOS, DESPACHO NR. 84/2026-SUPRA;Inexigibilidade de Licitação;000000842026
20262150021130283;17/06/2026 00:00:00;247379,97;0160092026;19/06/2026 00:00:00;21700,00;202621500211302830001;22/06/2026 00:00:00;21700,00;33903900;OUTROS SERVICOS DE TERCEIROS - PESSOA JURIDICA;00294440000107;SECRETARIA MUNICIPAL DE SAUDE;0,00;SECRETARIA MUNICIPAL DE SAUDE                                                                                                                                                                                                                                ;SAUDE - 10;ASSISTENCIA HOSPITALAR E AMBULATORIAL - 302;TRANSFERENCIA DE RECURSOS DO SISTEMA UNICO DE SAUDE - SUS - BLOCO DE MANUTENCAO DAS ACOES E SERVICOS PUBLICOS DE SAUDE - 107;CEMA CENTRO DE MEDICINA AVANCADA LTDA;DESPESA COM O CONTRATO NR. 925/2026 PARA A EXECUCAO DE SERVICOS MEDICOS DE  ASSISTENCIA A SAUDE AMBULATORIAL(HOSPITALAR) E/OU APOIO DIAGNOSTICO TERAPEUTICO PARA ATENDIMENTO DOS USUARIOS DO SUS                                    REFERENCIA: EXERCICIO DE 2026, VALORES ESTIMADOS, DESPACHO NR. 1397/2025-SUPRAC E DE ACORDO COM DECRETO NR. 134/2025                                    .                                                                           VALOR EMPENHADO DE 06/2026 A 08/2026 COM MENSAIS DE:.............82.459,99  VALOR TOTAL:....................................................247.379,97  .                                                                           64 - TRANSFERENCIAS DE RECURSOS DO SUS - ATENCAO ESPECIALIZADA              SOLICITACAO FINANCEIRA: 179075/2026                                         ;Inexigibilidade de Licitação;000013972026
20262150021130283;17/06/2026 00:00:00;247379,97;0189852026;21/07/2026 00:00:00;21650,00;202621500211302830002;21/07/2026 00:00:00;21650,00;33903900;OUTROS SERVICOS DE TERCEIROS - PESSOA JURIDICA;00294440000107;SECRETARIA MUNICIPAL DE SAUDE;0,00;SECRETARIA MUNICIPAL DE SAUDE                                                                                                                                                                                                                                ;SAUDE - 10;ASSISTENCIA HOSPITALAR E AMBULATORIAL - 302;TRANSFERENCIA DE RECURSOS DO SISTEMA UNICO DE SAUDE - SUS - BLOCO DE MANUTENCAO DAS ACOES E SERVICOS PUBLICOS DE SAUDE - 107;CEMA CENTRO DE MEDICINA AVANCADA LTDA;DESPESA COM O CONTRATO NR. 925/2026 PARA A EXECUCAO DE SERVICOS MEDICOS DE  ASSISTENCIA A SAUDE AMBULATORIAL(HOSPITALAR) E/OU APOIO DIAGNOSTICO TERAPEUTICO PARA ATENDIMENTO DOS USUARIOS DO SUS                                    REFERENCIA: EXERCICIO DE 2026, VALORES ESTIMADOS, DESPACHO NR. 1397/2025-SUPRAC E DE ACORDO COM DECRETO NR. 134/2025                                    .                                                                           VALOR EMPENHADO DE 06/2026 A 08/2026 COM MENSAIS DE:.............82.459,99  VALOR TOTAL:....................................................247.379,97  .                                                                           64 - TRANSFERENCIAS DE RECURSOS DO SUS - ATENCAO ESPECIALIZADA              SOLICITACAO FINANCEIRA: 179075/2026                                         ;Inexigibilidade de Licitação;000013972026
20262150021130284;17/06/2026 00:00:00;3195323,70;;;0,00;;;0,00;33903900;OUTROS SERVICOS DE TERCEIROS - PESSOA JURIDICA;01240688000140;SECRETARIA MUNICIPAL DE SAUDE;0,00;SECRETARIA MUNICIPAL DE SAUDE                                                                                                                                                                                                                                ;SAUDE - 10;ASSISTENCIA HOSPITALAR E AMBULATORIAL - 302;TRANSFERENCIA DE RECURSOS DO SISTEMA UNICO DE SAUDE - SUS - BLOCO DE MANUTENCAO DAS ACOES E SERVICOS PUBLICOS DE SAUDE - 107;APAE - ASSOCIACAO DE PAIS E AMIGOS DOS EXC DE GOIANIA;DESPESA COM TERMO ADITIVO DO CONTRATO NR. 746/2020 PARA A EXECUCAO DE SERVICOS MEDICOS DE ASSISTENCIA A SAUDE AMBULATORIAL (HOSPITALAR) E/OU APOIO DIAGNOSTICO TERAPEUTICO                                                          EXERCICIO DE 2026, VALORES ESTIMADOS CONF. DECRETO 134/2025 PEDIDO DE COMPRANR.: 215/2025-FMS E SCC: 514048-1                                           .                                                                           VALOR EMPENHADO DE 06/2026 A 08/2026 COM MENSAIS DE:..........1.065.107,90  VALOR TOTAL:..................................................3.195.323,70  .                                                                           64 - TRANSFERENCIAS DE RECURSOS DO SUS - ATENCAO ESPECIALIZADA              SOLICITACAO FINANCEIRA: 183516/2026                                         ;Inexigibilidade de Licitação;000000052020
20262150021130285;17/06/2026 00:00:00;1706154,75;0160992026;23/06/2026 00:00:00;558802,54;202621500211302850001;25/06/2026 00:00:00;558802,54;33903900;OUTROS SERVICOS DE TERCEIROS - PESSOA JURIDICA;02630826000160;SECRETARIA MUNICIPAL DE SAUDE;0,00;SECRETARIA MUNICIPAL DE SAUDE                                                                                                                                                                                                                                ;SAUDE - 10;ASSISTENCIA HOSPITALAR E AMBULATORIAL - 302;TRANSFERENCIA DE RECURSOS DO SISTEMA UNICO DE SAUDE - SUS - BLOCO DE MANUTENCAO DAS ACOES E SERVICOS PUBLICOS DE SAUDE - 107;BRANET GESTAO DE LOGISTICA EM SAUDE LTDA;DESPESA COM V TERMO ADITIVO DO CONTRATO NR 1484/2020 PARA SERVICOS DE GESTAOE LOGISTICA INTEGRADA / CONFERENCIA, ARMAZENAMENTO, CONTROLE DE EXPEDICAO,  TRANSPORTE, DISTRIBUICAO DE MATERIAIS DA SMS                                VALORES ESTIMADOS REFERENTE AO EXERCICIO DE 2026, SCC: 532585-5, PEDIDO COMPRA NR 115/2026, VIGENCIA/TERMINO: 14/05/2026 A 14/05/2027                   .                                                                           VALOR EMPENHADO DE 06/2026 A 08/2026 COM MENSAIS DE:............568.718,25  VALOR TOTAL:..................................................1.706.154,75  .                                                                           64 - TRANSFERENCIAS DE RECURSOS DO SUS - ATENCAO ESPECIALIZADA              SOLICITACAO FINANCEIRA: 180393/2026                                         ;Pregão;000000902020
20262150021130285;17/06/2026 00:00:00;1706154,75;0183422026;14/07/2026 00:00:00;558802,54;;;0,00;33903900;OUTROS SERVICOS DE TERCEIROS - PESSOA JURIDICA;02630826000160;SECRETARIA MUNICIPAL DE SAUDE;0,00;SECRETARIA MUNICIPAL DE SAUDE                                                                                                                                                                                                                                ;SAUDE - 10;ASSISTENCIA HOSPITALAR E AMBULATORIAL - 302;TRANSFERENCIA DE RECURSOS DO SISTEMA UNICO DE SAUDE - SUS - BLOCO DE MANUTENCAO DAS ACOES E SERVICOS PUBLICOS DE SAUDE - 107;BRANET GESTAO DE LOGISTICA EM SAUDE LTDA;DESPESA COM V TERMO ADITIVO DO CONTRATO NR 1484/2020 PARA SERVICOS DE GESTAOE LOGISTICA INTEGRADA / CONFERENCIA, ARMAZENAMENTO, CONTROLE DE EXPEDICAO,  TRANSPORTE, DISTRIBUICAO DE MATERIAIS DA SMS                                VALORES ESTIMADOS REFERENTE AO EXERCICIO DE 2026, SCC: 532585-5, PEDIDO COMPRA NR 115/2026, VIGENCIA/TERMINO: 14/05/2026 A 14/05/2027                   .                                                                           VALOR EMPENHADO DE 06/2026 A 08/2026 COM MENSAIS DE:............568.718,25  VALOR TOTAL:..................................................1.706.154,75  .                                                                           64 - TRANSFERENCIAS DE RECURSOS DO SUS - ATENCAO ESPECIALIZADA              SOLICITACAO FINANCEIRA: 180393/2026                                         ;Pregão;000000902020
20262150021130286;18/06/2026 00:00:00;75042,39;;;0,00;;;0,00;33903900;OUTROS SERVICOS DE TERCEIROS - PESSOA JURIDICA;22653841000130;SECRETARIA MUNICIPAL DE SAUDE;0,00;SECRETARIA MUNICIPAL DE SAUDE                                                                                                                                                                                                                                ;SAUDE - 10;ASSISTENCIA HOSPITALAR E AMBULATORIAL - 302;TRANSFERENCIA DE RECURSOS DO SISTEMA UNICO DE SAUDE - SUS - BLOCO DE MANUTENCAO DAS ACOES E SERVICOS PUBLICOS DE SAUDE - 107;J.C.D.F CLINICA MEDICA LTDA;DESPESA COM CONTRATO NR. 112/2025 PARA A EXECUCAO DE SERVICOS MEDICOS DE ASSISTENCIA A SAUDE AMBULATORIAL (HOSPITALAR) E/OU APOIO DIAGNOSTICO TERAPEUTICO PARA ATENDIMENTO DOS USUARIOS DO SUS                                      REFERENCIA: COMPETENCIAS 04/2026, 05/2026 E 06/2026, VALORES ESTIMADOS E PAGAMENTOS ADMINISTRATIVOS/INCENTIVOS(01.2026 A 10.2026)                       .                                                                           VALOR EMPENHADO DE 06/2026 A 08/2026 COM MENSAIS DE:.............25.014,13  VALOR TOTAL:.....................................................75.042,39  .                                                                           64 - TRANSFERENCIAS DE RECURSOS DO SUS - ATENCAO ESPECIALIZADA              SOLICITACAO FINANCEIRA: 183649/2026                                         ;Inexigibilidade de Licitação;000000052020
20262150021130287;18/06/2026 00:00:00;211494,12;0158302026;19/06/2026 00:00:00;52873,53;202621500211302870001;19/06/2026 00:00:00;52873,53;33903900;OUTROS SERVICOS DE TERCEIROS - PESSOA JURIDICA;03810678000128;SECRETARIA MUNICIPAL DE SAUDE;0,00;SECRETARIA MUNICIPAL DE SAUDE                                                                                                                                                                                                                                ;SAUDE - 10;ASSISTENCIA HOSPITALAR E AMBULATORIAL - 302;TRANSFERENCIA DE RECURSOS DO SISTEMA UNICO DE SAUDE - SUS - BLOCO DE MANUTENCAO DAS ACOES E SERVICOS PUBLICOS DE SAUDE - 107;CITOCENTER LABORATORIO MEDICO S/S LTDA;DESPESA COM CONTRATO NR. 083/2023 PARA A EXECUCAO DE SERVICOS MEDICOS DE ASSISTENCIA A SAUDE AMBULATORIAL (HOSPITALAR) E/OU APOIO DIAGNOSTICO TERAPEUTICO PARA ATENDIMENTO DOS USUARIOS DO SUS                                      REFERENCIA: COMPETENCIAS 04/2026, 05/2026 E 06/2026, VALORES ESTIMADOS E PAGAMENTOS ADMINISTRATIVOS/INCENTIVOS(01.2026 A 10.2026)                       .                                                                           VALOR EMPENHADO DE 06/2026 A 08/2026 COM MENSAIS DE:.............70.498,04  VALOR TOTAL:....................................................211.494,12  .                                                                           64 - TRANSFERENCIAS DE RECURSOS DO SUS - ATENCAO ESPECIALIZADA              SOLICITACAO FINANCEIRA: 183644/2026                                         ;Inexigibilidade de Licitação;000001282023
20262150021130288;18/06/2026 00:00:00;321680,67;0162742026;24/06/2026 00:00:00;80420,17;202621500211302880001;24/06/2026 00:00:00;80420,17;33903900;OUTROS SERVICOS DE TERCEIROS - PESSOA JURIDICA;06912461000117;SECRETARIA MUNICIPAL DE SAUDE;0,00;SECRETARIA MUNICIPAL DE SAUDE                                                                                                                                                                                                                                ;SAUDE - 10;ASSISTENCIA HOSPITALAR E AMBULATORIAL - 302;TRANSFERENCIA DE RECURSOS DO SISTEMA UNICO DE SAUDE - SUS - BLOCO DE MANUTENCAO DAS ACOES E SERVICOS PUBLICOS DE SAUDE - 107;CLINICA CIRURGICA DIGESTIVA E OBESIDADE LTDA;DESPESA COM CONTRATO NR. 739/2023 PARA A EXECUCAO DE SERVICOS MEDICOS DE ASSISTENCIA A SAUDE AMBULATORIAL (HOSPITALAR) E/OU APOIO DIAGNOSTICO TERAPEUTICO PARA ATENDIMENTO DOS USUARIOS DO SUS                                      REFERENCIA: COMPETENCIAS 04/2026, 05/2026 E 06/2026, VALORES ESTIMADOS E PAGAMENTOS ADMINISTRATIVOS/INCENTIVOS(01.2026 A 10.2026)                       .                                                                           VALOR EMPENHADO DE 06/2026 A 08/2026 COM MENSAIS DE:............107.226,89  VALOR TOTAL:....................................................321.680,67  .                                                                           64 - TRANSFERENCIAS DE RECURSOS DO SUS - ATENCAO ESPECIALIZADA              SOLICITACAO FINANCEIRA: 183645/2026                                         ;Inexigibilidade de Licitação;000000052023
20262150021130288;18/06/2026 00:00:00;321680,67;0169872026;26/06/2026 00:00:00;43408,27;202621500211302880002;26/06/2026 00:00:00;43408,27;33903900;OUTROS SERVICOS DE TERCEIROS - PESSOA JURIDICA;06912461000117;SECRETARIA MUNICIPAL DE SAUDE;0,00;SECRETARIA MUNICIPAL DE SAUDE                                                                                                                                                                                                                                ;SAUDE - 10;ASSISTENCIA HOSPITALAR E AMBULATORIAL - 302;TRANSFERENCIA DE RECURSOS DO SISTEMA UNICO DE SAUDE - SUS - BLOCO DE MANUTENCAO DAS ACOES E SERVICOS PUBLICOS DE SAUDE - 107;CLINICA CIRURGICA DIGESTIVA E OBESIDADE LTDA;DESPESA COM CONTRATO NR. 739/2023 PARA A EXECUCAO DE SERVICOS MEDICOS DE ASSISTENCIA A SAUDE AMBULATORIAL (HOSPITALAR) E/OU APOIO DIAGNOSTICO TERAPEUTICO PARA ATENDIMENTO DOS USUARIOS DO SUS                                      REFERENCIA: COMPETENCIAS 04/2026, 05/2026 E 06/2026, VALORES ESTIMADOS E PAGAMENTOS ADMINISTRATIVOS/INCENTIVOS(01.2026 A 10.2026)                       .                                                                           VALOR EMPENHADO DE 06/2026 A 08/2026 COM MENSAIS DE:............107.226,89  VALOR TOTAL:....................................................321.680,67  .                                                                           64 - TRANSFERENCIAS DE RECURSOS DO SUS - ATENCAO ESPECIALIZADA              SOLICITACAO FINANCEIRA: 183645/2026                                         ;Inexigibilidade de Licitação;000000052023
20262150021130288;18/06/2026 00:00:00;321680,67;0192902026;23/07/2026 00:00:00;69083,31;202621500211302880003;23/07/2026 00:00:00;69083,31;33903900;OUTROS SERVICOS DE TERCEIROS - PESSOA JURIDICA;06912461000117;SECRETARIA MUNICIPAL DE SAUDE;0,00;SECRETARIA MUNICIPAL DE SAUDE                                                                                                                                                                                                                                ;SAUDE - 10;ASSISTENCIA HOSPITALAR E AMBULATORIAL - 302;TRANSFERENCIA DE RECURSOS DO SISTEMA UNICO DE SAUDE - SUS - BLOCO DE MANUTENCAO DAS ACOES E SERVICOS PUBLICOS DE SAUDE - 107;CLINICA CIRURGICA DIGESTIVA E OBESIDADE LTDA;DESPESA COM CONTRATO NR. 739/2023 PARA A EXECUCAO DE SERVICOS MEDICOS DE ASSISTENCIA A SAUDE AMBULATORIAL (HOSPITALAR) E/OU APOIO DIAGNOSTICO TERAPEUTICO PARA ATENDIMENTO DOS USUARIOS DO SUS                                      REFERENCIA: COMPETENCIAS 04/2026, 05/2026 E 06/2026, VALORES ESTIMADOS E PAGAMENTOS ADMINISTRATIVOS/INCENTIVOS(01.2026 A 10.2026)                       .                                                                           VALOR EMPENHADO DE 06/2026 A 08/2026 COM MENSAIS DE:............107.226,89  VALOR TOTAL:....................................................321.680,67  .                                                                           64 - TRANSFERENCIAS DE RECURSOS DO SUS - ATENCAO ESPECIALIZADA              SOLICITACAO FINANCEIRA: 183645/2026                                         ;Inexigibilidade de Licitação;000000052023
20262150021130289;18/06/2026 00:00:00;89639,79;0159932026;19/06/2026 00:00:00;22409,95;202621500211302890001;19/06/2026 00:00:00;22409,95;33903900;OUTROS SERVICOS DE TERCEIROS - PESSOA JURIDICA;03877107000100;SECRETARIA MUNICIPAL DE SAUDE;0,00;SECRETARIA MUNICIPAL DE SAUDE                                                                                                                                                                                                                                ;SAUDE - 10;ASSISTENCIA HOSPITALAR E AMBULATORIAL - 302;TRANSFERENCIA DE RECURSOS DO SISTEMA UNICO DE SAUDE - SUS - BLOCO DE MANUTENCAO DAS ACOES E SERVICOS PUBLICOS DE SAUDE - 107;CADI LABORATORIO AVICENNA DE DIAGNOSTICOS LTDA;SOLICITACAO FINANCEIRA: 183638/2026                                         64 - TRANSFERENCIAS DE RECURSOS DO SUS - ATENCAO ESPECIALIZADA              .                                                                           VALOR TOTAL:.....................................................89.639,79  VALOR EMPENHADO DE 06/2026 A 08/2026 COM MENSAIS DE:.............29.879,93  .                                                                           AMENTOS ADMINISTRATIVOS/INCENTIVOS(01.2026 A 10.2026) / SCC: 515265-1       REFERENCIA: COMPETENCIAS 04/2026, 05/2026 E 06/2026, VALORES ESTIMADOS E PAGO PARA ATENDIMENTO DOS USUARIOS DO SUS                                      ISTENCIA A SAUDE AMBULATORIAL (HOSPITALAR) E/OU APOIO DIAGNOSTICO TERAPEUTICDESPESA COM CONTRATO NR. 779/2020 PARA A EXECUCAO DE SERVICOS MEDICOS DE ASS;Inexigibilidade de Licitação;000069312020
20262150021130290;18/06/2026 00:00:00;193335,51;0159912026;19/06/2026 00:00:00;48333,88;202621500211302900001;19/06/2026 00:00:00;48333,88;33903900;OUTROS SERVICOS DE TERCEIROS - PESSOA JURIDICA;26696633000170;SECRETARIA MUNICIPAL DE SAUDE;0,00;SECRETARIA MUNICIPAL DE SAUDE                                                                                                                                                                                                                                ;SAUDE - 10;ASSISTENCIA HOSPITALAR E AMBULATORIAL - 302;TRANSFERENCIA DE RECURSOS DO SISTEMA UNICO DE SAUDE - SUS - BLOCO DE MANUTENCAO DAS ACOES E SERVICOS PUBLICOS DE SAUDE - 107;CENTRO TECNOLOGICO DE ANALISES E PESQUISAS CLINICAS LTDA;DESPESA COM CONTRATO NR. 936/2020 PARA A EXECUCAO DE SERVICOS MEDICOS DE ASSISTENCIA A SAUDE AMBULATORIAL (HOSPITALAR) E/OU APOIO DIAGNOSTICO TERAPEUTICO PARA ATENDIMENTO DOS USUARIOS DO SUS                                      REFERENCIA: COMPETENCIAS 04/2026, 05/2026 E 06/2026, VALORES ESTIMADOS E PAGAMENTOS ADMINISTRATIVOS/INCENTIVOS(01.2026 A 10.2026) / SCC: 518515         .                                                                           VALOR EMPENHADO DE 06/2026 A 08/2026 COM MENSAIS DE:.............64.445,17  VALOR TOTAL:....................................................193.335,51  .                                                                           64 - TRANSFERENCIAS DE RECURSOS DO SUS - ATENCAO ESPECIALIZADA              SOLICITACAO FINANCEIRA: 183643/2026                                         ;Inexigibilidade de Licitação;000068722020
20262150021130291;18/06/2026 00:00:00;122876,49;;;0,00;;;0,00;33903900;OUTROS SERVICOS DE TERCEIROS - PESSOA JURIDICA;01567601000143;SECRETARIA MUNICIPAL DE SAUDE;0,00;SECRETARIA MUNICIPAL DE SAUDE                                                                                                                                                                                                                                ;SAUDE - 10;ASSISTENCIA HOSPITALAR E AMBULATORIAL - 302;TRANSFERENCIA DE RECURSOS DO SISTEMA UNICO DE SAUDE - SUS - BLOCO DE MANUTENCAO DAS ACOES E SERVICOS PUBLICOS DE SAUDE - 107;UNIVERSIDADE FEDERAL DE GOIAS;DESPESA COM CONVENIO NR. 002/2021 PARA A EXECUCAO DE SERVICOS MEDICOS DE ASSISTENCIA A SAUDE AMBULATORIAL (HOSPITALAR) E/OU APOIO DIAGNOSTICO TERAPEUTICO PARA ATENDIMENTO DOS USUARIOS DO SUS                                      REFERENCIA: COMPETENCIAS 04/2026, 05/2026 E 06/2026, VALORES ESTIMADOS E PAGAMENTOS ADMINISTRATIVOS/INCENTIVOS(01.2026 A 10.2026)                       .                                                                           VALOR EMPENHADO DE 06/2026 A 08/2026 COM MENSAIS DE:.............40.958,83  VALOR TOTAL:....................................................122.876,49  .                                                                           64 - TRANSFERENCIAS DE RECURSOS DO SUS - ATENCAO ESPECIALIZADA              SOLICITACAO FINANCEIRA: 183648/2026                                         ;Inexigibilidade de Licitação;000025752020
20262150021130292;18/06/2026 00:00:00;152955,24;;;0,00;;;0,00;33903900;OUTROS SERVICOS DE TERCEIROS - PESSOA JURIDICA;01082973000180;SECRETARIA MUNICIPAL DE SAUDE;0,00;SECRETARIA MUNICIPAL DE SAUDE                                                                                                                                                                                                                                ;SAUDE - 10;ASSISTENCIA HOSPITALAR E AMBULATORIAL - 302;TRANSFERENCIA DE RECURSOS DO SISTEMA UNICO DE SAUDE - SUS - BLOCO DE MANUTENCAO DAS ACOES E SERVICOS PUBLICOS DE SAUDE - 107;LABORATORIO SALUTI LTDA;DESPESA COM CONTRATO NR. 747/2020 PARA A EXECUCAO DE SERVICOS MEDICOS DE ASSISTENCIA A SAUDE AMBULATORIAL (HOSPITALAR) E/OU APOIO DIAGNOSTICO TERAPEUTICO PARA ATENDIMENTO DOS USUARIOS DO SUS                                      REFERENCIA: COMPETENCIAS 01/2026, 02/2026 E 03/2026, VALORES ESTIMADOS E PAGAMENTOS ADMINISTRATIVOS/INCENTIVOS(01.2026 A 10.2026) / SCC: 514056-1       .                                                                           VALOR EMPENHADO DE 06/2026 A 08/2026 COM MENSAIS DE:.............50.985,08  VALOR TOTAL:....................................................152.955,24  .                                                                           64 - TRANSFERENCIAS DE RECURSOS DO SUS - ATENCAO ESPECIALIZADA              SOLICITACAO FINANCEIRA: 183651/2026                                         ;Inexigibilidade de Licitação;000000052020
20262150021130293;18/06/2026 00:00:00;379389,00;;;0,00;;;0,00;33903900;OUTROS SERVICOS DE TERCEIROS - PESSOA JURIDICA;07488727000109;SECRETARIA MUNICIPAL DE SAUDE;0,00;SECRETARIA MUNICIPAL DE SAUDE                                                                                                                                                                                                                                ;SAUDE - 10;ASSISTENCIA HOSPITALAR E AMBULATORIAL - 302;TRANSFERENCIA DE RECURSOS DO SISTEMA UNICO DE SAUDE - SUS - BLOCO DE MANUTENCAO DAS ACOES E SERVICOS PUBLICOS DE SAUDE - 107;NEUROCENTRO SERVICOS MEDICOS E CLINICOS LTDA;DESPESA COM CONTRATO NR. 741/2020 PARA A EXECUCAO DE SERVICOS MEDICOS DE ASSISTENCIA A SAUDE AMBULATORIAL (HOSPITALAR) E/OU APOIO DIAGNOSTICO TERAPEUTICO PARA ATENDIMENTO DOS USUARIOS DO SUS                                      REFERENCIA: COMPETENCIAS 04/2026, 05/2026 E 06/2026, VALORES ESTIMADOS E PAGAMENTOS ADMINISTRATIVOS/INCENTIVOS(01.2026 A 10.2026) / SCC: 513998-1       .                                                                           VALOR EMPENHADO DE 06/2026 A 08/2026 COM MENSAIS DE:............126.463,00  VALOR TOTAL:....................................................379.389,00  .                                                                           64 - TRANSFERENCIAS DE RECURSOS DO SUS - ATENCAO ESPECIALIZADA              SOLICITACAO FINANCEIRA: 183660/2026                                         ;Inexigibilidade de Licitação;000062652020
20262150021130294;18/06/2026 00:00:00;238595,55;0158332026;19/06/2026 00:00:00;59648,89;202621500211302940001;19/06/2026 00:00:00;59648,89;33903900;OUTROS SERVICOS DE TERCEIROS - PESSOA JURIDICA;11543844000103;SECRETARIA MUNICIPAL DE SAUDE;0,00;SECRETARIA MUNICIPAL DE SAUDE                                                                                                                                                                                                                                ;SAUDE - 10;ASSISTENCIA HOSPITALAR E AMBULATORIAL - 302;TRANSFERENCIA DE RECURSOS DO SISTEMA UNICO DE SAUDE - SUS - BLOCO DE MANUTENCAO DAS ACOES E SERVICOS PUBLICOS DE SAUDE - 107;NEUROFISIOLOGIA CLINICA AVANCADA LTDA;DESPESA COM CONTRATO NR. 654/2020 PARA A EXECUCAO DE SERVICOS MEDICOS DE ASSISTENCIA A SAUDE AMBULATORIAL (HOSPITALAR) E/OU APOIO DIAGNOSTICO TERAPEUTICO PARA ATENDIMENTO DOS USUARIOS DO SUS                                      REFERENCIA: COMPETENCIAS 04/2026, 05/2026 E 06/2026, VALORES ESTIMADOS E PAGAMENTOS ADMINISTRATIVOS/INCENTIVOS(01.2026 A 10.2026) / SCC: 513645-1       .                                                                           VALOR EMPENHADO DE 06/2026 A 08/2026 COM MENSAIS DE:.............79.531,85  VALOR TOTAL:....................................................238.595,55  .                                                                           64 - TRANSFERENCIAS DE RECURSOS DO SUS - ATENCAO ESPECIALIZADA              SOLICITACAO FINANCEIRA: 183653/2026                                         ;Inexigibilidade de Licitação;000000052020
20262150021130295;18/06/2026 00:00:00;16884,99;;;0,00;;;0,00;33903900;OUTROS SERVICOS DE TERCEIROS - PESSOA JURIDICA;05933252000197;SECRETARIA MUNICIPAL DE SAUDE;0,00;SECRETARIA MUNICIPAL DE SAUDE                                                                                                                                                                                                                                ;SAUDE - 10;ASSISTENCIA HOSPITALAR E AMBULATORIAL - 302;TRANSFERENCIA DE RECURSOS DO SISTEMA UNICO DE SAUDE - SUS - BLOCO DE MANUTENCAO DAS ACOES E SERVICOS PUBLICOS DE SAUDE - 107;NOMURA E NOMURA LTDA;DESPESA COM CONTRATO NR. 770/2020 PARA A EXECUCAO DE SERVICOS MEDICOS DE ASSISTENCIA A SAUDE AMBULATORIAL (HOSPITALAR) E/OU APOIO DIAGNOSTICO TERAPEUTICO PARA ATENDIMENTO DOS USUARIOS DO SUS                                      REFERENCIA: COMPETENCIAS 04/2026, 05/2026 E 06/2026, VALORES ESTIMADOS E PAGAMENTOS ADMINISTRATIVOS/INCENTIVOS(01.2026 A 10.2026) / SCC: 515176         .                                                                           VALOR EMPENHADO DE 06/2026 A 08/2026 COM MENSAIS DE:..............5.628,33  VALOR TOTAL:.....................................................16.884,99  .                                                                           64 - TRANSFERENCIAS DE RECURSOS DO SUS - ATENCAO ESPECIALIZADA              SOLICITACAO FINANCEIRA: 183652/2026                                         ;Inexigibilidade de Licitação;000062732020
20262150021130296;18/06/2026 00:00:00;310990,05;0158352026;19/06/2026 00:00:00;77747,51;202621500211302960001;19/06/2026 00:00:00;77747,51;33903900;OUTROS SERVICOS DE TERCEIROS - PESSOA JURIDICA;02732571000146;SECRETARIA MUNICIPAL DE SAUDE;0,00;SECRETARIA MUNICIPAL DE SAUDE                                                                                                                                                                                                                                ;SAUDE - 10;ASSISTENCIA HOSPITALAR E AMBULATORIAL - 302;TRANSFERENCIA DE RECURSOS DO SISTEMA UNICO DE SAUDE - SUS - BLOCO DE MANUTENCAO DAS ACOES E SERVICOS PUBLICOS DE SAUDE - 107;CEMED CENTRO MEDICO SS LTDA;DESPESA COM CONTRATO NR. 015/2024 PARA A EXECUCAO DE SERVICOS MEDICOS DE ASSISTENCIA A SAUDE AMBULATORIAL (HOSPITALAR) E/OU APOIO DIAGNOSTICO TERAPEUTICO PARA ATENDIMENTO DOS USUARIOS DO SUS                                      REFERENCIA: COMPETENCIAS 04/2026, 05/2026 E 06/2026, VALORES ESTIMADOS E PAGAMENTOS ADMINISTRATIVOS/INCENTIVOS(01.2026 A 10.2026)                       .                                                                           VALOR EMPENHADO DE 06/2026 A 08/2026 COM MENSAIS DE:............103.663,35  VALOR TOTAL:....................................................310.990,05  .                                                                           64 - TRANSFERENCIAS DE RECURSOS DO SUS - ATENCAO ESPECIALIZADA              SOLICITACAO FINANCEIRA: 183639/2026                                         ;Inexigibilidade de Licitação;000000052020
20262150021130297;18/06/2026 00:00:00;95178,75;0192762026;23/07/2026 00:00:00;27492,14;202621500211302970001;23/07/2026 00:00:00;27492,14;33903900;OUTROS SERVICOS DE TERCEIROS - PESSOA JURIDICA;37005725000182;SECRETARIA MUNICIPAL DE SAUDE;0,00;SECRETARIA MUNICIPAL DE SAUDE                                                                                                                                                                                                                                ;SAUDE - 10;ASSISTENCIA HOSPITALAR E AMBULATORIAL - 302;TRANSFERENCIA DE RECURSOS DO SISTEMA UNICO DE SAUDE - SUS - BLOCO DE MANUTENCAO DAS ACOES E SERVICOS PUBLICOS DE SAUDE - 107;CLINICA MEDICA SAO LUIS LTDA;DESPESA COM CONTRATO NR. 1.576/2021 PARA A EXECUCAO DE SERVICOS MEDICOS DE  ASSISTENCIA A SAUDE AMBULATORIAL (HOSPITALAR) E/OU APOIO DIAGNOSTICO TERAPEUTICO PARA ATENDIMENTO DOS USUARIOS DO SUS                                   REFERENCIA: COMPETENCIAS 04/2026, 05/2026 E 06/2026, VALORES ESTIMADOS E PAGAMENTOS ADMINISTRATIVOS/INCENTIVOS(01.2026 A 10.2026)                       .                                                                           VALOR EMPENHADO DE 06/2026 A 08/2026 COM MENSAIS DE:.............31.726,25  VALOR TOTAL:.....................................................95.178,75  .                                                                           64 - TRANSFERENCIAS DE RECURSOS DO SUS - ATENCAO ESPECIALIZADA              SOLICITACAO FINANCEIRA: 183646/2026                                         ;Inexigibilidade de Licitação;000000052020
20262150021130298;18/06/2026 00:00:00;403104,96;0161872026;23/06/2026 00:00:00;100776,24;202621500211302980001;24/06/2026 00:00:00;100776,24;33903900;OUTROS SERVICOS DE TERCEIROS - PESSOA JURIDICA;04586133000142;SECRETARIA MUNICIPAL DE SAUDE;0,00;SECRETARIA MUNICIPAL DE SAUDE                                                                                                                                                                                                                                ;SAUDE - 10;ASSISTENCIA HOSPITALAR E AMBULATORIAL - 302;TRANSFERENCIA DE RECURSOS DO SISTEMA UNICO DE SAUDE - SUS - BLOCO DE MANUTENCAO DAS ACOES E SERVICOS PUBLICOS DE SAUDE - 107;LUMINA DIAGNOSTICO POR IMAGEM LTDA - ME;DESPESA COM CONTRATO NR. 020/2024 PARA A EXECUCAO DE SERVICOS MEDICOS DE ASSISTENCIA A SAUDE AMBULATORIAL (HOSPITALAR) E/OU APOIO DIAGNOSTICO TERAPEUTICO PARA ATENDIMENTO DOS USUARIOS DO SUS                                      REFERENCIA: COMPETENCIAS 04/2026, 05/2026 E 06/2026, VALORES ESTIMADOS E PAGAMENTOS ADMINISTRATIVOS/INCENTIVOS(01.2026 A 10.2026)                       .                                                                           VALOR EMPENHADO DE 06/2026 A 08/2026 COM MENSAIS DE:............134.368,32  VALOR TOTAL:....................................................403.104,96  .                                                                           64 - TRANSFERENCIAS DE RECURSOS DO SUS - ATENCAO ESPECIALIZADA              SOLICITACAO FINANCEIRA: 183661/2026                                         ;Inexigibilidade de Licitação;000000052020
20262150021130299;18/06/2026 00:00:00;376499,28;;;0,00;;;0,00;33903900;OUTROS SERVICOS DE TERCEIROS - PESSOA JURIDICA;33361486000142;SECRETARIA MUNICIPAL DE SAUDE;0,00;SECRETARIA MUNICIPAL DE SAUDE                                                                                                                                                                                                                                ;SAUDE - 10;ASSISTENCIA HOSPITALAR E AMBULATORIAL - 302;TRANSFERENCIA DE RECURSOS DO SISTEMA UNICO DE SAUDE - SUS - BLOCO DE MANUTENCAO DAS ACOES E SERVICOS PUBLICOS DE SAUDE - 107;LABORATORIO DE CITOPATOLOGIA E PATOLOGIA DE GOIANIA LTDA;SOLICITACAO FINANCEIRA: 183659/2026                                         64 - TRANSFERENCIAS DE RECURSOS DO SUS - ATENCAO ESPECIALIZADA              .                                                                           VALOR TOTAL:....................................................376.499,28  VALOR EMPENHADO DE 06/2026 A 08/2026 COM MENSAIS DE:............125.499,76  .                                                                           AMENTOS ADMINISTRATIVOS/INCENTIVOS(01.2026 A 10.2026)                       REFERENCIA: COMPETENCIAS 04/2026, 05/2026 E 06/2026, VALORES ESTIMADOS E PAGO PARA ATENDIMENTO DOS USUARIOS DO SUS                                      ISTENCIA A SAUDE AMBULATORIAL (HOSPITALAR) E/OU APOIO DIAGNOSTICO TERAPEUTICDESPESA COM CONTRATO NR. 212/2024 PARA A EXECUCAO DE SERVICOS MEDICOS DE ASS;Inexigibilidade de Licitação;000000052020
20262150021130300;18/06/2026 00:00:00;107280,00;0162162026;24/06/2026 00:00:00;26820,00;202621500211303000001;24/06/2026 00:00:00;26820,00;33903900;OUTROS SERVICOS DE TERCEIROS - PESSOA JURIDICA;00828905000154;SECRETARIA MUNICIPAL DE SAUDE;0,00;SECRETARIA MUNICIPAL DE SAUDE                                                                                                                                                                                                                                ;SAUDE - 10;ASSISTENCIA HOSPITALAR E AMBULATORIAL - 302;TRANSFERENCIA DE RECURSOS DO SISTEMA UNICO DE SAUDE - SUS - BLOCO DE MANUTENCAO DAS ACOES E SERVICOS PUBLICOS DE SAUDE - 107;HOSPITAL MEMORIAL BATISTA DO CENTENARIO;AMENTOS ADMINISTRATIVOS/INCENTIVOS(01.2026 A 10.2026) / SCC: 514021-1       .                                                                           VALOR EMPENHADO DE 06/2026 A 08/2026 COM MENSAIS DE:.............35.760,00  VALOR TOTAL:....................................................107.280,00  .                                                                           64 - TRANSFERENCIAS DE RECURSOS DO SUS - ATENCAO ESPECIALIZADA              SOLICITACAO FINANCEIRA: 183647/2026                                         REFERENCIA: COMPETENCIAS 04/2026, 05/2026 E 06/2026, VALORES ESTIMADOS E PAGO PARA ATENDIMENTO DOS USUARIOS DO SUS                                      ISTENCIA A SAUDE AMBULATORIAL (HOSPITALAR) E/OU APOIO DIAGNOSTICO TERAPEUTICDESPESA COM CONTRATO NR. 744/2020 PARA A EXECUCAO DE SERVICOS MEDICOS DE ASS;Inexigibilidade de Licitação;000063392020
20262150021130301;18/06/2026 00:00:00;207344,73;0158372026;19/06/2026 00:00:00;95352,72;202621500211303010001;19/06/2026 00:00:00;95352,72;33903900;OUTROS SERVICOS DE TERCEIROS - PESSOA JURIDICA;21870088000172;SECRETARIA MUNICIPAL DE SAUDE;101524,41;SECRETARIA MUNICIPAL DE SAUDE                                                                                                                                                                                                                                ;SAUDE - 10;ASSISTENCIA HOSPITALAR E AMBULATORIAL - 302;TRANSFERENCIA DE RECURSOS DO SISTEMA UNICO DE SAUDE - SUS - BLOCO DE MANUTENCAO DAS ACOES E SERVICOS PUBLICOS DE SAUDE - 107;ATICA CLINICA MEDICA LTDA - ME;DESPESA COM CONTRATO NR. 256/2023 PARA A EXECUCAO DE SERVICOS MEDICOS DE ASSISTENCIA A SAUDE AMBULATORIAL (HOSPITALAR) E/OU APOIO DIAGNOSTICO TERAPEUTICO PARA ATENDIMENTO DOS USUARIOS DO SUS                                      REFERENCIA: COMPETENCIAS 04/2026, 05/2026 E 06/2026, VALORES ESTIMADOS E PAGAMENTOS ADMINISTRATIVOS/INCENTIVOS(01.2026 A 10.2026)                       .                                                                           VALOR EMPENHADO DE 06/2026  COM MENSAL DE:.......................95.352,72  VALOR EMPENHADO DE 07/2026  COM MENSAL DE:......................111.992,01  VALOR TOTAL:....................................................207.344,73  .                                                                           64 - TRANSFERENCIAS DE RECURSOS DO SUS - ATENCAO ESPECIALIZADA              SOLICITACAO FINANCEIRA: 183637/2026                                         ;Inexigibilidade de Licitação;000000052020
20262150021130301;18/06/2026 00:00:00;207344,73;0164262026;25/06/2026 00:00:00;10467,60;202621500211303010002;26/06/2026 00:00:00;10467,60;33903900;OUTROS SERVICOS DE TERCEIROS - PESSOA JURIDICA;21870088000172;SECRETARIA MUNICIPAL DE SAUDE;101524,41;SECRETARIA MUNICIPAL DE SAUDE                                                                                                                                                                                                                                ;SAUDE - 10;ASSISTENCIA HOSPITALAR E AMBULATORIAL - 302;TRANSFERENCIA DE RECURSOS DO SISTEMA UNICO DE SAUDE - SUS - BLOCO DE MANUTENCAO DAS ACOES E SERVICOS PUBLICOS DE SAUDE - 107;ATICA CLINICA MEDICA LTDA - ME;DESPESA COM CONTRATO NR. 256/2023 PARA A EXECUCAO DE SERVICOS MEDICOS DE ASSISTENCIA A SAUDE AMBULATORIAL (HOSPITALAR) E/OU APOIO DIAGNOSTICO TERAPEUTICO PARA ATENDIMENTO DOS USUARIOS DO SUS                                      REFERENCIA: COMPETENCIAS 04/2026, 05/2026 E 06/2026, VALORES ESTIMADOS E PAGAMENTOS ADMINISTRATIVOS/INCENTIVOS(01.2026 A 10.2026)                       .                                                                           VALOR EMPENHADO DE 06/2026  COM MENSAL DE:.......................95.352,72  VALOR EMPENHADO DE 07/2026  COM MENSAL DE:......................111.992,01  VALOR TOTAL:....................................................207.344,73  .                                                                           64 - TRANSFERENCIAS DE RECURSOS DO SUS - ATENCAO ESPECIALIZADA              SOLICITACAO FINANCEIRA: 183637/2026                                         ;Inexigibilidade de Licitação;000000052020
20262150021130302;18/06/2026 00:00:00;269589,93;;;0,00;;;0,00;33903900;OUTROS SERVICOS DE TERCEIROS - PESSOA JURIDICA;01551502000173;SECRETARIA MUNICIPAL DE SAUDE;0,00;SECRETARIA MUNICIPAL DE SAUDE                                                                                                                                                                                                                                ;SAUDE - 10;ASSISTENCIA HOSPITALAR E AMBULATORIAL - 302;TRANSFERENCIA DE RECURSOS DO SISTEMA UNICO DE SAUDE - SUS - BLOCO DE MANUTENCAO DAS ACOES E SERVICOS PUBLICOS DE SAUDE - 107;PULMONAR CLINICA DO APARELHO RESPIRATORIO S/C LTDA;DESPESA COM CONTRATO NR. 484/2023 PARA A EXECUCAO DE SERVICOS MEDICOS DE ASSISTENCIA A SAUDE AMBULATORIAL (HOSPITALAR) E/OU APOIO DIAGNOSTICO TERAPEUTICO PARA ATENDIMENTO DOS USUARIOS DO SUS                                      REFERENCIA: COMPETENCIAS 04/2026, 05/2026 E 06/2026, VALORES ESTIMADOS E PAGAMENTOS ADMINISTRATIVOS/INCENTIVOS(01.2026 A 10.2026)                       .                                                                           VALOR EMPENHADO DE 06/2026 A 08/2026 COM MENSAIS DE:.............89.863,31  VALOR TOTAL:....................................................269.589,93  .                                                                           64 - TRANSFERENCIAS DE RECURSOS DO SUS - ATENCAO ESPECIALIZADA              SOLICITACAO FINANCEIRA: 183662/2026                                         ;Inexigibilidade de Licitação;000000052020
20262150021130304;19/06/2026 00:00:00;1108752,27;;;0,00;;;0,00;33903900;OUTROS SERVICOS DE TERCEIROS - PESSOA JURIDICA;03757265000127;SECRETARIA MUNICIPAL DE SAUDE;0,00;SECRETARIA MUNICIPAL DE SAUDE                                                                                                                                                                                                                                ;SAUDE - 10;ASSISTENCIA HOSPITALAR E AMBULATORIAL - 302;TRANSFERENCIA DE RECURSOS DO SISTEMA UNICO DE SAUDE - SUS - BLOCO DE MANUTENCAO DAS ACOES E SERVICOS PUBLICOS DE SAUDE - 107;CENTRO CARDIOLOGICO DE GOIAS EIRELI ME;DESPESA COM CONTRATO NR. 257/2023 PARA A EXECUCAO DE SERVICOS MEDICOS DE ASSISTENCIA A SAUDE AMBULATORIAL (HOSPITALAR) E/OU APOIO DIAGNOSTICO TERAPEUTICO PARA ATENDIMENTO DOS USUÁRIOS DO SUS                                      REFERENCIA: COMPETENCIAS 04/2026, 05/2026 E 06/2026, VALORES ESTIMADOS E PAGAMENTOS ADMINISTRATIVOS/INCENTIVOS(01.2026 A 10.2026)                       .                                                                           VALOR EMPENHADO DE 06/2026 A 08/2026 COM MENSAIS DE:............369.584,09  VALOR TOTAL:..................................................1.108.752,27  .                                                                           64 - TRANSFERENCIAS DE RECURSOS DO SUS - ATENCAO ESPECIALIZADA              SOLICITACAO FINANCEIRA: 183641/2026                                         ;Inexigibilidade de Licitação;000000052020
20262150021130305;19/06/2026 00:00:00;873220,65;0158982026;19/06/2026 00:00:00;218305,16;202621500211303050001;19/06/2026 00:00:00;218305,16;33903900;OUTROS SERVICOS DE TERCEIROS - PESSOA JURIDICA;02081131000176;SECRETARIA MUNICIPAL DE SAUDE;0,00;SECRETARIA MUNICIPAL DE SAUDE                                                                                                                                                                                                                                ;SAUDE - 10;ASSISTENCIA HOSPITALAR E AMBULATORIAL - 302;TRANSFERENCIA DE RECURSOS DO SISTEMA UNICO DE SAUDE - SUS - BLOCO DE MANUTENCAO DAS ACOES E SERVICOS PUBLICOS DE SAUDE - 107;LABORATORIO BARROS TERRA LTDA E OUTROS;DESPESA COM CONTRATO NR. 1.103/2023 PARA A EXECUCAO DE SERVICOS MEDICOS DE  ASSISTENCIA A SAUDE AMBULATORIAL (HOSPITALAR) E/OU APOIO DIAGNOSTICO TERAPEUTICO PARA ATENDIMENTO DOS USUARIOS DO SUS                                   REFERENCIA: COMPETENCIAS 04/2026, 05/2026 E 06/2026, VALORES ESTIMADOS E PAGAMENTOS ADMINISTRATIVOS/INCENTIVOS(01.2026 A 10.2026)                       .                                                                           VALOR EMPENHADO DE 06/2026 A 08/2026 COM MENSAIS DE:............291.073,55  VALOR TOTAL:....................................................873.220,65  .                                                                           64 - TRANSFERENCIAS DE RECURSOS DO SUS - ATENCAO ESPECIALIZADA              SOLICITACAO FINANCEIRA: 183668/2026                                         ;Inexigibilidade de Licitação;000039632023
20262150021130306;19/06/2026 00:00:00;759474,48;0161282026;23/06/2026 00:00:00;189868,62;202621500211303060001;23/06/2026 00:00:00;189868,62;33903900;OUTROS SERVICOS DE TERCEIROS - PESSOA JURIDICA;01587609000686;SECRETARIA MUNICIPAL DE SAUDE;0,00;SECRETARIA MUNICIPAL DE SAUDE                                                                                                                                                                                                                                ;SAUDE - 10;ASSISTENCIA HOSPITALAR E AMBULATORIAL - 302;TRANSFERENCIA DE RECURSOS DO SISTEMA UNICO DE SAUDE - SUS - BLOCO DE MANUTENCAO DAS ACOES E SERVICOS PUBLICOS DE SAUDE - 107;SOCIEDADE GOIANA DE CULTURA;DESPESA COM CONTRATO NR. 105/2024 PARA A EXECUCAO DE SERVICOS MEDICOS DE ASSISTENCIA A SAUDE AMBULATORIAL (HOSPITALAR) E/OU APOIO DIAGNOSTICO TERAPEUTICO PARA ATENDIMENTO DOS USUARIOS DO SUS                                      REFERENCIA: COMPETENCIAS 04/2026, 05/2026 E 06/2026, VALORES ESTIMADOS E PAGAMENTOS ADMINISTRATIVOS/INCENTIVOS(01.2026 A 10.2026)                       .                                                                           VALOR EMPENHADO DE 06/2026 A 08/2026 COM MENSAIS DE:............253.158,16  VALOR TOTAL:....................................................759.474,48  .                                                                           64 - TRANSFERENCIAS DE RECURSOS DO SUS - ATENCAO ESPECIALIZADA              SOLICITACAO FINANCEIRA: 183669/2026                                         ;Inexigibilidade de Licitação;000000052020
20262150021130307;19/06/2026 00:00:00;344224,80;0160882026;22/06/2026 00:00:00;86056,20;202621500211303070001;23/06/2026 00:00:00;86056,20;33903900;OUTROS SERVICOS DE TERCEIROS - PESSOA JURIDICA;06337035000105;SECRETARIA MUNICIPAL DE SAUDE;0,00;SECRETARIA MUNICIPAL DE SAUDE                                                                                                                                                                                                                                ;SAUDE - 10;ASSISTENCIA HOSPITALAR E AMBULATORIAL - 302;TRANSFERENCIA DE RECURSOS DO SISTEMA UNICO DE SAUDE - SUS - BLOCO DE MANUTENCAO DAS ACOES E SERVICOS PUBLICOS DE SAUDE - 107;HONCORD  HEMATOLOGIA ONCOLOGIA E CONGELAMENTO DE CELULASTRON;DESPESA COM CONTRATO NR. 1.102/2020 PARA A EXECUCAO DE SERVICOS MEDICOS DE  ASSISTENCIA A SAUDE AMBULATORIAL (HOSPITALAR) E/OU APOIO DIAGNOSTICO TERAPEUTICO PARA ATENDIMENTO DOS USUARIOS DO SUS                                   REFERENCIA: COMPETENCIAS 04/2026, 05/2026 E 06/2026, VALORES ESTIMADOS E PAGAMENTOS ADMINISTRATIVOS/INCENTIVOS(01.2026 A 10.2026) / SCC 523209-1        .                                                                           VALOR EMPENHADO DE 06/2026 A 08/2026 COM MENSAIS DE:............114.741,60  VALOR TOTAL:....................................................344.224,80  .                                                                           64 - TRANSFERENCIAS DE RECURSOS DO SUS - ATENCAO ESPECIALIZADA              SOLICITACAO FINANCEIRA: 183658/2026                                         ;Inexigibilidade de Licitação;000075452020
20262150021130307;19/06/2026 00:00:00;344224,80;0192862026;23/07/2026 00:00:00;102768,50;202621500211303070002;23/07/2026 00:00:00;102768,50;33903900;OUTROS SERVICOS DE TERCEIROS - PESSOA JURIDICA;06337035000105;SECRETARIA MUNICIPAL DE SAUDE;0,00;SECRETARIA MUNICIPAL DE SAUDE                                                                                                                                                                                                                                ;SAUDE - 10;ASSISTENCIA HOSPITALAR E AMBULATORIAL - 302;TRANSFERENCIA DE RECURSOS DO SISTEMA UNICO DE SAUDE - SUS - BLOCO DE MANUTENCAO DAS ACOES E SERVICOS PUBLICOS DE SAUDE - 107;HONCORD  HEMATOLOGIA ONCOLOGIA E CONGELAMENTO DE CELULASTRON;DESPESA COM CONTRATO NR. 1.102/2020 PARA A EXECUCAO DE SERVICOS MEDICOS DE  ASSISTENCIA A SAUDE AMBULATORIAL (HOSPITALAR) E/OU APOIO DIAGNOSTICO TERAPEUTICO PARA ATENDIMENTO DOS USUARIOS DO SUS                                   REFERENCIA: COMPETENCIAS 04/2026, 05/2026 E 06/2026, VALORES ESTIMADOS E PAGAMENTOS ADMINISTRATIVOS/INCENTIVOS(01.2026 A 10.2026) / SCC 523209-1        .                                                                           VALOR EMPENHADO DE 06/2026 A 08/2026 COM MENSAIS DE:............114.741,60  VALOR TOTAL:....................................................344.224,80  .                                                                           64 - TRANSFERENCIAS DE RECURSOS DO SUS - ATENCAO ESPECIALIZADA              SOLICITACAO FINANCEIRA: 183658/2026                                         ;Inexigibilidade de Licitação;000075452020
20262150021130308;19/06/2026 00:00:00;357429,21;;;0,00;;;0,00;33903900;OUTROS SERVICOS DE TERCEIROS - PESSOA JURIDICA;24999864000127;SECRETARIA MUNICIPAL DE SAUDE;0,00;SECRETARIA MUNICIPAL DE SAUDE                                                                                                                                                                                                                                ;SAUDE - 10;ASSISTENCIA HOSPITALAR E AMBULATORIAL - 302;TRANSFERENCIA DE RECURSOS DO SISTEMA UNICO DE SAUDE - SUS - BLOCO DE MANUTENCAO DAS ACOES E SERVICOS PUBLICOS DE SAUDE - 107;CENTRO DE ANALISE CLINICA SAO MARCOS LTDA;DESPESA COM CONTRATO NR. 728/2023 PARA A EXECUCAO DE SERVICOS MEDICOS DE ASSISTENCIA A SAUDE AMBULATORIAL (HOSPITALAR) E/OU APOIO DIAGNOSTICO TERAPEUTICO PARA ATENDIMENTO DOS USUARIOS DO SUS                                      REFERENCIA: COMPETENCIAS 04/2026, 05/2026 E 06/2026, VALORES ESTIMADOS E PAGAMENTOS ADMINISTRATIVOS/INCENTIVOS(01.2026 A 10.2026)                       .                                                                           VALOR EMPENHADO DE 06/2026 A 08/2026 COM MENSAIS DE:............119.143,07  VALOR TOTAL:....................................................357.429,21  .                                                                           64 - TRANSFERENCIAS DE RECURSOS DO SUS - ATENCAO ESPECIALIZADA              SOLICITACAO FINANCEIRA: 183642/2026                                         ;Inexigibilidade de Licitação;000000052020
20262150021130309;19/06/2026 00:00:00;40172,43;0159302026;19/06/2026 00:00:00;10043,11;202621500211303090001;19/06/2026 00:00:00;10043,11;33903900;OUTROS SERVICOS DE TERCEIROS - PESSOA JURIDICA;07929079000189;SECRETARIA MUNICIPAL DE SAUDE;0,00;SECRETARIA MUNICIPAL DE SAUDE                                                                                                                                                                                                                                ;SAUDE - 10;ASSISTENCIA HOSPITALAR E AMBULATORIAL - 302;TRANSFERENCIA DE RECURSOS DO SISTEMA UNICO DE SAUDE - SUS - BLOCO DE MANUTENCAO DAS ACOES E SERVICOS PUBLICOS DE SAUDE - 107;AMTR ASSESSORIA MEDICA ESPECIALIZADA LTDA;DESPESA COM CONTRATO NR. 759/2020 PARA A EXECUCAO DE SERVICOS MEDICOS DE ASSISTENCIA A SAUDE AMBULATORIAL (HOSPITALAR) E/OU APOIO DIAGNOSTICO TERAPEUTICO PARA ATENDIMENTO DOS USUARIOS DO SUS                                      REFERENCIA: COMPETENCIAS 04/2026, 05/2026 E 06/2026, VALORES ESTIMADOS E PAGAMENTOS ADMINISTRATIVOS/INCENTIVOS (01.2026 A 10.2026) / SCC: 514676-1      .                                                                           VALOR EMPENHADO DE 06/2026 A 08/2026 COM MENSAIS DE:.............13.390,81  VALOR TOTAL:.....................................................40.172,43  .                                                                           64 - TRANSFERENCIAS DE RECURSOS DO SUS - ATENCAO ESPECIALIZADA              SOLICITACAO FINANCEIRA: 183634/2026                                         ;Inexigibilidade de Licitação;000063602020
20262150021130309;19/06/2026 00:00:00;40172,43;0186232026;16/07/2026 00:00:00;11042,82;202621500211303090002;17/07/2026 00:00:00;0,00;33903900;OUTROS SERVICOS DE TERCEIROS - PESSOA JURIDICA;07929079000189;SECRETARIA MUNICIPAL DE SAUDE;0,00;SECRETARIA MUNICIPAL DE SAUDE                                                                                                                                                                                                                                ;SAUDE - 10;ASSISTENCIA HOSPITALAR E AMBULATORIAL - 302;TRANSFERENCIA DE RECURSOS DO SISTEMA UNICO DE SAUDE - SUS - BLOCO DE MANUTENCAO DAS ACOES E SERVICOS PUBLICOS DE SAUDE - 107;AMTR ASSESSORIA MEDICA ESPECIALIZADA LTDA;DESPESA COM CONTRATO NR. 759/2020 PARA A EXECUCAO DE SERVICOS MEDICOS DE ASSISTENCIA A SAUDE AMBULATORIAL (HOSPITALAR) E/OU APOIO DIAGNOSTICO TERAPEUTICO PARA ATENDIMENTO DOS USUARIOS DO SUS                                      REFERENCIA: COMPETENCIAS 04/2026, 05/2026 E 06/2026, VALORES ESTIMADOS E PAGAMENTOS ADMINISTRATIVOS/INCENTIVOS (01.2026 A 10.2026) / SCC: 514676-1      .                                                                           VALOR EMPENHADO DE 06/2026 A 08/2026 COM MENSAIS DE:.............13.390,81  VALOR TOTAL:.....................................................40.172,43  .                                                                           64 - TRANSFERENCIAS DE RECURSOS DO SUS - ATENCAO ESPECIALIZADA              SOLICITACAO FINANCEIRA: 183634/2026                                         ;Inexigibilidade de Licitação;000063602020
20262150021130309;19/06/2026 00:00:00;40172,43;0186232026;16/07/2026 00:00:00;11042,82;202621500211303090003;21/07/2026 00:00:00;0,00;33903900;OUTROS SERVICOS DE TERCEIROS - PESSOA JURIDICA;07929079000189;SECRETARIA MUNICIPAL DE SAUDE;0,00;SECRETARIA MUNICIPAL DE SAUDE                                                                                                                                                                                                                                ;SAUDE - 10;ASSISTENCIA HOSPITALAR E AMBULATORIAL - 302;TRANSFERENCIA DE RECURSOS DO SISTEMA UNICO DE SAUDE - SUS - BLOCO DE MANUTENCAO DAS ACOES E SERVICOS PUBLICOS DE SAUDE - 107;AMTR ASSESSORIA MEDICA ESPECIALIZADA LTDA;DESPESA COM CONTRATO NR. 759/2020 PARA A EXECUCAO DE SERVICOS MEDICOS DE ASSISTENCIA A SAUDE AMBULATORIAL (HOSPITALAR) E/OU APOIO DIAGNOSTICO TERAPEUTICO PARA ATENDIMENTO DOS USUARIOS DO SUS                                      REFERENCIA: COMPETENCIAS 04/2026, 05/2026 E 06/2026, VALORES ESTIMADOS E PAGAMENTOS ADMINISTRATIVOS/INCENTIVOS (01.2026 A 10.2026) / SCC: 514676-1      .                                                                           VALOR EMPENHADO DE 06/2026 A 08/2026 COM MENSAIS DE:.............13.390,81  VALOR TOTAL:.....................................................40.172,43  .                                                                           64 - TRANSFERENCIAS DE RECURSOS DO SUS - ATENCAO ESPECIALIZADA              SOLICITACAO FINANCEIRA: 183634/2026                                         ;Inexigibilidade de Licitação;000063602020
20262150021130309;19/06/2026 00:00:00;40172,43;0186232026;16/07/2026 00:00:00;11042,82;202621500211303090004;21/07/2026 00:00:00;11042,82;33903900;OUTROS SERVICOS DE TERCEIROS - PESSOA JURIDICA;07929079000189;SECRETARIA MUNICIPAL DE SAUDE;0,00;SECRETARIA MUNICIPAL DE SAUDE                                                                                                                                                                                                                                ;SAUDE - 10;ASSISTENCIA HOSPITALAR E AMBULATORIAL - 302;TRANSFERENCIA DE RECURSOS DO SISTEMA UNICO DE SAUDE - SUS - BLOCO DE MANUTENCAO DAS ACOES E SERVICOS PUBLICOS DE SAUDE - 107;AMTR ASSESSORIA MEDICA ESPECIALIZADA LTDA;DESPESA COM CONTRATO NR. 759/2020 PARA A EXECUCAO DE SERVICOS MEDICOS DE ASSISTENCIA A SAUDE AMBULATORIAL (HOSPITALAR) E/OU APOIO DIAGNOSTICO TERAPEUTICO PARA ATENDIMENTO DOS USUARIOS DO SUS                                      REFERENCIA: COMPETENCIAS 04/2026, 05/2026 E 06/2026, VALORES ESTIMADOS E PAGAMENTOS ADMINISTRATIVOS/INCENTIVOS (01.2026 A 10.2026) / SCC: 514676-1      .                                                                           VALOR EMPENHADO DE 06/2026 A 08/2026 COM MENSAIS DE:.............13.390,81  VALOR TOTAL:.....................................................40.172,43  .                                                                           64 - TRANSFERENCIAS DE RECURSOS DO SUS - ATENCAO ESPECIALIZADA              SOLICITACAO FINANCEIRA: 183634/2026                                         ;Inexigibilidade de Licitação;000063602020
20262150021130310;19/06/2026 00:00:00;767083,80;0159352026;19/06/2026 00:00:00;191770,95;202621500211303100001;19/06/2026 00:00:00;191770,95;33903900;OUTROS SERVICOS DE TERCEIROS - PESSOA JURIDICA;02917870000155;SECRETARIA MUNICIPAL DE SAUDE;0,00;SECRETARIA MUNICIPAL DE SAUDE                                                                                                                                                                                                                                ;SAUDE - 10;ASSISTENCIA HOSPITALAR E AMBULATORIAL - 302;TRANSFERENCIA DE RECURSOS DO SISTEMA UNICO DE SAUDE - SUS - BLOCO DE MANUTENCAO DAS ACOES E SERVICOS PUBLICOS DE SAUDE - 107;ASSOCIACAO DOS DEFICIENTES FISICOS DO ESTADO DE GOIAS;DESPESA COM CONTRATO NR. 1.488/2021 PARA A EXECUCAO DE SERVICOS MEDICOS DE  ASSISTENCIA A SAUDE AMBULATORIAL (HOSPITALAR) E/OU APOIO DIAGNOSTICO TERAPEUTICO PARA ATENDIMENTO DOS USUARIOS DO SUS                                   REFERENCIA: COMPETENCIAS 40/2026, 05/2026 E 06/2026, VALORES ESTIMADOS E PAGAMENTOS ADMINISTRATIVOS/INCENTIVOS (01.2026 A 10.2026)                      .                                                                           VALOR EMPENHADO DE 06/2026 A 08/2026 COM MENSAIS DE:............255.694,60  VALOR TOTAL:....................................................767.083,80  .                                                                           64 - TRANSFERENCIAS DE RECURSOS DO SUS - ATENCAO ESPECIALIZADA              SOLICITACAO FINANCEIRA: 183635/2026                                         ;Inexigibilidade de Licitação;000000052020
20262150021130311;19/06/2026 00:00:00;756000,00;0160782026;22/06/2026 00:00:00;189000,00;202621500211303110001;23/06/2026 00:00:00;189000,00;33903900;OUTROS SERVICOS DE TERCEIROS - PESSOA JURIDICA;01103480000189;SECRETARIA MUNICIPAL DE SAUDE;0,00;SECRETARIA MUNICIPAL DE SAUDE                                                                                                                                                                                                                                ;SAUDE - 10;ASSISTENCIA HOSPITALAR E AMBULATORIAL - 302;TRANSFERENCIA DE RECURSOS DO SISTEMA UNICO DE SAUDE - SUS - BLOCO DE MANUTENCAO DAS ACOES E SERVICOS PUBLICOS DE SAUDE - 107;CORAE CENTRO DE ORIENTACAO REABILITACAO E ASSIST. AO ENCEFAL;DESPESA COM TERMO ADITIVO DO CONTRATO NR. 1205/2020 PARA A EXECUCAO DE SERVICOS MEDICOS DE ASSISTENCIA A SAUDE AMBULATORIAL(HOSPITALAR) E/OU APOIO DIAGNOSTICO TERAPEUTICO                                                          REFERÊNCIA: COMPETÊNCIAS 04/2026, 05/2026 E 06/2026, VALORES ESTIMADOS - SCC: 529614-1                                                                  .                                                                           VALOR EMPENHADO DE 06/2026 A 08/2026 COM MENSAIS DE:............252.000,00  VALOR TOTAL:....................................................756.000,00  .                                                                           64 - TRANSFERENCIAS DE RECURSOS DO SUS - ATENCAO ESPECIALIZADA              SOLICITACAO FINANCEIRA: 183665/2026                                         ;Inexigibilidade de Licitação;000080862020
20262150021130311;19/06/2026 00:00:00;756000,00;0178012026;07/07/2026 00:00:00;7085,84;202621500211303110002;08/07/2026 00:00:00;7085,84;33903900;OUTROS SERVICOS DE TERCEIROS - PESSOA JURIDICA;01103480000189;SECRETARIA MUNICIPAL DE SAUDE;0,00;SECRETARIA MUNICIPAL DE SAUDE                                                                                                                                                                                                                                ;SAUDE - 10;ASSISTENCIA HOSPITALAR E AMBULATORIAL - 302;TRANSFERENCIA DE RECURSOS DO SISTEMA UNICO DE SAUDE - SUS - BLOCO DE MANUTENCAO DAS ACOES E SERVICOS PUBLICOS DE SAUDE - 107;CORAE CENTRO DE ORIENTACAO REABILITACAO E ASSIST. AO ENCEFAL;DESPESA COM TERMO ADITIVO DO CONTRATO NR. 1205/2020 PARA A EXECUCAO DE SERVICOS MEDICOS DE ASSISTENCIA A SAUDE AMBULATORIAL(HOSPITALAR) E/OU APOIO DIAGNOSTICO TERAPEUTICO                                                          REFERÊNCIA: COMPETÊNCIAS 04/2026, 05/2026 E 06/2026, VALORES ESTIMADOS - SCC: 529614-1                                                                  .                                                                           VALOR EMPENHADO DE 06/2026 A 08/2026 COM MENSAIS DE:............252.000,00  VALOR TOTAL:....................................................756.000,00  .                                                                           64 - TRANSFERENCIAS DE RECURSOS DO SUS - ATENCAO ESPECIALIZADA              SOLICITACAO FINANCEIRA: 183665/2026                                         ;Inexigibilidade de Licitação;000080862020
20262150021130311;19/06/2026 00:00:00;756000,00;0186072026;16/07/2026 00:00:00;189000,00;202621500211303110003;16/07/2026 00:00:00;189000,00;33903900;OUTROS SERVICOS DE TERCEIROS - PESSOA JURIDICA;01103480000189;SECRETARIA MUNICIPAL DE SAUDE;0,00;SECRETARIA MUNICIPAL DE SAUDE                                                                                                                                                                                                                                ;SAUDE - 10;ASSISTENCIA HOSPITALAR E AMBULATORIAL - 302;TRANSFERENCIA DE RECURSOS DO SISTEMA UNICO DE SAUDE - SUS - BLOCO DE MANUTENCAO DAS ACOES E SERVICOS PUBLICOS DE SAUDE - 107;CORAE CENTRO DE ORIENTACAO REABILITACAO E ASSIST. AO ENCEFAL;DESPESA COM TERMO ADITIVO DO CONTRATO NR. 1205/2020 PARA A EXECUCAO DE SERVICOS MEDICOS DE ASSISTENCIA A SAUDE AMBULATORIAL(HOSPITALAR) E/OU APOIO DIAGNOSTICO TERAPEUTICO                                                          REFERÊNCIA: COMPETÊNCIAS 04/2026, 05/2026 E 06/2026, VALORES ESTIMADOS - SCC: 529614-1                                                                  .                                                                           VALOR EMPENHADO DE 06/2026 A 08/2026 COM MENSAIS DE:............252.000,00  VALOR TOTAL:....................................................756.000,00  .                                                                           64 - TRANSFERENCIAS DE RECURSOS DO SUS - ATENCAO ESPECIALIZADA              SOLICITACAO FINANCEIRA: 183665/2026                                         ;Inexigibilidade de Licitação;000080862020
20262150021130312;19/06/2026 00:00:00;94248,96;0160792026;22/06/2026 00:00:00;23562,24;202621500211303120001;23/06/2026 00:00:00;23562,24;33903900;OUTROS SERVICOS DE TERCEIROS - PESSOA JURIDICA;01234848000148;SECRETARIA MUNICIPAL DE SAUDE;0,00;SECRETARIA MUNICIPAL DE SAUDE                                                                                                                                                                                                                                ;SAUDE - 10;ASSISTENCIA HOSPITALAR E AMBULATORIAL - 302;TRANSFERENCIA DE RECURSOS DO SISTEMA UNICO DE SAUDE - SUS - BLOCO DE MANUTENCAO DAS ACOES E SERVICOS PUBLICOS DE SAUDE - 107;LABORATORIO CAPC LTDA;DESPESA COM CONTRATO NR. 927/2020 PARA A EXECUCAO DE SERVICOS MEDICOS DE ASSISTENCIA A SAUDE AMBULATORIAL (HOSPITALAR) E/OU APOIO DIAGNOSTICO TERAPEUTICO PARA ATENDIMENTO DOS USUARIOS DO SUS                                      REFERENCIA: COMPETENCIAS 04/2026, 05/2026 E 06/2026, VALORES ESTIMADOS E PAGAMENTOS ADMINISTRATIVOS/INCENTIVOS(01.2026 A 10.2026) / SCC: 518426-1       .                                                                           VALOR EMPENHADO DE 06/2026 A 08/2026 COM MENSAIS DE:.............31.416,32  VALOR TOTAL:.....................................................94.248,96  .                                                                           64 - TRANSFERENCIAS DE RECURSOS DO SUS - ATENCAO ESPECIALIZADA              SOLICITACAO FINANCEIRA: 183650/2026                                         ;Inexigibilidade de Licitação;000000052020
20262150021130312;19/06/2026 00:00:00;94248,96;0171022026;29/06/2026 00:00:00;43339,72;202621500211303120002;29/06/2026 00:00:00;43339,72;33903900;OUTROS SERVICOS DE TERCEIROS - PESSOA JURIDICA;01234848000148;SECRETARIA MUNICIPAL DE SAUDE;0,00;SECRETARIA MUNICIPAL DE SAUDE                                                                                                                                                                                                                                ;SAUDE - 10;ASSISTENCIA HOSPITALAR E AMBULATORIAL - 302;TRANSFERENCIA DE RECURSOS DO SISTEMA UNICO DE SAUDE - SUS - BLOCO DE MANUTENCAO DAS ACOES E SERVICOS PUBLICOS DE SAUDE - 107;LABORATORIO CAPC LTDA;DESPESA COM CONTRATO NR. 927/2020 PARA A EXECUCAO DE SERVICOS MEDICOS DE ASSISTENCIA A SAUDE AMBULATORIAL (HOSPITALAR) E/OU APOIO DIAGNOSTICO TERAPEUTICO PARA ATENDIMENTO DOS USUARIOS DO SUS                                      REFERENCIA: COMPETENCIAS 04/2026, 05/2026 E 06/2026, VALORES ESTIMADOS E PAGAMENTOS ADMINISTRATIVOS/INCENTIVOS(01.2026 A 10.2026) / SCC: 518426-1       .                                                                           VALOR EMPENHADO DE 06/2026 A 08/2026 COM MENSAIS DE:.............31.416,32  VALOR TOTAL:.....................................................94.248,96  .                                                                           64 - TRANSFERENCIAS DE RECURSOS DO SUS - ATENCAO ESPECIALIZADA              SOLICITACAO FINANCEIRA: 183650/2026                                         ;Inexigibilidade de Licitação;000000052020
20262150021130313;19/06/2026 00:00:00;871684,68;;;0,00;;;0,00;33903900;OUTROS SERVICOS DE TERCEIROS - PESSOA JURIDICA;07060518000160;SECRETARIA MUNICIPAL DE SAUDE;0,00;SECRETARIA MUNICIPAL DE SAUDE                                                                                                                                                                                                                                ;SAUDE - 10;ASSISTENCIA HOSPITALAR E AMBULATORIAL - 302;TRANSFERENCIA DE RECURSOS DO SISTEMA UNICO DE SAUDE - SUS - BLOCO DE MANUTENCAO DAS ACOES E SERVICOS PUBLICOS DE SAUDE - 107;VITA D COR CENTRO MEDICO LTDA;DESPESA COM CONTRATO NR. 757/2020 PARA A EXECUCAO DE SERVICOS MEDICOS DE    ASSISTENCIA A SAUDE AMBULATORIAL (HOSPITALAR) E/OU APOIO DIAGNOSTICO        TERAPEUTICO PARA ATENDIMENTO DOS USUARIOS DO SUS - SCC: 514200              REFERENCIA: COMPETENCIAS 04/2026 A 06/2026, VALORES ESTIMADOS E PAGAMENTOS  ADMINISTRATIVOS/INCENTIVOS(01.2026 A 10.2026)                               .                                                                           VALOR EMPENHADO DE 06/2026 A 08/2026 COM MENSAIS DE:............290.561,56  VALOR TOTAL:....................................................871.684,68  .                                                                           64 - TRANSFERENCIAS DE RECURSOS DO SUS - ATENCAO ESPECIALIZADA              SOLICITACAO FINANCEIRA: 183672/2026                                         ;Inexigibilidade de Licitação;000062822020
20262150021130314;19/06/2026 00:00:00;1178801,49;;;0,00;;;0,00;33903900;OUTROS SERVICOS DE TERCEIROS - PESSOA JURIDICA;26904011000190;SECRETARIA MUNICIPAL DE SAUDE;0,00;SECRETARIA MUNICIPAL DE SAUDE                                                                                                                                                                                                                                ;SAUDE - 10;ASSISTENCIA HOSPITALAR E AMBULATORIAL - 302;TRANSFERENCIA DE RECURSOS DO SISTEMA UNICO DE SAUDE - SUS - BLOCO DE MANUTENCAO DAS ACOES E SERVICOS PUBLICOS DE SAUDE - 107;UNIDADE DE DIAGNOSTICOS MEDICOS LTDA;DESPESA COM CONTRATO NR. 266/2023 PARA A EXECUCAO DE SERVICOS MEDICOS DE    ASSISTENCIA A SAUDE AMBULATORIAL (HOSPITALAR) E/OU APOIO DIAGNOSTICO        TERAPEUTICO PARA ATENDIMENTO DOS USUARIOS DO SUS - SCC: 650987              REFERENCIA: COMPETENCIAS 04/2026 A 06/2026, VALORES ESTIMADOS E PAGAMENTOS  ADMINISTRATIVOS/INCENTIVOS(01.2026 A 10.2026)                               .                                                                           VALOR EMPENHADO DE 06/2026 A 08/2026 COM MENSAIS DE:............392.933,83  VALOR TOTAL:..................................................1.178.801,49  .                                                                           64 - TRANSFERENCIAS DE RECURSOS DO SUS - ATENCAO ESPECIALIZADA              SOLICITACAO FINANCEIRA: 183671/2026                                         ;Inexigibilidade de Licitação;000000052020
20262150021130315;19/06/2026 00:00:00;598249,11;0159722026;19/06/2026 00:00:00;149562,28;202621500211303150001;19/06/2026 00:00:00;149562,28;33903900;OUTROS SERVICOS DE TERCEIROS - PESSOA JURIDICA;23596236000138;SECRETARIA MUNICIPAL DE SAUDE;0,00;SECRETARIA MUNICIPAL DE SAUDE                                                                                                                                                                                                                                ;SAUDE - 10;ASSISTENCIA HOSPITALAR E AMBULATORIAL - 302;TRANSFERENCIA DE RECURSOS DO SISTEMA UNICO DE SAUDE - SUS - BLOCO DE MANUTENCAO DAS ACOES E SERVICOS PUBLICOS DE SAUDE - 107;EPITHELIUM CENTRO CLINICO E TRATAMENTO DE FERIDAS LTDA;DESPESA COM CONTRATO NR. 021/2024 PARA A EXECUCAO DE SERVICOS MEDICOS DE    ASSISTENCIA A SAUDE AMBULATORIAL (HOSPITALAR) E/OU APOIO DIAGNOSTICO        TERAPEUTICO PARA ATENDIMENTO DOS USUARIOS DO SUS - SCC: 721825              REFERENCIA: COMPETENCIAS 04/2026 A 06/2026, VALORES ESTIMADOS E PAGAMENTOS  ADMINISTRATIVOS/INCENTIVOS(01.2026 A 10.2026)                               .                                                                           VALOR EMPENHADO DE 06/2026 A 08/2026 COM MENSAIS DE:............199.416,37  VALOR TOTAL:....................................................598.249,11  .                                                                           64 - TRANSFERENCIAS DE RECURSOS DO SUS - ATENCAO ESPECIALIZADA              SOLICITACAO FINANCEIRA: 183657/2026                                         ;Inexigibilidade de Licitação;000011192023
20262150021130316;19/06/2026 00:00:00;989991,57;0160902026;22/06/2026 00:00:00;247497,89;202621500211303160001;23/06/2026 00:00:00;247497,89;33903900;OUTROS SERVICOS DE TERCEIROS - PESSOA JURIDICA;03846045000170;SECRETARIA MUNICIPAL DE SAUDE;0,00;SECRETARIA MUNICIPAL DE SAUDE                                                                                                                                                                                                                                ;SAUDE - 10;ASSISTENCIA HOSPITALAR E AMBULATORIAL - 302;TRANSFERENCIA DE RECURSOS DO SISTEMA UNICO DE SAUDE - SUS - BLOCO DE MANUTENCAO DAS ACOES E SERVICOS PUBLICOS DE SAUDE - 107;CLINICA DA IMAGEM DE GOIANIA LTDA;DESPESA COM CONTRATO NR. 1.724/2025 PARA A EXECUCAO DE SERVICOS MEDICOS DE  ASSISTENCIA A SAUDE AMBULATORIAL (HOSPITALAR) E/OU APOIO DIAGNOSTICO        TERAPEUTICO PARA ATENDIMENTO DOS USUARIOS DO SUS - SCC: 779785              REFERENCIA: COMPETENCIAS 04/2026 A 06/2026, VALORES ESTIMADOS E PAGAMENTOS  ADMINISTRATIVOS/INCENTIVOS(01.2026 A 10.2026)                               .                                                                           VALOR EMPENHADO DE 06/2026 A 08/2026 COM MENSAIS DE:............329.997,19  VALOR TOTAL:....................................................989.991,57  .                                                                           64 - TRANSFERENCIAS DE RECURSOS DO SUS - ATENCAO ESPECIALIZADA              SOLICITACAO FINANCEIRA: 183677/2026                                         ;Inexigibilidade de Licitação;000000052020
20262150021130317;19/06/2026 00:00:00;210051,09;0160892026;22/06/2026 00:00:00;52512,77;202621500211303170001;23/06/2026 00:00:00;52512,77;33903900;OUTROS SERVICOS DE TERCEIROS - PESSOA JURIDICA;02778769000160;SECRETARIA MUNICIPAL DE SAUDE;0,00;SECRETARIA MUNICIPAL DE SAUDE                                                                                                                                                                                                                                ;SAUDE - 10;ASSISTENCIA HOSPITALAR E AMBULATORIAL - 302;TRANSFERENCIA DE RECURSOS DO SISTEMA UNICO DE SAUDE - SUS - BLOCO DE MANUTENCAO DAS ACOES E SERVICOS PUBLICOS DE SAUDE - 107;CEMPRE III CENTRO DE MEDICINA INTEGRADA LTDA;DESPESA COM CONTRATO NR. 749/2020 PARA A EXECUCAO DE SERVICOS MEDICOS DE    ASSISTENCIA A SAUDE AMBULATORIAL (HOSPITALAR) E/OU APOIO DIAGNOSTICO        TERAPEUTICO PARA ATENDIMENTO DOS USUARIOS DO SUS - SCC: 514072-1            REFERENCIA: COMPETENCIAS 04/2026 A 06/2026, VALORES ESTIMADOS E PAGAMENTOS  ADMINISTRATIVOS/INCENTIVOS(01.2026 A 10.2026)                               .                                                                           VALOR EMPENHADO DE 06/2026 A 08/2026 COM MENSAIS DE:.............70.017,03  VALOR TOTAL:....................................................210.051,09  .                                                                           64 - TRANSFERENCIAS DE RECURSOS DO SUS - ATENCAO ESPECIALIZADA              SOLICITACAO FINANCEIRA: 183640/2026                                         ;Inexigibilidade de Licitação;000061102020
20262150021130317;19/06/2026 00:00:00;210051,09;0192422026;22/07/2026 00:00:00;39179,13;202621500211303170002;23/07/2026 00:00:00;39179,13;33903900;OUTROS SERVICOS DE TERCEIROS - PESSOA JURIDICA;02778769000160;SECRETARIA MUNICIPAL DE SAUDE;0,00;SECRETARIA MUNICIPAL DE SAUDE                                                                                                                                                                                                                                ;SAUDE - 10;ASSISTENCIA HOSPITALAR E AMBULATORIAL - 302;TRANSFERENCIA DE RECURSOS DO SISTEMA UNICO DE SAUDE - SUS - BLOCO DE MANUTENCAO DAS ACOES E SERVICOS PUBLICOS DE SAUDE - 107;CEMPRE III CENTRO DE MEDICINA INTEGRADA LTDA;DESPESA COM CONTRATO NR. 749/2020 PARA A EXECUCAO DE SERVICOS MEDICOS DE    ASSISTENCIA A SAUDE AMBULATORIAL (HOSPITALAR) E/OU APOIO DIAGNOSTICO        TERAPEUTICO PARA ATENDIMENTO DOS USUARIOS DO SUS - SCC: 514072-1            REFERENCIA: COMPETENCIAS 04/2026 A 06/2026, VALORES ESTIMADOS E PAGAMENTOS  ADMINISTRATIVOS/INCENTIVOS(01.2026 A 10.2026)                               .                                                                           VALOR EMPENHADO DE 06/2026 A 08/2026 COM MENSAIS DE:.............70.017,03  VALOR TOTAL:....................................................210.051,09  .                                                                           64 - TRANSFERENCIAS DE RECURSOS DO SUS - ATENCAO ESPECIALIZADA              SOLICITACAO FINANCEIRA: 183640/2026                                         ;Inexigibilidade de Licitação;000061102020
20262150021130318;19/06/2026 00:00:00;201657,28;0159732026;19/06/2026 00:00:00;201657,28;202621500211303180001;19/06/2026 00:00:00;201657,28;33903900;OUTROS SERVICOS DE TERCEIROS - PESSOA JURIDICA;01609387000140;SECRETARIA MUNICIPAL DE SAUDE;0,00;SECRETARIA MUNICIPAL DE SAUDE                                                                                                                                                                                                                                ;SAUDE - 10;ASSISTENCIA HOSPITALAR E AMBULATORIAL - 302;TRANSFERENCIA DE RECURSOS DO SISTEMA UNICO DE SAUDE - SUS - BLOCO DE MANUTENCAO DAS ACOES E SERVICOS PUBLICOS DE SAUDE - 107;TOCANTINS DIAGNOSTICO MEDICO E LABORATORIAL LTDA.;DESPESA COM CONTRATO NR. 729/2020 PARA A EXECUCAO DE SERVICOS MEDICOS DE    ASSISTENCIA A SAUDE AMBULATORIAL (HOSPITALAR) E/OU APOIO DIAGNOSTICO        TERAPEUTICO PARA ATENDIMENTO DOS USUARIOS DO SUS - SCC: 513831-2            REFERENCIA: COMPETENCIAS 04/2026                                            .                                                                           .                                                                           VALOR TOTAL:....................................................201.657,28  .                                                                           64 - TRANSFERENCIAS DE RECURSOS DO SUS - ATENCAO ESPECIALIZADA              SOLICITACAO FINANCEIRA: 183670/2026                                         ;Inexigibilidade de Licitação;000062852020
20262150021130319;19/06/2026 00:00:00;508839,39;0159742026;19/06/2026 00:00:00;127209,85;202621500211303190001;19/06/2026 00:00:00;127209,85;33903900;OUTROS SERVICOS DE TERCEIROS - PESSOA JURIDICA;00175569000198;SECRETARIA MUNICIPAL DE SAUDE;0,00;SECRETARIA MUNICIPAL DE SAUDE                                                                                                                                                                                                                                ;SAUDE - 10;ASSISTENCIA HOSPITALAR E AMBULATORIAL - 302;TRANSFERENCIA DE RECURSOS DO SISTEMA UNICO DE SAUDE - SUS - BLOCO DE MANUTENCAO DAS ACOES E SERVICOS PUBLICOS DE SAUDE - 107;DNA LABORATORIO CLINICO LTDA - EPP;DESPESA COM CONTRATO NR. 192/2023 PARA A EXECUCAO DE SERVICOS MEDICOS DE    ASSISTENCIA A SAUDE AMBULATORIAL (HOSPITALAR) E/OU APOIO DIAGNOSTICO        TERAPEUTICO PARA ATENDIMENTO DOS USUARIOS DO SUS - SCC: 640311              REFERENCIA: COMPETENCIAS 04/2026 A 06/2026, VALORES ESTIMADOS E PAGAMENTOS  ADMINISTRATIVOS/INCENTIVOS(01.2026 A 10.2026)                               .                                                                           VALOR EMPENHADO DE 06/2026 A 08/2026 COM MENSAIS DE:............169.613,13  VALOR TOTAL:....................................................508.839,39  .                                                                           64 - TRANSFERENCIAS DE RECURSOS DO SUS - ATENCAO ESPECIALIZADA              SOLICITACAO FINANCEIRA: 183656/2026                                         ;Inexigibilidade de Licitação;000000052020
20262150021130320;19/06/2026 00:00:00;756000,00;0159882026;19/06/2026 00:00:00;189000,00;202621500211303200001;19/06/2026 00:00:00;189000,00;33903900;OUTROS SERVICOS DE TERCEIROS - PESSOA JURIDICA;01287416000103;SECRETARIA MUNICIPAL DE SAUDE;0,00;SECRETARIA MUNICIPAL DE SAUDE                                                                                                                                                                                                                                ;SAUDE - 10;ASSISTENCIA HOSPITALAR E AMBULATORIAL - 302;TRANSFERENCIA DE RECURSOS DO SISTEMA UNICO DE SAUDE - SUS - BLOCO DE MANUTENCAO DAS ACOES E SERVICOS PUBLICOS DE SAUDE - 107;ASSOCIACAO PESTALOZZI DE GOIANIA;DESPESA COM CONTRATO NR. 938/2020 PARA A EXECUCAO DE SERVICOS MEDICOS DE    ASSISTENCIA A SAUDE AMBULATORIAL (HOSPITALAR) E/OU APOIO DIAGNOSTICO        TERAPEUTICO PARA ATENDIMENTO DOS USUARIOS DO SUS - SCC: 518531-2            REFERENCIA: COMPETENCIAS 04/2026 A 06/2026, VALORES ESTIMADOS E PAGAMENTOS  ADMINISTRATIVOS/INCENTIVOS(01.2026 A 10.2026)                               .                                                                           VALOR EMPENHADO DE 06/2026 A 08/2026 COM MENSAIS DE:............252.000,00  VALOR TOTAL:....................................................756.000,00  .                                                                           64 - TRANSFERENCIAS DE RECURSOS DO SUS - ATENCAO ESPECIALIZADA              SOLICITACAO FINANCEIRA: 183636/2026                                         ;Inexigibilidade de Licitação;000000052020
20262150021130322;19/06/2026 00:00:00;6632517,12;0159842026;19/06/2026 00:00:00;1658129,28;202621500211303220001;19/06/2026 00:00:00;1658129,28;33903900;OUTROS SERVICOS DE TERCEIROS - PESSOA JURIDICA;02600740000194;SECRETARIA MUNICIPAL DE SAUDE;0,00;SECRETARIA MUNICIPAL DE SAUDE                                                                                                                                                                                                                                ;SAUDE - 10;ASSISTENCIA HOSPITALAR E AMBULATORIAL - 302;TRANSFERENCIA DE RECURSOS DO SISTEMA UNICO DE SAUDE - SUS - BLOCO DE MANUTENCAO DAS ACOES E SERVICOS PUBLICOS DE SAUDE - 107;FUNDACAO BANCO DE OLHOS DE GOIAS;DESPESA COM CONTRATO NR. 367/2020 PARA A EXECUCAO DE SERVICOS MEDICOS DE    ASSISTENCIA A SAUDE AMBULATORIAL (HOSPITALAR) E/OU APOIO DIAGNOSTICO        TERAPEUTICO PARA ATENDIMENTO DOS USUARIOS DO SUS - SCC: 498891-1            REFERENCIA: COMPETENCIAS 04/2026 A 06/2026, VALORES ESTIMADOS E PAGAMENTOS  ADMINISTRATIVOS/INCENTIVOS(01.2026 A 10.2026)                               .                                                                           VALOR EMPENHADO DE 06/2026 A 08/2026 COM MENSAIS DE:..........2.210.839,04  VALOR TOTAL:..................................................6.632.517,12  .                                                                           64 - TRANSFERENCIAS DE RECURSOS DO SUS - ATENCAO ESPECIALIZADA              SOLICITACAO FINANCEIRA: 183678/2026                                         ;Inexigibilidade de Licitação;000043202020
20262150021130322;19/06/2026 00:00:00;6632517,12;0174632026;02/07/2026 00:00:00;294343,39;202621500211303220002;02/07/2026 00:00:00;294343,39;33903900;OUTROS SERVICOS DE TERCEIROS - PESSOA JURIDICA;02600740000194;SECRETARIA MUNICIPAL DE SAUDE;0,00;SECRETARIA MUNICIPAL DE SAUDE                                                                                                                                                                                                                                ;SAUDE - 10;ASSISTENCIA HOSPITALAR E AMBULATORIAL - 302;TRANSFERENCIA DE RECURSOS DO SISTEMA UNICO DE SAUDE - SUS - BLOCO DE MANUTENCAO DAS ACOES E SERVICOS PUBLICOS DE SAUDE - 107;FUNDACAO BANCO DE OLHOS DE GOIAS;DESPESA COM CONTRATO NR. 367/2020 PARA A EXECUCAO DE SERVICOS MEDICOS DE    ASSISTENCIA A SAUDE AMBULATORIAL (HOSPITALAR) E/OU APOIO DIAGNOSTICO        TERAPEUTICO PARA ATENDIMENTO DOS USUARIOS DO SUS - SCC: 498891-1            REFERENCIA: COMPETENCIAS 04/2026 A 06/2026, VALORES ESTIMADOS E PAGAMENTOS  ADMINISTRATIVOS/INCENTIVOS(01.2026 A 10.2026)                               .                                                                           VALOR EMPENHADO DE 06/2026 A 08/2026 COM MENSAIS DE:..........2.210.839,04  VALOR TOTAL:..................................................6.632.517,12  .                                                                           64 - TRANSFERENCIAS DE RECURSOS DO SUS - ATENCAO ESPECIALIZADA              SOLICITACAO FINANCEIRA: 183678/2026                                         ;Inexigibilidade de Licitação;000043202020
20262150021130322;19/06/2026 00:00:00;6632517,12;0187772026;20/07/2026 00:00:00;1729610,88;202621500211303220003;20/07/2026 00:00:00;1729610,88;33903900;OUTROS SERVICOS DE TERCEIROS - PESSOA JURIDICA;02600740000194;SECRETARIA MUNICIPAL DE SAUDE;0,00;SECRETARIA MUNICIPAL DE SAUDE                                                                                                                                                                                                                                ;SAUDE - 10;ASSISTENCIA HOSPITALAR E AMBULATORIAL - 302;TRANSFERENCIA DE RECURSOS DO SISTEMA UNICO DE SAUDE - SUS - BLOCO DE MANUTENCAO DAS ACOES E SERVICOS PUBLICOS DE SAUDE - 107;FUNDACAO BANCO DE OLHOS DE GOIAS;DESPESA COM CONTRATO NR. 367/2020 PARA A EXECUCAO DE SERVICOS MEDICOS DE    ASSISTENCIA A SAUDE AMBULATORIAL (HOSPITALAR) E/OU APOIO DIAGNOSTICO        TERAPEUTICO PARA ATENDIMENTO DOS USUARIOS DO SUS - SCC: 498891-1            REFERENCIA: COMPETENCIAS 04/2026 A 06/2026, VALORES ESTIMADOS E PAGAMENTOS  ADMINISTRATIVOS/INCENTIVOS(01.2026 A 10.2026)                               .                                                                           VALOR EMPENHADO DE 06/2026 A 08/2026 COM MENSAIS DE:..........2.210.839,04  VALOR TOTAL:..................................................6.632.517,12  .                                                                           64 - TRANSFERENCIAS DE RECURSOS DO SUS - ATENCAO ESPECIALIZADA              SOLICITACAO FINANCEIRA: 183678/2026                                         ;Inexigibilidade de Licitação;000043202020
20262150021130323;19/06/2026 00:00:00;17641,47;0159872026;19/06/2026 00:00:00;17641,47;202621500211303230001;19/06/2026 00:00:00;17641,47;33903900;OUTROS SERVICOS DE TERCEIROS - PESSOA JURIDICA;04693442000111;SECRETARIA MUNICIPAL DE SAUDE;0,00;SECRETARIA MUNICIPAL DE SAUDE                                                                                                                                                                                                                                ;SAUDE - 10;ASSISTENCIA HOSPITALAR E AMBULATORIAL - 302;TRANSFERENCIA DE RECURSOS DO SISTEMA UNICO DE SAUDE - SUS - BLOCO DE MANUTENCAO DAS ACOES E SERVICOS PUBLICOS DE SAUDE - 107;JB PRESTACOES DE SERVICOS DIAGNOSTICOS LTDA;DESPESA COM CONTRATO NR. 755/2020 PARA A EXECUCAO DE SERVICOS MEDICOS DE    ASSISTENCIA A SAUDE AMBULATORIAL (HOSPITALAR) E/OU APOIO DIAGNOSTICO        TERAPEUTICO PARA ATENDIMENTO DOS USUARIOS DO SUS - SCC: 514188-2            REFERENCIA: COMPETENCIAS 04/2026                                            .                                                                           VALOR TOTAL:.....................................................17.641,47  SOLICITACAO FINANCEIRA: 178600/2026                                         64 - TRANSFERENCIAS DE RECURSOS DO SUS - ATENCAO ESPECIALIZADA              .                                                                           ;Inexigibilidade de Licitação;000062602020
20262150021130324;23/06/2026 00:00:00;46800,00;;;0,00;;;0,00;33903900;OUTROS SERVICOS DE TERCEIROS - PESSOA JURIDICA;09001104000195;SECRETARIA MUNICIPAL DE SAUDE;46800,00;SECRETARIA MUNICIPAL DE SAUDE                                                                                                                                                                                                                                ;SAUDE - 10;ASSISTENCIA HOSPITALAR E AMBULATORIAL - 302;TRANSFERENCIA DE RECURSOS DO SISTEMA UNICO DE SAUDE - SUS - BLOCO DE MANUTENCAO DAS ACOES E SERVICOS PUBLICOS DE SAUDE - 107;BIOCROMA CLINICA DE EXAMES DE DNA LTDA;DESPESA C/ PRORROGACAO DO CONTRATO NR. 1126/2024 DA PRESTACAO DE SERVIÇOS P/A REALIZACAO DE EXAMES DE VINCULO GENETICO(EXAMES DE DNA) PARA O ATENDIMENTODOSUSUARIOS DO SISTEMA UNICO DE SAUDE SUS CONFORME MEMORANDO NR.107/2026-GE RADI,VALORES ESTIMADOS,CONF.DECRETO 134/2025. SCC764567-2, SOLICITACAO FINANCEIRA 183474 - 2026.                                                        .                                                                           VALORES C/ MENSAIS...........JUN - 23.400,00.................JUL - 23.400,00VALOR TOTAL........................................................46.800,00.                                                                           64 - TRANSFERENCIAS DE RECURSOS DO SUS - ATENCAO ESPECIALIZADA              ;Pregão;000000222024
20262150021130326;24/06/2026 00:00:00;694155,99;0162712026;24/06/2026 00:00:00;173539,00;202621500211303260001;24/06/2026 00:00:00;173539,00;33903900;OUTROS SERVICOS DE TERCEIROS - PESSOA JURIDICA;01631225000370;SECRETARIA MUNICIPAL DE SAUDE;0,00;SECRETARIA MUNICIPAL DE SAUDE                                                                                                                                                                                                                                ;SAUDE - 10;ASSISTENCIA HOSPITALAR E AMBULATORIAL - 302;TRANSFERENCIA DE RECURSOS DO SISTEMA UNICO DE SAUDE - SUS - BLOCO DE MANUTENCAO DAS ACOES E SERVICOS PUBLICOS DE SAUDE - 107;INSTITUTO GOIANO DE RADIOLOGIA LTDA;DESPESA COM CONTRATO NR. 554/2023 PARA A EXECUCAO DE SERVICOS MEDICOS DE    ASSISTENCIA A SAUDE AMBULATORIAL (HOSPITALAR) E/OU APOIO DIAGNOSTICO        TERAPEUTICO PARA ATENDIMENTO DOS USUARIOS DO SUS - SCC: 666344              REFERENCIA: COMPETENCIAS 04/2026 A 06/2026, VALORES ESTIMADOS E PAGAMENTOS  ADMINISTRATIVOS/INCENTIVOS(01.2026 A 10.2026)                               .                                                                           VALOR EMPENHADO DE 06/2026 A 08/2026 COM MENSAIS DE:............231.385,33  VALOR TOTAL:....................................................694.155,99  .                                                                           64 - TRANSFERENCIAS DE RECURSOS DO SUS - ATENCAO ESPECIALIZADA              SOLICITACAO FINANCEIRA: 183667/2026                                         ;Inexigibilidade de Licitação;000000052020
20262150021130327;25/06/2026 00:00:00;27730,05;0164182026;25/06/2026 00:00:00;360,00;202621500211303270001;26/06/2026 00:00:00;360,00;33903900;OUTROS SERVICOS DE TERCEIROS - PESSOA JURIDICA;02713282000108;SECRETARIA MUNICIPAL DE SAUDE;0,00;SECRETARIA MUNICIPAL DE SAUDE                                                                                                                                                                                                                                ;SAUDE - 10;ASSISTENCIA HOSPITALAR E AMBULATORIAL - 302;TRANSFERENCIA DE RECURSOS DO SISTEMA UNICO DE SAUDE - SUS - BLOCO DE MANUTENCAO DAS ACOES E SERVICOS PUBLICOS DE SAUDE - 107;GOIAMO CONSULTORIA E ASSESSORIA EM MEDICINA DE SAUDE LTDA;SOLICITACAO FINANCEIRA: 180673/20256                                        64 - TRANSFERENCIAS DE RECURSOS DO SUS - ATENCAO ESPECIALIZADA              .                                                                           VALOR TOTAL:...................................................27.730,05    VALOR EMPENHADO DE 03/2026 A 05/2026 COM MENSAIS DE:............9.243,35    .                                                                           REFERÊNCIA: COMPETÊNCIAS 01/2026 A 03/2026, VALORES ESTIMADOS               TERAPÊUTICO PARA ATENDIMENTO DOS USUÁRIOS DO SUS -  SCC: 515257-1           DE ASSISTÊNCIA Á SAÚDE AMBULATORIAL (HOSPITALAR) E/OU APOIO DIAGNÓSTICO     DESPESA COM CONTRATO NR. 780/2020 PARA A EXECUÇÃO DE SERVIÇOS MÉDICOS       ;Inexigibilidade de Licitação;000000052020
20262150021130327;25/06/2026 00:00:00;27730,05;0164192026;25/06/2026 00:00:00;6030,00;202621500211303270002;26/06/2026 00:00:00;6030,00;33903900;OUTROS SERVICOS DE TERCEIROS - PESSOA JURIDICA;02713282000108;SECRETARIA MUNICIPAL DE SAUDE;0,00;SECRETARIA MUNICIPAL DE SAUDE                                                                                                                                                                                                                                ;SAUDE - 10;ASSISTENCIA HOSPITALAR E AMBULATORIAL - 302;TRANSFERENCIA DE RECURSOS DO SISTEMA UNICO DE SAUDE - SUS - BLOCO DE MANUTENCAO DAS ACOES E SERVICOS PUBLICOS DE SAUDE - 107;GOIAMO CONSULTORIA E ASSESSORIA EM MEDICINA DE SAUDE LTDA;SOLICITACAO FINANCEIRA: 180673/20256                                        64 - TRANSFERENCIAS DE RECURSOS DO SUS - ATENCAO ESPECIALIZADA              .                                                                           VALOR TOTAL:...................................................27.730,05    VALOR EMPENHADO DE 03/2026 A 05/2026 COM MENSAIS DE:............9.243,35    .                                                                           REFERÊNCIA: COMPETÊNCIAS 01/2026 A 03/2026, VALORES ESTIMADOS               TERAPÊUTICO PARA ATENDIMENTO DOS USUÁRIOS DO SUS -  SCC: 515257-1           DE ASSISTÊNCIA Á SAÚDE AMBULATORIAL (HOSPITALAR) E/OU APOIO DIAGNÓSTICO     DESPESA COM CONTRATO NR. 780/2020 PARA A EXECUÇÃO DE SERVIÇOS MÉDICOS       ;Inexigibilidade de Licitação;000000052020
20262150021130328;25/06/2026 00:00:00;129368,94;;;0,00;;;0,00;33903900;OUTROS SERVICOS DE TERCEIROS - PESSOA JURIDICA;01567601000143;SECRETARIA MUNICIPAL DE SAUDE;0,00;SECRETARIA MUNICIPAL DE SAUDE                                                                                                                                                                                                                                ;SAUDE - 10;ASSISTENCIA HOSPITALAR E AMBULATORIAL - 302;TRANSFERENCIA DE RECURSOS DO SISTEMA UNICO DE SAUDE - SUS - BLOCO DE MANUTENCAO DAS ACOES E SERVICOS PUBLICOS DE SAUDE - 107;UNIVERSIDADE FEDERAL DE GOIAS;64 - TRANSFERENCIAS DE RECURSOS DO SUS - ATENCAO ESPECIALIZADA              .                                                                           VALOR TOTAL.......................................................129.368,94VALORES MENSAIS........JUL - 43.122,98....AGO - 43.122,98....SET - 43.122,98.                                                                           DE ACORDO COM EDITAL 002/2025-SCC818934 SOLICITACAO FINANCEIRA:183288 - 2026ESTIMADOS, DESPACHO NR. 498/2026-SUPRAC E DE ACORDO COM DECRETO NR. 134/2025PARA ATENDIMENTO DOS USUARIOS DO SUS REFERENCIA: EXERCICIO DE 2026, VALORES TENCIA A SAUDE AMBULATORIAL (HOSPITALAR) E/OU APOIO DIAGNOSTICO TERAPEUTICO DESPESA COM NOVO CREDENCIAMENTO PARA A EXECUCAO DE SERVICOS MEDICOS DE ASSIS;Outros (Convênios, ajustes, similares, etc.);000072262026
20262150021130329;25/06/2026 00:00:00;3922,80;0164222026;25/06/2026 00:00:00;980,70;202621500211303290001;26/06/2026 00:00:00;980,70;33903900;OUTROS SERVICOS DE TERCEIROS - PESSOA JURIDICA;86840378000119;SECRETARIA MUNICIPAL DE SAUDE;0,00;SECRETARIA MUNICIPAL DE SAUDE                                                                                                                                                                                                                                ;SAUDE - 10;ASSISTENCIA HOSPITALAR E AMBULATORIAL - 302;TRANSFERENCIA DE RECURSOS DO SISTEMA UNICO DE SAUDE - SUS - BLOCO DE MANUTENCAO DAS ACOES E SERVICOS PUBLICOS DE SAUDE - 107;ABRIGO DOS IDOSOS SAO VICENTE DE PAULO DE GOIANIA;DESPESA COM CONTRATO NR.  169/2024 PARA A EXECUCAO DE SERVICOS MEDICOS DE   ASSISTENCIA A SAUDE AMBULATORIAL (HOSPITALAR) E/OU APOIO DIAGNOSTICO        TERAPEUTICO PARA ATENDIMENTO DOS USUARIOS DO SUS - SCC: 743721              REFERENCIA: COMPETENCIAS 04/2026 A 06/2026, VALORES ESTIMADOS E PAGAMENTOS  ADMINISTRATIVOS/INCENTIVOS(01.2026 A 10.2026)                               .                                                                           VALOR EMPENHADO DE 06/2026 A 08/2026 COM MENSAIS DE:..............1.307.60  VALOR TOTAL:......................................................3.922,80  .                                                                           64 - TRANSFERENCIAS DE RECURSOS DO SUS - ATENCAO ESPECIALIZADA              SOLICITACAO FINANCEIRA: 183863/2026                                         ;Inexigibilidade de Licitação;000000052020
20262150021130330;26/06/2026 00:00:00;66613,05;;;0,00;;;0,00;33903900;OUTROS SERVICOS DE TERCEIROS - PESSOA JURIDICA;02638362000138;SECRETARIA MUNICIPAL DE SAUDE;66613,05;SECRETARIA MUNICIPAL DE SAUDE                                                                                                                                                                                                                                ;SAUDE - 10;ASSISTENCIA HOSPITALAR E AMBULATORIAL - 302;TRANSFERENCIA DE RECURSOS DO SISTEMA UNICO DE SAUDE - SUS - BLOCO DE MANUTENCAO DAS ACOES E SERVICOS PUBLICOS DE SAUDE - 107;CITOGENS - LABORATORIO DE ANALISE CLINICAS LTDA;DESPESA COM NOVO CREDENCIAMENTO PARA A EXECUCAO DE SERVICOS MEDICOS DE ASSISTENCIA A SAUDE AMBULATORIAL (HOSPITALAR) E/OU APOIO DIAGNOSTICO TERAPEUTICO PARA ATENDIMENTO DOS USUARIOS DO SUS - REFERENCIA: EXERCICIO DE 2026, VALORES ESTIMADOS, DESPACHO NR. 495/2026-SUPRAC E DE ACORDO COM DECRETO NR. 134/2025, DE ACORDO COM EDITAL 002/2025                                           .                                                                           VALOR EMPENHADO DE 05/2026 A 07/2026 COM MENSAIS DE:.............22.204,35  VALOR TOTAL:.....................................................66.613,05  .                                                                           64 - TRANSFERENCIAS DE RECURSOS DO SUS - ATENCAO ESPECIALIZADA              SOLICITACAO FINANCEIRA: 182267/2026                                         ;Inexigibilidade de Licitação;000000022025
20262150021130332;26/06/2026 00:00:00;175000,00;;;0,00;;;0,00;33903900;OUTROS SERVICOS DE TERCEIROS - PESSOA JURIDICA;12900948000182;SECRETARIA MUNICIPAL DE SAUDE;175000,00;SECRETARIA MUNICIPAL DE SAUDE                                                                                                                                                                                                                                ;SAUDE - 10;ASSISTENCIA HOSPITALAR E AMBULATORIAL - 302;TRANSFERENCIA DE RECURSOS DO SISTEMA UNICO DE SAUDE - SUS - BLOCO DE MANUTENCAO DAS ACOES E SERVICOS PUBLICOS DE SAUDE - 107;MAXX PROJETOS E CONSULTORIA EM TI LTDA;CONTRATACAO DE PLATAFORMA DE MENSAGERIA E WEBCHAT VIA WHATSAPP BUSINESS API PARA COMUNICACAO COM PACIENTES, ENVIO AUTOMATIZADO DE NOTIFICACOES E INTEGRACAO AOS SISTEMAS DA SMS, COM MAIS EFICIENCIA CONF.TERMO DE HOMOLOGACAO DO PE90027/26,PED.DE COMPRA 487/25-SCC819698/SOLICITACAO FINANCEIRA 183823 - 2026.                                                                           VALOR COM MENSAIS.....JUN - 60.000,00.....JUL - 60.000,00....AGO - 55.000,00.                                                                           VALOR TOTAL.......................................................175.000,00.                                                                           64 - TRANSFERENCIAS DE RECURSOS DO SUS - ATENCAO ESPECIALIZADA              ;Pregão;000900272026
20262150021130333;30/06/2026 00:00:00;85653,30;0172402026;01/07/2026 00:00:00;85653,30;202621500211303330001;02/07/2026 00:00:00;85653,30;33903900;OUTROS SERVICOS DE TERCEIROS - PESSOA JURIDICA;01240688000140;SECRETARIA MUNICIPAL DE SAUDE;0,00;SECRETARIA MUNICIPAL DE SAUDE                                                                                                                                                                                                                                ;SAUDE - 10;ASSISTENCIA HOSPITALAR E AMBULATORIAL - 302;TRANSFERENCIA DE RECURSOS DO SISTEMA UNICO DE SAUDE - SUS - BLOCO DE MANUTENCAO DAS ACOES E SERVICOS PUBLICOS DE SAUDE - 107;APAE - ASSOCIACAO DE PAIS E AMIGOS DOS EXC DE GOIANIA;DESPESA COM CONTRATO NR.  746/2020 PARA A EXECUCAO DE SERVICOS MEDICOS DE   ASSISTENCIA A SAUDE AMBULATORIAL (HOSPITALAR) E/OU APOIO DIAGNOSTICO        TERAPEUTICO PARA ATENDIMENTO DOS USUARIOS DO SUS - SCC: 514048              REFERENCIA: COMPLEMENTAR COMPETENCIA 03/2026 PEDIDO DE COMPRA NR. 005-2021  .                                                                           VALOR TOTAL:.....................................................85.653,30  .                                                                           64 - TRANSFERENCIAS DE RECURSOS DO SUS - ATENCAO ESPECIALIZADA              SOLICITACAO FINANCEIRA: 183937/2026                                         ;Inexigibilidade de Licitação;000000052020
20262150021410014;02/06/2026 00:00:00;1591278,60;0146382026;02/06/2026 00:00:00;1591278,60;202621500214100140001;02/06/2026 00:00:00;1591278,60;33903900;OUTROS SERVICOS DE TERCEIROS - PESSOA JURIDICA;37678845000140;SECRETARIA MUNICIPAL DE SAUDE;0,00;SECRETARIA MUNICIPAL DE SAUDE                                                                                                                                                                                                                                ;SAUDE - 10;ASSISTENCIA HOSPITALAR E AMBULATORIAL - 302;TRANSFERENCIAS DE CONVENIOS - ESTADO/SAUDE - 125;INSTITUTO PATRIS;DESPESA COM O I TERMO DE COLABORACAO EMERGENCIAL N. 043/2025 ENTRE A SMS E  O INSTITUTO PATRIS NA GESTAO DO HOSPITAL E MATERNIDADE DONA                 IRIS, CONFORME O GERENCIAMENTO, OPERACIONALIZACAO E EXECUCAO DAS ACOES      E SERVICOS DE SAUDE EM REGIME DE 24 HS/DIA, ASSEGURANDO A ASSISTENCIA UNI-  VERSAL A POPULACAO.                                                         .                                                                           VALOR TOTAL:...................................................1.591.278,60 .                                                                           FONTE: 125 - TRANSFERENCIAS DE CONVENIOS - ESTADO/SAUDE                     FONTE DETALHADA: 541 - TRANSFERENCIAS DE CONVENIOS - ESTADO/SAUDE           REPASSE ESTADO/SES-GO - FONTE 125(08/04/2026)                               .                                                                           SOLICITACAO FINANCEIRA NR. 183266-2026 / SCC: 783111-01                     ;Outros (Convênios, ajustes, similares, etc.);000000012025
20262150021410015;30/06/2026 00:00:00;1880074,25;0174982026;02/07/2026 00:00:00;1880074,25;202621500214100150001;02/07/2026 00:00:00;1880074,25;33903900;OUTROS SERVICOS DE TERCEIROS - PESSOA JURIDICA;37678845000140;SECRETARIA MUNICIPAL DE SAUDE;0,00;SECRETARIA MUNICIPAL DE SAUDE                                                                                                                                                                                                                                ;SAUDE - 10;ASSISTENCIA HOSPITALAR E AMBULATORIAL - 302;TRANSFERENCIAS DE CONVENIOS - ESTADO/SAUDE - 125;INSTITUTO PATRIS;DESPESA COM 1  ADITIVO DO TERMO DE COLABORACAO PARA A GESTAO PARA O GERENCIAMENTO, OPERACIONALIZACAO, EXECUCAO DAS ACOES E SERVICOS DE SAUDE, PARA O PLENO FUNCIONAMENTO DA MATERNIDADE DONA IRIS - HMDI                            HOSPITAL E MATERNIDADE DONA IRIS (HMDI)/1  ADITIVO DO TERMO DE COLABORACAO EMERGENCIAL NR.043/2025, REPASSE ESTADO/SES-GO - FONTE 125(08/04/2026)       COMPETÊNCIA 07/2026 - SCC:783111-01                                         .                                                                           VALOR TOTAL:..................................................1.880.074,25  .                                                                           64 - TRANSFERENCIAS DE RECURSOS DO SUS - ATENCAO ESPECIALIZADA              SOLICITACAO FINANCEIRA: 183797/2026                                         ;Outros (Convênios, ajustes, similares, etc.);000000012025
20262150021710002;02/06/2026 00:00:00;313087,40;;;0,00;;;0,00;33903900;OUTROS SERVICOS DE TERCEIROS - PESSOA JURIDICA;50615423000194;SECRETARIA MUNICIPAL DE SAUDE;313087,40;SECRETARIA MUNICIPAL DE SAUDE                                                                                                                                                                                                                                ;SAUDE - 10;ASSISTENCIA HOSPITALAR E AMBULATORIAL - 302;TRANSFERENCIA DE RECURSOS DO SISTEMA UNICO DE SAUDE - SUS / ESTADOS - 131;LIDER BANDEIRA E UNIFORMES LTDA;DESPESA COM PRESTACAO DE SERVICOS GRAFICOS E DE COMUNICACAO VISUAL PARA ATENDER AS NECESSIDADES DA ASSESSORIA DE COMUNICACAO / SMS CONF.PARECER 108/2025GERPSR, MEMORANDO 1/2025 E 7/2025-ASSCOM - SCC 817652-SOLICITACAO FINANCEIRA182869 - 2026.                                                              .                                                                           1-SERVICOS DIVERSOS CONFORME DESCRICAO ADESIVO VINIL PERSONALIZADO          COD: 27165-9.............1,00 UN...............313.087,4000.......313.087,40VALOR TOTAL.......................................................313.087,40.                                                                           MODELO DE EXECUCAO DO OBJETO SERA DE ACORDO C/A DOCUMENTACAO EM ANEXO NO SEI25290000155831.                                                             .                                                                           17 - MEDIA ALTA COMPLEXIDADE - MAC                                          ;Pregão;000900052026
20262150021910002;23/06/2026 00:00:00;229316,64;;;0,00;;;0,00;33903900;OUTROS SERVICOS DE TERCEIROS - PESSOA JURIDICA;26957920000196;SECRETARIA MUNICIPAL DE SAUDE;229316,64;SECRETARIA MUNICIPAL DE SAUDE                                                                                                                                                                                                                                ;SAUDE - 10;ASSISTENCIA HOSPITALAR E AMBULATORIAL - 302;TRANSFERENCIA DE RECURSOS DO SISTEMA UNICO DE SAUDE - SUS / ESTADOS - 131;BR INFRA CONSTRUCTION LTDA;DESPESA COM PEDIDO FILHO PARA LOCAÇÃO DE VEÍCULOS SEM MOTORISTA,DE ACORDO C/ATA NR. 039/2026, SRP NR. 90015/2025 PARA ATENDER A SECRETARIA MUNICIPAL DE SAUDE,PARECER NR. 284/2026-GERPSR CONF.PEDIDO DE COMPRA NR.357/2026-FMS,ITEM01(07 UNIDADES), SCC819299, SOLICITACAO FINANCEIRA 183410 - 2026.           .                                                                           1-SERVICO LOCACAO VEICULOS MOTOLANCIA MARCA YAMAHA XTZ 250 LANDE R 2024 LOCACAO.                                                                        COD34952-6...............7,00UN................32.759,5200........229.316,64VALOR TOTAL.......................................................229.316,64.                                                                           DEMAIS ESCLARECIMENTOS: EDITAL PE 90015-2025 - 25.5.000026429-5 (10194380), ANEXO I - TERMO DE REFERENCIA(GERTRA),JUSTIFICATIVA 286 DA CONTRATACAO (10196289)GERTRA,PARECER 284 GPSR(10246789)GERPSR, E ANEXOS SEI 26.29.000018373-3.                                                                           131 - TRANSFERENCIA DE RECURSOS DO SISTEMA UNICO DE SAUDE - SUS / ESTADOS   20 - SERVICOS DE ATENDIMENTO MOVEL DE URGENCIA - SAMU                       ;Pregão;000900152025
20262150022410001;19/06/2026 00:00:00;500000,00;;;0,00;;;0,00;33903900;OUTROS SERVICOS DE TERCEIROS - PESSOA JURIDICA;01619790000150;SECRETARIA MUNICIPAL DE SAUDE;0,00;SECRETARIA MUNICIPAL DE SAUDE                                                                                                                                                                                                                                ;SAUDE - 10;ASSISTENCIA HOSPITALAR E AMBULATORIAL - 302;EMENDA PARLAMENTARES DE BANCADA (ART. 1° DA EC Nº 100/2019 E § 12 DO ART. 165 DA CF/88) - 182;SANTA CASA DE MISERICORDIA DE GOIANIA;DESPESA COM TERMO DE COMPROMISSO - INCREMENTO TEMPORÁRIO PARA CUSTEIO DOS   SERVIÇOS DE ATENÇÃO ESPECIALIZADA A SAÚDE,DESTINADO A MANUTENÇÃO DAS ATIVIDADES,BENEFICIÁRIO: SANTA CASA ORIGEM DO RECURSO: PORTARIA GM/MS NR. 10.915,DE24/05/2026,BANCADA DO GOIAS/NR.DA EMENDA:71100004-PROPOSTA:36000776535202600SCC 819167 SOLICITACAO FINANCEIRA 183751 - 2026.                            .                                                                           VALOR TOTAL.......................................................500.000,00.                                                                           64-EMENDA PARLAMENTAR DE BANCADA-ART 1 DA EC NR 100/2019 E § 12 DO ART.165  DA CF/88 1601 3120 - TRANSFERENCIAS DA UNIAO DECORRENTES DE EMENDAS PARLAMENTARES DE BANCADA.                                                           ;Outros (Convênios, ajustes, similares, etc.);000109152026
20262150023810001;17/06/2026 00:00:00;7707,19;;;0,00;;;0,00;33904700;OBRIGACOES TRIBUTARIAS E CONTRIBUTIVAS;03956712000177;SECRETARIA MUNICIPAL DE SAUDE;0,00;SECRETARIA MUNICIPAL DE SAUDE                                                                                                                                                                                                                                ;SAUDE - 10;ASSISTENCIA HOSPITALAR E AMBULATORIAL - 302;TRANSFERENCIA DE RECURSOS DO SISTEMA UNICO DE SAUDE - SUS - BLOCO DE MANUTENCAO DAS ACOES E SERVICOS PUBLICOS DE SAUDE - 107;GEO ENGENHARIA LTDA;DESPESA COM PAGAMENTO DE JUROS CONTRATUAIS REFERENTE AO CONTRATO DE EXECUCAODE OBRAS DA CONSTRUCAO DO UABSF SAO CARLOS CONF. MEMORANDO 105/2026-GERINF, SOLICITACAO FINANCEIRA 183619 - 2026.                                       .                                                                           VALOR TOTAL.........................................................7.707,19.                                                                           64 - TRANSFERENCIAS DE RECURSOS DO SUS - ATENCAO ESPECIALIZADA              ;Outros (Convênios, ajustes, similares, etc.);000000000000
20262150023810002;17/06/2026 00:00:00;16890,99;;;0,00;;;0,00;33904700;OBRIGACOES TRIBUTARIAS E CONTRIBUTIVAS;03956712000177;SECRETARIA MUNICIPAL DE SAUDE;0,00;SECRETARIA MUNICIPAL DE SAUDE                                                                                                                                                                                                                                ;SAUDE - 10;ASSISTENCIA HOSPITALAR E AMBULATORIAL - 302;TRANSFERENCIA DE RECURSOS DO SISTEMA UNICO DE SAUDE - SUS - BLOCO DE MANUTENCAO DAS ACOES E SERVICOS PUBLICOS DE SAUDE - 107;GEO ENGENHARIA LTDA;DESPESA COM PAGAMENTO DE JUROS CONTRATUAIS REFERENTE AO CONTRATO DE EXECUCAODE OBRAS DA CONSTRUCAO DO UABSF ALTO DO VALE CONF.MEMORANDO 104/2026-GERINF-SOLICITACAO FINANCEIRA  183620 - 2026.                                      .                                                                           VALOR TOTAL........................................................16.890,99.                                                                           64 - TRANSFERENCIAS DE RECURSOS DO SUS - ATENCAO ESPECIALIZADA              ;Outros (Convênios, ajustes, similares, etc.);000000000000
20262150023810003;17/06/2026 00:00:00;54543,61;;;0,00;;;0,00;33904700;OBRIGACOES TRIBUTARIAS E CONTRIBUTIVAS;03956712000177;SECRETARIA MUNICIPAL DE SAUDE;0,00;SECRETARIA MUNICIPAL DE SAUDE                                                                                                                                                                                                                                ;SAUDE - 10;ASSISTENCIA HOSPITALAR E AMBULATORIAL - 302;TRANSFERENCIA DE RECURSOS DO SISTEMA UNICO DE SAUDE - SUS - BLOCO DE MANUTENCAO DAS ACOES E SERVICOS PUBLICOS DE SAUDE - 107;GEO ENGENHARIA LTDA;DESPESA COM PAGAMENTO DE JUROS CONTRATUAIS REFERENTE AO CONTRATO DE EXECUCAODE OBRAS DA REFORMA E AMPLIACAO DA UPA CHACARA DO GOVERNADOR CONFORME MEMORANDO 108/2026-GERINF - SOLICITACAO FINANCEIRA 183622 - 2026.                 .                                                                           VALOR TOTAL........................................................54.543,61.                                                                           64 - TRANSFERENCIAS DE RECURSOS DO SUS - ATENCAO ESPECIALIZADA              ;Outros (Convênios, ajustes, similares, etc.);000000000000
20262150023810004;18/06/2026 00:00:00;14456,87;;;0,00;;;0,00;33904700;OBRIGACOES TRIBUTARIAS E CONTRIBUTIVAS;03956712000177;SECRETARIA MUNICIPAL DE SAUDE;0,00;SECRETARIA MUNICIPAL DE SAUDE                                                                                                                                                                                                                                ;SAUDE - 10;ASSISTENCIA HOSPITALAR E AMBULATORIAL - 302;TRANSFERENCIA DE RECURSOS DO SISTEMA UNICO DE SAUDE - SUS - BLOCO DE MANUTENCAO DAS ACOES E SERVICOS PUBLICOS DE SAUDE - 107;GEO ENGENHARIA LTDA;DESPESA COM PAGAMENTO DE JUROS CONTRATUAIS REFERENTE AO CONTRATO DE EXECUCAODE OBRAS DA REFORMA E AMPLIACAO DA UPA JARDIM AMERICA CONFORME MEMORANDO 109/2026-GERINF - SOLICITACAO FINANCEIRA 183623 - 2026.                        .                                                                           VALOR TOTAL........................................................14.456,87.                                                                           64 - TRANSFERENCIAS DE RECURSOS DO SUS - ATENCAO ESPECIALIZADA              ;Outros (Convênios, ajustes, similares, etc.);000000000000
20262150023810005;18/06/2026 00:00:00;49549,14;;;0,00;;;0,00;33904700;OBRIGACOES TRIBUTARIAS E CONTRIBUTIVAS;03956712000177;SECRETARIA MUNICIPAL DE SAUDE;0,00;SECRETARIA MUNICIPAL DE SAUDE                                                                                                                                                                                                                                ;SAUDE - 10;ASSISTENCIA HOSPITALAR E AMBULATORIAL - 302;TRANSFERENCIA DE RECURSOS DO SISTEMA UNICO DE SAUDE - SUS - BLOCO DE MANUTENCAO DAS ACOES E SERVICOS PUBLICOS DE SAUDE - 107;GEO ENGENHARIA LTDA;DESPESA COM PAGAMENTO DE JUROS CONTRATUAIS REFERENTE AO CONTRATO DE EXECUCAODE OBRAS DA CONSTRUCAO DO CSF NOVO PLANALTO CONFORME MEMORANDO 107/26-GERINFSOLICITACAO FINANCEIRA 183621 - 2026.                                       .                                                                           VALOR TOTAL........................................................49.549,14.                                                                           64 - TRANSFERENCIAS DE RECURSOS DO SUS - ATENCAO ESPECIALIZADA              ;Outros (Convênios, ajustes, similares, etc.);000000000000
20262150024310267;02/06/2026 00:00:00;327800,00;0146112026;02/06/2026 00:00:00;327800,00;202621500243102670001;02/06/2026 00:00:00;327800,00;33909200;DESPESAS DE EXERCICIOS ANTERIORES;01619790000150;SECRETARIA MUNICIPAL DE SAUDE;0,00;SECRETARIA MUNICIPAL DE SAUDE                                                                                                                                                                                                                                ;SAUDE - 10;ASSISTENCIA HOSPITALAR E AMBULATORIAL - 302;TRANSFERENCIA DE RECURSOS DO SISTEMA UNICO DE SAUDE - SUS - BLOCO DE MANUTENCAO DAS ACOES E SERVICOS PUBLICOS DE SAUDE - 107;SANTA CASA DE MISERICORDIA DE GOIANIA;DESPESA COM CONTRATO NR. 021/2024 PARA A EXECUCAO DE SERVICOS MEDICOS DE ASSISTENCIA A SAUDE AMBULATORIAL (HOSPITALAR) E/OU APOIO DIAGNOSTICO TERAPEUTICO PARA ATENDIMENTO DOS USUARIOS DO SUS                                      REFERENCIA: COMPETENCIA 12.2025 - PAGAMENTOS ADMINISTRATIVOS/INCENTIVOS - PEDIDO DE COMPRA NR. 009/2024                                                 .                                                                           VALOR TOTAL:....................................................327.800,00  .                                                                           64 - TRANSFERENCIAS DE RECURSOS DO SUS - ATENCAO ESPECIALIZADA              SOLICITACAO FINANCEIRA: 183216/2026                                         ;Outros (Convênios, ajustes, similares, etc.);000000212024
20262150024310268;10/06/2026 00:00:00;3848,20;0152082026;11/06/2026 00:00:00;3848,20;202621500243102680001;24/06/2026 00:00:00;3848,20;33909200;DESPESAS DE EXERCICIOS ANTERIORES;12991532000117;SECRETARIA MUNICIPAL DE SAUDE;0,00;SECRETARIA MUNICIPAL DE SAUDE                                                                                                                                                                                                                                ;SAUDE - 10;ASSISTENCIA HOSPITALAR E AMBULATORIAL - 302;TRANSFERENCIA DE RECURSOS DO SISTEMA UNICO DE SAUDE - SUS - BLOCO DE MANUTENCAO DAS ACOES E SERVICOS PUBLICOS DE SAUDE - 107;JUARES LIMA DOS SANTOS;REEMPENHO DE DESPESA COM AQUISICAO DE MATERIAIS ODONTOLOGICOS - PREGAO ELETRONICO NR 90008/2024- ADESAO DE ATA NR 073/2024 - CONFORME NOTA FISCAL 2244 (15/01/2026) - PEDIDO DE COMPRAS 303/2025 - SCC 785955                       .                                                                           VALOR TOTAL:......................................................3.848,20  .                                                                           64 - TRANSFERENCIAS DE RECURSOS DO SUS - ATENCAO ESPECIALIZADA              SOLICITACAO FINANCEIRA: 183386/2026                                         ;Pregão;000900082024
20262150024310269;10/06/2026 00:00:00;4047,00;0151872026;11/06/2026 00:00:00;4047,00;202621500243102690001;25/06/2026 00:00:00;4047,00;33909200;DESPESAS DE EXERCICIOS ANTERIORES;38613149000119;SECRETARIA MUNICIPAL DE SAUDE;0,00;SECRETARIA MUNICIPAL DE SAUDE                                                                                                                                                                                                                                ;SAUDE - 10;ASSISTENCIA HOSPITALAR E AMBULATORIAL - 302;TRANSFERENCIA DE RECURSOS DO SISTEMA UNICO DE SAUDE - SUS - BLOCO DE MANUTENCAO DAS ACOES E SERVICOS PUBLICOS DE SAUDE - 107;DENTAL ASTRAL PRODUTOS ODONTOLOGICOS LTDA;REEMPENHO DE DESPESA COM AQUISICAO DE INSUMOS ODONTOLOGICOS-ATA DE REGISTRO:012/2025 - 1º PEDIDO FILHO PREGAO ELETRONICO 90032/2024 CONFORME NOTA FISCAL10.511 (14/11/2025) - SCC 785980-SOLICITACAO FINANCEIRA 183387 - 2026.      .                                                                           VALOR TOTAL.........................................................4.047,00.                                                                           .                                                                           64 - TRANSFERENCIAS DE RECURSOS DO SUS - ATENCAO ESPECIALIZADA              ;Pregão;000900322024
20262150024310270;15/06/2026 00:00:00;229950,00;0171252026;29/06/2026 00:00:00;53000,00;202621500243102700001;30/06/2026 00:00:00;53000,00;33909200;DESPESAS DE EXERCICIOS ANTERIORES;00294440000107;SECRETARIA MUNICIPAL DE SAUDE;0,00;SECRETARIA MUNICIPAL DE SAUDE                                                                                                                                                                                                                                ;SAUDE - 10;ASSISTENCIA HOSPITALAR E AMBULATORIAL - 302;TRANSFERENCIA DE RECURSOS DO SISTEMA UNICO DE SAUDE - SUS - BLOCO DE MANUTENCAO DAS ACOES E SERVICOS PUBLICOS DE SAUDE - 107;CEMA CENTRO DE MEDICINA AVANCADA LTDA;DESPESA COM CONTRATO NR. 298/2022 PARA A EXECUCAO DE SERVICOS MEDICOS DE ASSISTENCIA A SAUDE AMBULATORIAL (HOSPITALAR) E/OU APOIO DIAGNOSTICO TERAPEUTICO PARA ATENDIMENTO DOS USUARIOS DO SUS - REFERENCIA: COMPETÊNCIAS 07/2025 ATE 12/2025                                                                   .                                                                           VALOR TOTAL:....................................................229.950,00  .                                                                           64 - TRANSFERENCIAS DE RECURSOS DO SUS - ATENCAO ESPECIALIZADA              SOLICITACAO FINANCEIRA: 183508/2026                                         ;Inexigibilidade de Licitação;000000052020
20262150024310270;15/06/2026 00:00:00;229950,00;0171262026;29/06/2026 00:00:00;44050,00;202621500243102700002;30/06/2026 00:00:00;44050,00;33909200;DESPESAS DE EXERCICIOS ANTERIORES;00294440000107;SECRETARIA MUNICIPAL DE SAUDE;0,00;SECRETARIA MUNICIPAL DE SAUDE                                                                                                                                                                                                                                ;SAUDE - 10;ASSISTENCIA HOSPITALAR E AMBULATORIAL - 302;TRANSFERENCIA DE RECURSOS DO SISTEMA UNICO DE SAUDE - SUS - BLOCO DE MANUTENCAO DAS ACOES E SERVICOS PUBLICOS DE SAUDE - 107;CEMA CENTRO DE MEDICINA AVANCADA LTDA;DESPESA COM CONTRATO NR. 298/2022 PARA A EXECUCAO DE SERVICOS MEDICOS DE ASSISTENCIA A SAUDE AMBULATORIAL (HOSPITALAR) E/OU APOIO DIAGNOSTICO TERAPEUTICO PARA ATENDIMENTO DOS USUARIOS DO SUS - REFERENCIA: COMPETÊNCIAS 07/2025 ATE 12/2025                                                                   .                                                                           VALOR TOTAL:....................................................229.950,00  .                                                                           64 - TRANSFERENCIAS DE RECURSOS DO SUS - ATENCAO ESPECIALIZADA              SOLICITACAO FINANCEIRA: 183508/2026                                         ;Inexigibilidade de Licitação;000000052020
20262150024310270;15/06/2026 00:00:00;229950,00;0171272026;29/06/2026 00:00:00;68450,00;202621500243102700003;30/06/2026 00:00:00;68450,00;33909200;DESPESAS DE EXERCICIOS ANTERIORES;00294440000107;SECRETARIA MUNICIPAL DE SAUDE;0,00;SECRETARIA MUNICIPAL DE SAUDE                                                                                                                                                                                                                                ;SAUDE - 10;ASSISTENCIA HOSPITALAR E AMBULATORIAL - 302;TRANSFERENCIA DE RECURSOS DO SISTEMA UNICO DE SAUDE - SUS - BLOCO DE MANUTENCAO DAS ACOES E SERVICOS PUBLICOS DE SAUDE - 107;CEMA CENTRO DE MEDICINA AVANCADA LTDA;DESPESA COM CONTRATO NR. 298/2022 PARA A EXECUCAO DE SERVICOS MEDICOS DE ASSISTENCIA A SAUDE AMBULATORIAL (HOSPITALAR) E/OU APOIO DIAGNOSTICO TERAPEUTICO PARA ATENDIMENTO DOS USUARIOS DO SUS - REFERENCIA: COMPETÊNCIAS 07/2025 ATE 12/2025                                                                   .                                                                           VALOR TOTAL:....................................................229.950,00  .                                                                           64 - TRANSFERENCIAS DE RECURSOS DO SUS - ATENCAO ESPECIALIZADA              SOLICITACAO FINANCEIRA: 183508/2026                                         ;Inexigibilidade de Licitação;000000052020
20262150024310270;15/06/2026 00:00:00;229950,00;0171282026;29/06/2026 00:00:00;48850,00;202621500243102700004;30/06/2026 00:00:00;48850,00;33909200;DESPESAS DE EXERCICIOS ANTERIORES;00294440000107;SECRETARIA MUNICIPAL DE SAUDE;0,00;SECRETARIA MUNICIPAL DE SAUDE                                                                                                                                                                                                                                ;SAUDE - 10;ASSISTENCIA HOSPITALAR E AMBULATORIAL - 302;TRANSFERENCIA DE RECURSOS DO SISTEMA UNICO DE SAUDE - SUS - BLOCO DE MANUTENCAO DAS ACOES E SERVICOS PUBLICOS DE SAUDE - 107;CEMA CENTRO DE MEDICINA AVANCADA LTDA;DESPESA COM CONTRATO NR. 298/2022 PARA A EXECUCAO DE SERVICOS MEDICOS DE ASSISTENCIA A SAUDE AMBULATORIAL (HOSPITALAR) E/OU APOIO DIAGNOSTICO TERAPEUTICO PARA ATENDIMENTO DOS USUARIOS DO SUS - REFERENCIA: COMPETÊNCIAS 07/2025 ATE 12/2025                                                                   .                                                                           VALOR TOTAL:....................................................229.950,00  .                                                                           64 - TRANSFERENCIAS DE RECURSOS DO SUS - ATENCAO ESPECIALIZADA              SOLICITACAO FINANCEIRA: 183508/2026                                         ;Inexigibilidade de Licitação;000000052020
20262150024310270;15/06/2026 00:00:00;229950,00;0171292026;29/06/2026 00:00:00;5600,00;202621500243102700005;30/06/2026 00:00:00;5600,00;33909200;DESPESAS DE EXERCICIOS ANTERIORES;00294440000107;SECRETARIA MUNICIPAL DE SAUDE;0,00;SECRETARIA MUNICIPAL DE SAUDE                                                                                                                                                                                                                                ;SAUDE - 10;ASSISTENCIA HOSPITALAR E AMBULATORIAL - 302;TRANSFERENCIA DE RECURSOS DO SISTEMA UNICO DE SAUDE - SUS - BLOCO DE MANUTENCAO DAS ACOES E SERVICOS PUBLICOS DE SAUDE - 107;CEMA CENTRO DE MEDICINA AVANCADA LTDA;DESPESA COM CONTRATO NR. 298/2022 PARA A EXECUCAO DE SERVICOS MEDICOS DE ASSISTENCIA A SAUDE AMBULATORIAL (HOSPITALAR) E/OU APOIO DIAGNOSTICO TERAPEUTICO PARA ATENDIMENTO DOS USUARIOS DO SUS - REFERENCIA: COMPETÊNCIAS 07/2025 ATE 12/2025                                                                   .                                                                           VALOR TOTAL:....................................................229.950,00  .                                                                           64 - TRANSFERENCIAS DE RECURSOS DO SUS - ATENCAO ESPECIALIZADA              SOLICITACAO FINANCEIRA: 183508/2026                                         ;Inexigibilidade de Licitação;000000052020
20262150025810071;02/06/2026 00:00:00;1741505,84;;;0,00;;;0,00;33909300;INDENIZACOES E RESTITUICOES;01531714000199;SECRETARIA MUNICIPAL DE SAUDE;0,00;SECRETARIA MUNICIPAL DE SAUDE                                                                                                                                                                                                                                ;SAUDE - 10;ASSISTENCIA HOSPITALAR E AMBULATORIAL - 302;TRANSFERENCIA DE RECURSOS DO SISTEMA UNICO DE SAUDE - SUS - BLOCO DE MANUTENCAO DAS ACOES E SERVICOS PUBLICOS DE SAUDE - 107;S R HOSPITALAR LTDA;DESPESA COM TERMO DE PAGAMENTO - INDENIZACAO DA EXECUCAO DE SERVICOS MEDICOSDE ASSISTENCIA A SAUDE AMBULATORIAL (HOSPITALAR) E/OU APOIO DIAGNOSTICO TERAPEUTICO PARA ATENDIMENTO DOS USUARIOS DO SUS                                REFERENCIA: COMPETENCIAS DE 06/2023 ATE 10/2024                             .                                                                           VALOR TOTAL:..................................................1.741.505,84  .                                                                           64 - TRANSFERENCIAS DE RECURSOS DO SUS - ATENCAO ESPECIALIZADA              SOLICITACAO FINANCEIRA: 183231/2026                                         ;Não se aplica (Ex.: Despesas com Pessoal);000000000000
20262150025810072;02/06/2026 00:00:00;6926,40;0147662026;03/06/2026 00:00:00;6926,40;202621500258100720001;09/06/2026 00:00:00;0,00;33909300;INDENIZACOES E RESTITUICOES;00740696000192;SECRETARIA MUNICIPAL DE SAUDE;0,00;SECRETARIA MUNICIPAL DE SAUDE                                                                                                                                                                                                                                ;SAUDE - 10;ASSISTENCIA HOSPITALAR E AMBULATORIAL - 302;TRANSFERENCIA DE RECURSOS DO SISTEMA UNICO DE SAUDE - SUS - BLOCO DE MANUTENCAO DAS ACOES E SERVICOS PUBLICOS DE SAUDE - 107;PMH  PRODUTOS MEDICOS HOSPITALARES LTDA;DESPESA COM TERMO DE PAGAMENTO - INDENIZACAO DA PRESTACAO DE SERVICOS DE EXAMES LABORATORIAIS DE HEMATOLOGIA E EAS, TENDO EM VISTA O ENCERRAMENTO DO CONTRATO NR. 506/2018                                                          CONF. DESPACHO NR. 731/2024 E TERMO DE ATESTO(5706923) - SMS/GERADI, REF. PERIODO DE 28/09/2024 A 30/09/2024                                            .                                                                           VALOR TOTAL:......................................................6.926,40  .                                                                           64 - TRANSFERENCIAS DE RECURSOS DO SUS - ATENCAO ESPECIALIZADA              SOLICITACAO FINANCEIRA: 181791/2026                                         ;Não se aplica (Ex.: Despesas com Pessoal);000000000000
20262150025810072;02/06/2026 00:00:00;6926,40;0147662026;03/06/2026 00:00:00;6926,40;202621500258100720002;16/06/2026 00:00:00;6926,40;33909300;INDENIZACOES E RESTITUICOES;00740696000192;SECRETARIA MUNICIPAL DE SAUDE;0,00;SECRETARIA MUNICIPAL DE SAUDE                                                                                                                                                                                                                                ;SAUDE - 10;ASSISTENCIA HOSPITALAR E AMBULATORIAL - 302;TRANSFERENCIA DE RECURSOS DO SISTEMA UNICO DE SAUDE - SUS - BLOCO DE MANUTENCAO DAS ACOES E SERVICOS PUBLICOS DE SAUDE - 107;PMH  PRODUTOS MEDICOS HOSPITALARES LTDA;DESPESA COM TERMO DE PAGAMENTO - INDENIZACAO DA PRESTACAO DE SERVICOS DE EXAMES LABORATORIAIS DE HEMATOLOGIA E EAS, TENDO EM VISTA O ENCERRAMENTO DO CONTRATO NR. 506/2018                                                          CONF. DESPACHO NR. 731/2024 E TERMO DE ATESTO(5706923) - SMS/GERADI, REF. PERIODO DE 28/09/2024 A 30/09/2024                                            .                                                                           VALOR TOTAL:......................................................6.926,40  .                                                                           64 - TRANSFERENCIAS DE RECURSOS DO SUS - ATENCAO ESPECIALIZADA              SOLICITACAO FINANCEIRA: 181791/2026                                         ;Não se aplica (Ex.: Despesas com Pessoal);000000000000
20262150025810073;09/06/2026 00:00:00;176475,69;0161622026;23/06/2026 00:00:00;176475,69;;;0,00;33909300;INDENIZACOES E RESTITUICOES;18816867000185;SECRETARIA MUNICIPAL DE SAUDE;0,00;SECRETARIA MUNICIPAL DE SAUDE                                                                                                                                                                                                                                ;SAUDE - 10;ASSISTENCIA HOSPITALAR E AMBULATORIAL - 302;TRANSFERENCIA DE RECURSOS DO SISTEMA UNICO DE SAUDE - SUS - BLOCO DE MANUTENCAO DAS ACOES E SERVICOS PUBLICOS DE SAUDE - 107;DEL SERVICOS ELETROMECANICOS LTDA;PAGAMENTO POR INDENIZACAO POR SERVICOS DE ENGENHARIA CLINICA, INCLUINDO MANUTENCAO, CALIBRACAO, TESTES E GESTAO DE EQUIPAMENTOS HOSPITALARES DA SMS DE  GOIANIA, COM FORNECIMENTO DE PECAS E MATERIAIS CONFORME DESPACHO 360/2026-GERADI, TERMO DE ATESTO 10420394, NOTA FISCAL 3755 (10420282) - COMPETENCIA:  ABRIL/2026, SOLICITACAO FINANCEIRA 183368 - 2026.                           .                                                                           VALOR TOTAL.......................................................176.475,69.                                                                           64 - TRANSFERENCIAS DE RECURSOS DO SUS - ATENCAO ESPECIALIZADA              ;Outros (Convênios, ajustes, similares, etc.);000000000000
20262150025810074;10/06/2026 00:00:00;11920814,54;0155692026;16/06/2026 00:00:00;11920814,54;202621500258100740001;16/06/2026 00:00:00;5000000,00;33909300;INDENIZACOES E RESTITUICOES;72551799000115;SECRETARIA MUNICIPAL DE SAUDE;0,00;SECRETARIA MUNICIPAL DE SAUDE                                                                                                                                                                                                                                ;SAUDE - 10;ASSISTENCIA HOSPITALAR E AMBULATORIAL - 302;TRANSFERENCIA DE RECURSOS DO SISTEMA UNICO DE SAUDE - SUS - BLOCO DE MANUTENCAO DAS ACOES E SERVICOS PUBLICOS DE SAUDE - 107;HOSPITAL BENEDICENTE SAO JOSE DE HERCULANDIA;DESPESA COM TERMO DE PAGAMENTO - INDENIZACAO DAS DESPESAS OPERACIONAIS RELATIVAS AO TERMO DE COLABORACAO EMERGENCIAL NR. 042/2025, NO PERIODO DE AGOSTO/2025 A MARÇO/2026, CONF. OFICIO NR. 016/2026 - DE ACORDO COM O PARECER JURÍDICO NR. 3313/2026-PGM/PAA E DESPACHO NR. 3304/2026-SMS/SECGER               .                                                                           VALOR TOTAL:.................................................11.920.814,54  .                                                                           64 - TRANSFERENCIAS DE RECURSOS DO SUS - ATENCAO ESPECIALIZADA              SOLICITACAO FINANCEIRA: 183429/2026                                         ;Não se aplica (Ex.: Despesas com Pessoal);000000000000
20262150025810074;10/06/2026 00:00:00;11920814,54;0155692026;16/06/2026 00:00:00;11920814,54;202621500258100740002;13/07/2026 00:00:00;2000000,00;33909300;INDENIZACOES E RESTITUICOES;72551799000115;SECRETARIA MUNICIPAL DE SAUDE;0,00;SECRETARIA MUNICIPAL DE SAUDE                                                                                                                                                                                                                                ;SAUDE - 10;ASSISTENCIA HOSPITALAR E AMBULATORIAL - 302;TRANSFERENCIA DE RECURSOS DO SISTEMA UNICO DE SAUDE - SUS - BLOCO DE MANUTENCAO DAS ACOES E SERVICOS PUBLICOS DE SAUDE - 107;HOSPITAL BENEDICENTE SAO JOSE DE HERCULANDIA;DESPESA COM TERMO DE PAGAMENTO - INDENIZACAO DAS DESPESAS OPERACIONAIS RELATIVAS AO TERMO DE COLABORACAO EMERGENCIAL NR. 042/2025, NO PERIODO DE AGOSTO/2025 A MARÇO/2026, CONF. OFICIO NR. 016/2026 - DE ACORDO COM O PARECER JURÍDICO NR. 3313/2026-PGM/PAA E DESPACHO NR. 3304/2026-SMS/SECGER               .                                                                           VALOR TOTAL:.................................................11.920.814,54  .                                                                           64 - TRANSFERENCIAS DE RECURSOS DO SUS - ATENCAO ESPECIALIZADA              SOLICITACAO FINANCEIRA: 183429/2026                                         ;Não se aplica (Ex.: Despesas com Pessoal);000000000000
20262150025810076;15/06/2026 00:00:00;35134,11;;;0,00;;;0,00;33909300;INDENIZACOES E RESTITUICOES;00084476346120;SECRETARIA MUNICIPAL DE SAUDE;0,00;SECRETARIA MUNICIPAL DE SAUDE                                                                                                                                                                                                                                ;SAUDE - 10;ASSISTENCIA HOSPITALAR E AMBULATORIAL - 302;TRANSFERENCIA DE RECURSOS DO SISTEMA UNICO DE SAUDE - SUS - BLOCO DE MANUTENCAO DAS ACOES E SERVICOS PUBLICOS DE SAUDE - 107;VANUSA MARIA DE FATIMA BORBA;DESPESA COM TERMO DE PAGAMENTO POR INDENIZACAO RELATIVO AO SERVICO DE       LOCACAO RELATIVO AO IMOVEL ONDE FUNCIONA A RESIDENCIA TERAPEUTICA           ESPERANCA I CONFORME DESPACHO 442/2026-GERINF, REFERENCIA: 01/01/2025 A     26/05/2026,PEDIDO DE COMPRAS: 415/2026._SOLICITACAO FINANCEIRA N.183481-2026.                                                                           VALOR TOTAL:.......................................................35.134,11.                                                                           64 - TRANSFERENCIAS DE RECURSOS DO SUS - ATENCAO ESPECIALIZADA.             ;Não se aplica (Ex.: Despesas com Pessoal);000000000000
20262150025810077;15/06/2026 00:00:00;33885,64;;;0,00;;;0,00;33909300;INDENIZACOES E RESTITUICOES;00084476346120;SECRETARIA MUNICIPAL DE SAUDE;0,00;SECRETARIA MUNICIPAL DE SAUDE                                                                                                                                                                                                                                ;SAUDE - 10;ASSISTENCIA HOSPITALAR E AMBULATORIAL - 302;TRANSFERENCIA DE RECURSOS DO SISTEMA UNICO DE SAUDE - SUS - BLOCO DE MANUTENCAO DAS ACOES E SERVICOS PUBLICOS DE SAUDE - 107;VANUSA MARIA DE FATIMA BORBA;RELATIVO AO IMOVEL ONDE FUNCIONA A RESIDENCIA TERAPEUTICA ESPERANCA II_CONF.DESPACHO 443/2026-GERINF, REFERENCIA: 01/01/2025 A 26/05/2026, PEDIDO DE    COMPRAS: 414/2026. SOLICITACAO FINANCEIRA N.183479-2026.                    .                                                                           VALOR TOTAL:.......................................................33.885,64.                                                                           64 - TRANSFERENCIAS DE RECURSOS DO SUS - ATENCAO ESPECIALIZADA.             DESPESA C/TERMO DE PAGAMENTO POR INDENIZACAO RELATIVO AO SERVIÇO DE LOCACAO ;Não se aplica (Ex.: Despesas com Pessoal);000000000000
20262150025810078;15/06/2026 00:00:00;227055,28;;;0,00;;;0,00;33909300;INDENIZACOES E RESTITUICOES;00136446000148;SECRETARIA MUNICIPAL DE SAUDE;0,00;SECRETARIA MUNICIPAL DE SAUDE                                                                                                                                                                                                                                ;SAUDE - 10;ASSISTENCIA HOSPITALAR E AMBULATORIAL - 302;TRANSFERENCIA DE RECURSOS DO SISTEMA UNICO DE SAUDE - SUS - BLOCO DE MANUTENCAO DAS ACOES E SERVICOS PUBLICOS DE SAUDE - 107;NEFROCLINICA CLINICA DE DOENCAS RENAIS LTDA;DESPESA COM TERMO DE PAGAMENTO - INDENIZACAO DA EXECUCAO DE SERVICOS MEDICOSDE ASSISTENCIA A SAUDE AMBULATORIAL (HOSPITALAR) E/OU APOIO DIAGNOSTICO TERAPEUTICO PARA ATENDIMENTO DOS USUARIOS DO SUS - CONFORME DESPACHO NR. 685/2026-SUPRAC DE REFERENCIA: COMPETENCIA 03/2026                                 .                                                                           VALOR TOTAL:....................................................227.055,28  .                                                                           64 - TRANSFERENCIAS DE RECURSOS DO SUS - ATENCAO ESPECIALIZADA              SOLICITACAO FINANCEIRA: 183509/2026                                         ;Não se aplica (Ex.: Despesas com Pessoal);000000000000
20262150025810079;15/06/2026 00:00:00;86386,45;;;0,00;;;0,00;33909300;INDENIZACOES E RESTITUICOES;01567601000143;SECRETARIA MUNICIPAL DE SAUDE;0,00;SECRETARIA MUNICIPAL DE SAUDE                                                                                                                                                                                                                                ;SAUDE - 10;ASSISTENCIA HOSPITALAR E AMBULATORIAL - 302;TRANSFERENCIA DE RECURSOS DO SISTEMA UNICO DE SAUDE - SUS - BLOCO DE MANUTENCAO DAS ACOES E SERVICOS PUBLICOS DE SAUDE - 107;UNIVERSIDADE FEDERAL DE GOIAS;DESPESA COM TERMO DE PAGAMENTO - INDENIZACAO DA EXECUCAO DE SERVICOS MEDICOSDE ASSISTENCIA A SAUDE AMBULATORIAL (HOSPITALAR) E/OU APOIO DIAGNOSTICO TERAPEUTICO PARA ATENDIMENTO DOS USUARIOS DO SUS                                CONFORME DESPACHO NR. 686/2026-SUPRAC, DA COMPETENCIA 03/2026 - LABORATORIO ROMULO ROCHA DA UFG-GO                                                      .                                                                           VALOR TOTAL:.....................................................86.386,45  .                                                                           64 - TRANSFERENCIAS DE RECURSOS DO SUS - ATENCAO ESPECIALIZADA              SOLICITACAO FINANCEIRA: 183510/2026                                         ;Não se aplica (Ex.: Despesas com Pessoal);000000000000
20262150025810080;15/06/2026 00:00:00;94241,16;;;0,00;;;0,00;33909300;INDENIZACOES E RESTITUICOES;00740696000192;SECRETARIA MUNICIPAL DE SAUDE;0,00;SECRETARIA MUNICIPAL DE SAUDE                                                                                                                                                                                                                                ;SAUDE - 10;ASSISTENCIA HOSPITALAR E AMBULATORIAL - 302;TRANSFERENCIA DE RECURSOS DO SISTEMA UNICO DE SAUDE - SUS - BLOCO DE MANUTENCAO DAS ACOES E SERVICOS PUBLICOS DE SAUDE - 107;PMH  PRODUTOS MEDICOS HOSPITALARES LTDA;CONFORME DESPACHO NR. 370/2026-GERADI, REF. PERIODO DE 01/04/2026 A 30/04/2026 E NOTA FISCAL NR. 278(03/06/2026)                                        .                                                                           VALOR TOTAL:.....................................................94.241,16  .                                                                           64 - TRANSFERENCIAS DE RECURSOS DO SUS - ATENCAO ESPECIALIZADA              SOLICITACAO FINANCEIRA: 183477/2026                                         DESPESA COM TERMO DE PAGAMENTO - INDENIZACAO DA REALIZACAO DE SERVICOS DE EXAMES LABORATORIAIS DE HEMATOLOGIA E EAS, MANUTENCAO, CALIBRACAO NAS UNIDADESDE EMERGENCIA DA SECRETARIA MUNICIPAL DE SAUDE                              ;Não se aplica (Ex.: Despesas com Pessoal);000000000000
20262150025810081;19/06/2026 00:00:00;112026,43;;;0,00;;;0,00;33909300;INDENIZACOES E RESTITUICOES;22208295000129;SECRETARIA MUNICIPAL DE SAUDE;0,00;SECRETARIA MUNICIPAL DE SAUDE                                                                                                                                                                                                                                ;SAUDE - 10;ASSISTENCIA HOSPITALAR E AMBULATORIAL - 302;TRANSFERENCIA DE RECURSOS DO SISTEMA UNICO DE SAUDE - SUS - BLOCO DE MANUTENCAO DAS ACOES E SERVICOS PUBLICOS DE SAUDE - 107;CHROME TECNOLOGIA COMERCIO IMPORTACAO E EXPORTACAO EIRELI;64 - TRANSFERENCIAS DE RECURSOS DO SUS - ATENCAO ESPECIALIZADA              .                                                                           VALOR TOTAL.......................................................112.026,43.                                                                           CEIRO 183725 - 2026.                                                        MES DE 04/2026 DE ACORDO COM O DESPACHO NR.382/2026-GERADI SOLICITACAO FINANE MANUTENCAO NAS UNIDADES DE SAUDE DA SMS CONF. NOTA FISCAL NR. 449, REF.:AOFORNECIMENTO DE RAIO-X COM SOLUCAO TECNOLOGICA, LOCACAO, ASSISTENCIA TECNICADESPESA COM TERMO DE PAGAMENTO - INDENIZACAO DA PRESTACAO DE SERVICOS COM O ;Outros (Convênios, ajustes, similares, etc.);000000000000
20262150025810082;19/06/2026 00:00:00;50089,77;;;0,00;;;0,00;33909300;INDENIZACOES E RESTITUICOES;22208295000129;SECRETARIA MUNICIPAL DE SAUDE;0,00;SECRETARIA MUNICIPAL DE SAUDE                                                                                                                                                                                                                                ;SAUDE - 10;ASSISTENCIA HOSPITALAR E AMBULATORIAL - 302;TRANSFERENCIA DE RECURSOS DO SISTEMA UNICO DE SAUDE - SUS - BLOCO DE MANUTENCAO DAS ACOES E SERVICOS PUBLICOS DE SAUDE - 107;CHROME TECNOLOGIA COMERCIO IMPORTACAO E EXPORTACAO EIRELI;DESPESA COM TERMO DE PAGAMENTO - INDENIZACAO DA PRESTACAO DE SERVICOS COM O FORNECIMENTO DE RAIO-X COM SOLUCAO TECNOLOGICA, LOCACAO, ASSISTENCIA TECNICAE MANUTENCAO NAS UNIDADES DE SAUDE DA SMS CONF. NOTA FISCAL NR.450, REF.: AOMES DE 05/2026 DE ACORDO COM O DESPACHO NR.381/2026-GERADI.                 SOLICITACAO FINANCEIRA 183722 - 2026.                                       .                                                                           VALOR TOTAL........................................................50.089,77.                                                                           64 - TRANSFERENCIAS DE RECURSOS DO SUS - ATENCAO ESPECIALIZADA              ;Outros (Convênios, ajustes, similares, etc.);000000000000
20262150025810083;19/06/2026 00:00:00;107242,20;;;0,00;;;0,00;33909300;INDENIZACOES E RESTITUICOES;00740696000192;SECRETARIA MUNICIPAL DE SAUDE;0,00;SECRETARIA MUNICIPAL DE SAUDE                                                                                                                                                                                                                                ;SAUDE - 10;ASSISTENCIA HOSPITALAR E AMBULATORIAL - 302;TRANSFERENCIA DE RECURSOS DO SISTEMA UNICO DE SAUDE - SUS - BLOCO DE MANUTENCAO DAS ACOES E SERVICOS PUBLICOS DE SAUDE - 107;PMH  PRODUTOS MEDICOS HOSPITALARES LTDA;DESPESA COM TERMO DE PAGAMENTO - INDENIZACAO DOS SERVICOS DE REALIZACAO DE  EXAMES LABORATORIAIS DE HEMATOLOGIA, COM CESSAO DE EQUIPAMENTOS INCLUINDO   MANUTENCAO, CALIBRACAO E TREINAMENTOS E DE ASSISTENCIA TECNICO-CIENTIFICA,NOTA FISCAL NR.194 E DESPACHO NR. 050/2026-GERADI - REF.PERIODO DE 01/01/2025 A 31/01/2025, SOLICITACAO FINANCEIRA 183475 - 2026.                         .                                                                           VALOR TOTAL.......................................................107.242,20.                                                                           64 - TRANSFERENCIAS DE RECURSOS DO SUS - ATENCAO ESPECIALIZADA              ;Outros (Convênios, ajustes, similares, etc.);000000000000
20262150025810084;24/06/2026 00:00:00;30500,00;;;0,00;;;0,00;33909300;INDENIZACOES E RESTITUICOES;37864667000142;SECRETARIA MUNICIPAL DE SAUDE;0,00;SECRETARIA MUNICIPAL DE SAUDE                                                                                                                                                                                                                                ;SAUDE - 10;ASSISTENCIA HOSPITALAR E AMBULATORIAL - 302;TRANSFERENCIA DE RECURSOS DO SISTEMA UNICO DE SAUDE - SUS - BLOCO DE MANUTENCAO DAS ACOES E SERVICOS PUBLICOS DE SAUDE - 107;ENDOCENTRO SERVICOS MEDICOS LTDA;DESPESA COM TERMO DE PAGAMENTO - INDENIZACAO DA EXECUCAO DE SERVICOS MEDICOSDE ASSISTENCIA A SAUDE AMBULATORIAL (HOSPITALAR) E/OU APOIO DIAGNOSTICO TERAPEUTICO PARA ATENDIMENTO DOS USUARIOS DO SUS DE ACORDO COM O DESPACHO NR.716/2026-SUPRAC, REFERENTE A COMPETENCIA 04/2026.SOLICITACAO FINANCEIRA 183846/2026.                                                                       .                                                                           VALOR TOTAL........................................................30.500,00.                                                                           64 - TRANSFERENCIAS DE RECURSOS DO SUS - ATENCAO ESPECIALIZADA              ;Outros (Convênios, ajustes, similares, etc.);000000000000
20262150025810085;26/06/2026 00:00:00;33300,00;;;0,00;;;0,00;33909300;INDENIZACOES E RESTITUICOES;37864667000142;SECRETARIA MUNICIPAL DE SAUDE;0,00;SECRETARIA MUNICIPAL DE SAUDE                                                                                                                                                                                                                                ;SAUDE - 10;ASSISTENCIA HOSPITALAR E AMBULATORIAL - 302;TRANSFERENCIA DE RECURSOS DO SISTEMA UNICO DE SAUDE - SUS - BLOCO DE MANUTENCAO DAS ACOES E SERVICOS PUBLICOS DE SAUDE - 107;ENDOCENTRO SERVICOS MEDICOS LTDA;PEUTICO PARA ATENDIMENTO DOS USUARIOS DO SUS - REFERENCIA: COMPETENCA 03/2026 - CONF. DESPACHO NR. 704/2026-SUPRAC                                      .                                                                           VALOR TOTAL:.....................................................33.300,00  .                                                                           64 - TRANSFERENCIAS DE RECURSOS DO SUS - ATENCAO ESPECIALIZADA              SOLICITACAO FINANCEIRA: 183772/2026                                         DESPESA COM TERMO DE PAGAMENTO - INDENIZACAO DA EXECUCAO DE SERVICOS MEDICOSDE ASSISTENCIA A SAUDE AMBULATORIAL (HOSPITALAR) E/OU APOIO DIAGNOSTICO TERA;Não se aplica (Ex.: Despesas com Pessoal);000000000000
20262150025810086;29/06/2026 00:00:00;212818,06;;;0,00;;;0,00;33909300;INDENIZACOES E RESTITUICOES;00136446000148;SECRETARIA MUNICIPAL DE SAUDE;0,00;SECRETARIA MUNICIPAL DE SAUDE                                                                                                                                                                                                                                ;SAUDE - 10;ASSISTENCIA HOSPITALAR E AMBULATORIAL - 302;TRANSFERENCIA DE RECURSOS DO SISTEMA UNICO DE SAUDE - SUS - BLOCO DE MANUTENCAO DAS ACOES E SERVICOS PUBLICOS DE SAUDE - 107;NEFROCLINICA CLINICA DE DOENCAS RENAIS LTDA;DESPESA COM TERMO DE PAGAMENTO - INDENIZACAO DA EXECUCAO DE SERVICOS        MEDICOS DE ASSISTENCIA A SAUDE AMBULATORIAL (HOSPITALAR) E/OU APOIO         DIAGNOSTICO TERAPEUTICO PARA ATENDIMENTO DOS USUARIOS DO SUS                CONFORME DESPACHO NR. 712/2026 - SUPRAC, REFERENTE A COMPETENCIA 04/2026    .                                                                           VALOR TOTAL:..................................................212.818,06    .                                                                           64 - TRANSFERENCIAS DE RECURSOS DO SUS - ATENCAO ESPECIALIZADA              SOLICITACAO FINANCEIRA: 183826/20256                                        ;Não se aplica (Ex.: Despesas com Pessoal);000000000000
20262150025810087;29/06/2026 00:00:00;111837,65;;;0,00;;;0,00;33909300;INDENIZACOES E RESTITUICOES;01567601000143;SECRETARIA MUNICIPAL DE SAUDE;0,00;SECRETARIA MUNICIPAL DE SAUDE                                                                                                                                                                                                                                ;SAUDE - 10;ASSISTENCIA HOSPITALAR E AMBULATORIAL - 302;TRANSFERENCIA DE RECURSOS DO SISTEMA UNICO DE SAUDE - SUS - BLOCO DE MANUTENCAO DAS ACOES E SERVICOS PUBLICOS DE SAUDE - 107;UNIVERSIDADE FEDERAL DE GOIAS;SOLICITACAO FINANCEIRA: 183827/20256                                        64 - TRANSFERENCIAS DE RECURSOS DO SUS - ATENCAO ESPECIALIZADA              .                                                                           VALOR TOTAL:..................................................111.837,65    .                                                                           CONFORME DESPACHO NR. 713/2026 - SUPRAC, REFERENTE A COMPETENCIA 04/2026    DIAGNOSTICO TERAPEUTICO PARA ATENDIMENTO DOS USUARIOS DO SUS                MEDICOS DE ASSISTENCIA A SAUDE AMBULATORIAL (HOSPITALAR) E/OU APOIO         DESPESA COM TERMO DE PAGAMENTO - INDENIZACAO DA EXECUCAO DE SERVICOS        ;Não se aplica (Ex.: Despesas com Pessoal);000000000000
20262150025810088;29/06/2026 00:00:00;122306,65;;;0,00;;;0,00;33909300;INDENIZACOES E RESTITUICOES;01567601000143;SECRETARIA MUNICIPAL DE SAUDE;0,00;SECRETARIA MUNICIPAL DE SAUDE                                                                                                                                                                                                                                ;SAUDE - 10;ASSISTENCIA HOSPITALAR E AMBULATORIAL - 302;TRANSFERENCIA DE RECURSOS DO SISTEMA UNICO DE SAUDE - SUS - BLOCO DE MANUTENCAO DAS ACOES E SERVICOS PUBLICOS DE SAUDE - 107;UNIVERSIDADE FEDERAL DE GOIAS;DESPESA COM TERMO DE PAGAMENTO - INDENIZACAO DA EXECUCAO DE SERVICOS        MEDICOS DE ASSISTENCIA A SAUDE AMBULATORIAL (HOSPITALAR) E/OU APOIO         DIAGNOSTICO TERAPEUTICO PARA ATENDIMENTO DOS USUARIOS DO SUS                CONFORME DESPACHO NR. 1.605/2025 - SUPRAC, REFERENTE A COMPETENCIA 09/2025  .                                                                           VALOR TOTAL:..................................................122.306,65    .                                                                           64 - TRANSFERENCIAS DE RECURSOS DO SUS - ATENCAO ESPECIALIZADA              SOLICITACAO FINANCEIRA: 183881/20256                                        ;Não se aplica (Ex.: Despesas com Pessoal);000000000000
20262150025810089;29/06/2026 00:00:00;235312,20;;;0,00;;;0,00;33909300;INDENIZACOES E RESTITUICOES;06955770000174;SECRETARIA MUNICIPAL DE SAUDE;0,00;SECRETARIA MUNICIPAL DE SAUDE                                                                                                                                                                                                                                ;SAUDE - 10;ASSISTENCIA HOSPITALAR E AMBULATORIAL - 302;TRANSFERENCIA DE RECURSOS DO SISTEMA UNICO DE SAUDE - SUS - BLOCO DE MANUTENCAO DAS ACOES E SERVICOS PUBLICOS DE SAUDE - 107;R MORAES AGENCIA DE TURISMO EIRELI;SOLICITACAO FINANCEIRA: 183794/20256                                        64 - TRANSFERENCIAS DE RECURSOS DO SUS - ATENCAO ESPECIALIZADA              .                                                                           VALOR TOTAL:..................................................235.312,20    .                                                                           26-GERPMC                                                                   CONFORME TERMO DE ATESTO, FATURA: FT00155894 (10198766) E DESPACHO NR. 80/20ADOS AOS PACIENTES DO PROGRAMA DE TFD                                       MENTO DE PASSAGENS AEREAS DE AGENDAMENTO E GERENCIAMENTO DAS VIAGENS, DESTINDESPESA COM TERMO DE PAGAMENTO, INDENIZACAO DOS SERVICOS PRESTADOS E FORNECI;Não se aplica (Ex.: Despesas com Pessoal);000000000000
20262150025810090;29/06/2026 00:00:00;177111,80;;;0,00;;;0,00;33909300;INDENIZACOES E RESTITUICOES;18816867000185;SECRETARIA MUNICIPAL DE SAUDE;0,00;SECRETARIA MUNICIPAL DE SAUDE                                                                                                                                                                                                                                ;SAUDE - 10;ASSISTENCIA HOSPITALAR E AMBULATORIAL - 302;TRANSFERENCIA DE RECURSOS DO SISTEMA UNICO DE SAUDE - SUS - BLOCO DE MANUTENCAO DAS ACOES E SERVICOS PUBLICOS DE SAUDE - 107;DEL SERVICOS ELETROMECANICOS LTDA;DESPESA COM TERMO DE PAGAMENTO - INDENIZACAO DA PRESTACAO DE SERVICOS DE MANUTENCAO PREVENTIVA E CORRETIVA DE EQUIPAMENTOS MEDICO-HOSPITALARES, DE ACORDO COM O DESPACHO NR. 386/2026-GERADI                                        COMPETENCIA DE MAIO/2026, NOTA FISCAL NR. 3781                              .                                                                           VALOR TOTAL:..................................................177.111,80    .                                                                           64 - TRANSFERENCIAS DE RECURSOS DO SUS - ATENCAO ESPECIALIZADA              SOLICITACAO FINANCEIRA: 183773/20256                                        ;Não se aplica (Ex.: Despesas com Pessoal);000000000000
20262150025830075;11/06/2026 00:00:00;6100000,00;;;0,00;;;0,00;33909300;INDENIZACOES E RESTITUICOES;37678845000140;SECRETARIA MUNICIPAL DE SAUDE;0,00;SECRETARIA MUNICIPAL DE SAUDE                                                                                                                                                                                                                                ;SAUDE - 10;ASSISTENCIA HOSPITALAR E AMBULATORIAL - 302;TRANSFERENCIA DE RECURSOS DO SISTEMA UNICO DE SAUDE - SUS - BLOCO DE MANUTENCAO DAS ACOES E SERVICOS PUBLICOS DE SAUDE - 107;INSTITUTO PATRIS;DESPESA COM TERMO DE PAGAMENTO - INDENIZACAO EM FAVOR DO INSTITUTO PATRIS DECORRENTE DA EXECUCAO EMERGENCIAL DAS ACOES E SERVICOS DE SAUDE NO HOSPITAL EMATERNIDADE CELIA CAMARA - HMCC - CONFORME DESPACHO NR. 017/2026 - SMS/GERPPI, REFERENCIA: 01/04/2026 A 30/04/2026 - INSTITUTO PATRIS, CNPJ: 37.678.845/0007-36                                                                     .                                                                           VALOR EMPENHADO DE 06/2026  COM MENSAL DE:....................1.738.119,62  VALOR EMPENHADO DE 07/2026  COM MENSAL DE:....................1.564.928,56  VALOR EMPENHADO DE 08/2026  COM MENSAL DE:....................1.528.232,99  VALOR EMPENHADO DE 09/2026  COM MENSAL DE:......................952.408,29  VALOR EMPENHADO DE 10/2026  COM MENSAL DE:......................316.310,54  VALOR TOTAL:..................................................6.100.000,00  .                                                                           64 - TRANSFERENCIAS DE RECURSOS DO SUS - ATENCAO ESPECIALIZADA              SOLICITACAO FINANCEIRA: 183421/2026                                         ;Não se aplica (Ex.: Despesas com Pessoal);000000000000
20262150026210001;02/06/2026 00:00:00;247411,08;;;0,00;;;0,00;33909300;INDENIZACOES E RESTITUICOES;00186938000148;SECRETARIA MUNICIPAL DE SAUDE;0,00;SECRETARIA MUNICIPAL DE SAUDE                                                                                                                                                                                                                                ;SAUDE - 10;ASSISTENCIA HOSPITALAR E AMBULATORIAL - 302;TRANSFERENCIA DE RECURSOS DO SISTEMA UNICO DE SAUDE - SUS / ESTADOS - 131;LIGMOBILE TELECOMUNICACOES LTDA;SOLICITACAO FINANCEIRA: 183229/2026                                         20 - SERVICOS DE ATENDIMENTO MOVEL DE URGENCIA - SAMU                       .                                                                           VALOR TOTAL:....................................................247.411,08  .                                                                           REFERENCIA: 06/08/2025 A 24/03/2026, CONF. TERMO DE ATESTO 10204114         ENCAO DE SERVICO MOVEL ESPECIALIZADO DE RADIOCOMUNICACAO                    DESPESA COM PAGAMENTO POR INDENIZACAO RELATIVO AOS SERVICOS DE LOCACAO/MANUT;Não se aplica (Ex.: Despesas com Pessoal);000000000000
20262150028710040;18/06/2026 00:00:00;1393976,00;0179882026;08/07/2026 00:00:00;1393976,00;;;0,00;44905200;EQUIPAMENTOS E MATERIAL PERMANENTE;12477490000281;SECRETARIA MUNICIPAL DE SAUDE;0,00;SECRETARIA MUNICIPAL DE SAUDE                                                                                                                                                                                                                                ;SAUDE - 10;ASSISTENCIA HOSPITALAR E AMBULATORIAL - 302;TRANSFERENCIA DE RECURSOS DO SISTEMA UNICO DE SAUDE - SUS - BLOCO DE MANUTENCAO DAS ACOES E SERVICOS PUBLICOS DE SAUDE - 107;LIDER NOTEBOOKS COMERCIO E SERVICOS;DESPESA C/ AQUISICAO EQUIP DE TECNOLOGIA DA INFORMACAO (ESTACOES DE TRABALHODESKTOPS)CONF. ARP 07/2025 -EDITAL LICITACAO Nº90.001/2025 DO MINIST.DE GES-TAO E DA INOVACAO EM SERV.PUBLICOS CONF.DFD 7947619-ETP 7949621 DESP.12/2026GERTEC - DESP.259/26-GERCOM -DESP.344/26-PRECELTOTAL DEEQUIPAMENTOS-QTDE :  400 PCS. SCC 803121 SOLICITACAO FINANCEIRA 183092 - 2026.                   .                                                                           ITEM 1-MICROCOMPUTADOR DESKTOP MINI PADRAO DESKTOP INTERMEDIARIO, MARCA:LENOVO, MODELO:THINKCENTRE M75Q GEN2 AMD RYZEN 5 PRO 5655GE 16GB DDR4 3200MHZ   512 GB SSD M.2 PCIE TLC E DEMAIS ESPECIFICOES CONFORME TERMO DE REFERENCIA. LENOVO.                                                                     COD63884-6.................400,00 UN...........3.484,9400.......1.393.976,00VALOR TOTAL.....................................................1.393.976,00.                                                                           A ENTREGA DOS BENS DEVERA SER EFETIVADA NO PRAZO MAXIMO DE 30 (TRINTA) DIAS CORRIDOS, CONTADOS DO RECEBIMENTO DA ORDEM DE FORNECIMENTO DE BENS, EMITIDA CONTRATANTE.ESSE PRAZO PODERA SER PRORROGADO, EXCEPCIONALMENTE,POR ATE IGUALPERIODO,DESDE QUE A SOLICITACAO SEJA PREVIAMENTE JUSTIFICADA PELA CONTRATADAE DEVIDAMENTE AUTORIZADA PELA CONTRATANTE, CONF.DISPOSTO NO ITEM 4.5 DO TER-MO DE REFERENCIA DO ORGAO GERENCIADOR.ANTES DA REALIZACAO DA ENTREGA,A CON- TRATADA DEVERA CONFIRMAR JUNTO A CONTRATANTE O ENDERECO E OS HORARIOS DISPO-NIVEIS A FIM DE EVITAR DIVERGENCIAS E ASSEGURAR A ADEQUADA RECEPCAO DOS EQUIPAMENTOS.ENTREGAS DEVERAO SER PREVIAMENTE AGENDADAS POR MEIO DO ENDERECO ELETRONICO:CIAD.GOIANIA@BRANETLOGISTICA.COM.BR.  ENTREGUES NO ALMOXARIFADO CEN-RAL DA SECRETARIA MUNICIPAL DE SAUDE DE GOIANIA, SITO A AV.PERIMETRAL NORTE COND.GOIAZEM BL.E, GALPOES 09/10 VL.JOAO VAZ,CEP: 74.425-090, GOIANIA-GO.   O MODELO DE EXECUCAO A SER ADOTADO E AQUELE INDICADO NO ITEM 6 DO TERMO DE  REFERENCIA DO ORGAO GERENCIADOR,DEVENDO SER OBSERVADO EM SUA INTEGRALIDADE  PELA CONTRATADA. DEMAIS ESCLARECIMETNOS CONF. EDITAL PE-SRP Nº90.001/2025(7947029), ATA DE REGISTRO DE PRECOS  0007/2025, PARECER N. 294/2025-GERPSR, PEDIDO DE COMPRAS 565/2025-GERCOM E ANEXOS SEI 25.29.000035314-5.             .                                                                           107 - TRANSFERENCIA DE RECURSOS DO SISTEMA UNICO DE SAUDE - SUS - BLOCO DE  MANUTENCAO DAS ACOES E SERVICOS PUBLICOS DE SAUDE                           64 - TRANSFERENCIAS DE RECURSOS DO SUS - ATENCAO ESPECIALIZADA              ;Pregão;000900012025
20262150028730039;18/06/2026 00:00:00;1393976,00;;;0,00;;;0,00;44905200;EQUIPAMENTOS E MATERIAL PERMANENTE;12477490000281;SECRETARIA MUNICIPAL DE SAUDE;1393976,00;SECRETARIA MUNICIPAL DE SAUDE                                                                                                                                                                                                                                ;SAUDE - 10;ASSISTENCIA HOSPITALAR E AMBULATORIAL - 302;TRANSFERENCIA DE RECURSOS DO SISTEMA UNICO DE SAUDE - SUS - BLOCO DE MANUTENCAO DAS ACOES E SERVICOS PUBLICOS DE SAUDE - 107;LIDER NOTEBOOKS COMERCIO E SERVICOS;GERTEC - DESP.259/26-GERCOM -DESP.344/26-PRECELTOTAL DEEQUIPAMENTOS-QTDE :  400 PCS. SCC 803121 SOLICITACAO FINANCEIRA 183092 - 2026.                   .                                                                           ITEM 1-MICROCOMPUTADOR DESKTOP MINI PADRAO DESKTOP INTERMEDIARIO, MARCA:LENOVO, MODELO:THINKCENTRE M75Q GEN2 AMD RYZEN 5 PRO 5655GE 16GB DDR4 3200MHZ   512 GB SSD M.2 PCIE TLC E DEMAIS ESPECIFICOES CONFORME TERMO DE REFERENCIA. LENOVO.                                                                     COD63884-6.................400,00 UN...........3.484,9400.......1.393.976,00VALOR TOTAL.....................................................1.393.976,00.                                                                           COM MENSAIS EM:...........JUN - 594.000,00 JUL - 593.999,99 AGO - 805.385,69.                                                                           DESPESA C/ AQUISICAO EQUIP DE TECNOLOGIA DA INFORMACAO (ESTACOES DE TRABALHODESKTOPS)CONF. ARP 07/2025 -EDITAL LICITACAO Nº90.001/2025 DO MINIST.DE GES-TAO E DA INOVACAO EM SERV.PUBLICOS CONF.DFD 7947619-ETP 7949621 DESP.12/2026;Pregão;000900012025
20262150031910015;02/06/2026 00:00:00;1052640,00;;;0,00;;;0,00;33903000;MATERIAL DE CONSUMO;16699864000183;SECRETARIA MUNICIPAL DE SAUDE;0,00;SECRETARIA MUNICIPAL DE SAUDE                                                                                                                                                                                                                                ;SAUDE - 10;SUPORTE PROFILATICO E TERAPEUTICO - 303;TRANSFERENCIA DE RECURSOS DO SISTEMA UNICO DE SAUDE - SUS - BLOCO DE MANUTENCAO DAS ACOES E SERVICOS PUBLICOS DE SAUDE - 107;SANTE MEDICA HOSPITALAR LTDA;DESPESA COM AQUISICAO DE MEDICAMENTOS (DIETAS ESPECIAIS E FORMULAS INFANTIS)PARA ABASTECIMENTO DA SMS - PREGAO ELETRONICO N.90006/2025 - ARP Nº 029/2025MEMORANDO 242 GEREMO - PARECER 278 GERPSR -DESPACHO 411 GERCOM -DESPACHO 474PRECEL-PED.DE COMPRAS 350/2026 -SCC817393-SOLICITACAO FINANCEIRA183162-2026 .                                                                           1-FORMULA NUTR.ENT. POLIM.NORMO:CAL.(1.2KCAL/ML)/PROT.100%PROT.SOJA C/FIBRAS: SOL./INSOL. S/LACT.SACAR. GLUTEN DANONE                                   COD:70153-0..............51.000,00 L...........20,6400..........1.052.640,00VALOR TOTAL.....................................................1.052.640,00.                                                                           O FORNECIMENTO DEVERA SER EFETUADO,C/PRAZO DE ENTREGA NAO SUPERIOR A 20 DIASCONTADOS A PARTIR DO RECEBIMENTO DA NOTA DE EMPENHO,ORDEM DE FORNECIMENTO OUDA ORDEM DE SERVICO,ACOMPANHADOS DOS DOCUMENTOS FISCAIS RESPECTIVOS.EFETUAR A ENTREGA DO BEM EM PERFEITAS CONDICOES, ACOMPANHADO DA RESPECTIVA NOTA FIS-CAL CONSTANDO DETALHADAMENTE A MARCA, FABRICANTE, MODELO, TIPO, PROCEDENCIA,VALIDADE, ENTREGA NO ALMOXARIFADO CENTRAL DA SMS, NA AV.PERIMETRAL NORTE N° 2.859, VILA JOAO VAZ, CONDOMINIO GOYAZEM BLOCO E GALPOES DE 06 A 10, CEP 74.445-190, GOIANIA - GOIAS. TELEFONES: (62) 3524-3401 / 3524-3407, NO HORARIO DAS 08H00MIN AS 17H00MIN.ENTREGAS C/AGENDAMENTO PREVIO NO EMAIL:            CIAD.GOIANIA@BRANETOLGISTICA.COM.BR, DEMAIS ESCLARECIMENTOS CONF.MEM.242(10 193248)GEREMO,EDITAL (10193467)GEREMO,EXTRATO DE ATA DOM (10193490)GEREMO,  PARECER 278(10213209)GERPSR,MAPA DE PRECOS E PRE-EMPENHO(10226638)GERCOM E ANEXOS SEI 26.29.000018361-0.                                                .                                                                           13 - TRANSFERENCIAS DE RECURSOS DO SUS - ASSISTENCIA FARMACEUTICA           ;Pregão;000900062025
20262150035410016;01/06/2026 00:00:00;24020,00;;;0,00;;;0,00;33903000;MATERIAL DE CONSUMO;36525831000124;SECRETARIA MUNICIPAL DE SAUDE;0,00;SECRETARIA MUNICIPAL DE SAUDE                                                                                                                                                                                                                                ;SAUDE - 10;VIGILANCIA EPIDEMIOLOGICA - 305;TRANSFERENCIA DE RECURSOS DO SISTEMA UNICO DE SAUDE - SUS - BLOCO DE MANUTENCAO DAS ACOES E SERVICOS PUBLICOS DE SAUDE - 107;BRIT INDUSTRIA DE PLASTICOS LTDA;FISCAL, DETALHANDO MARCA/FABRICANTE/MODELO/TIPO/PROCEDENCIA. DEMAIS         ESCLARECIMENTOS CONFORME MEMO 168/2026, PARECER 184/2026, PE 90005/2025,    ATA 110/2025, PROCESSO SEI: 26.29.000009465-0 E DOCUMENTOS EM ANEXO.        .                                                                           LOCAL DA ENTREGA:ALMOXARIFADO CENTRAL SMS, AV.PERIMETRAL NORTE COND.GOIA-   ZEM, BL.E, GALPOES 09/10, VL.JOAO VAZ, CEP:74.425-090, GO/GO. FONES:62-3524-3401/3407,AS ENTREGAS DEVERAO SER EFETUADAS MEDIANTE AGENDAMENTO PREVIO,ATRAVES DO E-MAIL CIAD.GOIANIA@BRANETLOGISTICA.COM.BR.                          .                                                                           62 - TRANSFERENCIA DE RECURSOS DO SUS - VIGILANCIA EM SAUDE                 RECEBIMENTO DA NOTA DE EMPENHO/AUTORIZACAO DE FORNECIMENTO C/A DEVIDA NOTA  CONFORME TERMO DE REFERENCIA (9614084) CONTADOS A PARTIR DO                 OBS: O FORNECIMENTO DEVERA SER EFETUADO C/ PRAZO NAO SUP. A 15 DIAS UTEIS   .                                                                           VALOR TOTAL:......................................................24.020,00 COD:549380..............200UN..............08,50...................1.700,00 02 (ITEM R74) - INVOLUCRO P/CADAVER INFANTIL - MARCA: BRIT                  COD:546976............1.800UN..............12,40..................22.320,00 01 (ITEM R72) - INVOLUCRO CADAVER ADULTO - MARCA: BRIT                      .                                                                           2026. SOLICITACAO FINANCEIRA: 181844-2026.                                  CONF.MEMORANDO 168/2026-GEREMO, PARECER 184/2026-GERPSR, PED.DE COMPRA 205 /- SCC: 813266                                                               DIDO FILHO, PREGAO ELETRONICO 90005/2025,ATA DE REGISTRO DE PREÇOS 110/2025 DESPESA COM AQUISICAO DE INVOLUCRO CADAVER ADULTO E INFANTIL ATRAVES DO 2 PE;Pregão;000001842026
20262150036330008;11/06/2026 00:00:00;1500000,00;;;0,00;;;0,00;33903900;OUTROS SERVICOS DE TERCEIROS - PESSOA JURIDICA;37269412000131;SECRETARIA MUNICIPAL DE SAUDE;0,00;SECRETARIA MUNICIPAL DE SAUDE                                                                                                                                                                                                                                ;SAUDE - 10;VIGILANCIA EPIDEMIOLOGICA - 305;TAXA PELO EXERCICIO DO PODER DE POLICIA - 106;LOGOS PROPAGANDA LTDA;DESPESA COM CONTRATO NR.002/2026 PARA A PRESTACAO DE SERVICOS DE PUBLICIDADEE DE ATIVIDADES E PLANEJAMENTO, CONCEPCAO, CRIACAO E INTERMEDIACAO, CONC.PU-BLICA 90003/2025 EMPENHO - SAUDE, CONFORME VALOR ESTIMADO NO DESPACHO N.065/2026-SMS/ASSCOM P/ AS CAMPANHAS PUBLICITARIAS INSTITUCIONAIS VOLTADAS A PRO-MOCAO A SAUDE E OUTROS, PEDIDO DE COMPRAS 8/2025, SCC 814475 SOLICITACAO FI-NANCEIRA 183430 - 2026.                                                     .                                                                           VALORES C/MENSAIS.....JUN - 500.000,00...JUL - 500.000,00...AGO - 500.000,00VALOR TOTAL.....................................................1.500.000,00.                                                                           106 - TAXA PELO EXERCICIO DO PODER DE POLICIA                               15 - VIGILANCIA SANITARIA                                                   ;Concorrência para Compras e Serviços;000900032025
20262150036330009;11/06/2026 00:00:00;1500000,00;;;0,00;;;0,00;33903900;OUTROS SERVICOS DE TERCEIROS - PESSOA JURIDICA;08675055000103;SECRETARIA MUNICIPAL DE SAUDE;0,00;SECRETARIA MUNICIPAL DE SAUDE                                                                                                                                                                                                                                ;SAUDE - 10;VIGILANCIA EPIDEMIOLOGICA - 305;TAXA PELO EXERCICIO DO PODER DE POLICIA - 106;FULL PROPAGANDA LTDA;DESPESA COM CONTRATO NR.002/2026 PARA A PRESTACAO DE SERVICOS DE PUBLICIDADEE DE ATIVIDADES E PLANEJAMENTO, CONCEPCAO, CRIACAO E INTERMEDIACAO, CONC.PU-BLICA 90003/2025 EMPENHO - SAUDE, CONFORME VALOR ESTIMADO NO DESPACHO N.065/2026-SMS/ASSCOM P/ AS CAMPANHAS PUBLICITARIAS INSTITUCIONAIS VOLTADAS A PRO-MOCAO A SAUDE E OUTROS, PEDIDO DE COMPRAS 8/2025, SCC 814475 SOLICITACAO FI-NANCEIRA 183431 - 2026.                                                     .                                                                           VALORES C/MENSAIS.....JUN - 500.000,00...JUL - 500.000,00...AGO - 500.000,00VALOR TOTAL.....................................................1.500.000,00.                                                                           106 - TAXA PELO EXERCICIO DO PODER DE POLICIA                               15 - VIGILANCIA SANITARIA                                                   ;Concorrência para Compras e Serviços;000900032025
20262150036410028;10/06/2026 00:00:00;27000,00;0151812026;11/06/2026 00:00:00;7761,00;202621500364100280001;24/06/2026 00:00:00;7761,00;33903900;OUTROS SERVICOS DE TERCEIROS - PESSOA JURIDICA;10280768000110;SECRETARIA MUNICIPAL DE SAUDE;0,00;SECRETARIA MUNICIPAL DE SAUDE                                                                                                                                                                                                                                ;SAUDE - 10;VIGILANCIA EPIDEMIOLOGICA - 305;TRANSFERENCIA DE RECURSOS DO SISTEMA UNICO DE SAUDE - SUS - BLOCO DE MANUTENCAO DAS ACOES E SERVICOS PUBLICOS DE SAUDE - 107;RESIDUO ZERO AMBIENTAL S/A;DESPESA COM PRESTACAO DE SERVICO DE COLETA, TRATAMENTO E DESTINACAO FINAL DOS RESIDUOS SOLIDOS DE SAUDE (RSS) - VALORES RELATIVOS ABRIL A JUNHO/2026    .                                                                           VALOR TOTAL:.....................................................27.000,00  .                                                                           62 - TRANSFERENCIAS DE RECURSOS DO SUS - VIGILANCIA EM SAUDE                SOLICITACAO FINANCEIRA: 183379/2026                                         ;Pregão;000900342024
20262150036410028;10/06/2026 00:00:00;27000,00;0174572026;02/07/2026 00:00:00;2678,00;;;0,00;33903900;OUTROS SERVICOS DE TERCEIROS - PESSOA JURIDICA;10280768000110;SECRETARIA MUNICIPAL DE SAUDE;0,00;SECRETARIA MUNICIPAL DE SAUDE                                                                                                                                                                                                                                ;SAUDE - 10;VIGILANCIA EPIDEMIOLOGICA - 305;TRANSFERENCIA DE RECURSOS DO SISTEMA UNICO DE SAUDE - SUS - BLOCO DE MANUTENCAO DAS ACOES E SERVICOS PUBLICOS DE SAUDE - 107;RESIDUO ZERO AMBIENTAL S/A;DESPESA COM PRESTACAO DE SERVICO DE COLETA, TRATAMENTO E DESTINACAO FINAL DOS RESIDUOS SOLIDOS DE SAUDE (RSS) - VALORES RELATIVOS ABRIL A JUNHO/2026    .                                                                           VALOR TOTAL:.....................................................27.000,00  .                                                                           62 - TRANSFERENCIAS DE RECURSOS DO SUS - VIGILANCIA EM SAUDE                SOLICITACAO FINANCEIRA: 183379/2026                                         ;Pregão;000900342024
20262150036410029;18/06/2026 00:00:00;137666,64;;;0,00;;;0,00;33903900;OUTROS SERVICOS DE TERCEIROS - PESSOA JURIDICA;41938735000148;SECRETARIA MUNICIPAL DE SAUDE;137666,64;SECRETARIA MUNICIPAL DE SAUDE                                                                                                                                                                                                                                ;SAUDE - 10;VIGILANCIA EPIDEMIOLOGICA - 305;TRANSFERENCIA DE RECURSOS DO SISTEMA UNICO DE SAUDE - SUS - BLOCO DE MANUTENCAO DAS ACOES E SERVICOS PUBLICOS DE SAUDE - 107;MAAS SERVICOS LTDA;DESPESA COM PEDIDO FILHO PARA LOCACAO DE VEÍCULOS SEM MOTORISTA,DE ACORDO C/A ATA NR. 041/2026, SRP NR.90015/2025 PARA ATENDER A SECRETARIA MUNICIPAL DESAUDE,PARECER NR. 280/2026-GERPSR CONF. PEDIDO DE COMPRA NR. 354/2026-FMS, ITEM 01(01-UMA UNIDADE)-BLOCO VIGILANCIA/SCC818900-SOLICITACAO FINANCEIRA :  183413 - 2026.                                                              .                                                                           VALOR TOTAL.......................................................137.666,64.                                                                           62 - TRANSFERENCIAS DE RECURSOS DO SUS - VIGILANCIA EM SAUDE                ;Pregão;000900152025
20262150036430027;08/06/2026 00:00:00;116940,00;;;0,00;;;0,00;33903900;OUTROS SERVICOS DE TERCEIROS - PESSOA JURIDICA;11342484000173;SECRETARIA MUNICIPAL DE SAUDE;116940,00;SECRETARIA MUNICIPAL DE SAUDE                                                                                                                                                                                                                                ;SAUDE - 10;VIGILANCIA EPIDEMIOLOGICA - 305;TRANSFERENCIA DE RECURSOS DO SISTEMA UNICO DE SAUDE - SUS - BLOCO DE MANUTENCAO DAS ACOES E SERVICOS PUBLICOS DE SAUDE - 107;PROPERTY EMPREENDIMENTOS LTDA - ME;DESPESA COM TERMO ADITIVO DO CONTRATO N. 282/2021 REFERENTE A PRESTACAO DE  SERVICOS NA INSERCAO DE DADOS PARA ALIMENTACAO DOS SISTEMAS E SUBSISTEMAS DOSISTEMA NACIONAL DE VIGILANCIA EM SAUDE DE ACORDO C/ O MEMORANDO N.0276/2026SUPVIG, VALORES ESTIMADOS,CONFORME DECRETO 134/2025-SCC534120-5(10456104),SOLICITACAO FINANCEIRA 183352 - 2026.                                         .                                                                           VALORES COM MENSAIS EM.......JUN-38.980,00....JUL-38.980,00....AGO-38.980,00VALOR TOTAL.......................................................116.940,00.                                                                           DEMAIS ESCLARECIMENTOS CONF.MEM.276(10432730)SUPVIG,PED.COMPRA N.º 408/2026 (10436976)GERPSR E ANEXOS SEI 26.29.000021858-8.                            .                                                                           107 - TRANSFERENCIA DE RECURSOS DO SISTEMA UNICO DE SAUDE - SUS - BLOCO DE  MANUTENCAO DAS ACOES E SERVICOS PUBLICOS DE SAUDE                           62 - TRANSFERENCIAS DE RECURSOS DO SUS - VIGILANCIA EM SAUDE                ;Pregão;000000302020
20262150036430030;19/06/2026 00:00:00;134075,52;;;0,00;;;0,00;33903900;OUTROS SERVICOS DE TERCEIROS - PESSOA JURIDICA;33344311000127;SECRETARIA MUNICIPAL DE SAUDE;0,00;SECRETARIA MUNICIPAL DE SAUDE                                                                                                                                                                                                                                ;SAUDE - 10;VIGILANCIA EPIDEMIOLOGICA - 305;TRANSFERENCIA DE RECURSOS DO SISTEMA UNICO DE SAUDE - SUS - BLOCO DE MANUTENCAO DAS ACOES E SERVICOS PUBLICOS DE SAUDE - 107;DRTZ  CIENTIFICO ODONTO HOSPITALAR LTDA;DESPESA C/I TERMO ADITIVO DO CONTRATO Nº262/2024 PARA PRESTACAO DE SERVICO  DE MANUTENCAO PREVENTIVA E CORRETIVA NAS CAMARAS CIENTIFICAS INSTALADAS NAS UNIDADES DE SAÚDE E REDE DE FRIO VALORES RELATIVOS AOS MESES DE JULHO/2026 ASETEMBRO/2026, CONF. DESPACHO Nº36/2026,SCC: 756459-1 SOLICITACAO FINANCEIRA183737 - 2026.                                                              .                                                                           VALORES MENSAIS..............JUN - 44.691,84 JUL - 44.691,84 AGO - 44.691,84VALOR TOTAL.......................................................134.075,52.                                                                           62 - TRANSFERENCIAS DE RECURSOS DO SUS - VIGILANCIA EM SAUDE                ;Inexigibilidade de Licitação;000000632024
20262150038830001;18/06/2026 00:00:00;1993385,68;0179872026;08/07/2026 00:00:00;1993385,68;202621500388300010001;09/07/2026 00:00:00;1993385,68;44905200;EQUIPAMENTOS E MATERIAL PERMANENTE;12477490000281;SECRETARIA MUNICIPAL DE SAUDE;0,00;SECRETARIA MUNICIPAL DE SAUDE                                                                                                                                                                                                                                ;SAUDE - 10;VIGILANCIA EPIDEMIOLOGICA - 305;TAXA PELO EXERCICIO DO PODER DE POLICIA - 106;LIDER NOTEBOOKS COMERCIO E SERVICOS;DESPESA C/ AQUISICAO EQUIP DE TECNOLOGIA DA INFORMACAO (ESTACOES DE TRABALHODESKTOPS)CONF. ARP 07/2025 -EDITAL LICITACAO Nº90.001/2025 DO MINIST.DE GES-TAO E DA INOVACAO EM SERV.PUBLICOS CONF.DFD 7947619-ETP 7949621 DESP.12/2026GERTEC - DESP.259/26-GERCOM -DESP.344/26-PRECELTOTAL DEEQUIPAMENTOS-QTDE :  572 PCS. SCC 803121 SOLICITACAO FINANCEIRA 183091 - 2026.                   .                                                                           ITEM 1-MICROCOMPUTADOR DESKTOP MINI PADRAO DESKTOP INTERMEDIARIO, MARCA:LENOVO, MODELO:THINKCENTRE M75Q GEN2 AMD RYZEN 5 PRO 5655GE 16GB DDR4 3200MHZ   512 GB SSD M.2 PCIE TLC E DEMAIS ESPECIFICOES CONFORME TERMO DE REFERENCIA. LENOVO.                                                                     COD63884-6.................572,00 UN...........3.484,9400.......1.993.385,68VALOR TOTAL.....................................................1.993.385,68.                                                                           COM MENSAIS EM:...........JUN - 594.000,00 JUL - 593.999,99 AGO - 805.385,69.                                                                           A ENTREGA DOS BENS DEVERA SER EFETIVADA NO PRAZO MAXIMO DE 30 (TRINTA) DIAS CORRIDOS, CONTADOS DO RECEBIMENTO DA ORDEM DE FORNECIMENTO DE BENS, EMITIDA CONTRATANTE.ESSE PRAZO PODERA SER PRORROGADO, EXCEPCIONALMENTE,POR ATE IGUALPERIODO,DESDE QUE A SOLICITACAO SEJA PREVIAMENTE JUSTIFICADA PELA CONTRATADAE DEVIDAMENTE AUTORIZADA PELA CONTRATANTE, CONF.DISPOSTO NO ITEM 4.5 DO TER-MO DE REFERENCIA DO ORGAO GERENCIADOR.ANTES DA REALIZACAO DA ENTREGA,A CON- TRATADA DEVERA CONFIRMAR JUNTO A CONTRATANTE O ENDERECO E OS HORARIOS DISPO-NIVEIS A FIM DE EVITAR DIVERGENCIAS E ASSEGURAR A ADEQUADA RECEPCAO DOS EQUIPAMENTOS.ENTREGAS DEVERAO SER PREVIAMENTE AGENDADAS POR MEIO DO ENDERECO ELETRONICO:CIAD.GOIANIA@BRANETLOGISTICA.COM.BR.  ENTREGUES NO ALMOXARIFADO CEN-RAL DA SECRETARIA MUNICIPAL DE SAUDE DE GOIANIA, SITO A AV.PERIMETRAL NORTE COND.GOIAZEM BL.E, GALPOES 09/10 VL.JOAO VAZ,CEP: 74.425-090, GOIANIA-GO.   O MODELO DE EXECUCAO A SER ADOTADO E AQUELE INDICADO NO ITEM 6 DO TERMO DE  REFERENCIA DO ORGAO GERENCIADOR,DEVENDO SER OBSERVADO EM SUA INTEGRALIDADE  PELA CONTRATADA. DEMAIS ESCLARECIMETNOS CONF. EDITAL PE-SRP Nº90.001/2025(7947029), ATA DE REGISTRO DE PRECOS  0007/2025, PARECER N. 294/2025-GERPSR, PEDIDO DE COMPRAS 565/2025-GERCOM E ANEXOS SEI 25.29.000035314-5.             .                                                                           106 - TAXA PELO EXERCICIO DO PODER DE POLICIA                               15 - VIGILANCIA SANITARIA                                                   ;Pregão;000900012025
20262150038910001;18/06/2026 00:00:00;446072,32;0179902026;08/07/2026 00:00:00;446072,32;;;0,00;44905200;EQUIPAMENTOS E MATERIAL PERMANENTE;12477490000281;SECRETARIA MUNICIPAL DE SAUDE;0,00;SECRETARIA MUNICIPAL DE SAUDE                                                                                                                                                                                                                                ;SAUDE - 10;VIGILANCIA EPIDEMIOLOGICA - 305;TRANSFERENCIA DE RECURSOS DO SISTEMA UNICO DE SAUDE - SUS - BLOCO DE MANUTENCAO DAS ACOES E SERVICOS PUBLICOS DE SAUDE - 107;LIDER NOTEBOOKS COMERCIO E SERVICOS;DESPESA C/ AQUISICAO EQUIP DE TECNOLOGIA DA INFORMACAO (ESTACOES DE TRABALHODESKTOPS)CONF. ARP 07/2025 -EDITAL LICITACAO Nº90.001/2025 DO MINIST.DE GES-TAO E DA INOVACAO EM SERV.PUBLICOS CONF.DFD 7947619-ETP 7949621 DESP.12/2026GERTEC - DESP.259/26-GERCOM -DESP.344/26-PRECELTOTAL DEEQUIPAMENTOS-QTDE :  128 PCS. SCC 803121 SOLICITACAO FINANCEIRA 183094 - 2026.                   .                                                                           ITEM 1-MICROCOMPUTADOR DESKTOP MINI PADRAO DESKTOP INTERMEDIARIO, MARCA:LENOVO, MODELO:THINKCENTRE M75Q GEN2 AMD RYZEN 5 PRO 5655GE 16GB DDR4 3200MHZ   512 GB SSD M.2 PCIE TLC E DEMAIS ESPECIFICOES CONFORME TERMO DE REFERENCIA. LENOVO.                                                                     COD63884-6.................128,00 UN...........3.484,9400.........446.072,32VALOR TOTAL.......................................................446.072,32.                                                                           A ENTREGA DOS BENS DEVERA SER EFETIVADA NO PRAZO MAXIMO DE 30 (TRINTA) DIAS CORRIDOS, CONTADOS DO RECEBIMENTO DA ORDEM DE FORNECIMENTO DE BENS, EMITIDA CONTRATANTE.ESSE PRAZO PODERA SER PRORROGADO, EXCEPCIONALMENTE,POR ATE IGUALPERIODO,DESDE QUE A SOLICITACAO SEJA PREVIAMENTE JUSTIFICADA PELA CONTRATADAE DEVIDAMENTE AUTORIZADA PELA CONTRATANTE, CONF.DISPOSTO NO ITEM 4.5 DO TER-MO DE REFERENCIA DO ORGAO GERENCIADOR.ANTES DA REALIZACAO DA ENTREGA,A CON- TRATADA DEVERA CONFIRMAR JUNTO A CONTRATANTE O ENDERECO E OS HORARIOS DISPO-NIVEIS A FIM DE EVITAR DIVERGENCIAS E ASSEGURAR A ADEQUADA RECEPCAO DOS EQUIPAMENTOS.ENTREGAS DEVERAO SER PREVIAMENTE AGENDADAS POR MEIO DO ENDERECO ELETRONICO:CIAD.GOIANIA@BRANETLOGISTICA.COM.BR.  ENTREGUES NO ALMOXARIFADO CEN-RAL DA SECRETARIA MUNICIPAL DE SAUDE DE GOIANIA, SITO A AV.PERIMETRAL NORTE COND.GOIAZEM BL.E, GALPOES 09/10 VL.JOAO VAZ,CEP: 74.425-090, GOIANIA-GO.   O MODELO DE EXECUCAO A SER ADOTADO E AQUELE INDICADO NO ITEM 6 DO TERMO DE  REFERENCIA DO ORGAO GERENCIADOR,DEVENDO SER OBSERVADO EM SUA INTEGRALIDADE  PELA CONTRATADA. DEMAIS ESCLARECIMETNOS CONF. EDITAL PE-SRP Nº90.001/2025(7947029), ATA DE REGISTRO DE PRECOS  0007/2025, PARECER N. 294/2025-GERPSR, PEDIDO DE COMPRAS 565/2025-GERCOM E ANEXOS SEI 25.29.000035314-5.             .                                                                           107 - TRANSFERENCIA DE RECURSOS DO SISTEMA UNICO DE SAUDE - SUS - BLOCO DE  MANUTENCAO DAS ACOES E SERVICOS PUBLICOS DE SAUDE                           62 - TRANSFERENCIAS DE RECURSOS DO SUS - VIGILANCIA EM SAUDE                ;Pregão;000900012025
20262150041210002;02/06/2026 00:00:00;500000,00;0147002026;02/06/2026 00:00:00;500000,00;202621500412100020001;03/06/2026 00:00:00;500000,00;33909200;DESPESAS DE EXERCICIOS ANTERIORES;01585595000157;SECRETARIA MUNICIPAL DE SAUDE;0,00;SECRETARIA MUNICIPAL DE SAUDE                                                                                                                                                                                                                                ;SAUDE - 10;ASSISTENCIA HOSPITALAR E AMBULATORIAL - 302;TRANSFERENCIAS DE CONVENIOS - ESTADO/SAUDE - 225;ASSOCIACAO DE COMBATE AO CANCER EM GOIAS;DESPESA COM TERMO COMPROMISSO NR. 059/2024 PARA A DESTINACAO DE RECURSOS PROVENIENTES DA EMENDA PARLAMENTAR FEDERAL NR 40990005 DO DEP. FEDERAL LUIZ DCARMO NA MODALIDADE FUNDO A FUNDO                                             OBS.: RECURSOS DE INCREMENTO TEMPORARIO AO CUSTEIO DOS SERVICOS DE ASSISTENCIA HOSPITALAR E AMBULATORIAL (CUSTEIO MAC) - PROPOSTA NR 36000510649202300 -PORTARIA GM/MS Nº 754 DE 21/06/2023                                         .                                                                           VALOR TOTAL:....................................................500.000,00  .                                                                            541 - TRANFERENCIAS DE CONVENIO - ESTADO/SAUDE                             SOLICITACAO FINANCEIRA: 183066/2026                                         ;Não se aplica (Ex.: Despesas com Pessoal);000000000000
20262150041210003;02/06/2026 00:00:00;300000,00;0147012026;02/06/2026 00:00:00;300000,00;202621500412100030001;03/06/2026 00:00:00;300000,00;33909200;DESPESAS DE EXERCICIOS ANTERIORES;01585595000157;SECRETARIA MUNICIPAL DE SAUDE;0,00;SECRETARIA MUNICIPAL DE SAUDE                                                                                                                                                                                                                                ;SAUDE - 10;ASSISTENCIA HOSPITALAR E AMBULATORIAL - 302;TRANSFERENCIAS DE CONVENIOS - ESTADO/SAUDE - 225;ASSOCIACAO DE COMBATE AO CANCER EM GOIAS;DESPESA COM TERMO DE COMPROMISSO NR. 174/2024 PARA A DESTINACAO DE RECURSOS PROVENIENTES DA EMENDA PARLAMENTAR FEDERAL DE AUTORIA DA DEPUTADA FEDERAL LEDA BORGES NA MODALIDADE FUNDO A FUNDO                                       OBS.: RECURSOS DE INCENTIVO FINANCEIRO EMERGENCIAL PARA CUSTEIO E ATENCAO ESPECIALIZADA - PROPOSTA NR 180485 - PORTARIA GM/MS Nº 544 DE 03/05/2023      .                                                                           VALOR TOTAL:....................................................300.000,00  .                                                                            541 - TRANFERENCIAS DE CONVENIO - ESTADO/SAUDE                             SOLICITACAO FINANCEIRA: 183068/2026                                         ;Não se aplica (Ex.: Despesas com Pessoal);000000000000
20262150043110035;26/06/2026 00:00:00;277200,00;0171492026;30/06/2026 00:00:00;92400,00;202621500431100350001;02/07/2026 00:00:00;92400,00;33903000;MATERIAL DE CONSUMO;43640754000119;SECRETARIA MUNICIPAL DE SAUDE;0,00;SECRETARIA MUNICIPAL DE SAUDE                                                                                                                                                                                                                                ;SAUDE - 10;ASSISTENCIA HOSPITALAR E AMBULATORIAL - 302;TRANSFERENCIA DE RECURSOS DO SISTEMA UNICO DE SAUDE - SUS / ESTADOS - 231;FURP FUNDACAO PARA O REMEDIO POPULAR;DESPESA C/ AQUISICAO DE BENZILPENICILINA G BENZATINA 1.200.000 UI PO LIOFILIZADO PARA SUSPENSAO INJETAVEL PARA ATENDER AS NECESSIDADES DA SMS CONF. DOCUMENTO DE FORMALIZACAO DA DEMANDA 147-SMS/GEREMO, PARECER N. 336/2025-SMS/GERPSR,PED.DE COMPRA N.650/2025.SOLICITACAO FINANCEIRA 179504-2026. SCC795985. .                                                                           1-BENZILPENICILINA BENZATINA 1.200.000UI PO P/ SOLUCAO INJETAVEL FRASCO-AMPOLA FURP.                                                                    COD01671-3..............50.400,00 UN...........5,5000.............277.200,00VALOR TOTAL.......................................................277.200,00.                                                                           A ENTREGA DOS BENS SERA EM TRES REMESSAS, EM ATE 15 (QUINZE) DIAS CORRIDOS, A PARTIR DA INTIMACAO, CONTADOS APOS O RECEBIMENTO DA ORDEM DE ENTREGA OU NOTA DE EMPENHO/AUTORIZACAO DE FORNECIMENTO,ACOMPANHADOS DOS DOCUMENTOS FIS-  CAIS RESPECTIVOS,DEVE CONTER,OBRIGATORIAMENTE,A ESPECIFICACAO DO ITEM,MARCA DO FABRICANTE E QUANTIDADE ENTREGUE.A SEGUNDA REMESSA DEVERA SER ENTREGUE   APOS 120 (CENTO E VINTE)DIAS CORRIDOS DA DATA DE ENTREGA DA PRIMEIRA REMESSAEM ATE 15 (QUINZE) DIAS CORRIDOS, A PARTIR DA INTIMACAO, CONTADOS APOS O RE-CEBIMENTO DA ORDEM DE ENTREGA OU NOTA DE EMPENHO/AUTORIZACAO DE FORNECIMENTOACOMPANHADOS DOS DOCUMENTOS FISCAIS RESPECTIVOS, DEVE CONTER, OBRIGATORIAMENTE, A ESPECIFICACAO DO ITEM, MARCA DO FABRICANTE E QUANTIDADE ENTREGUE.A TERCEIRA REMESSA DEVERA SER ENTREGUE APOS 120 (CENTO E VINTE) DIAS CORRIDOS DA DATA DE ENTREGA DA SEGUNDA REMESSA, EM ATE 15(QUINZE)DIAS CORRIDOS, A PARTIRDA INTIMACAO, CONTADOS APOS O RECEBIMENTO DA ORDEM DE ENTREGA OU NOTA DE EM-PENHO/AUTORIZACAO DE FORNECIMENTO, ACOMPANHADOS DOS DOCUMENTOS FISCAIS RES- PECTIVOS, DEVE CONTER,OBRIGATORIAMENTE,A ESPECIFICACAO DO ITEM, MARCA DO FA-BRICANTE E QUANTIDADE ENTREGUE. ENTREGA NO ALMOXARIFADO CENTRAL DA SMS AV.PERIMETRAL NORTE COND.GOIAZEM, BL.E, GALPOES 09/10 VL.JOAO VAZ, CEP74.445-190,AGENDAMENTO PREVIO,ATRAVES DO E-MAIL CIAD.GOIANIA@BRANETLOGISTICA.COM.BR,MAIORES INFORMACOES PELOS TELEFONES:(62) 3524-3404/3407.O PRAZO DE VALIDADE NA DATA DA ENTREGA NAO PODERA SER INFERIOR A 80% DO PRAZO TOTAL RECOMENDADO PE-LO FABRICANTE.DEMAIS ESCLARECIMENTOS CONF.ESTUDO TECNICO PRELIMINAR ETP RETIFICACAO 1(9200444),TERMO DE REFERENCIA RETIFICACAO 1(9205321)E ANEXOS NO SEI25.29.000042218-0.                                                          .                                                                           231 - TRANSFERENCIA DE RECURSOS DO SISTEMA UNICO DE SAUDE - SUS / ESTADOS   13 - ASSISTENCIA FARMACIA BASICA                                            ;Dispensa de Licitação;000003362025
20262150044810007;01/06/2026 00:00:00;588997,00;0144732026;01/06/2026 00:00:00;588997,00;202621500448100070001;01/06/2026 00:00:00;588997,00;33903900;OUTROS SERVICOS DE TERCEIROS - PESSOA JURIDICA;01619790000150;SECRETARIA MUNICIPAL DE SAUDE;0,00;SECRETARIA MUNICIPAL DE SAUDE                                                                                                                                                                                                                                ;SAUDE - 10;ATENCAO BASICA - 301;EMENDAS PARLAMENTARES INDIVIDUAIS - TRANSFERêNCIA COM FINALIDADE DEFINIDA (ART. 1º DA EC 105/2019 E INCISO II DO ART. 166-A DA CF/88) - 281;SANTA CASA DE MISERICORDIA DE GOIANIA;DESPESA COM TERMO DE COMPROMISSO - TRANSFERENCIAS DO FUNDO NACIONAL DE SAUDE/FNS, EMENDA BANCADA ESTADUAL P/ CUSTEIO DOS SERVICOS DE ATENCAO ESPECIALIZADA A SAUDE / BENEFICIARIO: SANTA CASA INDICACAO DE RECURSOS EMENDA 43420025:PORTARIA GM/MS NR. 6.928 E 8.851,EMENDA DELEGADA ADRIANA ACCORSI.           SCC 802647 - SOLICITACAO FINANCEIRA 183226 - 2026.                          .                                                                           VALOR TOTAL...................................................... 588.997,00.                                                                           281 -EMENDAS PARLAMENTARES INDIVIDUAIS-TRANSFERENCIA COM FINALIDADE DEFINIDA(ART. 1º DA EC 105/2019 E INCISO II DO ART. 166-A DA CF/88)                 636 - TRANSFERENCIA COM FINALIDADE DEFINIDA                                 2706 3110 - TRANSFERENCIA DA UNIAO DECORRENTES DE EMENDAS PARLAMENTARES INDIVIDUAIS                                                                     ;Outros (Convênios, ajustes, similares, etc.);000001462026
20262150045330001;19/06/2026 00:00:00;6234000,00;;;0,00;;;0,00;33903000;MATERIAL DE CONSUMO;10446719000104;SECRETARIA MUNICIPAL DE SAUDE;6234000,00;SECRETARIA MUNICIPAL DE SAUDE                                                                                                                                                                                                                                ;SAUDE - 10;VIGILANCIA EPIDEMIOLOGICA - 305;TAXA PELO EXERCICIO DO PODER DE POLICIA - 206;BIOTEC BIOLOGICA IND. FARMACEUTICA LTDA - EPP;DESPESA C/1º PEDIDO FILHO DO PREGAO ELETRONICO 90021/2026 -SRP. ARP NR. 056 /2026 - PARA A AQUISICAO DE INSUMOS(ESTACOES) E INSETICIDA(REFIL BIOATIVO)VISANDO A AMPLIACAO DO PROJETO DAS ESTACOES DE INSETICIDA(EDI), COMO ESTRATÉ COMPLEMENTAR E INTEGRADA AS ACOES DE CONTROLE VETORIAL AEDES AEGYPTI, CONF. PEDIDO COMPRA NR. 403/2026 SCC  819248 SOLICITACAO FINANCEIRO 183719 - 2026. .                                                                           1-ESTACAO DISSEMINADORA INSETICIDA CONTROL E AEDES AEGYPTI IN2CARE.         COD73919-7...............4.200,00 UN...........295,0000.........1.239.000,002-REFIL BIOATIVO PARA ESTACAO DISSEMINACAO SACHE IN2CARE.                   COD73920-0...............45.000,00 UN..........111,0000.........4.995.000,00VALOR TOTAL.....................................................6.234.000,00.                                                                           O PRAZO DE ENTREGA DOS BENS SERA EFETUADO NO PRAZO NAO SUPERIOR A 20 (VINTE)DIAS UTEIS, CONTADOS APOS O RECEBIMENTO DA ORDEM DE ENTREGA OU NOTA DE EMPENHO/AUTORIZACAO DE FORNECIMENTO, ACOMPANHADOS DOS DOCUMENTOS FISCAIS RESPECTIVOS DEVE CONTER, OBRIGATORIAMENTE, A ESPECIFICACAO DO ITEM, MARCA DO FABRICANTE E QUANTIDADE ENTREGUE.AS ENTREGAS DEVERAO SER EFETUADAS MEDIANTE AGENDAMENTO PREVIO, ATRAVES DO E-MAIL CIAD.GOIANIA@BRANETLOGISTICA.COM.BR,OS BENS  DEVERAO SER ENTREGUES NO ALMOXARIFADO CENTRAL/SMS,AVENIDA PERIMETRAL NORTE, CONDOMINIO GOIAZEM, BLOCO E, GALPOES 9/10, VILA JOAO VAZ, CEP: 74.445-190,  GOIANIA - GO. DEMAIS INFORMACOES (62)3524-3401/3404/3407 E ANEXOS NO SEI :  26.29.000021494-9.                                                          .                                                                           15 - VIGILANCIA SANITARIA                                                   ;Pregão;000900212026
20262150045330002;22/06/2026 00:00:00;6234000,00;0193802026;24/07/2026 00:00:00;6234000,00;202621500453300020001;24/07/2026 00:00:00;6234000,00;33903000;MATERIAL DE CONSUMO;40668748000181;SECRETARIA MUNICIPAL DE SAUDE;0,00;SECRETARIA MUNICIPAL DE SAUDE                                                                                                                                                                                                                                ;SAUDE - 10;VIGILANCIA EPIDEMIOLOGICA - 305;TAXA PELO EXERCICIO DO PODER DE POLICIA - 206;BIOVEC COMERCIO DE SANEANTES;DESPESA C/1º PEDIDO FILHO DO PREGAO ELETRONICO 90021/2026 -SRP. ARP         NR. 056/2026 - PARA A AQUISICAO DE INSUMOS(ESTACOES) E INSETICIDA(REFIL     BIOATIVO)VISANDO A AMPLIACAO DO PROJETO DAS ESTACOES DE INSETICIDA(EDI),    COMO ESTRATÉ COMPLEMENTAR E INTEGRADA AS ACOES DE CONTROLE VETORIAL AEDES   AEGYPTI, CONF. PEDIDO COMPRA NR. 403/2026 SCC  819248 SOLICITACAO           FINANCEIRA:183719 - 2026                                                    .                                                                           1-ESTACAO DISSEMINADORA INSETICIDA CONTROL E AEDES AEGYPTI IN2CARE          COD73919-7...............4.200,00 UN...........295,0000.......1.239.000,00  2-REFIL BIOATIVO PARA ESTACAO DISSEMINACAO SACHE IN2CARE.                   COD73920-0...............45.000,00 UN..........111,0000.......4.995.000,00  VALOR TOTAL...................................................6.234.000,00  .                                                                           O PRAZO DE ENTREGA DOS BENS SERA EFETUADO NO PRAZO NAO SUPERIOR A 20 (VINTE)DIAS UTEIS, CONTADOS APOS O RECEBIMENTO DA ORDEM DE ENTREGA OU NOTA DE EMPENHO/AUTORIZACAO DE FORNECIMENTO, ACOMPANHADOS DOS DOCUMENTOS FISCAIS RESPECTIVOS DEVE CONTER, OBRIGATORIAMENTE, A ESPECIFICACAO DO ITEM, MARCA DO FABRICANTE E QUANTIDADE ENTREGUE.AS ENTREGAS DEVERAO SER EFETUADAS MEDIANTE AGENDAMENTO PREVIO, ATRAVES DO E-MAIL CIAD.GOIANIA@BRANETLOGISTICA.COM.BR,OS BENS  DEVERAO SER ENTREGUES NO ALMOXARIFADO CENTRAL/SMS,AVENIDA PERIMETRAL NORTE, CONDOMINIO GOIAZEM, BLOCO E, GALPOES 9/10, VILA JOAO VAZ, CEP: 74.445-190,  GOIAZEM, BLOCO E, GALPAO 09 E 10, VILA JOAO VAZ, CEP: 74.425-090, GOIANIA/GOGOIANIA - GO. DEMAIS INFORMACOES (62)3524-3401/3404/3407 E ANEXOS NO SEI :  26.29.000021494-9.                                                          .                                                                           15 - VIGILANCIA SANITARIA                                                   ;Pregão;000900212026
-------------------------------------------;;0;;;0;;;0;;;;;0;;;;;;;;
Total Empenhado;;87828718,67;;;0;;;0;;;;;0;;;;;;;;
Total Liquidado ;;45186893,60;;;0;;;0;;;;;0;;;;;;;;
Total Pago;;35546691,72;;;0;;;0;;;;;0;;;;;;;;
