Empenho;DataEmpenho;VlEmpenhado;Liquidacao;DataLiquidacao;VlLiquidado;OrdemPagamento;DataPagamento;VlPago;NaturezaDespesa;DsNaturezadaDespesa;CNPJ;NmOrgao;VlAnulado;UnidadeOrcamentaria;Funcao;SubFuncao;FonteRecurso;NmFavorecido;Objeto;Modalidade;NumeroLicitacao
20262150001910041;06/05/2026 00:00:00;79476,77;0120992026;06/05/2026 00:00:00;79476,77;202621500019100410001;07/05/2026 00:00:00;79476,77;33903900;OUTROS SERVICOS DE TERCEIROS - PESSOA JURIDICA;45349461000102;SECRETARIA MUNICIPAL DE SAUDE;0,00;SECRETARIA MUNICIPAL DE SAUDE                                                                                                                                                                                                                                ;SAUDE - 10;ADMINISTRACAO GERAL - 122;TRANSFERENCIA DE RECURSOS DO SISTEMA UNICO DE SAUDE - SUS - BLOCO DE MANUTENCAO DAS ACOES E SERVICOS PUBLICOS DE SAUDE - 107;ASSOCIACAO HOSPITALAR BENEFICENTE DO BRASIL;DESPESA COM 2 ADITIVO DO TERMO DE COLABORACAO PARA A GESTAO PARA O GERENCIAMENTO, OPERACIONALIZACAO, EXECUCAO DAS ACOES E SERVICOS DE SAUDE, PARA O PLENO FUNCIONAMENTO DA MATERNIDADE NASCER CIDADAO                               HOSPITAL E MATERNIDADE NASCER CIDADAO/2 ADITIVO DO TERMO DE COLABORACAO EMERGENCIAL NR. 041/2025 - PISO DA ENFERMAGEM DO MÊS DE ABRIL/2026-SCC:783073-2 .                                                                           VALOR TOTAL:.....................................................79.479,77  .                                                                           97 - ASSISTENCIA FINANCEIRA PARA COMPLEMENTACAO PISO - ENFERMAGEM           SOLICITACAO FINANCEIRA: 182434/2026                                         ;Outros (Convênios, ajustes, similares, etc.);000000012025
20262150001910042;06/05/2026 00:00:00;201717,80;0121002026;06/05/2026 00:00:00;201717,80;202621500019100420001;07/05/2026 00:00:00;201717,80;33903900;OUTROS SERVICOS DE TERCEIROS - PESSOA JURIDICA;37678845000140;SECRETARIA MUNICIPAL DE SAUDE;0,00;SECRETARIA MUNICIPAL DE SAUDE                                                                                                                                                                                                                                ;SAUDE - 10;ADMINISTRACAO GERAL - 122;TRANSFERENCIA DE RECURSOS DO SISTEMA UNICO DE SAUDE - SUS - BLOCO DE MANUTENCAO DAS ACOES E SERVICOS PUBLICOS DE SAUDE - 107;INSTITUTO PATRIS;SOLICITACAO FINANCEIRA: 182442/2026                                         97 - ASSISTENCIA FINANCEIRA PARA COMPLEMENTACAO PISO - ENFERMAGEM           .                                                                           VALOR TOTAL:....................................................201.717,80  .                                                                           NR. 046/2026- PISO DA ENFERMAGEM - SCC: 814092 - COMPETÊNCIA 04/2026        HOSPITAL E MATERNIDADE CELIA CAMARA (HMCC)/ TERMO DE COLABORACAO EMERGENCIALIONAMENTO DA MATERNIDADE CELIA CAMARA                                       OPERACIONALIZACAO, EXECUCAO DAS ACOES E SERVICOS DE SAUDE, PARA O PLENO FUNCDESPESA COM TERMO DE COLABORACAO 046/2026 PARA A GESTAO PARA O GERENCIAMENTO;Outros (Convênios, ajustes, similares, etc.);000024422026
20262150001910043;06/05/2026 00:00:00;266994,14;0121012026;06/05/2026 00:00:00;266994,14;202621500019100430001;07/05/2026 00:00:00;266994,14;33903900;OUTROS SERVICOS DE TERCEIROS - PESSOA JURIDICA;37678845000140;SECRETARIA MUNICIPAL DE SAUDE;0,00;SECRETARIA MUNICIPAL DE SAUDE                                                                                                                                                                                                                                ;SAUDE - 10;ADMINISTRACAO GERAL - 122;TRANSFERENCIA DE RECURSOS DO SISTEMA UNICO DE SAUDE - SUS - BLOCO DE MANUTENCAO DAS ACOES E SERVICOS PUBLICOS DE SAUDE - 107;INSTITUTO PATRIS;DESPESA COM 1 ADITIVO DO TERMO DE COLABORACAO PARA A GESTAO PARA O GERENCIAMENTO, OPERACIONALIZACAO, EXECUCAO DAS ACOES E SERVICOS DE SAUDE, PARA O PLENO FUNCIONAMENTO DA MATERNIDADE DONA IRIS                                    HOSPITAL E MATERNIDADE DONA IRIS/ 1 ADITIVO DO TERMO DE COLABORACAO EMERGEN CIAL NR. 043/2025 - PISO DA ENFERMAGEM DO MÊS DE ABRIL/2026 - SCC: 783111-1 .                                                                           VALOR TOTAL:....................................................266.994,14  .                                                                           97 - ASSISTENCIA FINANCEIRA PARA COMPLEMENTACAO PISO - ENFERMAGEM           SOLICITACAO FINANCEIRA: 182431/2026                                         ;Outros (Convênios, ajustes, similares, etc.);000000012025
20262150002430002;05/05/2026 00:00:00;13500000,00;0169342026;26/06/2026 00:00:00;593,40;202621500024300020007;26/06/2026 00:00:00;593,40;33904900;AUXILIO - TRANSPORTE;60701190000104;SECRETARIA MUNICIPAL DE SAUDE;0,00;SECRETARIA MUNICIPAL DE SAUDE                                                                                                                                                                                                                                ;SAUDE - 10;ADMINISTRACAO GERAL - 122;RECEITAS DE IMPOSTOS E DE TRANSFERENCIAS DE IMPOSTOS - SAUDE - 102;ITAU UNIBANCO S.A.;DESPESA COM PAGAMENTO DA FOLHA DE PESSOAL DA SECRETARIA MUNICIPAL DE SAUDE  (AUXILIO TRANSPORTE) - ESTIMADO PARA 2026, INCLUINDO 13 SALARIO             .                                                                           VALOR EMPENHADO DE 05/2026  COM MENSAL DE:....................4.400.000,00  VALOR EMPENHADO DE 05/2026  COM MENSAL DE:....................1.000.000,00  VALOR EMPENHADO DE 07/2026 A 09/2026 COM MENSAIS DE:..........2.700.000,00  VALOR TOTAL:.................................................13.500.000,00  .                                                                           527 - TRANSFERENCIAS DE IMPOSTOS/SAUDE - SOLICITACAO FINANCEIRA: 182334/2026;Não se aplica (Ex.: Despesas com Pessoal);000000000000
20262150002430002;05/05/2026 00:00:00;13500000,00;0169402026;26/06/2026 00:00:00;8617,20;202621500024300020008;26/06/2026 00:00:00;8617,20;33904900;AUXILIO - TRANSPORTE;60701190000104;SECRETARIA MUNICIPAL DE SAUDE;0,00;SECRETARIA MUNICIPAL DE SAUDE                                                                                                                                                                                                                                ;SAUDE - 10;ADMINISTRACAO GERAL - 122;RECEITAS DE IMPOSTOS E DE TRANSFERENCIAS DE IMPOSTOS - SAUDE - 102;ITAU UNIBANCO S.A.;DESPESA COM PAGAMENTO DA FOLHA DE PESSOAL DA SECRETARIA MUNICIPAL DE SAUDE  (AUXILIO TRANSPORTE) - ESTIMADO PARA 2026, INCLUINDO 13 SALARIO             .                                                                           VALOR EMPENHADO DE 05/2026  COM MENSAL DE:....................4.400.000,00  VALOR EMPENHADO DE 05/2026  COM MENSAL DE:....................1.000.000,00  VALOR EMPENHADO DE 07/2026 A 09/2026 COM MENSAIS DE:..........2.700.000,00  VALOR TOTAL:.................................................13.500.000,00  .                                                                           527 - TRANSFERENCIAS DE IMPOSTOS/SAUDE - SOLICITACAO FINANCEIRA: 182334/2026;Não se aplica (Ex.: Despesas com Pessoal);000000000000
20262150002430002;05/05/2026 00:00:00;13500000,00;0169552026;26/06/2026 00:00:00;189,20;202621500024300020009;26/06/2026 00:00:00;189,20;33904900;AUXILIO - TRANSPORTE;60701190000104;SECRETARIA MUNICIPAL DE SAUDE;0,00;SECRETARIA MUNICIPAL DE SAUDE                                                                                                                                                                                                                                ;SAUDE - 10;ADMINISTRACAO GERAL - 122;RECEITAS DE IMPOSTOS E DE TRANSFERENCIAS DE IMPOSTOS - SAUDE - 102;ITAU UNIBANCO S.A.;DESPESA COM PAGAMENTO DA FOLHA DE PESSOAL DA SECRETARIA MUNICIPAL DE SAUDE  (AUXILIO TRANSPORTE) - ESTIMADO PARA 2026, INCLUINDO 13 SALARIO             .                                                                           VALOR EMPENHADO DE 05/2026  COM MENSAL DE:....................4.400.000,00  VALOR EMPENHADO DE 05/2026  COM MENSAL DE:....................1.000.000,00  VALOR EMPENHADO DE 07/2026 A 09/2026 COM MENSAIS DE:..........2.700.000,00  VALOR TOTAL:.................................................13.500.000,00  .                                                                           527 - TRANSFERENCIAS DE IMPOSTOS/SAUDE - SOLICITACAO FINANCEIRA: 182334/2026;Não se aplica (Ex.: Despesas com Pessoal);000000000000
20262150002430002;05/05/2026 00:00:00;13500000,00;0140802026;27/05/2026 00:00:00;2678771,80;202621500024300020001;27/05/2026 00:00:00;2678771,80;33904900;AUXILIO - TRANSPORTE;60701190000104;SECRETARIA MUNICIPAL DE SAUDE;0,00;SECRETARIA MUNICIPAL DE SAUDE                                                                                                                                                                                                                                ;SAUDE - 10;ADMINISTRACAO GERAL - 122;RECEITAS DE IMPOSTOS E DE TRANSFERENCIAS DE IMPOSTOS - SAUDE - 102;ITAU UNIBANCO S.A.;DESPESA COM PAGAMENTO DA FOLHA DE PESSOAL DA SECRETARIA MUNICIPAL DE SAUDE  (AUXILIO TRANSPORTE) - ESTIMADO PARA 2026, INCLUINDO 13 SALARIO             .                                                                           VALOR EMPENHADO DE 05/2026  COM MENSAL DE:....................4.400.000,00  VALOR EMPENHADO DE 05/2026  COM MENSAL DE:....................1.000.000,00  VALOR EMPENHADO DE 07/2026 A 09/2026 COM MENSAIS DE:..........2.700.000,00  VALOR TOTAL:.................................................13.500.000,00  .                                                                           527 - TRANSFERENCIAS DE IMPOSTOS/SAUDE - SOLICITACAO FINANCEIRA: 182334/2026;Não se aplica (Ex.: Despesas com Pessoal);000000000000
20262150002430002;05/05/2026 00:00:00;13500000,00;0141292026;27/05/2026 00:00:00;1229,80;202621500024300020003;27/05/2026 00:00:00;1229,80;33904900;AUXILIO - TRANSPORTE;60701190000104;SECRETARIA MUNICIPAL DE SAUDE;0,00;SECRETARIA MUNICIPAL DE SAUDE                                                                                                                                                                                                                                ;SAUDE - 10;ADMINISTRACAO GERAL - 122;RECEITAS DE IMPOSTOS E DE TRANSFERENCIAS DE IMPOSTOS - SAUDE - 102;ITAU UNIBANCO S.A.;DESPESA COM PAGAMENTO DA FOLHA DE PESSOAL DA SECRETARIA MUNICIPAL DE SAUDE  (AUXILIO TRANSPORTE) - ESTIMADO PARA 2026, INCLUINDO 13 SALARIO             .                                                                           VALOR EMPENHADO DE 05/2026  COM MENSAL DE:....................4.400.000,00  VALOR EMPENHADO DE 05/2026  COM MENSAL DE:....................1.000.000,00  VALOR EMPENHADO DE 07/2026 A 09/2026 COM MENSAIS DE:..........2.700.000,00  VALOR TOTAL:.................................................13.500.000,00  .                                                                           527 - TRANSFERENCIAS DE IMPOSTOS/SAUDE - SOLICITACAO FINANCEIRA: 182334/2026;Não se aplica (Ex.: Despesas com Pessoal);000000000000
20262150002430002;05/05/2026 00:00:00;13500000,00;0141372026;27/05/2026 00:00:00;10681,20;202621500024300020002;27/05/2026 00:00:00;10681,20;33904900;AUXILIO - TRANSPORTE;60701190000104;SECRETARIA MUNICIPAL DE SAUDE;0,00;SECRETARIA MUNICIPAL DE SAUDE                                                                                                                                                                                                                                ;SAUDE - 10;ADMINISTRACAO GERAL - 122;RECEITAS DE IMPOSTOS E DE TRANSFERENCIAS DE IMPOSTOS - SAUDE - 102;ITAU UNIBANCO S.A.;DESPESA COM PAGAMENTO DA FOLHA DE PESSOAL DA SECRETARIA MUNICIPAL DE SAUDE  (AUXILIO TRANSPORTE) - ESTIMADO PARA 2026, INCLUINDO 13 SALARIO             .                                                                           VALOR EMPENHADO DE 05/2026  COM MENSAL DE:....................4.400.000,00  VALOR EMPENHADO DE 05/2026  COM MENSAL DE:....................1.000.000,00  VALOR EMPENHADO DE 07/2026 A 09/2026 COM MENSAIS DE:..........2.700.000,00  VALOR TOTAL:.................................................13.500.000,00  .                                                                           527 - TRANSFERENCIAS DE IMPOSTOS/SAUDE - SOLICITACAO FINANCEIRA: 182334/2026;Não se aplica (Ex.: Despesas com Pessoal);000000000000
20262150002430002;05/05/2026 00:00:00;13500000,00;0141532026;27/05/2026 00:00:00;180,60;202621500024300020004;27/05/2026 00:00:00;180,60;33904900;AUXILIO - TRANSPORTE;60701190000104;SECRETARIA MUNICIPAL DE SAUDE;0,00;SECRETARIA MUNICIPAL DE SAUDE                                                                                                                                                                                                                                ;SAUDE - 10;ADMINISTRACAO GERAL - 122;RECEITAS DE IMPOSTOS E DE TRANSFERENCIAS DE IMPOSTOS - SAUDE - 102;ITAU UNIBANCO S.A.;DESPESA COM PAGAMENTO DA FOLHA DE PESSOAL DA SECRETARIA MUNICIPAL DE SAUDE  (AUXILIO TRANSPORTE) - ESTIMADO PARA 2026, INCLUINDO 13 SALARIO             .                                                                           VALOR EMPENHADO DE 05/2026  COM MENSAL DE:....................4.400.000,00  VALOR EMPENHADO DE 05/2026  COM MENSAL DE:....................1.000.000,00  VALOR EMPENHADO DE 07/2026 A 09/2026 COM MENSAIS DE:..........2.700.000,00  VALOR TOTAL:.................................................13.500.000,00  .                                                                           527 - TRANSFERENCIAS DE IMPOSTOS/SAUDE - SOLICITACAO FINANCEIRA: 182334/2026;Não se aplica (Ex.: Despesas com Pessoal);000000000000
20262150002430002;05/05/2026 00:00:00;13500000,00;0169082026;26/06/2026 00:00:00;2265837,25;202621500024300020005;26/06/2026 00:00:00;2265837,25;33904900;AUXILIO - TRANSPORTE;60701190000104;SECRETARIA MUNICIPAL DE SAUDE;0,00;SECRETARIA MUNICIPAL DE SAUDE                                                                                                                                                                                                                                ;SAUDE - 10;ADMINISTRACAO GERAL - 122;RECEITAS DE IMPOSTOS E DE TRANSFERENCIAS DE IMPOSTOS - SAUDE - 102;ITAU UNIBANCO S.A.;DESPESA COM PAGAMENTO DA FOLHA DE PESSOAL DA SECRETARIA MUNICIPAL DE SAUDE  (AUXILIO TRANSPORTE) - ESTIMADO PARA 2026, INCLUINDO 13 SALARIO             .                                                                           VALOR EMPENHADO DE 05/2026  COM MENSAL DE:....................4.400.000,00  VALOR EMPENHADO DE 05/2026  COM MENSAL DE:....................1.000.000,00  VALOR EMPENHADO DE 07/2026 A 09/2026 COM MENSAIS DE:..........2.700.000,00  VALOR TOTAL:.................................................13.500.000,00  .                                                                           527 - TRANSFERENCIAS DE IMPOSTOS/SAUDE - SOLICITACAO FINANCEIRA: 182334/2026;Não se aplica (Ex.: Despesas com Pessoal);000000000000
20262150002430002;05/05/2026 00:00:00;13500000,00;0169342026;26/06/2026 00:00:00;593,40;202621500024300020006;26/06/2026 00:00:00;0,00;33904900;AUXILIO - TRANSPORTE;60701190000104;SECRETARIA MUNICIPAL DE SAUDE;0,00;SECRETARIA MUNICIPAL DE SAUDE                                                                                                                                                                                                                                ;SAUDE - 10;ADMINISTRACAO GERAL - 122;RECEITAS DE IMPOSTOS E DE TRANSFERENCIAS DE IMPOSTOS - SAUDE - 102;ITAU UNIBANCO S.A.;DESPESA COM PAGAMENTO DA FOLHA DE PESSOAL DA SECRETARIA MUNICIPAL DE SAUDE  (AUXILIO TRANSPORTE) - ESTIMADO PARA 2026, INCLUINDO 13 SALARIO             .                                                                           VALOR EMPENHADO DE 05/2026  COM MENSAL DE:....................4.400.000,00  VALOR EMPENHADO DE 05/2026  COM MENSAL DE:....................1.000.000,00  VALOR EMPENHADO DE 07/2026 A 09/2026 COM MENSAIS DE:..........2.700.000,00  VALOR TOTAL:.................................................13.500.000,00  .                                                                           527 - TRANSFERENCIAS DE IMPOSTOS/SAUDE - SOLICITACAO FINANCEIRA: 182334/2026;Não se aplica (Ex.: Despesas com Pessoal);000000000000
20262150002510002;05/05/2026 00:00:00;763,65;0121302026;06/05/2026 00:00:00;763,65;202621500025100020001;08/05/2026 00:00:00;763,65;33909100;SENTENCAS JUDICIAIS;00360305000104;SECRETARIA MUNICIPAL DE SAUDE;0,00;SECRETARIA MUNICIPAL DE SAUDE                                                                                                                                                                                                                                ;SAUDE - 10;ADMINISTRACAO GERAL - 122;RECEITAS DE IMPOSTOS E DE TRANSFERENCIAS DE IMPOSTOS - SAUDE - 102;CAIXA ECONOMICA FEDERAL;.                                                                           DESPESA COM PAGAMENTO DE MANDADO JUDICIAL, FAVORECIDA: ADRIANA DE MORAIS SILVERIO GONCALVES (CPF: 82962766153), VISANDO O RECEBIMENTO DOS HONORARIOS PERICIAIS, CONFORME DECISÃO(10058722) E ANEXOS                                 SEGUE ANEXO:GUIA _BOLETO_25.6.000006742-0 - CPF/CNPJ DO BENEFICIáRIO:       00.360.305/0001-04                                                          VALOR TOTAL:........................................................763,65  .                                                                           527 - TRANSFERENCIAS DE IMPOSTOS/SAUDE - SOLICITACAO FINANCEIRA: 182349/2026;Não se aplica (Ex.: Despesas com Pessoal);000000000000
20262150002730011;06/05/2026 00:00:00;3000000,00;0120652026;06/05/2026 00:00:00;1000000,00;202621500027300110001;07/05/2026 00:00:00;22837,24;33909200;DESPESAS DE EXERCICIOS ANTERIORES;60701190000104;SECRETARIA MUNICIPAL DE SAUDE;2000000,00;SECRETARIA MUNICIPAL DE SAUDE                                                                                                                                                                                                                                ;SAUDE - 10;ADMINISTRACAO GERAL - 122;RECEITAS DE IMPOSTOS E DE TRANSFERENCIAS DE IMPOSTOS - SAUDE - 102;ITAU UNIBANCO S.A.;DESPESA COM TERMO DE AJUSTE PARA A QUITACAO DE DIVIDAS PARA O PAGAMENTO DOS SERVIÇOS PRESTADOS DE ANESTESIOLOGIA, SERVIÇOS DE TERCEIROS, PRESTADOS DE ACORDO COM VALORES BRUTOS POR PRODUCAO - SGIF                                 REFERENCIA: JUNHO/2023 E JULHO/2023, SERVIÇOS DE TERCEIROS - SGIF, PARCELAS: 13, 14 E 15, PAGAMENTO VIA OP LISTA(CPF/CNPJ : 60701190/0001-04)           .                                                                           VALOR EMPENHADO DE 05/2026 A 07/2026 COM MENSAIS DE:..........1.000.000,00  VALOR TOTAL:..................................................3.000.000,00  .                                                                           527 - TRANSFERENCIAS DE IMPOSTOS/SAUDE - SOLICITACAO FINANCEIRA: 182346/2026;Não se aplica (Ex.: Despesas com Pessoal);000000000000
20262150002730011;06/05/2026 00:00:00;3000000,00;0120652026;06/05/2026 00:00:00;1000000,00;202621500027300110002;07/05/2026 00:00:00;977162,76;33909200;DESPESAS DE EXERCICIOS ANTERIORES;60701190000104;SECRETARIA MUNICIPAL DE SAUDE;2000000,00;SECRETARIA MUNICIPAL DE SAUDE                                                                                                                                                                                                                                ;SAUDE - 10;ADMINISTRACAO GERAL - 122;RECEITAS DE IMPOSTOS E DE TRANSFERENCIAS DE IMPOSTOS - SAUDE - 102;ITAU UNIBANCO S.A.;DESPESA COM TERMO DE AJUSTE PARA A QUITACAO DE DIVIDAS PARA O PAGAMENTO DOS SERVIÇOS PRESTADOS DE ANESTESIOLOGIA, SERVIÇOS DE TERCEIROS, PRESTADOS DE ACORDO COM VALORES BRUTOS POR PRODUCAO - SGIF                                 REFERENCIA: JUNHO/2023 E JULHO/2023, SERVIÇOS DE TERCEIROS - SGIF, PARCELAS: 13, 14 E 15, PAGAMENTO VIA OP LISTA(CPF/CNPJ : 60701190/0001-04)           .                                                                           VALOR EMPENHADO DE 05/2026 A 07/2026 COM MENSAIS DE:..........1.000.000,00  VALOR TOTAL:..................................................3.000.000,00  .                                                                           527 - TRANSFERENCIAS DE IMPOSTOS/SAUDE - SOLICITACAO FINANCEIRA: 182346/2026;Não se aplica (Ex.: Despesas com Pessoal);000000000000
20262150002730011;06/05/2026 00:00:00;3000000,00;0120662026;06/05/2026 00:00:00;0,00;;;0,00;33909200;DESPESAS DE EXERCICIOS ANTERIORES;60701190000104;SECRETARIA MUNICIPAL DE SAUDE;2000000,00;SECRETARIA MUNICIPAL DE SAUDE                                                                                                                                                                                                                                ;SAUDE - 10;ADMINISTRACAO GERAL - 122;RECEITAS DE IMPOSTOS E DE TRANSFERENCIAS DE IMPOSTOS - SAUDE - 102;ITAU UNIBANCO S.A.;DESPESA COM TERMO DE AJUSTE PARA A QUITACAO DE DIVIDAS PARA O PAGAMENTO DOS SERVIÇOS PRESTADOS DE ANESTESIOLOGIA, SERVIÇOS DE TERCEIROS, PRESTADOS DE ACORDO COM VALORES BRUTOS POR PRODUCAO - SGIF                                 REFERENCIA: JUNHO/2023 E JULHO/2023, SERVIÇOS DE TERCEIROS - SGIF, PARCELAS: 13, 14 E 15, PAGAMENTO VIA OP LISTA(CPF/CNPJ : 60701190/0001-04)           .                                                                           VALOR EMPENHADO DE 05/2026 A 07/2026 COM MENSAIS DE:..........1.000.000,00  VALOR TOTAL:..................................................3.000.000,00  .                                                                           527 - TRANSFERENCIAS DE IMPOSTOS/SAUDE - SOLICITACAO FINANCEIRA: 182346/2026;Não se aplica (Ex.: Despesas com Pessoal);000000000000
20262150004110003;04/05/2026 00:00:00;5227410,00;;;0,00;;;0,00;44905200;EQUIPAMENTOS E MATERIAL PERMANENTE;12477490000281;SECRETARIA MUNICIPAL DE SAUDE;5227410,00;SECRETARIA MUNICIPAL DE SAUDE                                                                                                                                                                                                                                ;SAUDE - 10;ADMINISTRACAO GERAL - 122;RECEITAS DE IMPOSTOS E DE TRANSFERENCIAS DE IMPOSTOS - SAUDE - 102;LIDER NOTEBOOKS COMERCIO E SERVICOS;DESPESA C/ AQUISICAO EQUIP DE TECNOLOGIA DA INFORMACAO (ESTACOES DE TRABALHO-DESKTOPS) CONF. ARP 07/2025 - EDITAL LICITACAO Nº 90.001/2025 DO MINISTERIODE GESTAO E DA INOVACAO EM SERVICOS PUBLICOS CONF. DFD 7947619 - ETP 7949621- DESPACHO 12/2026-GERTEC - DESPACHO 259/2026-GERCOM - DESPACHO 344/2026-PRECEL - SOLICITACAO FINANCEIRA 181781 - 2026 / SCC 803121.                    .                                                                           1-MICROCOMPUTADOR DESKTOP MINI PADRAO DESKTOP INTERMEDIARIO, MARCA:LENOVO,MODELO:THINKCENTRE M75Q GEN2 AMD RYZEN 5 PRO 5655GE 16GB DDR4 3200MHZ 512 GB SSD M.2 PCIE TLC E DEMAIS ESPECIFICOES CONFORME TERMO DE REFERENCIA.LENOVO.  COD63884-6...............1.500,00 UN...........3.484,9400.......5.227.410,00VALOR TOTAL.....................................................5.227.410,00.                                                                           A ENTREGA DOS BENS DEVERA SER EFETIVADA NO PRAZO MAXIMO DE 30 (TRINTA) DIAS CORRIDOS, CONTADOS DO RECEBIMENTO DA ORDEM DE FORNECIMENTO DE BENS, EMITIDA CONTRATANTE.ESSE PRAZO PODERA SER PRORROGADO, EXCEPCIONALMENTE,POR ATE IGUALPERIODO,DESDE QUE A SOLICITACAO SEJA PREVIAMENTE JUSTIFICADA PELA CONTRATADAE DEVIDAMENTE AUTORIZADA PELA CONTRATANTE, CONF.DISPOSTO NO ITEM 5 DA RETIFICACAO DO TERMO DE REFERENCIA(9565436)CONFORME PARECER JURIDICO 1480 PGM/PEAA(9488154),AS ENTREGAS DEVERAO SER PREVIAMENTE AGENDADAS POR MEIO DO ENDERECOELETRONICO: CIAD.GOIANIA@BRANETLOGISTICA.COM.BR, OS BENS DEVERAO SER ENTRE- GUES NO ALMOXARIFADO CENTRAL DA SMS, NA AVENIDA PERIMETRAL NORTE, CONDOMINIOGOIAZEM, BLOCO E, GALPAO 09 E 10,VILA JOAO VAZ, CEP: 74.425-090, GOIANIA-GO.ANTES DA REALIZACAO DA ENTREGA, A CONTRATADA DEVERA CONFIRMAR JUNTO A CONTRATANTE O ENDERECO E OS HORARIOS DISPONIVEIS,A FIM DE EVITAR DIVERGENCIAS E ASSEGURAR A ADEQUADA RECEPCAO DOS EQUIPAMENTOS,DEVENDO OS BENS SEREM ENTREGUESCOM A DEVIDA NOTA FISCAL, DETALHANDO O MODELO, MARCA, QUANTIDADE ENTREGUE,  PROCEDENCIA.DEMAIS ESCLARECIMENTOS ANEXOS SEI 25.29.000035314-5.            .                                                                           102 - RECEITAS DE IMPOSTOS E DE TRANSFERENCIAS DE IMPOSTOS - SAUDE          527 - TRANSFERENCIAS DE IMPOSTOS/SAUDE                                      ;Pregão;000900012025
20262150007410011;04/05/2026 00:00:00;54894,60;0174852026;02/07/2026 00:00:00;54894,60;;;0,00;33903000;MATERIAL DE CONSUMO;26457348000104;SECRETARIA MUNICIPAL DE SAUDE;0,00;SECRETARIA MUNICIPAL DE SAUDE                                                                                                                                                                                                                                ;SAUDE - 10;ATENCAO BASICA - 301;TRANSFERENCIA DE RECURSOS DO SISTEMA UNICO DE SAUDE - SUS / ESTADOS - 131;C. A HOSPITALAR EIRELI;DESPESA COM MATERIAL CLINICO HOSPITALAR PARA ABASTECIMENTO DA SMS - 2º PEDIDO FILHO DA ARP Nº 122/2025, PREGEO ELETRONICO Nº 90012/2025 MEMORANDO 182 GEREMO - PARECER 227 GERPSR - DESPACHO 382 PRECEL - PEDIDO DE COMPRAS 259/2026SOLICITACAO FINANCEIRA 182056 - 2026 SCC  814980.                           .                                                                           1-MALHA TUBULAR ORTOPEDICA ELASTICA 10 CM X 15 M _ORTOFEN                   COD54147-8...............960,00 RL.............9,3900...............9.014,402-MALHA TUBULAR ORTOPEDICA ELASTICA 15 CM X 15 M ORTOFEN                    COD54148-6...............386,00 RL.............14,1500..............5.461,903-MALHA TUBULAR ORTOPEDICA ELASTICA 20 CM X 15 M ORTOFEN                    COD54149-4...............410,00 RL.............17,5900..............7.211,904-MALHA TUBULAR ORTOPEDICA ELASTICA 25 CM X 15 M ORTOFEN                    COD54150-8...............960,00 RL.............27,5500.............26.448,005-MALHA TUBULAR ORTOPEDICA ELASTICA 6 CM X 15 M ORTOFEN                     COD54146-0...............960,00 RL.............7,0400...............6.758,40VALOR TOTAL........................................................54.894,60.                                                                           ENTREGA DOS BENS SERA EFETUADO NO PRAZO NAO SUPERIOR A 15DIAS UTEIS,CONTADOSA PARTIR DA ORDEM DE ENTREGA OU NOTA DE EMPENHO/AUTORIZACAO DE FORNECIMENTO ACOMPANHADOS DOS DOCUMENTOS FISCAIS RESPECTIVOS DEVE CONTER OBRIGATORIAMENTEA ESPECIFICACAO DO ITEM, MARCA DO FABRICANTE, QUANTIDADE ENTREGUE, AGENDAR AENTREGA NO EMAIL CIAD.GOIANIA@BRANETOLGISTICA.COM.BR, MAIORES INFORMACOES PELOS TELEFONES:(62)3524-3404/3407,EFETUAR A ENTREGA NO ALMOXARIFADO CENTRAL  SMS NA AV. PERIMETRAL NORTE, COND.GOIAZEM, BL.E, GALPOES 09/10, VL.JOAO VAZ GOIANIA/GO, CEP74.425-090, DEMAIS ESCLARECIMENTOS MEMORANDO 182(9788140)GEREMO, EDITAL DE LICITACAO PE 90012/2025 - SEI 25.29.000001018-3 - SRP(9792195)15.ANEXO I - TERMO DE REFERENCIA E ANEXOS SEI 26.29.000011851-6.            .                                                                           8 - PISO DE ATENCAO BASICA - PAB                                            ;Pregão;000900122025
20262150007410012;07/05/2026 00:00:00;147160,00;0181322026;10/07/2026 00:00:00;147160,00;;;0,00;33903000;MATERIAL DE CONSUMO;56795674000184;SECRETARIA MUNICIPAL DE SAUDE;0,00;SECRETARIA MUNICIPAL DE SAUDE                                                                                                                                                                                                                                ;SAUDE - 10;ATENCAO BASICA - 301;TRANSFERENCIA DE RECURSOS DO SISTEMA UNICO DE SAUDE - SUS / ESTADOS - 131;G.O MEDICAL LTDA;DESPESA COM AQUISICAO DE INSUMOS ATRAVES DO 1 PEDIDO FILHO, ARP 012/2026, P E 90056/2025                                                                CONF. MEMORANDO 199/2026-GEREMO, PARECER 234/2026-GERPSR, PEDIDO DE COMPRAS 274/2026                                                                    .                                                                           01 (ITEM R27) - ALCOOL ETILICO 70% FR C/1000ML - MARCA: J. FERES            COD:399990...........28.300FR..............05,20.................147.160,00 VALOR TOTAL:.....................................................147.160,00 .                                                                           OBS: O FORNECIMENTO DEVERA SER EFETUADO C/ PRAZO NAO SUP. A 15 DIAS         CORRIDOS CONFORME TERMO DE REFERENCIA (9901099) CONTADOS A PARTIR DO        RECEBIMENTO DA NOTA DE EMPENHO,ENTREGA EM PERFEITAS CONDICOES C/A DEVIDA    NOTA FISCAL, DETALHANDO MARCA/FABRICANTE/MODELO/TIPO/PROCEDENCIA. DEMAIS    ESCLARECIMENTOS CONFORME MEMO 199/2026, PARECER 234/2026, PE 90056/2025,    ATA 12/2026, PROCESSO SEI: 26.29.000013592-5 E DOCUMENTOS EM ANEXO.         .                                                                           LOCAL DA ENTREGA:ALMOXARIFADO CENTRAL SMS, AV.PERIMETRAL NORTE COND.GOIA    ZEM, BL.E, GALPOES 09/10, VL.JOAO VAZ, CEP:74.425-090, GO/GO. FONES:62-3    524-3401/3407, HORARIO:08:00 AS 17:00.                                      .                                                                           8 - PISO DE ATENCAO BASICA - PAB - SOLICITACAO FINANCEIRA:182408/2026       ;Pregão;000000562025
20262150007410013;07/05/2026 00:00:00;309021,90;0187872026;20/07/2026 00:00:00;309021,90;;;0,00;33903000;MATERIAL DE CONSUMO;16699864000183;SECRETARIA MUNICIPAL DE SAUDE;0,00;SECRETARIA MUNICIPAL DE SAUDE                                                                                                                                                                                                                                ;SAUDE - 10;ATENCAO BASICA - 301;TRANSFERENCIA DE RECURSOS DO SISTEMA UNICO DE SAUDE - SUS / ESTADOS - 131;SANTE MEDICA HOSPITALAR LTDA;DESPESA COM AQUISICAO DE DIETAS ESPECIAIS E FORMULAS INFANTIS ATRAVES DO 12 PEDIDO FILHO, ARP 029/2025, PE 90006/2025                                   CONF. MEMORANDO 209/2026-GEREMO, PARECER 229/2026-GERPSR, PEDIDO DE COMPRAS 268/2026                                                                    .                                                                           01 (ITEM R11) - DIETA PREGOMIN PETIT FORMULA SEMI  ELEMENTAR E HIPOALERCIA  MARCA: PREGOMIN PEPTI/DANONE                                                COD:522066............1.210KG.............255,39.................309.021,90 VALOR TOTAL:.....................................................309.021,90 .                                                                           OBS: O FORNECIMENTO DEVERA SER EFETUADO C/ PRAZO NAO SUP. A 20 DIAS         CORRIDOS CONFORME TERMO DE REFERENCIA (9925714) CONTADOS A PARTIR DO        RECEBIMENTO DA NOTA DE EMPENHO,ENTREGA EM PERFEITAS CONDICOES C/A DEVIDA    NOTA FISCAL, DETALHANDO MARCA/FABRICANTE/MODELO/TIPO/PROCEDENCIA. DEMAIS    ESCLARECIMENTOS CONFORME MEMO 209/2026, PARECER 229/2026, PE 90006/2025,    ATA 29/2025, PROCESSO SEI: 26.29.000014021-0 E DOCUMENTOS EM ANEXO.         .                                                                           LOCAL DA ENTREGA:ALMOXARIFADO CENTRAL SMS, AV.PERIMETRAL NORTE COND.GOIA    ZEM, BL.E, GALPOES 09/10, VL.JOAO VAZ, CEP:74.425-090, GO/GO. FONES:62-3    524-3401/3407, HORARIO:08:00 AS 17:00.                                      8 - PISO DE ATENCAO BASICA - PAB - SOLICITACAO FINANCEIRA:182411/2026       ;Pregão;000900062025
20262150007410014;07/05/2026 00:00:00;474720,00;0187902026;20/07/2026 00:00:00;474720,00;;;0,00;33903000;MATERIAL DE CONSUMO;16699864000183;SECRETARIA MUNICIPAL DE SAUDE;0,00;SECRETARIA MUNICIPAL DE SAUDE                                                                                                                                                                                                                                ;SAUDE - 10;ATENCAO BASICA - 301;TRANSFERENCIA DE RECURSOS DO SISTEMA UNICO DE SAUDE - SUS / ESTADOS - 131;SANTE MEDICA HOSPITALAR LTDA;DESPESA COM AQUISICAO DE INSUMOS ATRAVES DO 9  PEDIDO FILHO, ARP 029/2026, PE 90006/2025                                                                CONF. MEMORANDO 177/2026-GEREMO, PARECER 196/2026-GERPSR, PEDIDO DE COMPRAS 274/2026                                                                    .                                                                           01 (ITEM R02) - FORMULA NUTR. ENT. POLIM. NORMO: CAL. (1.2KCAL/ML)/PROT.    100% PROT. SOJA C/FIBRAS:SOL./INSOL. S/LACT.SACAR.GLUTEN                    MARCA: NUTRI ENTERAL/SOYA FIBER/DANONE                                      COD:701530............23.000L..............20,64.................474.720,00 VALOR TOTAL:.....................................................474.720,00 .                                                                           OBS: O FORNECIMENTO DEVERA SER EFETUADO C/ PRAZO NAO SUP. A 20 DIAS         CORRIDOS CONFORME TERMO DE REFERENCIA (9713132) CONTADOS A PARTIR DO        RECEBIMENTO DA NOTA DE EMPENHO,ENTREGA EM PERFEITAS CONDICOES C/A DEVIDA    NOTA FISCAL, DETALHANDO MARCA/FABRICANTE/MODELO/TIPO/PROCEDENCIA. DEMAIS    ESCLARECIMENTOS CONFORME MEMO 177/2026, PARECER 196/2026, PE 90006/2025,    ATA 29/2025, PROCESSO SEI: 26.29.000010860-0 E DOCUMENTOS EM ANEXO.         .                                                                           LOCAL DA ENTREGA:ALMOXARIFADO CENTRAL SMS, AV.PERIMETRAL NORTE COND.GOIA    ZEM, BL.E, GALPOES 09/10, VL.JOAO VAZ, CEP:74.425-090, GO/GO. FONES:62-3    524-3401/3407, HORARIO:08:00 AS 17:00.                                      .                                                                           8 - PISO DE ATENCAO BASICA - PAB - SOLICITACAO FINANCEIRA:182410/2026       ;Pregão;000900062025
20262150007410015;07/05/2026 00:00:00;76855,20;;;0,00;;;0,00;33903000;MATERIAL DE CONSUMO;09034672000192;SECRETARIA MUNICIPAL DE SAUDE;0,00;SECRETARIA MUNICIPAL DE SAUDE                                                                                                                                                                                                                                ;SAUDE - 10;ATENCAO BASICA - 301;TRANSFERENCIA DE RECURSOS DO SISTEMA UNICO DE SAUDE - SUS / ESTADOS - 131;MAEVE PRODUTOS HOSPITALARES LTDA;DESPESA COM AQUISICAO DE INSUMOS ATRAVES DO 1 PEDIDO FILHO, ARP 119/2025, PE90012/2025                                                                  CONF. MEMORANDO 183/2026-GEREMO, PARECER 214/2026-GERPSR, PEDIDO DE COMPRAS 244/2026                                                                    .                                                                           01 (ITEM R01) - ALGODAO ORTOPEDICO 10CM PT C/12UN - MARCA: ORTOFEN          COD:077100............1.920PT..............08,80..................16.896,00 02 (ITEM R02) - ALGODAO ORTOPEDICO 15CM PT C/12UN - MARCA: ORTOFEN          COD:077097............2.000PT..............13,17..................26.340,00 03 (ITEM R03) - ALGODAO ORTOPEDICO 20CM PT C/12UN - MARCA: ORTOFEN          COD:077119............1.920PT..............17,51..................33.619,20 VALOR TOTAL:......................................................76.855,20 .                                                                           OBS: O FORNECIMENTO DEVERA SER EFETUADO C/ PRAZO NAO SUP. A 15 DIAS UTEIS   CONFORME TERMO DE REFERENCIA (9793202) CONTADOS A PARTIR DO                 RECEBIMENTO DA NOTA DE EMPENHO,ENTREGA EM PERFEITAS CONDICOES C/A DEVIDA    NOTA FISCAL, DETALHANDO MARCA/FABRICANTE/MODELO/TIPO/PROCEDENCIA. DEMAIS    ESCLARECIMENTOS CONFORME MEMO 183/2026, PARECER 214/2026, PE 90012/2025,    ATA 119/2025, PROCESSO SEI: 26.29.000011921-0 E DOCUMENTOS EM ANEXO.        .                                                                           LOCAL DA ENTREGA:ALMOXARIFADO CENTRAL SMS, AV.PERIMETRAL NORTE COND.GOIA    ZEM, BL.E, GALPOES 09/10, VL.JOAO VAZ, CEP:74.425-090, GO/GO. FONES:62-3    524-3401/3407, HORARIO:08:00 AS 17:00.                                      .                                                                           8 - PISO DE ATENCAO BASICA - PAB - SOLICITACAO FINANCEIRA:182400/2026       ;Pregão;000900122025
20262150007410016;07/05/2026 00:00:00;195840,00;0161492026;23/06/2026 00:00:00;195840,00;202621500074100160001;25/06/2026 00:00:00;0,00;33903000;MATERIAL DE CONSUMO;03225411000173;SECRETARIA MUNICIPAL DE SAUDE;0,00;SECRETARIA MUNICIPAL DE SAUDE                                                                                                                                                                                                                                ;SAUDE - 10;ATENCAO BASICA - 301;TRANSFERENCIA DE RECURSOS DO SISTEMA UNICO DE SAUDE - SUS / ESTADOS - 131;MISSNER E MISSNER LTDA;O DE COMPRAS 317/2026                                                       .                                                                           01 (ITEM R51) - ESPARADRAPO ADERENTE 10MX4,5CM - MARCA: ADPELE/MISSNER      COD:008869...........25.600UN..............07,65.................195.840,00 VALOR TOTAL:.....................................................195.840,00 .                                                                           OBS: O FORNECIMENTO DEVERA SER EFETUADO C/ PRAZO NAO SUP. A 15 DIAS UTEIS   CONFORME TERMO DE REFERENCIA (10048070) CONTADOS A PARTIR DO                RECEBIMENTO DA NOTA DE EMPENHO,ENTREGA EM PERFEITAS CONDICOES C/A DEVIDA    NOTA FISCAL, DETALHANDO MARCA/FABRICANTE/MODELO/TIPO/PROCEDENCIA. DEMAIS    ESCLARECIMENTOS CONFORME MEMO 229/2026, PARECER 263/2026, PE 90005/2025,    ATA 106/2025, PROCESSO SEI: 26.29.000015958-1 E DOCUMENTOS EM ANEXO.        .                                                                           LOCAL DA ENTREGA:ALMOXARIFADO CENTRAL SMS, AV.PERIMETRAL NORTE COND.GOIA    ZEM, BL.E, GALPOES 09/10, VL.JOAO VAZ, CEP:74.425-090, GO/GO. FONES:62-3    524-3401/3407, HORARIO:08:00 AS 17:00.                                      .                                                                           8 - PISO DE ATENCAO BASICA - PAB - SOLICITACAO FINANCEIRA:182395/2026       DESPESA COM AQUISICAO DE INSUMOS ATRAVES DO 3 PEDIDO FILHO, ARP 106/2025, PE90005/2025 - CONF. MEMORANDO 229/2026-GEREMO, PARECER 263/2026-GERPSR, PEDID;Pregão;000900052025
20262150007410016;07/05/2026 00:00:00;195840,00;0161492026;23/06/2026 00:00:00;195840,00;202621500074100160002;25/06/2026 00:00:00;195840,00;33903000;MATERIAL DE CONSUMO;03225411000173;SECRETARIA MUNICIPAL DE SAUDE;0,00;SECRETARIA MUNICIPAL DE SAUDE                                                                                                                                                                                                                                ;SAUDE - 10;ATENCAO BASICA - 301;TRANSFERENCIA DE RECURSOS DO SISTEMA UNICO DE SAUDE - SUS / ESTADOS - 131;MISSNER E MISSNER LTDA;O DE COMPRAS 317/2026                                                       .                                                                           01 (ITEM R51) - ESPARADRAPO ADERENTE 10MX4,5CM - MARCA: ADPELE/MISSNER      COD:008869...........25.600UN..............07,65.................195.840,00 VALOR TOTAL:.....................................................195.840,00 .                                                                           OBS: O FORNECIMENTO DEVERA SER EFETUADO C/ PRAZO NAO SUP. A 15 DIAS UTEIS   CONFORME TERMO DE REFERENCIA (10048070) CONTADOS A PARTIR DO                RECEBIMENTO DA NOTA DE EMPENHO,ENTREGA EM PERFEITAS CONDICOES C/A DEVIDA    NOTA FISCAL, DETALHANDO MARCA/FABRICANTE/MODELO/TIPO/PROCEDENCIA. DEMAIS    ESCLARECIMENTOS CONFORME MEMO 229/2026, PARECER 263/2026, PE 90005/2025,    ATA 106/2025, PROCESSO SEI: 26.29.000015958-1 E DOCUMENTOS EM ANEXO.        .                                                                           LOCAL DA ENTREGA:ALMOXARIFADO CENTRAL SMS, AV.PERIMETRAL NORTE COND.GOIA    ZEM, BL.E, GALPOES 09/10, VL.JOAO VAZ, CEP:74.425-090, GO/GO. FONES:62-3    524-3401/3407, HORARIO:08:00 AS 17:00.                                      .                                                                           8 - PISO DE ATENCAO BASICA - PAB - SOLICITACAO FINANCEIRA:182395/2026       DESPESA COM AQUISICAO DE INSUMOS ATRAVES DO 3 PEDIDO FILHO, ARP 106/2025, PE90005/2025 - CONF. MEMORANDO 229/2026-GEREMO, PARECER 263/2026-GERPSR, PEDID;Pregão;000900052025
20262150007410017;11/05/2026 00:00:00;112200,00;0187832026;20/07/2026 00:00:00;112200,00;;;0,00;33903000;MATERIAL DE CONSUMO;16699864000183;SECRETARIA MUNICIPAL DE SAUDE;0,00;SECRETARIA MUNICIPAL DE SAUDE                                                                                                                                                                                                                                ;SAUDE - 10;ATENCAO BASICA - 301;TRANSFERENCIA DE RECURSOS DO SISTEMA UNICO DE SAUDE - SUS / ESTADOS - 131;SANTE MEDICA HOSPITALAR LTDA;DESPESA COM AQUISICAO DE DIETAS ESPECIAIS E FORMULAS INFANTIS ATRAVES DO 13 PEDIDO FILHO, ARP 029/2025, PE 90006/2025                                   CONF. MEMORANDO 208/2026-GEREMO, PARECER 239/2026-GERPSR, PEDIDO DE COMPRAS 280/2026                                                                    .                                                                           01 (ITEM R12) - FORMULA INFANTIL NUTRICIONALMENTE COMPLETA 100% PROTEINA    EXTENSAMENTE HIDROLISADA SORO LEITE LACTOSE ACIDOS GRAXOS                   MARCA: APTAMIL PEPTI/DANONE                                                 COD:531774..............748KG.............150,00.................112.200,00 VALOR TOTAL:.....................................................112.200,00 .                                                                           OBS: O FORNECIMENTO DEVERA SER EFETUADO C/ PRAZO NAO SUP. A 20 DIAS         CORRIDOS CONFORME TERMO DE REFERENCIA (9925316) CONTADOS A PARTIR DO        RECEBIMENTO DA NOTA DE EMPENHO,ENTREGA EM PERFEITAS CONDICOES C/A DEVIDA    NOTA FISCAL, DETALHANDO MARCA/FABRICANTE/MODELO/TIPO/PROCEDENCIA. DEMAIS    ESCLARECIMENTOS CONFORME MEMO 208/2026, PARECER 239/2026, PE 90006/2025,    ATA 29/2025, PROCESSO SEI: 26.29.000014011-2 E DOCUMENTOS EM ANEXO.         .                                                                           LOCAL DA ENTREGA:ALMOXARIFADO CENTRAL SMS, AV.PERIMETRAL NORTE COND.GOIA    ZEM, BL.E, GALPOES 09/10, VL.JOAO VAZ, CEP:74.425-090, GO/GO. FONES:62-3    524-3401/3407, HORARIO:08:00 AS 17:00.                                      .                                                                           8 - PISO DE ATENCAO BASICA - PAB - SOLICITACAO FINANCEIRA:182405/2026       ;Pregão;000900062025
20262150007410018;19/05/2026 00:00:00;22515,00;;;0,00;;;0,00;33903000;MATERIAL DE CONSUMO;09034672000192;SECRETARIA MUNICIPAL DE SAUDE;0,00;SECRETARIA MUNICIPAL DE SAUDE                                                                                                                                                                                                                                ;SAUDE - 10;ATENCAO BASICA - 301;TRANSFERENCIA DE RECURSOS DO SISTEMA UNICO DE SAUDE - SUS / ESTADOS - 131;MAEVE PRODUTOS HOSPITALARES LTDA;DESPESA COM AQUISIÇÃO DE MATERIAL LIMPEZA E HIGIENIZACAO ATRAVÉS DO 5º PEDIDO FILHO, ARP 094/2025, PE 90005/2025                                        CONF. MEMORANDO 220/2026-GEREMO, PARECER 248/2026-GERPSR, PEDIDO DE COMPRAS 290/2026, ITEM 02                                                           .                                                                           02 (ITEM R36) - DETERGENTE LIQUIDO ENZIMATICO GL C/5L - MARCA: PROLINK      COD:398799..............300GL..............75,05..................22.515,00 VALOR TOTAL:......................................................22.515,00 .                                                                           OBS: O FORNECIMENTO DEVERA SER EFETUADO C/ PRAZO NAO SUP. A 15 DIAS UTEIS   CORRIDOS CONFORME TERMO DE REFERENCIA (9985377) CONTADOS A PARTIR DO        RECEBIMENTO DA NOTA DE EMPENHO,ENTREGA EM PERFEITAS CONDICOES C/A DEVIDA    NOTA FISCAL, DETALHANDO MARCA/FABRICANTE/MODELO/TIPO/PROCEDENCIA. DEMAIS    ESCLARECIMENTOS CONFORME MEMO 220/2026, PARECER 248/2026, PE 90005/2025,    ATA 94/2025, PROCESSO SEI: 26.29.000014967-5 E DOCUMENTOS EM ANEXO.         .                                                                           LOCAL DA ENTREGA:ALMOXARIFADO CENTRAL SMS, AV.PERIMETRAL NORTE COND.GOIA    ZEM, BL.E, GALPOES 09/10, VL.JOAO VAZ, CEP:74.425-090, GO/GO. FONES:62-3    524-3401/3407, HORARIO:08:00 AS 17:00.                                      .                                                                           8 - PISO DE ATENCAO BASICA - PAB - SOLICITACAO FINANCEIRA:182570/2026       ;Pregão;000900052025
20262150007410019;19/05/2026 00:00:00;12160,00;;;0,00;;;0,00;33903000;MATERIAL DE CONSUMO;09034672000192;SECRETARIA MUNICIPAL DE SAUDE;0,00;SECRETARIA MUNICIPAL DE SAUDE                                                                                                                                                                                                                                ;SAUDE - 10;ATENCAO BASICA - 301;TRANSFERENCIA DE RECURSOS DO SISTEMA UNICO DE SAUDE - SUS / ESTADOS - 131;MAEVE PRODUTOS HOSPITALARES LTDA;ARP 094/2025, PE 90005/2025                                                 CONF. MEMORANDO 220/2026-GEREMO, PARECER 248/2026-GERPSR, PEDIDO DE COMPRAS 290/2026, ITEM 01                                                           .                                                                           01 (ITEM R31) - COLETOR DESCARTAVEL URINA SISTEMA FECHADO - MARCA: BIOMASS0 COD:255831............4.000UN..............03,04..................12.160,00 VALOR TOTAL:......................................................12.160,00 .                                                                           DESPESA COM AQUISIÇÃO DE MATERIAL DE LABORATORIO ATRAVÉS DO 5  PEDIDO FILHO,OBS: O FORNECIMENTO DEVERA SER EFETUADO C/ PRAZO NAO SUP. A 15 DIAS UTEIS   CORRIDOS CONFORME TERMO DE REFERENCIA (9985377) CONTADOS A PARTIR DO        RECEBIMENTO DA NOTA DE EMPENHO,ENTREGA EM PERFEITAS CONDICOES C/A DEVIDA    NOTA FISCAL, DETALHANDO MARCA/FABRICANTE/MODELO/TIPO/PROCEDENCIA. DEMAIS    ESCLARECIMENTOS CONFORME MEMO 220/2026, PARECER 248/2026, PE 90005/2025,    ATA 94/2025, PROCESSO SEI: 26.29.000014967-5 E DOCUMENTOS EM ANEXO.         .                                                                           LOCAL DA ENTREGA:ALMOXARIFADO CENTRAL SMS, AV.PERIMETRAL NORTE COND.GOIA    ZEM, BL.E, GALPOES 09/10, VL.JOAO VAZ, CEP:74.425-090, GO/GO. FONES:62-3    524-3401/3407, HORARIO:08:00 AS 17:00.                                      .                                                                           8 - PISO DE ATENCAO BASICA - PAB - SOLICITACAO FINANCEIRA:182571/2026       ;Pregão;000900052025
20262150007410020;19/05/2026 00:00:00;25160,00;;;0,00;;;0,00;33903000;MATERIAL DE CONSUMO;09034672000192;SECRETARIA MUNICIPAL DE SAUDE;0,00;SECRETARIA MUNICIPAL DE SAUDE                                                                                                                                                                                                                                ;SAUDE - 10;ATENCAO BASICA - 301;TRANSFERENCIA DE RECURSOS DO SISTEMA UNICO DE SAUDE - SUS / ESTADOS - 131;MAEVE PRODUTOS HOSPITALARES LTDA;DESPESA COM AQUISICAO DE MATERIAL CLINICO HOSPITALAR ATRAVES DO 5  PEDIDO FILHO, ARP 094/2025, PE 90005/2025                                            CONF. MEMORANDO 220/2026-GEREMO, PARECER 248/2026-GERPSR, PEDIDO DE COMPRAS 290/2026, ITENS 03 E 04                                                     .                                                                           03 (ITEM R49) - EQUIPO PLASTICO MICROGOTA C/CAMARA GRADUADA (0 A 150ML)     MARCA: SOLIDOR                                                              COD:400912............1.850UN..............04,00...................7.400,00 04 (ITEM R77) - LENCOL DESCARTAVEL PAPEL RL C/50M - MARCA: ECOPEL           COD:017558............3.000RL..............05,92..................17.760,00 VALOR TOTAL:......................................................25.160,00 .                                                                           OBS: O FORNECIMENTO DEVERA SER EFETUADO C/ PRAZO NAO SUP. A 15 DIAS UTEIS   CORRIDOS CONFORME TERMO DE REFERENCIA (9985377) CONTADOS A PARTIR DO        RECEBIMENTO DA NOTA DE EMPENHO,ENTREGA EM PERFEITAS CONDICOES C/A DEVIDA    NOTA FISCAL, DETALHANDO MARCA/FABRICANTE/MODELO/TIPO/PROCEDENCIA. DEMAIS    ESCLARECIMENTOS CONFORME MEMO 220/2026, PARECER 248/2026, PE 90005/2025,    ATA 94/2025, PROCESSO SEI: 26.29.000014967-5 E DOCUMENTOS EM ANEXO.         .                                                                           LOCAL DA ENTREGA:ALMOXARIFADO CENTRAL SMS, AV.PERIMETRAL NORTE COND.GOIA    ZEM, BL.E, GALPOES 09/10, VL.JOAO VAZ, CEP:74.425-090, GO/GO. FONES:62-3    524-3401/3407, HORARIO:08:00 AS 17:00.                                      .                                                                           8 - PISO DE ATENCAO BASICA - PAB - SOLICITACAO FINANCEIRA:182401/2026       ;Pregão;000900052025
20262150007410021;25/05/2026 00:00:00;347400,00;;;0,00;;;0,00;33903000;MATERIAL DE CONSUMO;09028635000171;SECRETARIA MUNICIPAL DE SAUDE;0,00;SECRETARIA MUNICIPAL DE SAUDE                                                                                                                                                                                                                                ;SAUDE - 10;ATENCAO BASICA - 301;TRANSFERENCIA DE RECURSOS DO SISTEMA UNICO DE SAUDE - SUS / ESTADOS - 131;SIGNAZ PRODUTOS E NEGOCIOS LTDA;DESPESA COM AQUISICAO DE TESTES RAPIDOS IMUNOCROMATOGRAFICOS PARA DETECCAO  QUALITATIVA SIMULTANEA E DIFERENCIADA DOS ANTIGENOS DO CORONAVIRUS 2,INFLUENZA TIPO A E B, ATRAVES DO 1º PEDIDO FILHO, ARP 047/2026, PE 90012/2026, CONFMEMORANDO 240/2026-GEREMO,PARECER 279/2026,PED.DE COMPRA 351/2026,SCC 817091SOLICITACAO FINANCEIRA 183025 - 2026.                                       .                                                                           1-TESTE RAPIDO DETECCAO QUALITATIVA, SIMULTANEA E DIFERENCIADA DE ANTIGENOS DE SARS-COV-2, INFLUENZA TIPO A E TIPO B SIGNAZ                             COD69233-6...............60.000,00 UN..........5,7900.............347.400,00VALOR TOTAL.......................................................347.400,00.                                                                           O PRAZO DE ENTREGA DOS BENS SERA EFETUADO NO PRAZO NAO SUPERIOR A 20 (VINTE)DIAS, CONTADOS APOS O RECEBIMENTO DA ORDEM DE ENTREGA OU NOTA DE EMPENHO/AU TORIZACAO DE FORNECIMENTO, ACOMPANHADOS DOS DOCUMENTOS FISCAIS RESPECTIVOS, DEVE CONTER, OBRIGATORIAMENTE, A ESPECIFICACAO DO ITEM, MARCA DO FABRICANTE E QUANTIDADE ENTREGUE.O PRAZO DE VALIDADE DOS BENS SERA DE NO MINIMO 18 (DEZOITO) MESES,OU PELO PRAZO FORNECIDO PELO FABRICANTE, SE SUPERIOR. A GARANTIAA SERA PRESTADA COM VISTAS A MANTER OS ITENS FORNECIDOS EM PERFEITAS CONDI- COES DE USO, SEM QUALQUER ONUS OU CUSTO ADICIONAL PARA A CONTRATANTE.OS BENSDEVERAO SER ENTREGUES NO ALMOXARIFADO CENTRAL DA SMS, AV.PERIMETRAL NORTE,  COND.GOYAZEM, N.2859 BL.E,GALPOES 06 A 10, VILA JOAO VAZ,CEP:74.445-190,GOIANIA-GO.DEMAIS ESCLARECIMENTOS CONF.MEMORANDO 240 (10183971)GEREMO, EDITAL PE90012/2026 (10183999)GEREMO, ATA DE REGISTRO DE PREçOS 047/2026 - PNCP (10184023)GEREMO, PARECER 279 (10213271)GERPSR E ANEXOS SEI 26.29.000018188-9.   .                                                                           8 - PISO DE ATENCAO BASICA - PAB                                            ;Pregão;000900122026
20262150007410022;26/05/2026 00:00:00;412797,00;0141852026;27/05/2026 00:00:00;412797,00;202621500074100220001;29/05/2026 00:00:00;412797,00;33903000;MATERIAL DE CONSUMO;16699864000183;SECRETARIA MUNICIPAL DE SAUDE;0,00;SECRETARIA MUNICIPAL DE SAUDE                                                                                                                                                                                                                                ;SAUDE - 10;ATENCAO BASICA - 301;TRANSFERENCIA DE RECURSOS DO SISTEMA UNICO DE SAUDE - SUS / ESTADOS - 131;SANTE MEDICA HOSPITALAR LTDA;DESPESA COM AQUISICAO DE MEDICAMENTOS ATRAVES DO 2. PEDIDO FILHO, PREGAO    SOLICITACAO FINANCEIRA:183124 - 2026                                        ELETRONICO N. 90001/2025, ATA DE REGISTRO DE PRECOS Nº050/2025 PARA ABASTECIMENTO DAS UNID.DE SAUDE DA SMS,CONF.CONF.MEMO.276/2025-GEREMO,PARECER 355/25GERPSR, PED.COMPRA 683/2025-EMENDA PARLAMENTAR ESTADUAL - 25.29.000042617-7 -PROGRAMA GOIAS EMCRESCIMENTO E PORTARIA NR. 4075/2025. SCC 798895.         .                                                                           ITEM 1-CEFTRIAXONA SODICA 1 G PO PARA SOL.INJ.INTRAVENOSA M:TEUTO           COD:247359..............51.450FR/AMP...........R$3,89.............200.140,50ITEM 2-HIDROCORTISONA SUCCINATO SODICO 500MG PO SOL.INJ.FRASCO/AMPOLA M:TEU-TO.                                                                         COD:145173..............45.150FR/AMP...........R$4,71.............212.656,50VALOR TOTAL:......................................................412.797,00.                                                                           OBS:RECURSO PROVENIENTE DO PROGRAMA GOIAS EM CRESCIMENTO,NA MODALIDADE FUNDOA FUNDO,CONFORME PROCESSO SEI25.29.000042617-7.                             ENTREGA:O FORNECIMENTO DEVERA SER EFETUADO,COM PRAZO DE ENTREGA NAO SUPERIORNAO SUP.A 20 DIAS CONTADOS A PARTIR DO RECEBIMENTO DA NOTA DE EMPENHO / AUTORIZACAO DE FORNECIMENTO, ACOMPANHADOS DA NOTA FISCAL, DESCRIMINANDO ITEM, A MARCA, QUANTIDADE ENTREGUE,VALIDADE, DEMAIS ESCLARECIMENTOS CONF.PE 90001/25TERMO DE REFERENCIA, MEMO276/25-GEREMO E ANEXOS. LOCAL DE ENTREGA, AV.PERIMETRAL NORTE COND.GOIAZEM, BL.E,GALPOES 09/10, VL.JOAO VAZ, GO/GO,CEP74445-190FONE:62-3524-3401/3407,AGENDAR NO EMAIL:CIAD.GOIANIA@BRANETLOGISTICA.COM.BR.HORARIO 08H00MIN AS 17H00MIN.                                               131 -  TRANSFERENCIA DE RECURSOS DO SISTEMA UNICO DE SAUDE - SUS / ESTADOS  8 - PISO DE ATENCAO BASICA - PAB                                            ;Pregão;000900012025
20262150008430045;04/05/2026 00:00:00;2575,61;0175522026;03/07/2026 00:00:00;160,97;202621500084300450001;09/07/2026 00:00:00;160,97;33903600;OUTROS SERVICOS DE TERCEIROS - PESSOA FISICA;00083367721115;SECRETARIA MUNICIPAL DE SAUDE;0,00;SECRETARIA MUNICIPAL DE SAUDE                                                                                                                                                                                                                                ;SAUDE - 10;ATENCAO BASICA - 301;TRANSFERENCIA DE RECURSOS DO SISTEMA UNICO DE SAUDE - SUS - BLOCO DE MANUTENCAO DAS ACOES E SERVICOS PUBLICOS DE SAUDE - 107;ANTONIO CLAUDIO ABALEM THOMAZ DE SOUZA;DESPESA COM CONTRATO DE LOCACAO NR 1493/2025 DO IMOVEL ONDE FUNCIONA A      FARMACIA DE INSUMOS E MEDICAMENTOS ESPECIAIS VALORES RELATIVOS A 29/05/     2026 A JUNHO/2026, CONFORME DESPACHO NR 327/2026-GERINF, PEDIDO DE COM      PRAS NR 248/2026, SCC: 776468-1                                             .                                                                           VALOR EMPENHADO DE 05/2026  COM MENSAL DE:........................160,97    VALOR EMPENHADO DE 06/2026  COM MENSAL DE:......................2.414,64    VALOR TOTAL:....................................................2.575,61    .                                                                           8 - TRANSFERENCIA DE RECURSOS DO SUS - ATENCAO PRIMARIA                     SOLICITACAO FINANCEIRA: 181790/2026                                         ;Inexigibilidade de Licitação;000001182025
20262150008430045;04/05/2026 00:00:00;2575,61;0175542026;03/07/2026 00:00:00;2414,64;202621500084300450002;09/07/2026 00:00:00;2414,64;33903600;OUTROS SERVICOS DE TERCEIROS - PESSOA FISICA;00083367721115;SECRETARIA MUNICIPAL DE SAUDE;0,00;SECRETARIA MUNICIPAL DE SAUDE                                                                                                                                                                                                                                ;SAUDE - 10;ATENCAO BASICA - 301;TRANSFERENCIA DE RECURSOS DO SISTEMA UNICO DE SAUDE - SUS - BLOCO DE MANUTENCAO DAS ACOES E SERVICOS PUBLICOS DE SAUDE - 107;ANTONIO CLAUDIO ABALEM THOMAZ DE SOUZA;DESPESA COM CONTRATO DE LOCACAO NR 1493/2025 DO IMOVEL ONDE FUNCIONA A      FARMACIA DE INSUMOS E MEDICAMENTOS ESPECIAIS VALORES RELATIVOS A 29/05/     2026 A JUNHO/2026, CONFORME DESPACHO NR 327/2026-GERINF, PEDIDO DE COM      PRAS NR 248/2026, SCC: 776468-1                                             .                                                                           VALOR EMPENHADO DE 05/2026  COM MENSAL DE:........................160,97    VALOR EMPENHADO DE 06/2026  COM MENSAL DE:......................2.414,64    VALOR TOTAL:....................................................2.575,61    .                                                                           8 - TRANSFERENCIA DE RECURSOS DO SUS - ATENCAO PRIMARIA                     SOLICITACAO FINANCEIRA: 181790/2026                                         ;Inexigibilidade de Licitação;000001182025
20262150008430046;04/05/2026 00:00:00;2575,63;0175512026;03/07/2026 00:00:00;160,98;202621500084300460001;09/07/2026 00:00:00;160,98;33903600;OUTROS SERVICOS DE TERCEIROS - PESSOA FISICA;00081804105104;SECRETARIA MUNICIPAL DE SAUDE;0,00;SECRETARIA MUNICIPAL DE SAUDE                                                                                                                                                                                                                                ;SAUDE - 10;ATENCAO BASICA - 301;TRANSFERENCIA DE RECURSOS DO SISTEMA UNICO DE SAUDE - SUS - BLOCO DE MANUTENCAO DAS ACOES E SERVICOS PUBLICOS DE SAUDE - 107;LUCIANA ABALEM THOMAZ DE SOUZA;DESPESA COM CONTRATO DE LOCACAO NR 1493/2025 DO IMOVEL ONDE FUNCIONA A      FARMACIA DE INSUMOS E MEDICAMENTOS ESPECIAIS VALORES RELATIVOS A 29/05/     2026 A JUNHO/2026, CONFORME DESPACHO NR 327/2026-GERINF, PEDIDO DE COM      PRAS NR 248/2026, SCC: 776468-1                                             .                                                                           VALOR EMPENHADO DE 05/2026  COM MENSAL DE:........................160,98    VALOR EMPENHADO DE 06/2026  COM MENSAL DE:......................2.414,65    VALOR TOTAL:....................................................2.575,63    .                                                                           8 - TRANSFERENCIA DE RECURSOS DO SUS - ATENCAO PRIMARIA                     SOLICITACAO FINANCEIRA: 181789/2026                                         ;Inexigibilidade de Licitação;000001182025
20262150008430046;04/05/2026 00:00:00;2575,63;0175602026;03/07/2026 00:00:00;2414,65;202621500084300460002;09/07/2026 00:00:00;2414,65;33903600;OUTROS SERVICOS DE TERCEIROS - PESSOA FISICA;00081804105104;SECRETARIA MUNICIPAL DE SAUDE;0,00;SECRETARIA MUNICIPAL DE SAUDE                                                                                                                                                                                                                                ;SAUDE - 10;ATENCAO BASICA - 301;TRANSFERENCIA DE RECURSOS DO SISTEMA UNICO DE SAUDE - SUS - BLOCO DE MANUTENCAO DAS ACOES E SERVICOS PUBLICOS DE SAUDE - 107;LUCIANA ABALEM THOMAZ DE SOUZA;DESPESA COM CONTRATO DE LOCACAO NR 1493/2025 DO IMOVEL ONDE FUNCIONA A      FARMACIA DE INSUMOS E MEDICAMENTOS ESPECIAIS VALORES RELATIVOS A 29/05/     2026 A JUNHO/2026, CONFORME DESPACHO NR 327/2026-GERINF, PEDIDO DE COM      PRAS NR 248/2026, SCC: 776468-1                                             .                                                                           VALOR EMPENHADO DE 05/2026  COM MENSAL DE:........................160,98    VALOR EMPENHADO DE 06/2026  COM MENSAL DE:......................2.414,65    VALOR TOTAL:....................................................2.575,63    .                                                                           8 - TRANSFERENCIA DE RECURSOS DO SUS - ATENCAO PRIMARIA                     SOLICITACAO FINANCEIRA: 181789/2026                                         ;Inexigibilidade de Licitação;000001182025
20262150008430047;04/05/2026 00:00:00;2575,63;0175492026;03/07/2026 00:00:00;160,98;202621500084300470001;09/07/2026 00:00:00;160,98;33903600;OUTROS SERVICOS DE TERCEIROS - PESSOA FISICA;00080632637153;SECRETARIA MUNICIPAL DE SAUDE;0,00;SECRETARIA MUNICIPAL DE SAUDE                                                                                                                                                                                                                                ;SAUDE - 10;ATENCAO BASICA - 301;TRANSFERENCIA DE RECURSOS DO SISTEMA UNICO DE SAUDE - SUS - BLOCO DE MANUTENCAO DAS ACOES E SERVICOS PUBLICOS DE SAUDE - 107;FLAVIA ABALEM THOMAZ DE SOUZA;DESPESA COM CONTRATO DE LOCACAO NR 1493/2025 DO IMOVEL ONDE FUNCIONA A      FARMACIA DE INSUMOS E MEDICAMENTOS ESPECIAIS VALORES RELATIVOS A 29/05/     2026 A JUNHO/2026, CONFORME DESPACHO NR 327/2026-GERINF, PEDIDO DE COM      PRAS NR 248/2026, SCC: 776468-1                                             .                                                                           VALOR EMPENHADO DE 05/2026  COM MENSAL DE:........................160,98    VALOR EMPENHADO DE 06/2026  COM MENSAL DE:......................2.414,65    VALOR TOTAL:....................................................2.575,63    .                                                                           8 - TRANSFERENCIA DE RECURSOS DO SUS - ATENCAO PRIMARIA                     SOLICITACAO FINANCEIRA: 181788/2026                                         ;Inexigibilidade de Licitação;000001182025
20262150008430047;04/05/2026 00:00:00;2575,63;0175582026;03/07/2026 00:00:00;2414,65;202621500084300470002;09/07/2026 00:00:00;2414,65;33903600;OUTROS SERVICOS DE TERCEIROS - PESSOA FISICA;00080632637153;SECRETARIA MUNICIPAL DE SAUDE;0,00;SECRETARIA MUNICIPAL DE SAUDE                                                                                                                                                                                                                                ;SAUDE - 10;ATENCAO BASICA - 301;TRANSFERENCIA DE RECURSOS DO SISTEMA UNICO DE SAUDE - SUS - BLOCO DE MANUTENCAO DAS ACOES E SERVICOS PUBLICOS DE SAUDE - 107;FLAVIA ABALEM THOMAZ DE SOUZA;DESPESA COM CONTRATO DE LOCACAO NR 1493/2025 DO IMOVEL ONDE FUNCIONA A      FARMACIA DE INSUMOS E MEDICAMENTOS ESPECIAIS VALORES RELATIVOS A 29/05/     2026 A JUNHO/2026, CONFORME DESPACHO NR 327/2026-GERINF, PEDIDO DE COM      PRAS NR 248/2026, SCC: 776468-1                                             .                                                                           VALOR EMPENHADO DE 05/2026  COM MENSAL DE:........................160,98    VALOR EMPENHADO DE 06/2026  COM MENSAL DE:......................2.414,65    VALOR TOTAL:....................................................2.575,63    .                                                                           8 - TRANSFERENCIA DE RECURSOS DO SUS - ATENCAO PRIMARIA                     SOLICITACAO FINANCEIRA: 181788/2026                                         ;Inexigibilidade de Licitação;000001182025
20262150008430048;05/05/2026 00:00:00;8403,00;0122132026;07/05/2026 00:00:00;2801,00;202621500084300480001;18/05/2026 00:00:00;2801,00;33903600;OUTROS SERVICOS DE TERCEIROS - PESSOA FISICA;00054911966149;SECRETARIA MUNICIPAL DE SAUDE;0,00;SECRETARIA MUNICIPAL DE SAUDE                                                                                                                                                                                                                                ;SAUDE - 10;ATENCAO BASICA - 301;TRANSFERENCIA DE RECURSOS DO SISTEMA UNICO DE SAUDE - SUS - BLOCO DE MANUTENCAO DAS ACOES E SERVICOS PUBLICOS DE SAUDE - 107;REGINALDO JOSE NATALINO DE SOUZA;CONTRATO DE LOCACAO PARA REALIZACAO DOS SERVICOS DO CENIRO DE SAUDE DA FAMILIA VALERIA APARECIDA MARTINS DA SILVA (GARAVELO B)                          VALORES RELATIVOS A ABRIL A JUNHO/2026, CONFORME DESPACHO Nº 346/2026-GERINF, PEDIDO DE COMPRAS Nº 605/2025, SCC: 793559                                .                                                                           VALOR EMPENHADO DE 04/2026 A 06/2026 COM MENSAIS DE:..............2.801,00  VALOR TOTAL:......................................................8.403,00  .                                                                           8 - TRANSFERENCIA DE RECURSOS DO SUS - ATENCAO PRIMARIA                     SOLICITACAO FINANCEIRA: 182221/2026                                         ;Inexigibilidade de Licitação;000004532025
20262150008430048;05/05/2026 00:00:00;8403,00;0143952026;29/05/2026 00:00:00;2801,00;202621500084300480002;08/06/2026 00:00:00;2801,00;33903600;OUTROS SERVICOS DE TERCEIROS - PESSOA FISICA;00054911966149;SECRETARIA MUNICIPAL DE SAUDE;0,00;SECRETARIA MUNICIPAL DE SAUDE                                                                                                                                                                                                                                ;SAUDE - 10;ATENCAO BASICA - 301;TRANSFERENCIA DE RECURSOS DO SISTEMA UNICO DE SAUDE - SUS - BLOCO DE MANUTENCAO DAS ACOES E SERVICOS PUBLICOS DE SAUDE - 107;REGINALDO JOSE NATALINO DE SOUZA;CONTRATO DE LOCACAO PARA REALIZACAO DOS SERVICOS DO CENIRO DE SAUDE DA FAMILIA VALERIA APARECIDA MARTINS DA SILVA (GARAVELO B)                          VALORES RELATIVOS A ABRIL A JUNHO/2026, CONFORME DESPACHO Nº 346/2026-GERINF, PEDIDO DE COMPRAS Nº 605/2025, SCC: 793559                                .                                                                           VALOR EMPENHADO DE 04/2026 A 06/2026 COM MENSAIS DE:..............2.801,00  VALOR TOTAL:......................................................8.403,00  .                                                                           8 - TRANSFERENCIA DE RECURSOS DO SUS - ATENCAO PRIMARIA                     SOLICITACAO FINANCEIRA: 182221/2026                                         ;Inexigibilidade de Licitação;000004532025
20262150008430048;05/05/2026 00:00:00;8403,00;0167362026;25/06/2026 00:00:00;2801,00;202621500084300480003;06/07/2026 00:00:00;2801,00;33903600;OUTROS SERVICOS DE TERCEIROS - PESSOA FISICA;00054911966149;SECRETARIA MUNICIPAL DE SAUDE;0,00;SECRETARIA MUNICIPAL DE SAUDE                                                                                                                                                                                                                                ;SAUDE - 10;ATENCAO BASICA - 301;TRANSFERENCIA DE RECURSOS DO SISTEMA UNICO DE SAUDE - SUS - BLOCO DE MANUTENCAO DAS ACOES E SERVICOS PUBLICOS DE SAUDE - 107;REGINALDO JOSE NATALINO DE SOUZA;CONTRATO DE LOCACAO PARA REALIZACAO DOS SERVICOS DO CENIRO DE SAUDE DA FAMILIA VALERIA APARECIDA MARTINS DA SILVA (GARAVELO B)                          VALORES RELATIVOS A ABRIL A JUNHO/2026, CONFORME DESPACHO Nº 346/2026-GERINF, PEDIDO DE COMPRAS Nº 605/2025, SCC: 793559                                .                                                                           VALOR EMPENHADO DE 04/2026 A 06/2026 COM MENSAIS DE:..............2.801,00  VALOR TOTAL:......................................................8.403,00  .                                                                           8 - TRANSFERENCIA DE RECURSOS DO SUS - ATENCAO PRIMARIA                     SOLICITACAO FINANCEIRA: 182221/2026                                         ;Inexigibilidade de Licitação;000004532025
20262150008430049;05/05/2026 00:00:00;5708,25;0122172026;07/05/2026 00:00:00;2195,48;202621500084300490001;18/05/2026 00:00:00;2195,48;33903600;OUTROS SERVICOS DE TERCEIROS - PESSOA FISICA;00032094078191;SECRETARIA MUNICIPAL DE SAUDE;0,00;SECRETARIA MUNICIPAL DE SAUDE                                                                                                                                                                                                                                ;SAUDE - 10;ATENCAO BASICA - 301;TRANSFERENCIA DE RECURSOS DO SISTEMA UNICO DE SAUDE - SUS - BLOCO DE MANUTENCAO DAS ACOES E SERVICOS PUBLICOS DE SAUDE - 107;JOSE OSMAR MARTINS;DESPESA COM CONTRATO DE LOCACAO NR 351/2020 DO IMOVEL ONDE FUNCIONA O CSF   CARAVELAS - VALORES RELATIVOS A ABRIL A 18/06/2026, CONFORME DESPACHO NR 350/2026-GERINF, PEDIDO DE COMPRAS NR 193/2025, SCC: 498379-5                  .                                                                           VALOR EMPENHADO DE 04/2026 E 05/2026 COM MENSAIS DE:..............2.195,48  VALOR EMPENHADO DE 06/2026  COM MENSAL DE:........................1.317,29  VALOR TOTAL:......................................................5.708,25  .                                                                           8 - TRANSFERENCIA DE RECURSOS DO SUS - ATENCAO PRIMARIA                     SOLICITACAO FINANCEIRA: 182259/2026                                         ;Dispensa de Licitação;000029502020
20262150008430049;05/05/2026 00:00:00;5708,25;0142312026;27/05/2026 00:00:00;2195,48;202621500084300490002;08/06/2026 00:00:00;2195,48;33903600;OUTROS SERVICOS DE TERCEIROS - PESSOA FISICA;00032094078191;SECRETARIA MUNICIPAL DE SAUDE;0,00;SECRETARIA MUNICIPAL DE SAUDE                                                                                                                                                                                                                                ;SAUDE - 10;ATENCAO BASICA - 301;TRANSFERENCIA DE RECURSOS DO SISTEMA UNICO DE SAUDE - SUS - BLOCO DE MANUTENCAO DAS ACOES E SERVICOS PUBLICOS DE SAUDE - 107;JOSE OSMAR MARTINS;DESPESA COM CONTRATO DE LOCACAO NR 351/2020 DO IMOVEL ONDE FUNCIONA O CSF   CARAVELAS - VALORES RELATIVOS A ABRIL A 18/06/2026, CONFORME DESPACHO NR 350/2026-GERINF, PEDIDO DE COMPRAS NR 193/2025, SCC: 498379-5                  .                                                                           VALOR EMPENHADO DE 04/2026 E 05/2026 COM MENSAIS DE:..............2.195,48  VALOR EMPENHADO DE 06/2026  COM MENSAL DE:........................1.317,29  VALOR TOTAL:......................................................5.708,25  .                                                                           8 - TRANSFERENCIA DE RECURSOS DO SUS - ATENCAO PRIMARIA                     SOLICITACAO FINANCEIRA: 182259/2026                                         ;Dispensa de Licitação;000029502020
20262150008430049;05/05/2026 00:00:00;5708,25;0166272026;25/06/2026 00:00:00;1317,29;202621500084300490003;06/07/2026 00:00:00;1317,29;33903600;OUTROS SERVICOS DE TERCEIROS - PESSOA FISICA;00032094078191;SECRETARIA MUNICIPAL DE SAUDE;0,00;SECRETARIA MUNICIPAL DE SAUDE                                                                                                                                                                                                                                ;SAUDE - 10;ATENCAO BASICA - 301;TRANSFERENCIA DE RECURSOS DO SISTEMA UNICO DE SAUDE - SUS - BLOCO DE MANUTENCAO DAS ACOES E SERVICOS PUBLICOS DE SAUDE - 107;JOSE OSMAR MARTINS;DESPESA COM CONTRATO DE LOCACAO NR 351/2020 DO IMOVEL ONDE FUNCIONA O CSF   CARAVELAS - VALORES RELATIVOS A ABRIL A 18/06/2026, CONFORME DESPACHO NR 350/2026-GERINF, PEDIDO DE COMPRAS NR 193/2025, SCC: 498379-5                  .                                                                           VALOR EMPENHADO DE 04/2026 E 05/2026 COM MENSAIS DE:..............2.195,48  VALOR EMPENHADO DE 06/2026  COM MENSAL DE:........................1.317,29  VALOR TOTAL:......................................................5.708,25  .                                                                           8 - TRANSFERENCIA DE RECURSOS DO SUS - ATENCAO PRIMARIA                     SOLICITACAO FINANCEIRA: 182259/2026                                         ;Dispensa de Licitação;000029502020
20262150008430050;20/05/2026 00:00:00;11475,77;;;0,00;;;0,00;33903600;OUTROS SERVICOS DE TERCEIROS - PESSOA FISICA;00021705712134;SECRETARIA MUNICIPAL DE SAUDE;11475,77;SECRETARIA MUNICIPAL DE SAUDE                                                                                                                                                                                                                                ;SAUDE - 10;ATENCAO BASICA - 301;TRANSFERENCIA DE RECURSOS DO SISTEMA UNICO DE SAUDE - SUS - BLOCO DE MANUTENCAO DAS ACOES E SERVICOS PUBLICOS DE SAUDE - 107;ELENIR MENDONCA;DESPESA COM CONTRATO DE LOCACAO NR 1314/2025 DO IMOVEL ONDE FUNCIONA O CSF ANDREIA CRISTINA                                                             VALORES RELATIVOS A 08/08 A OUTUBRO/2026, CONFORME DESPACHO NR 411/2026-GERINF PEDIDO DE COMPRAS NR 347/2026, SCC: 779327-1                             .                                                                           VALOR EMPENHADO DE 08/2026  COM MENSAL DE:........................3.180,03  VALOR EMPENHADO DE 09/2026 E 10/2026 COM MENSAIS DE:..............4.147,87  VALOR TOTAL:.....................................................11.475,77  .                                                                           8 - TRANSFERENCIA DE RECURSOS DO SUS - ATENCAO PRIMARIA                     SOLICITACAO FINANCEIRA: 182813/2026                                         ;Inexigibilidade de Licitação;000001812025
20262150008430051;25/05/2026 00:00:00;4634,76;;;0,00;;;0,00;33903600;OUTROS SERVICOS DE TERCEIROS - PESSOA FISICA;00095808655153;SECRETARIA MUNICIPAL DE SAUDE;4634,76;SECRETARIA MUNICIPAL DE SAUDE                                                                                                                                                                                                                                ;SAUDE - 10;ATENCAO BASICA - 301;TRANSFERENCIA DE RECURSOS DO SISTEMA UNICO DE SAUDE - SUS - BLOCO DE MANUTENCAO DAS ACOES E SERVICOS PUBLICOS DE SAUDE - 107;JOAO RODRIGUES TEIXEIRA MIRANDA;DESPESA COM CONTRATO DE LOCACAO NR 041/2019 DO IMOVEL ONDE FUNCIONA O CSF BRISAS DA MATA - VALORES RELATIVOS A AGOSTO A OUTUBRO/2026, CONFORME DESPACHO NR 412/2026-GERINF, PEDIDO DE COMPRAS NR 348/2026, SCC: 465373-7            .                                                                           VALOR EMPENHADO DE 08/2026 A 10/2026 COM MENSAIS DE:..............1.544,92  VALOR TOTAL:......................................................4.634,76  .                                                                           64 - TRANSFERENCIAS DE RECURSOS DO SUS - ATENCAO ESPECIALIZADA              SOLICITACAO FINANCEIRA: 182820/2026                                         ;Dispensa de Licitação;000042492018
20262150008430052;25/05/2026 00:00:00;4500,00;0141492026;27/05/2026 00:00:00;1500,00;202621500084300520001;08/06/2026 00:00:00;1500,00;33903600;OUTROS SERVICOS DE TERCEIROS - PESSOA FISICA;00026377730144;SECRETARIA MUNICIPAL DE SAUDE;0,00;SECRETARIA MUNICIPAL DE SAUDE                                                                                                                                                                                                                                ;SAUDE - 10;ATENCAO BASICA - 301;TRANSFERENCIA DE RECURSOS DO SISTEMA UNICO DE SAUDE - SUS - BLOCO DE MANUTENCAO DAS ACOES E SERVICOS PUBLICOS DE SAUDE - 107;JOAO FRANCISCO PEREIRA MARTINS;DESPESA COM CONTRATO DE LOCACAO 091/2023 DO IMOVEL ONDE FUNCIONA O CENTRO DESAUDE DA FAMILIA ELDORADO OESTE - CONF. MEMORANDO 427/2026-GERMO, PEDIDO DE COMPRA 335/2026, SCC: 643034-3                                              .                                                                           VALOR EMPENHADO DE 05/2026 A 07/2026 COM MENSAIS DE:..............1.500,00  VALOR TOTAL:......................................................4.500,00  .                                                                           64 - TRANSFERENCIAS DE RECURSOS DO SUS - ATENCAO ESPECIALIZADA              SOLICITACAO FINANCEIRA: 183023/2026                                         ;Dispensa de Licitação;000000012023
20262150008430052;25/05/2026 00:00:00;4500,00;0171442026;30/06/2026 00:00:00;1500,00;202621500084300520002;06/07/2026 00:00:00;1500,00;33903600;OUTROS SERVICOS DE TERCEIROS - PESSOA FISICA;00026377730144;SECRETARIA MUNICIPAL DE SAUDE;0,00;SECRETARIA MUNICIPAL DE SAUDE                                                                                                                                                                                                                                ;SAUDE - 10;ATENCAO BASICA - 301;TRANSFERENCIA DE RECURSOS DO SISTEMA UNICO DE SAUDE - SUS - BLOCO DE MANUTENCAO DAS ACOES E SERVICOS PUBLICOS DE SAUDE - 107;JOAO FRANCISCO PEREIRA MARTINS;DESPESA COM CONTRATO DE LOCACAO 091/2023 DO IMOVEL ONDE FUNCIONA O CENTRO DESAUDE DA FAMILIA ELDORADO OESTE - CONF. MEMORANDO 427/2026-GERMO, PEDIDO DE COMPRA 335/2026, SCC: 643034-3                                              .                                                                           VALOR EMPENHADO DE 05/2026 A 07/2026 COM MENSAIS DE:..............1.500,00  VALOR TOTAL:......................................................4.500,00  .                                                                           64 - TRANSFERENCIAS DE RECURSOS DO SUS - ATENCAO ESPECIALIZADA              SOLICITACAO FINANCEIRA: 183023/2026                                         ;Dispensa de Licitação;000000012023
20262150008430053;25/05/2026 00:00:00;4500,00;0141522026;27/05/2026 00:00:00;1500,00;202621500084300530001;08/06/2026 00:00:00;1500,00;33903600;OUTROS SERVICOS DE TERCEIROS - PESSOA FISICA;00079488196149;SECRETARIA MUNICIPAL DE SAUDE;0,00;SECRETARIA MUNICIPAL DE SAUDE                                                                                                                                                                                                                                ;SAUDE - 10;ATENCAO BASICA - 301;TRANSFERENCIA DE RECURSOS DO SISTEMA UNICO DE SAUDE - SUS - BLOCO DE MANUTENCAO DAS ACOES E SERVICOS PUBLICOS DE SAUDE - 107;VANUSA DA SILVA MARTINS;DESPESA COM CONTRATO DE LOCACAO 091/2023 DO IMOVEL ONDE FUNCIONA O CENTRO DESAUDE DA FAMILIA ELDORADO OESTE - CONF. MEMORANDO 427/2026-GERMO, PEDIDO DE COMPRA 335/2026, SCC: 643034-3                                              .                                                                           VALOR EMPENHADO DE 05/2026 A 07/2026 COM MENSAIS DE:..............1.500,00  VALOR TOTAL:......................................................4.500,00  .                                                                           64 - TRANSFERENCIAS DE RECURSOS DO SUS - ATENCAO ESPECIALIZADA              SOLICITACAO FINANCEIRA: 183024/2026                                         ;Dispensa de Licitação;000000012023
20262150008430053;25/05/2026 00:00:00;4500,00;0171462026;30/06/2026 00:00:00;1500,00;202621500084300530002;06/07/2026 00:00:00;1500,00;33903600;OUTROS SERVICOS DE TERCEIROS - PESSOA FISICA;00079488196149;SECRETARIA MUNICIPAL DE SAUDE;0,00;SECRETARIA MUNICIPAL DE SAUDE                                                                                                                                                                                                                                ;SAUDE - 10;ATENCAO BASICA - 301;TRANSFERENCIA DE RECURSOS DO SISTEMA UNICO DE SAUDE - SUS - BLOCO DE MANUTENCAO DAS ACOES E SERVICOS PUBLICOS DE SAUDE - 107;VANUSA DA SILVA MARTINS;DESPESA COM CONTRATO DE LOCACAO 091/2023 DO IMOVEL ONDE FUNCIONA O CENTRO DESAUDE DA FAMILIA ELDORADO OESTE - CONF. MEMORANDO 427/2026-GERMO, PEDIDO DE COMPRA 335/2026, SCC: 643034-3                                              .                                                                           VALOR EMPENHADO DE 05/2026 A 07/2026 COM MENSAIS DE:..............1.500,00  VALOR TOTAL:......................................................4.500,00  .                                                                           64 - TRANSFERENCIAS DE RECURSOS DO SUS - ATENCAO ESPECIALIZADA              SOLICITACAO FINANCEIRA: 183024/2026                                         ;Dispensa de Licitação;000000012023
20262150008810021;18/05/2026 00:00:00;186450,00;;;0,00;;;0,00;33903900;OUTROS SERVICOS DE TERCEIROS - PESSOA JURIDICA;12131299000100;SECRETARIA MUNICIPAL DE SAUDE;186450,00;SECRETARIA MUNICIPAL DE SAUDE                                                                                                                                                                                                                                ;SAUDE - 10;ATENCAO BASICA - 301;TRANSFERENCIA DE RECURSOS DO SISTEMA UNICO DE SAUDE - SUS - BLOCO DE MANUTENCAO DAS ACOES E SERVICOS PUBLICOS DE SAUDE - 107;LABORATORIO DE PROTESE ADELAR LTDA.;DESPESA COM PRESTACAO DE SERVICOS DE CONFECCAO E MOLDAGEM DE PROTESES DENTARIAS E DENTADURAS - SCC:816192                                               CONF. MEMORANDO 271//2025-GERSB, PARECER 170/2026-GERPSR, PEDIDO DE COMPRA 190/2026                                                                     .                                                                           VALOR TOTAL:....................................................186.450,00  .                                                                           8 - TRANSFERENCIA DE RECURSOS DO SUS - ATENCAO PRIMARIA                     SOLICITACAO FINANCEIRA: 182816/2026                                         ;Pregão;000000272025
20262150009110001;05/05/2026 00:00:00;613389,07;0120642026;06/05/2026 00:00:00;613389,07;202621500091100010001;07/05/2026 00:00:00;613389,07;33903900;OUTROS SERVICOS DE TERCEIROS - PESSOA JURIDICA;17667466000148;SECRETARIA MUNICIPAL DE SAUDE;0,00;SECRETARIA MUNICIPAL DE SAUDE                                                                                                                                                                                                                                ;SAUDE - 10;ATENCAO BASICA - 301;TRANSFERENCIA DE RECURSOS DO SISTEMA UNICO DE SAUDE - SUS / ESTADOS - 131;TCI PROJETOS E CONSTRUCOES;DESPESA COM O CONTRATO 423/2022 E TERMOS ADITIVOS RELATIVO A SERVICOS P/ EXECUCAO DE CONSTRUCAO MODULAR, MAO DE OBRA PARA O MUNICIPIO DE GOIANIA ENTRE AEMPRESA TCI PROJETOS E CONSTRUCOES E A SMS                                  NOTA FISCAL 100 - 4 MEDIÇÃO, CONSTRUCAO DA UABSF SANTA FE                   .                                                                           VALOR TOTAL:....................................................613.389,07  .                                                                           8 - PISO DE ATENCAO BASICA - PAB                                            SOLICITACAO FINANCEIRA: 182278/2026                                         ;Concorrência para Obras e Serviços de Engenharia;000000012021
20262150009210001;13/05/2026 00:00:00;200000,00;0155922026;16/06/2026 00:00:00;200000,00;202621500092100010001;17/06/2026 00:00:00;200000,00;33903900;OUTROS SERVICOS DE TERCEIROS - PESSOA JURIDICA;02600740000194;SECRETARIA MUNICIPAL DE SAUDE;0,00;SECRETARIA MUNICIPAL DE SAUDE                                                                                                                                                                                                                                ;SAUDE - 10;ATENCAO BASICA - 301;EMENDAS PARLAMENTARES INDIVIDUAIS - TRANSFERêNCIA COM FINALIDADE DEFINIDA (ART. 1º DA EC 105/2019 E INCISO II DO ART. 166-A DA CF/88) - 181;FUNDACAO BANCO DE OLHOS DE GOIAS;SOLICITACAO FINANCEIRA: 182584/2026                                         636 - TRANSFERENCIA COM FINALIDADE DEFINIDA                                 .                                                                           VALOR TOTAL:....................................................200.000,00  .                                                                           C/C: 24.403-1 PROPOSTA FNS: 36000759314202600                               2026, PARLAMENTAR: CELIO SILVEIRA / NR. DA EMENDA: 30700006 - CONTA DEBITO  INDICACAO DE RECURSOS: INCREMENTO MAC - PORTARIA GM/MS NR. 10.431, DE 27/03/R E AMBULATORIAL PARA CUMPRIMENTO E METAS - MAC                             /FNS, INCREMENTO TEMPORARIO AO CUSTEIO DOS SERVICOS DE ASSISTENCIA HOSPITALADESPESA COM TERMO DE COMPROMISSO - TRANSFERENCIAS DO FUNDO NACIONAL DE SAUDE;Outros (Convênios, ajustes, similares, etc.);000002672026
20262150009210002;13/05/2026 00:00:00;300000,00;0170642026;29/06/2026 00:00:00;300000,00;202621500092100020001;01/07/2026 00:00:00;300000,00;33903900;OUTROS SERVICOS DE TERCEIROS - PESSOA JURIDICA;02600740000194;SECRETARIA MUNICIPAL DE SAUDE;0,00;SECRETARIA MUNICIPAL DE SAUDE                                                                                                                                                                                                                                ;SAUDE - 10;ATENCAO BASICA - 301;EMENDAS PARLAMENTARES INDIVIDUAIS - TRANSFERêNCIA COM FINALIDADE DEFINIDA (ART. 1º DA EC 105/2019 E INCISO II DO ART. 166-A DA CF/88) - 181;FUNDACAO BANCO DE OLHOS DE GOIAS;DESPESA COM TERMO DE COMPROMISSO - TRANSFERENCIAS DO FUNDO NACIONAL DE SAUDE/FNS, INCREMENTO TEMPORARIO AO CUSTEIO DOS SERVICOS DE ASSISTENCIA HOSPITALAR E AMBULATORIAL PARA CUMPRIMENTO E METAS - MAC                             INDICACAO DE RECURSOS: INCREMENTO MAC - PORTARIA GM/MS NR. 10.431, DE 27/03/2026, PARLAMENTAR: MARUSSA BOLDRIN / NR. DA EMENDA: 44240002 - CONTA DEBITO C/C: 24.391-4 - PROPOSTA FNS: 36000749169202600                             .                                                                           VALOR TOTAL:....................................................300.000,00  .                                                                           636 - TRANSFERENCIA COM FINALIDADE DEFINIDA                                 SOLICITACAO FINANCEIRA: 182586/2026                                         ;Outros (Convênios, ajustes, similares, etc.);000002662026
20262150009210003;21/05/2026 00:00:00;250000,00;;;0,00;;;0,00;33903900;OUTROS SERVICOS DE TERCEIROS - PESSOA JURIDICA;01619790000150;SECRETARIA MUNICIPAL DE SAUDE;0,00;SECRETARIA MUNICIPAL DE SAUDE                                                                                                                                                                                                                                ;SAUDE - 10;ATENCAO BASICA - 301;EMENDAS PARLAMENTARES INDIVIDUAIS - TRANSFERêNCIA COM FINALIDADE DEFINIDA (ART. 1º DA EC 105/2019 E INCISO II DO ART. 166-A DA CF/88) - 181;SANTA CASA DE MISERICORDIA DE GOIANIA;DESPESA COM TERMO DE COMPROMISSO - TRANSFERENCIAS DO FUNDO NACIONAL DE SAUDE/FNS, INCREMENTO TEMPORARIO AO CUSTEIO DOS SERVICOS DE ASSISTENCIA HOSPITALAR E AMBULATORIAL PARA CUMPRIMENTO E METAS - MAC                             INDICACAO DE RECURSOS: INCREMENTO MAC - PORTARIA GM/MS NR. 10.431, DE 27/03/2026, PARLAMENTAR: JORGE KAJURU / NR. DA EMENDA: 92060001                   PROPOSTA FNS: 36000753697202600                                             .                                                                           VALOR TOTAL:....................................................250.000,00  .                                                                           636 - TRANSFERENCIA COM FINALIDADE DEFINIDA                                 SOLICITACAO FINANCEIRA: 182587/2026                                         ;Outros (Convênios, ajustes, similares, etc.);000002502026
20262150011410006;14/05/2026 00:00:00;19650,00;0170052026;26/06/2026 00:00:00;3930,00;202621500114100060001;06/07/2026 00:00:00;3930,00;33909300;INDENIZACOES E RESTITUICOES;01569466005649;SECRETARIA MUNICIPAL DE SAUDE;0,00;SECRETARIA MUNICIPAL DE SAUDE                                                                                                                                                                                                                                ;SAUDE - 10;ATENCAO BASICA - 301;TRANSFERENCIA DE RECURSOS DO SISTEMA UNICO DE SAUDE - SUS - BLOCO DE MANUTENCAO DAS ACOES E SERVICOS PUBLICOS DE SAUDE - 107;ARQUIDIOCESE DE GOIANIA PAROQ N SRA DO PERPETUO SOCORRO;DESPESA COM TERMO DE PAGAMENTO PARA PAGAMENTO INDENIZATORIO DE DESPESA DE ALUGUEL DO IMOVEL ONDE ESTA INSTALADO O CS NORTE FERROVIARIO                  CONF. DESPACHO 404/2026-GERINF, PEDIDO DE COMPRAS 342/2026                  .                                                                           VALOR TOTAL:.....................................................19.650,00  .                                                                           64 - TRANSFERENCIAS DE RECURSOS DO SUS - ATENCAO ESPECIALIZADA              SOLICITACAO FINANCEIRA: 182777/2026                                         ;Não se aplica (Ex.: Despesas com Pessoal);000000000000
20262150011410006;14/05/2026 00:00:00;19650,00;0170072026;26/06/2026 00:00:00;3930,00;202621500114100060002;06/07/2026 00:00:00;3930,00;33909300;INDENIZACOES E RESTITUICOES;01569466005649;SECRETARIA MUNICIPAL DE SAUDE;0,00;SECRETARIA MUNICIPAL DE SAUDE                                                                                                                                                                                                                                ;SAUDE - 10;ATENCAO BASICA - 301;TRANSFERENCIA DE RECURSOS DO SISTEMA UNICO DE SAUDE - SUS - BLOCO DE MANUTENCAO DAS ACOES E SERVICOS PUBLICOS DE SAUDE - 107;ARQUIDIOCESE DE GOIANIA PAROQ N SRA DO PERPETUO SOCORRO;DESPESA COM TERMO DE PAGAMENTO PARA PAGAMENTO INDENIZATORIO DE DESPESA DE ALUGUEL DO IMOVEL ONDE ESTA INSTALADO O CS NORTE FERROVIARIO                  CONF. DESPACHO 404/2026-GERINF, PEDIDO DE COMPRAS 342/2026                  .                                                                           VALOR TOTAL:.....................................................19.650,00  .                                                                           64 - TRANSFERENCIAS DE RECURSOS DO SUS - ATENCAO ESPECIALIZADA              SOLICITACAO FINANCEIRA: 182777/2026                                         ;Não se aplica (Ex.: Despesas com Pessoal);000000000000
20262150011410006;14/05/2026 00:00:00;19650,00;0170082026;26/06/2026 00:00:00;3930,00;202621500114100060003;06/07/2026 00:00:00;3930,00;33909300;INDENIZACOES E RESTITUICOES;01569466005649;SECRETARIA MUNICIPAL DE SAUDE;0,00;SECRETARIA MUNICIPAL DE SAUDE                                                                                                                                                                                                                                ;SAUDE - 10;ATENCAO BASICA - 301;TRANSFERENCIA DE RECURSOS DO SISTEMA UNICO DE SAUDE - SUS - BLOCO DE MANUTENCAO DAS ACOES E SERVICOS PUBLICOS DE SAUDE - 107;ARQUIDIOCESE DE GOIANIA PAROQ N SRA DO PERPETUO SOCORRO;DESPESA COM TERMO DE PAGAMENTO PARA PAGAMENTO INDENIZATORIO DE DESPESA DE ALUGUEL DO IMOVEL ONDE ESTA INSTALADO O CS NORTE FERROVIARIO                  CONF. DESPACHO 404/2026-GERINF, PEDIDO DE COMPRAS 342/2026                  .                                                                           VALOR TOTAL:.....................................................19.650,00  .                                                                           64 - TRANSFERENCIAS DE RECURSOS DO SUS - ATENCAO ESPECIALIZADA              SOLICITACAO FINANCEIRA: 182777/2026                                         ;Não se aplica (Ex.: Despesas com Pessoal);000000000000
20262150011410006;14/05/2026 00:00:00;19650,00;0170102026;26/06/2026 00:00:00;3930,00;202621500114100060004;06/07/2026 00:00:00;3930,00;33909300;INDENIZACOES E RESTITUICOES;01569466005649;SECRETARIA MUNICIPAL DE SAUDE;0,00;SECRETARIA MUNICIPAL DE SAUDE                                                                                                                                                                                                                                ;SAUDE - 10;ATENCAO BASICA - 301;TRANSFERENCIA DE RECURSOS DO SISTEMA UNICO DE SAUDE - SUS - BLOCO DE MANUTENCAO DAS ACOES E SERVICOS PUBLICOS DE SAUDE - 107;ARQUIDIOCESE DE GOIANIA PAROQ N SRA DO PERPETUO SOCORRO;DESPESA COM TERMO DE PAGAMENTO PARA PAGAMENTO INDENIZATORIO DE DESPESA DE ALUGUEL DO IMOVEL ONDE ESTA INSTALADO O CS NORTE FERROVIARIO                  CONF. DESPACHO 404/2026-GERINF, PEDIDO DE COMPRAS 342/2026                  .                                                                           VALOR TOTAL:.....................................................19.650,00  .                                                                           64 - TRANSFERENCIAS DE RECURSOS DO SUS - ATENCAO ESPECIALIZADA              SOLICITACAO FINANCEIRA: 182777/2026                                         ;Não se aplica (Ex.: Despesas com Pessoal);000000000000
20262150011410006;14/05/2026 00:00:00;19650,00;0170122026;26/06/2026 00:00:00;3930,00;202621500114100060005;06/07/2026 00:00:00;3930,00;33909300;INDENIZACOES E RESTITUICOES;01569466005649;SECRETARIA MUNICIPAL DE SAUDE;0,00;SECRETARIA MUNICIPAL DE SAUDE                                                                                                                                                                                                                                ;SAUDE - 10;ATENCAO BASICA - 301;TRANSFERENCIA DE RECURSOS DO SISTEMA UNICO DE SAUDE - SUS - BLOCO DE MANUTENCAO DAS ACOES E SERVICOS PUBLICOS DE SAUDE - 107;ARQUIDIOCESE DE GOIANIA PAROQ N SRA DO PERPETUO SOCORRO;DESPESA COM TERMO DE PAGAMENTO PARA PAGAMENTO INDENIZATORIO DE DESPESA DE ALUGUEL DO IMOVEL ONDE ESTA INSTALADO O CS NORTE FERROVIARIO                  CONF. DESPACHO 404/2026-GERINF, PEDIDO DE COMPRAS 342/2026                  .                                                                           VALOR TOTAL:.....................................................19.650,00  .                                                                           64 - TRANSFERENCIAS DE RECURSOS DO SUS - ATENCAO ESPECIALIZADA              SOLICITACAO FINANCEIRA: 182777/2026                                         ;Não se aplica (Ex.: Despesas com Pessoal);000000000000
20262150011410007;25/05/2026 00:00:00;53156,96;0160242026;19/06/2026 00:00:00;3322,31;202621500114100070013;23/06/2026 00:00:00;3322,31;33909300;INDENIZACOES E RESTITUICOES;00049349139120;SECRETARIA MUNICIPAL DE SAUDE;0,00;SECRETARIA MUNICIPAL DE SAUDE                                                                                                                                                                                                                                ;SAUDE - 10;ATENCAO BASICA - 301;TRANSFERENCIA DE RECURSOS DO SISTEMA UNICO DE SAUDE - SUS - BLOCO DE MANUTENCAO DAS ACOES E SERVICOS PUBLICOS DE SAUDE - 107;ANA MARIA DA SILVEIRA;DESPESA COM TERMO DE PAGAMENTO VISANDO O PAGAMENTO INDENIZATORIO DA LOCACAO DO IMOVEL ONDE FUNCIONAVA O CSF LUANA PARK - CONF. DESPACHO 403/2026-GERFIN,REFERENTE AOS MESES DE JANEIRO/2025 A ABRIL/2026                            .                                                                           VALOR TOTAL:.....................................................53.156,96  .                                                                           64 - TRANSFERENCIAS DE RECURSOS DO SUS - ATENCAO ESPECIALIZADA              SOLICITACAO FINANCEIRA: 183086/2026                                         ;Não se aplica (Ex.: Despesas com Pessoal);000000000000
20262150011410007;25/05/2026 00:00:00;53156,96;0160252026;19/06/2026 00:00:00;3322,31;202621500114100070014;23/06/2026 00:00:00;3322,31;33909300;INDENIZACOES E RESTITUICOES;00049349139120;SECRETARIA MUNICIPAL DE SAUDE;0,00;SECRETARIA MUNICIPAL DE SAUDE                                                                                                                                                                                                                                ;SAUDE - 10;ATENCAO BASICA - 301;TRANSFERENCIA DE RECURSOS DO SISTEMA UNICO DE SAUDE - SUS - BLOCO DE MANUTENCAO DAS ACOES E SERVICOS PUBLICOS DE SAUDE - 107;ANA MARIA DA SILVEIRA;DESPESA COM TERMO DE PAGAMENTO VISANDO O PAGAMENTO INDENIZATORIO DA LOCACAO DO IMOVEL ONDE FUNCIONAVA O CSF LUANA PARK - CONF. DESPACHO 403/2026-GERFIN,REFERENTE AOS MESES DE JANEIRO/2025 A ABRIL/2026                            .                                                                           VALOR TOTAL:.....................................................53.156,96  .                                                                           64 - TRANSFERENCIAS DE RECURSOS DO SUS - ATENCAO ESPECIALIZADA              SOLICITACAO FINANCEIRA: 183086/2026                                         ;Não se aplica (Ex.: Despesas com Pessoal);000000000000
20262150011410007;25/05/2026 00:00:00;53156,96;0160262026;19/06/2026 00:00:00;3322,31;202621500114100070015;23/06/2026 00:00:00;3322,31;33909300;INDENIZACOES E RESTITUICOES;00049349139120;SECRETARIA MUNICIPAL DE SAUDE;0,00;SECRETARIA MUNICIPAL DE SAUDE                                                                                                                                                                                                                                ;SAUDE - 10;ATENCAO BASICA - 301;TRANSFERENCIA DE RECURSOS DO SISTEMA UNICO DE SAUDE - SUS - BLOCO DE MANUTENCAO DAS ACOES E SERVICOS PUBLICOS DE SAUDE - 107;ANA MARIA DA SILVEIRA;DESPESA COM TERMO DE PAGAMENTO VISANDO O PAGAMENTO INDENIZATORIO DA LOCACAO DO IMOVEL ONDE FUNCIONAVA O CSF LUANA PARK - CONF. DESPACHO 403/2026-GERFIN,REFERENTE AOS MESES DE JANEIRO/2025 A ABRIL/2026                            .                                                                           VALOR TOTAL:.....................................................53.156,96  .                                                                           64 - TRANSFERENCIAS DE RECURSOS DO SUS - ATENCAO ESPECIALIZADA              SOLICITACAO FINANCEIRA: 183086/2026                                         ;Não se aplica (Ex.: Despesas com Pessoal);000000000000
20262150011410007;25/05/2026 00:00:00;53156,96;0160272026;19/06/2026 00:00:00;3322,31;202621500114100070016;23/06/2026 00:00:00;3322,31;33909300;INDENIZACOES E RESTITUICOES;00049349139120;SECRETARIA MUNICIPAL DE SAUDE;0,00;SECRETARIA MUNICIPAL DE SAUDE                                                                                                                                                                                                                                ;SAUDE - 10;ATENCAO BASICA - 301;TRANSFERENCIA DE RECURSOS DO SISTEMA UNICO DE SAUDE - SUS - BLOCO DE MANUTENCAO DAS ACOES E SERVICOS PUBLICOS DE SAUDE - 107;ANA MARIA DA SILVEIRA;DESPESA COM TERMO DE PAGAMENTO VISANDO O PAGAMENTO INDENIZATORIO DA LOCACAO DO IMOVEL ONDE FUNCIONAVA O CSF LUANA PARK - CONF. DESPACHO 403/2026-GERFIN,REFERENTE AOS MESES DE JANEIRO/2025 A ABRIL/2026                            .                                                                           VALOR TOTAL:.....................................................53.156,96  .                                                                           64 - TRANSFERENCIAS DE RECURSOS DO SUS - ATENCAO ESPECIALIZADA              SOLICITACAO FINANCEIRA: 183086/2026                                         ;Não se aplica (Ex.: Despesas com Pessoal);000000000000
20262150011410007;25/05/2026 00:00:00;53156,96;0160172026;19/06/2026 00:00:00;3322,31;202621500114100070007;23/06/2026 00:00:00;3322,31;33909300;INDENIZACOES E RESTITUICOES;00049349139120;SECRETARIA MUNICIPAL DE SAUDE;0,00;SECRETARIA MUNICIPAL DE SAUDE                                                                                                                                                                                                                                ;SAUDE - 10;ATENCAO BASICA - 301;TRANSFERENCIA DE RECURSOS DO SISTEMA UNICO DE SAUDE - SUS - BLOCO DE MANUTENCAO DAS ACOES E SERVICOS PUBLICOS DE SAUDE - 107;ANA MARIA DA SILVEIRA;DESPESA COM TERMO DE PAGAMENTO VISANDO O PAGAMENTO INDENIZATORIO DA LOCACAO DO IMOVEL ONDE FUNCIONAVA O CSF LUANA PARK - CONF. DESPACHO 403/2026-GERFIN,REFERENTE AOS MESES DE JANEIRO/2025 A ABRIL/2026                            .                                                                           VALOR TOTAL:.....................................................53.156,96  .                                                                           64 - TRANSFERENCIAS DE RECURSOS DO SUS - ATENCAO ESPECIALIZADA              SOLICITACAO FINANCEIRA: 183086/2026                                         ;Não se aplica (Ex.: Despesas com Pessoal);000000000000
20262150011410007;25/05/2026 00:00:00;53156,96;0160182026;19/06/2026 00:00:00;3322,31;202621500114100070008;23/06/2026 00:00:00;3322,31;33909300;INDENIZACOES E RESTITUICOES;00049349139120;SECRETARIA MUNICIPAL DE SAUDE;0,00;SECRETARIA MUNICIPAL DE SAUDE                                                                                                                                                                                                                                ;SAUDE - 10;ATENCAO BASICA - 301;TRANSFERENCIA DE RECURSOS DO SISTEMA UNICO DE SAUDE - SUS - BLOCO DE MANUTENCAO DAS ACOES E SERVICOS PUBLICOS DE SAUDE - 107;ANA MARIA DA SILVEIRA;DESPESA COM TERMO DE PAGAMENTO VISANDO O PAGAMENTO INDENIZATORIO DA LOCACAO DO IMOVEL ONDE FUNCIONAVA O CSF LUANA PARK - CONF. DESPACHO 403/2026-GERFIN,REFERENTE AOS MESES DE JANEIRO/2025 A ABRIL/2026                            .                                                                           VALOR TOTAL:.....................................................53.156,96  .                                                                           64 - TRANSFERENCIAS DE RECURSOS DO SUS - ATENCAO ESPECIALIZADA              SOLICITACAO FINANCEIRA: 183086/2026                                         ;Não se aplica (Ex.: Despesas com Pessoal);000000000000
20262150011410007;25/05/2026 00:00:00;53156,96;0160192026;19/06/2026 00:00:00;3322,31;202621500114100070009;23/06/2026 00:00:00;3322,31;33909300;INDENIZACOES E RESTITUICOES;00049349139120;SECRETARIA MUNICIPAL DE SAUDE;0,00;SECRETARIA MUNICIPAL DE SAUDE                                                                                                                                                                                                                                ;SAUDE - 10;ATENCAO BASICA - 301;TRANSFERENCIA DE RECURSOS DO SISTEMA UNICO DE SAUDE - SUS - BLOCO DE MANUTENCAO DAS ACOES E SERVICOS PUBLICOS DE SAUDE - 107;ANA MARIA DA SILVEIRA;DESPESA COM TERMO DE PAGAMENTO VISANDO O PAGAMENTO INDENIZATORIO DA LOCACAO DO IMOVEL ONDE FUNCIONAVA O CSF LUANA PARK - CONF. DESPACHO 403/2026-GERFIN,REFERENTE AOS MESES DE JANEIRO/2025 A ABRIL/2026                            .                                                                           VALOR TOTAL:.....................................................53.156,96  .                                                                           64 - TRANSFERENCIAS DE RECURSOS DO SUS - ATENCAO ESPECIALIZADA              SOLICITACAO FINANCEIRA: 183086/2026                                         ;Não se aplica (Ex.: Despesas com Pessoal);000000000000
20262150011410007;25/05/2026 00:00:00;53156,96;0160202026;19/06/2026 00:00:00;3322,31;202621500114100070010;23/06/2026 00:00:00;3322,31;33909300;INDENIZACOES E RESTITUICOES;00049349139120;SECRETARIA MUNICIPAL DE SAUDE;0,00;SECRETARIA MUNICIPAL DE SAUDE                                                                                                                                                                                                                                ;SAUDE - 10;ATENCAO BASICA - 301;TRANSFERENCIA DE RECURSOS DO SISTEMA UNICO DE SAUDE - SUS - BLOCO DE MANUTENCAO DAS ACOES E SERVICOS PUBLICOS DE SAUDE - 107;ANA MARIA DA SILVEIRA;DESPESA COM TERMO DE PAGAMENTO VISANDO O PAGAMENTO INDENIZATORIO DA LOCACAO DO IMOVEL ONDE FUNCIONAVA O CSF LUANA PARK - CONF. DESPACHO 403/2026-GERFIN,REFERENTE AOS MESES DE JANEIRO/2025 A ABRIL/2026                            .                                                                           VALOR TOTAL:.....................................................53.156,96  .                                                                           64 - TRANSFERENCIAS DE RECURSOS DO SUS - ATENCAO ESPECIALIZADA              SOLICITACAO FINANCEIRA: 183086/2026                                         ;Não se aplica (Ex.: Despesas com Pessoal);000000000000
20262150011410007;25/05/2026 00:00:00;53156,96;0160222026;19/06/2026 00:00:00;3322,31;202621500114100070011;23/06/2026 00:00:00;3322,31;33909300;INDENIZACOES E RESTITUICOES;00049349139120;SECRETARIA MUNICIPAL DE SAUDE;0,00;SECRETARIA MUNICIPAL DE SAUDE                                                                                                                                                                                                                                ;SAUDE - 10;ATENCAO BASICA - 301;TRANSFERENCIA DE RECURSOS DO SISTEMA UNICO DE SAUDE - SUS - BLOCO DE MANUTENCAO DAS ACOES E SERVICOS PUBLICOS DE SAUDE - 107;ANA MARIA DA SILVEIRA;DESPESA COM TERMO DE PAGAMENTO VISANDO O PAGAMENTO INDENIZATORIO DA LOCACAO DO IMOVEL ONDE FUNCIONAVA O CSF LUANA PARK - CONF. DESPACHO 403/2026-GERFIN,REFERENTE AOS MESES DE JANEIRO/2025 A ABRIL/2026                            .                                                                           VALOR TOTAL:.....................................................53.156,96  .                                                                           64 - TRANSFERENCIAS DE RECURSOS DO SUS - ATENCAO ESPECIALIZADA              SOLICITACAO FINANCEIRA: 183086/2026                                         ;Não se aplica (Ex.: Despesas com Pessoal);000000000000
20262150011410007;25/05/2026 00:00:00;53156,96;0160232026;19/06/2026 00:00:00;3322,31;202621500114100070012;23/06/2026 00:00:00;3322,31;33909300;INDENIZACOES E RESTITUICOES;00049349139120;SECRETARIA MUNICIPAL DE SAUDE;0,00;SECRETARIA MUNICIPAL DE SAUDE                                                                                                                                                                                                                                ;SAUDE - 10;ATENCAO BASICA - 301;TRANSFERENCIA DE RECURSOS DO SISTEMA UNICO DE SAUDE - SUS - BLOCO DE MANUTENCAO DAS ACOES E SERVICOS PUBLICOS DE SAUDE - 107;ANA MARIA DA SILVEIRA;DESPESA COM TERMO DE PAGAMENTO VISANDO O PAGAMENTO INDENIZATORIO DA LOCACAO DO IMOVEL ONDE FUNCIONAVA O CSF LUANA PARK - CONF. DESPACHO 403/2026-GERFIN,REFERENTE AOS MESES DE JANEIRO/2025 A ABRIL/2026                            .                                                                           VALOR TOTAL:.....................................................53.156,96  .                                                                           64 - TRANSFERENCIAS DE RECURSOS DO SUS - ATENCAO ESPECIALIZADA              SOLICITACAO FINANCEIRA: 183086/2026                                         ;Não se aplica (Ex.: Despesas com Pessoal);000000000000
20262150011410007;25/05/2026 00:00:00;53156,96;0160112026;19/06/2026 00:00:00;3322,31;202621500114100070001;23/06/2026 00:00:00;3322,31;33909300;INDENIZACOES E RESTITUICOES;00049349139120;SECRETARIA MUNICIPAL DE SAUDE;0,00;SECRETARIA MUNICIPAL DE SAUDE                                                                                                                                                                                                                                ;SAUDE - 10;ATENCAO BASICA - 301;TRANSFERENCIA DE RECURSOS DO SISTEMA UNICO DE SAUDE - SUS - BLOCO DE MANUTENCAO DAS ACOES E SERVICOS PUBLICOS DE SAUDE - 107;ANA MARIA DA SILVEIRA;DESPESA COM TERMO DE PAGAMENTO VISANDO O PAGAMENTO INDENIZATORIO DA LOCACAO DO IMOVEL ONDE FUNCIONAVA O CSF LUANA PARK - CONF. DESPACHO 403/2026-GERFIN,REFERENTE AOS MESES DE JANEIRO/2025 A ABRIL/2026                            .                                                                           VALOR TOTAL:.....................................................53.156,96  .                                                                           64 - TRANSFERENCIAS DE RECURSOS DO SUS - ATENCAO ESPECIALIZADA              SOLICITACAO FINANCEIRA: 183086/2026                                         ;Não se aplica (Ex.: Despesas com Pessoal);000000000000
20262150011410007;25/05/2026 00:00:00;53156,96;0160122026;19/06/2026 00:00:00;3322,31;202621500114100070002;23/06/2026 00:00:00;3322,31;33909300;INDENIZACOES E RESTITUICOES;00049349139120;SECRETARIA MUNICIPAL DE SAUDE;0,00;SECRETARIA MUNICIPAL DE SAUDE                                                                                                                                                                                                                                ;SAUDE - 10;ATENCAO BASICA - 301;TRANSFERENCIA DE RECURSOS DO SISTEMA UNICO DE SAUDE - SUS - BLOCO DE MANUTENCAO DAS ACOES E SERVICOS PUBLICOS DE SAUDE - 107;ANA MARIA DA SILVEIRA;DESPESA COM TERMO DE PAGAMENTO VISANDO O PAGAMENTO INDENIZATORIO DA LOCACAO DO IMOVEL ONDE FUNCIONAVA O CSF LUANA PARK - CONF. DESPACHO 403/2026-GERFIN,REFERENTE AOS MESES DE JANEIRO/2025 A ABRIL/2026                            .                                                                           VALOR TOTAL:.....................................................53.156,96  .                                                                           64 - TRANSFERENCIAS DE RECURSOS DO SUS - ATENCAO ESPECIALIZADA              SOLICITACAO FINANCEIRA: 183086/2026                                         ;Não se aplica (Ex.: Despesas com Pessoal);000000000000
20262150011410007;25/05/2026 00:00:00;53156,96;0160132026;19/06/2026 00:00:00;3322,31;202621500114100070003;23/06/2026 00:00:00;3322,31;33909300;INDENIZACOES E RESTITUICOES;00049349139120;SECRETARIA MUNICIPAL DE SAUDE;0,00;SECRETARIA MUNICIPAL DE SAUDE                                                                                                                                                                                                                                ;SAUDE - 10;ATENCAO BASICA - 301;TRANSFERENCIA DE RECURSOS DO SISTEMA UNICO DE SAUDE - SUS - BLOCO DE MANUTENCAO DAS ACOES E SERVICOS PUBLICOS DE SAUDE - 107;ANA MARIA DA SILVEIRA;DESPESA COM TERMO DE PAGAMENTO VISANDO O PAGAMENTO INDENIZATORIO DA LOCACAO DO IMOVEL ONDE FUNCIONAVA O CSF LUANA PARK - CONF. DESPACHO 403/2026-GERFIN,REFERENTE AOS MESES DE JANEIRO/2025 A ABRIL/2026                            .                                                                           VALOR TOTAL:.....................................................53.156,96  .                                                                           64 - TRANSFERENCIAS DE RECURSOS DO SUS - ATENCAO ESPECIALIZADA              SOLICITACAO FINANCEIRA: 183086/2026                                         ;Não se aplica (Ex.: Despesas com Pessoal);000000000000
20262150011410007;25/05/2026 00:00:00;53156,96;0160142026;19/06/2026 00:00:00;3322,31;202621500114100070004;23/06/2026 00:00:00;3322,31;33909300;INDENIZACOES E RESTITUICOES;00049349139120;SECRETARIA MUNICIPAL DE SAUDE;0,00;SECRETARIA MUNICIPAL DE SAUDE                                                                                                                                                                                                                                ;SAUDE - 10;ATENCAO BASICA - 301;TRANSFERENCIA DE RECURSOS DO SISTEMA UNICO DE SAUDE - SUS - BLOCO DE MANUTENCAO DAS ACOES E SERVICOS PUBLICOS DE SAUDE - 107;ANA MARIA DA SILVEIRA;DESPESA COM TERMO DE PAGAMENTO VISANDO O PAGAMENTO INDENIZATORIO DA LOCACAO DO IMOVEL ONDE FUNCIONAVA O CSF LUANA PARK - CONF. DESPACHO 403/2026-GERFIN,REFERENTE AOS MESES DE JANEIRO/2025 A ABRIL/2026                            .                                                                           VALOR TOTAL:.....................................................53.156,96  .                                                                           64 - TRANSFERENCIAS DE RECURSOS DO SUS - ATENCAO ESPECIALIZADA              SOLICITACAO FINANCEIRA: 183086/2026                                         ;Não se aplica (Ex.: Despesas com Pessoal);000000000000
20262150011410007;25/05/2026 00:00:00;53156,96;0160152026;19/06/2026 00:00:00;3322,31;202621500114100070005;23/06/2026 00:00:00;3322,31;33909300;INDENIZACOES E RESTITUICOES;00049349139120;SECRETARIA MUNICIPAL DE SAUDE;0,00;SECRETARIA MUNICIPAL DE SAUDE                                                                                                                                                                                                                                ;SAUDE - 10;ATENCAO BASICA - 301;TRANSFERENCIA DE RECURSOS DO SISTEMA UNICO DE SAUDE - SUS - BLOCO DE MANUTENCAO DAS ACOES E SERVICOS PUBLICOS DE SAUDE - 107;ANA MARIA DA SILVEIRA;DESPESA COM TERMO DE PAGAMENTO VISANDO O PAGAMENTO INDENIZATORIO DA LOCACAO DO IMOVEL ONDE FUNCIONAVA O CSF LUANA PARK - CONF. DESPACHO 403/2026-GERFIN,REFERENTE AOS MESES DE JANEIRO/2025 A ABRIL/2026                            .                                                                           VALOR TOTAL:.....................................................53.156,96  .                                                                           64 - TRANSFERENCIAS DE RECURSOS DO SUS - ATENCAO ESPECIALIZADA              SOLICITACAO FINANCEIRA: 183086/2026                                         ;Não se aplica (Ex.: Despesas com Pessoal);000000000000
20262150011410007;25/05/2026 00:00:00;53156,96;0160162026;19/06/2026 00:00:00;3322,31;202621500114100070006;23/06/2026 00:00:00;3322,31;33909300;INDENIZACOES E RESTITUICOES;00049349139120;SECRETARIA MUNICIPAL DE SAUDE;0,00;SECRETARIA MUNICIPAL DE SAUDE                                                                                                                                                                                                                                ;SAUDE - 10;ATENCAO BASICA - 301;TRANSFERENCIA DE RECURSOS DO SISTEMA UNICO DE SAUDE - SUS - BLOCO DE MANUTENCAO DAS ACOES E SERVICOS PUBLICOS DE SAUDE - 107;ANA MARIA DA SILVEIRA;DESPESA COM TERMO DE PAGAMENTO VISANDO O PAGAMENTO INDENIZATORIO DA LOCACAO DO IMOVEL ONDE FUNCIONAVA O CSF LUANA PARK - CONF. DESPACHO 403/2026-GERFIN,REFERENTE AOS MESES DE JANEIRO/2025 A ABRIL/2026                            .                                                                           VALOR TOTAL:.....................................................53.156,96  .                                                                           64 - TRANSFERENCIAS DE RECURSOS DO SUS - ATENCAO ESPECIALIZADA              SOLICITACAO FINANCEIRA: 183086/2026                                         ;Não se aplica (Ex.: Despesas com Pessoal);000000000000
20262150011430005;08/05/2026 00:00:00;1703927,45;;;0,00;;;0,00;33909300;INDENIZACOES E RESTITUICOES;07966540000173;SECRETARIA MUNICIPAL DE SAUDE;0,00;SECRETARIA MUNICIPAL DE SAUDE                                                                                                                                                                                                                                ;SAUDE - 10;ATENCAO BASICA - 301;TRANSFERENCIA DE RECURSOS DO SISTEMA UNICO DE SAUDE - SUS - BLOCO DE MANUTENCAO DAS ACOES E SERVICOS PUBLICOS DE SAUDE - 107;INSTITUTO DE DESENVOLVIMENTO TECNOLOGICO E HUMANO;DESPESA COM TERMO DE PAGAMENTO - INDENIZACAO DOS SERVICOS PRESTADOS A OPERACIONALIZACAO DA CENTRAL DE ATENDIMENTO AO CIDADAO - TELECONSULTA, EM RAZAO_DOVENCIMENTO DO CONTRATO DE GESTAO                                            CONFORME OFICIO 670/2026/IDTECH E DESPACHO NR. 179/2026-SUPGRA, ONDE INFORMAOS PROCESSOS FATURAS DE PRESTAÇÃO DOS SERVIÇOS, DOS MESES DE 04/25 A 08/25  .                                                                           VALOR EMPENHADO DE 05/2026  COM MENSAL DE:......................681.349,46  VALOR EMPENHADO DE 06/2026  COM MENSAL DE:......................712.422,13  VALOR EMPENHADO DE 07/2026  COM MENSAL DE:......................310.155,86  VALOR TOTAL:..................................................1.703.927,45  .                                                                           8 - TRANSFERENCIA DE RECURSOS DO SUS - ATENCAO PRIMARIA                     SOLICITACAO FINANCEIRA: 182462/2026                                         ;Não se aplica (Ex.: Despesas com Pessoal);000000000000
20262150013410026;04/05/2026 00:00:00;4296,52;0191242026;22/07/2026 00:00:00;4296,52;;;0,00;44905200;EQUIPAMENTOS E MATERIAL PERMANENTE;61925686000116;SECRETARIA MUNICIPAL DE SAUDE;0,00;SECRETARIA MUNICIPAL DE SAUDE                                                                                                                                                                                                                                ;SAUDE - 10;ATENCAO BASICA - 301;TRANSFERENCIA DE RECURSOS DO SISTEMA UNICO DE SAUDE - SUS - BLOCO DE MANUTENCAO DAS ACOES E SERVICOS PUBLICOS DE SAUDE - 107;OSMAR ALESSANDRO GARGANTINE DE QUEIROZ;DESPESA COM MATERIAL PERMANENTE PARA MONITORAR AMOSTRAS DE AGUA PARA        CONSUMO HUMANO CONFORME A DIRETRIZ NACIONAL DO PLANO DE AMOSTRAGEM DA       VIGILANCIA DA QUALIDADE DA AGUA DVSA DFD 69 - ETP 8001366 - DESPACHO        69 DVFAIS - AVISO DISPENSA ELETRONICA 02- DESPACHO 99 E 122 GERCOM -        ITEM 04 SCC:804844 SOLICITA-CAO FINANCEIRA 180233 - 2026                    .                                                                           4-APARELHO DIGITAL COLORIMETRO ANALISE CLORO AKSO                           COD73898-0..............1,00UN...............4.296,5200...........4.296,52  VALOR TOTAL.......................................................4.296,52  .                                                                           SERA EM REMESSA UNICA, NO PRAZO NAO SUPERIOR A 15 (QUINZE) DIAS UTEIS,      CONTADOS APOS O RECEBIMENTO DA ORDEM DE ENTREGA OU NOTA DE EMPENHO/AUTO     RIZACAO DE FORNECIMENTO, ACOMPANHADOS DOS DOCUMENTOS FISCAIS RESPECTIVOS,   DEVE CONTER, OBRIGATORIAMENTE, A ESPECIFICACAO DO ITEM, MARCA DO FABRI      CANTE E QUANTIDADE ENTREGUE, BEM COMO O SEU ACONDICIONAMENTO,AGENDAR A      ENTREGA PELO ENDERECO DE EMAIL  CIAD.GOIANIA@BRANETOLGISTICA.COM.BR,        ENTREGA NO ALMOXARIFADO CENTRAL SMS:AV.PERIMETRAL NORTE, CONDOMINIO         GOIAZEM, BLOCO E, GALPAO 09/10, VL.JOAO VAZ, CEP: 74.445-190, GOIANIA/GO,   DOCUMENTO DE FORMALIZACAO DE DEMANDA - DFD 69 (8001272)MANDA - DFD 69       (8001272)-GERCLS, ESTUDO TECNICO PRELIMINAR - ETP 8001366 GERCLS, TERMO     DE REFERENCIA 8449963-GEREMO, E ANEXOS PROCESSO SEI NR 25290000358848.      .                                                                           8 - TRANSFERENCIA DE RECURSOS DO SUS - ATENCAO PRIMARIA                     ;Dispensa de Licitação;000000532026
20262150013410027;04/05/2026 00:00:00;3611,71;0191292026;22/07/2026 00:00:00;3611,71;;;0,00;44905200;EQUIPAMENTOS E MATERIAL PERMANENTE;61403106000120;SECRETARIA MUNICIPAL DE SAUDE;0,00;SECRETARIA MUNICIPAL DE SAUDE                                                                                                                                                                                                                                ;SAUDE - 10;ATENCAO BASICA - 301;TRANSFERENCIA DE RECURSOS DO SISTEMA UNICO DE SAUDE - SUS - BLOCO DE MANUTENCAO DAS ACOES E SERVICOS PUBLICOS DE SAUDE - 107;INOVALAB ARTIGOS LABORATORIAIS LTDA;DESPESA COM MATERIAL PERMANENTE PARA MONITORAR AMOSTRAS DE AGUA PARA        CONSUMO HUMANO CONFORME A DIRETRIZ NACIONAL DO PLANO DE AMOSTRAGEM DA       VIGILANCIA DA QUALIDADE DA AGUA DVSA DFD 69 - ETP 8001366 - DESPACHO        69 DVFAIS - AVISO DISPENSA ELETRONICA 02- DESPACHO 99 E 122 GERCOM -        ITEM 03 SCC:804780 SOLICITA-CAO FINANCEIRA 180230 - 2026                    .                                                                           03-APARELHO DIGITAL COLORIMETRO ANALISE FLUOR DELLAB DLD-FL                 COD73897-2...............1,00UN..............3.611,7100...........3.611,71  VALOR TOTAL.......................................................3.611,71  .                                                                           SERA EM REMESSA UNICA, NO PRAZO NAO SUPERIOR A 15 (QUINZE) DIAS UTEIS,      CONTADOS APOS O RECEBIMENTO DA ORDEM DE ENTREGA OU NOTA DE EMPENHO/AUTO     RIZACAO DE FORNECIMENTO, ACOMPANHADOS DOS DOCUMENTOS FISCAIS RESPECTIVOS,   DEVE CONTER, OBRIGATORIAMENTE, A ESPECIFICACAO DO ITEM, MARCA DO FABRI      CANTE E QUANTIDADE ENTREGUE, BEM COMO O SEU ACONDICIONAMENTO,AGENDAR A      ENTREGA PELO ENDERECO DE EMAIL  CIAD.GOIANIA@BRANETOLGISTICA.COM.BR,        ENTREGA NO ALMOXARIFADO CENTRAL SMS:AV.PERIMETRAL NORTE, CONDOMINIO         GOIAZEM, BLOCO E, GALPAO 09/10, VL.JOAO VAZ, CEP: 74.445-190, GOIANIA/GO,   DOCUMENTO DE FORMALIZACAO DE DEMANDA - DFD 69 (8001272)MANDA - DFD 69       (8001272)-GERCLS, ESTUDO TECNICO PRELIMINAR - ETP 8001366 GERCLS, TERMO     DE REFERENCIA 8449963-GEREMO, E ANEXOS PROCESSO SEI NR 25290000358848.      .                                                                           8 - TRANSFERENCIA DE RECURSOS DO SUS - ATENCAO PRIMARIA                     ;Dispensa de Licitação;000000532026
20262150013410028;04/05/2026 00:00:00;5960,00;;;0,00;;;0,00;44905200;EQUIPAMENTOS E MATERIAL PERMANENTE;55152280000145;SECRETARIA MUNICIPAL DE SAUDE;0,00;SECRETARIA MUNICIPAL DE SAUDE                                                                                                                                                                                                                                ;SAUDE - 10;ATENCAO BASICA - 301;TRANSFERENCIA DE RECURSOS DO SISTEMA UNICO DE SAUDE - SUS - BLOCO DE MANUTENCAO DAS ACOES E SERVICOS PUBLICOS DE SAUDE - 107;AUTOMEDICAL LTDA;DESPESA COM AQUISICAO DE MATERIAL PERMANENTE, CAIXAS TERMICAS, POR DISPE    NSA DE LICITACAO,PARA SUPRIR AS NECESSIDADES DOS SERVICOS LABORATORIAIS     DA SECRETARIA MUNICIPAL DE SAUDE CONFORME DFD-23, TERMO DE REFERENCIA,      E PARECER NR. 114/2026-GERPSR, PED.COMPRA NR.139/2026-FMS SCC812642 SOLI    CITACAO FINANCEIRA 181092 - 2026.                                           .                                                                           1-CAIXA TERMICA POLIETILENO AUTOM ATMCTT15                                  COD56354-4...............20,00 UN............298,0000.............5.960,00  VALOR TOTAL.......................................................5.960,00  .                                                                           SERA EM REMESSA UNICA, NO PRAZO NAO SUPERIOR A 10 (DEZ) DIAS CORRIDOS,      CONTADOS APOS O RECEBIMENTO DA ORDEM DE ENTREGA OU NOTA DE EMPENHO/AUTO     RIZACAO DE FORNECIMENTO, ACOMPANHADOS DOS DOCUMENTOS FISCAIS RESPECTIVOS,   DEVE CONTER,OBRIGATORIAMENTE, A ESPECIFICACAO DO ITEM, MARCA DO FABRICANTE  E QUANTIDADE ENTREGUE, BEM COMO O SEU ACONDICIONAMENTO, ENTREGA MEDAINTE    AGENDAMENTO PREVIO ATRAVES DO E-MAIL CIAD.GOIANIA@BRANETLOGISTICA.COM.BR,   ENTREGA NO ALMOXARIFADO CENTRAL DA SMS, NA PERIMETRAL NORTE N.2859, VL.JOAO VAZ, COND.GOYAZEM BLOCO E GALPOES DE 06 A 10, CEP 74.445-190, GOIANIA-GO.   DEMAIS ESCLAREIMENTOS CONF.DOCUMENTO DE FORMALIZACAO DA DEMANDA 23          (9400989)GEREMO, ESTUDO TECNICO PRELIMINAR - ETP 9401007-GEREMO, TERMO DE   REFERENCIA 9401014 -GEREMO E ANEXOS SEI 26.29.000006342-8.                  .                                                                           8 - TRANSFERENCIA DE RECURSOS DO SUS - ATENCAO PRIMARIA                     ;Dispensa de Licitação;000000652026
20262150013410029;12/05/2026 00:00:00;511,60;;;0,00;;;0,00;44905200;EQUIPAMENTOS E MATERIAL PERMANENTE;59128481000168;SECRETARIA MUNICIPAL DE SAUDE;0,00;SECRETARIA MUNICIPAL DE SAUDE                                                                                                                                                                                                                                ;SAUDE - 10;ATENCAO BASICA - 301;TRANSFERENCIA DE RECURSOS DO SISTEMA UNICO DE SAUDE - SUS - BLOCO DE MANUTENCAO DAS ACOES E SERVICOS PUBLICOS DE SAUDE - 107;FELIPE PEREIRA BACELAR-ME;"DESPESA COM AQUISICAO DE UTENSILIOS DE COPA E COZINHA DESTINADOS AO         ABASTECIMENTO E MANUTENCAO DAS COPAS DA SMS FORMALIZACAO DE DEMANDA         7984652 - ETP 8504465 -PARECER 304 GERPSR-AVISO 96 DISPENSA ELETRONICA      DESPACHO 73 GERCOM - PED.COMPRA 594/2025 ITEM 09 SCC803325 - SOLICITACAO    FINANCEIRA 179769 - 2026                                                    .                                                                           ITEM 9-BANDEJA ACO INOXIDAVEL COPA UNYHOME                                  COD16256-6................4,00 UN..............127,9000.............511,60  VALOR TOTAL.........................................................511,60  .                                                                           OS PRODUTOS DEVERAO SER ENTREGUES EM PARCELA UNICA,SERA SOLICITADA          PELA DIRETORIA DE INFRAESTRUTURA E LOGISTICA MEDIANTE ATO FORMAL;O          PRAZO DE ENTREGA DOS BENS E DE 20 (VINTE) DIAS CORRIDOS, CONTADOS APOS      O RECEBIMENTO DA ORDEM DE ENTREGA OU NOTA DE EMPENHO,ACOMPANHADOS DOS       DOCUMENTOS FISCAIS RESPECTIVOS, DEVE CONTER, OBRIGATORIAMENTE,A ESPECIFI    CACAO DO ITEM,MARCA DO FABRICANTE E QUANTIDADE ENTREGUE, BEM COMO O SEU     ACONDICIONAMENTO; DEMAIS ESCLARECIMENTOS CONF.TERMO DE REFERENCIA-2 RETI    FICACAO(8504571) SEI25.29.000035693-4 E SEUS ANEXOS, A ENTREGA DEVERA SER   COM AGENDAMENTO PREVIO ATRAVES DO E-MAIL:CIAD.GOIANIA@BRANETOLGISTICA       .COM.BR,MAIORES INFORMACOES PELOS TELEFONES: (62)3030-2631; ENTREGUES NO    ALMOXARIFADO CENTRAL DA SECRETARIA MUNICIPAL DE SAUDE, NO SEGUINTE ENDERE   CO:AV.PERIMETRAL NORTE, CONDOMINIO GOIAZEM, BLOCO E GALPOES 9/10, VL.JOAO   VAZ CEP: 74.425-090, GOIANIA/GO.                                            .                                                                           8 - TRANSFERENCIA DE RECURSOS DO SUS - ATENCAO PRIMARIA                     ";Dispensa de Licitação;000000412026
20262150013410030;12/05/2026 00:00:00;8956,50;;;0,00;;;0,00;44905200;EQUIPAMENTOS E MATERIAL PERMANENTE;43032617000100;SECRETARIA MUNICIPAL DE SAUDE;0,00;SECRETARIA MUNICIPAL DE SAUDE                                                                                                                                                                                                                                ;SAUDE - 10;ATENCAO BASICA - 301;TRANSFERENCIA DE RECURSOS DO SISTEMA UNICO DE SAUDE - SUS - BLOCO DE MANUTENCAO DAS ACOES E SERVICOS PUBLICOS DE SAUDE - 107;GR SOLUCOES COMERCIAIS;"DESPESA COM AQUISICAO DE UTENSILIOS DE COPA E COZINHA DESTINADOS AO         ABASTECIMENTO E MANUTENCAO DAS COPAS DA SMS FORMALIZACAO DE DEMANDA         7984652 - ETP 8504465 -PARECER 304 GERPSR-AVISO 96 DISPENSA ELETRONICA      DESPACHO 73 GERCOM - PED.COMPRA 594/2025 SCC803287-SOLICITACAO              FINANCEIRA 179765 -2026                                                     .                                                                           ITEM 1- FOGAO ELETRICO 2 CHAMAS AGRATTO                                     COD39743-1...............70,00 UN..............127,9500...........8.956,50  VALOR TOTAL.......................................................8.956,50  .                                                                           OS PRODUTOS DEVERAO SER ENTREGUES EM PARCELA UNICA,SERA SOLICITADA          PELA DIRETORIA DE INFRAESTRUTURA E LOGISTICA MEDIANTE ATO FORMAL;O          PRAZO DE ENTREGA DOS BENS E DE 20 (VINTE) DIAS CORRIDOS, CONTADOS APOS      O RECEBIMENTO DA ORDEM DE ENTREGA OU NOTA DE EMPENHO,ACOMPANHADOS DOS       DOCUMENTOS FISCAIS RESPECTIVOS, DEVE CONTER, OBRIGATORIAMENTE,A ESPECIFI    CACAO DO ITEM,MARCA DO FABRICANTE E QUANTIDADE ENTREGUE, BEM COMO O SEU     ACONDICIONAMENTO; DEMAIS ESCLARECIMENTOS CONF.TERMO DE REFERENCIA-2 RETI    FICACAO(8504571) SEI25.29.000035693-4 E SEUS ANEXOS, A ENTREGA DEVERA SER   COM AGENDAMENTO PREVIO ATRAVES DO E-MAIL:CIAD.GOIANIA@BRANETOLGISTICA       .COM.BR,MAIORES INFORMACOES PELOS TELEFONES: (62)3030-2631; ENTREGUES NO    ALMOXARIFADO CENTRAL DA SECRETARIA MUNICIPAL DE SAUDE, NO SEGUINTE ENDERE   CO:AV.PERIMETRAL NORTE, CONDOMINIO GOIAZEM, BLOCO E GALPOES 9/10, VL.JOAO   VAZ CEP: 74.425-090, GOIANIA/GO.                                            .                                                                           8 - TRANSFERENCIA DE RECURSOS DO SUS - ATENCAO PRIMARIA                     ";Dispensa de Licitação;000000412026
20262150013410031;12/05/2026 00:00:00;29600,00;;;0,00;;;0,00;44905200;EQUIPAMENTOS E MATERIAL PERMANENTE;11050321000117;SECRETARIA MUNICIPAL DE SAUDE;29600,00;SECRETARIA MUNICIPAL DE SAUDE                                                                                                                                                                                                                                ;SAUDE - 10;ATENCAO BASICA - 301;TRANSFERENCIA DE RECURSOS DO SISTEMA UNICO DE SAUDE - SUS - BLOCO DE MANUTENCAO DAS ACOES E SERVICOS PUBLICOS DE SAUDE - 107;GIGANTE PRODUTOS MEDICOS EIRELI;"ZEM, BL.E, GALPOES 09/10, VL.JOAO VAZ, CEP:74.425-090, GO/GO. FONES:62-3    524-3401/3407, HORARIO:08:00 AS 17:00.                                      .                                                                           8 - TRANSFERENCIA DE RECURSOS DO SUS - ATENCAO PRIMARIA                     SOLICITACAO FINANCEIRA: 182449/2026                                         DESPESA COM AQUISICAO DE MATERIAL PERMANENTE (MACAS GINECOLOGICAS ELETRICAS ACESSIVEIS) PARA ATENDER AS NECESSIDADES ESPECIFICAS DA PESSOA COM DEFICIENCIA NA ATENCAO PRIMARIA DA SAUDE NO MUNICIPIO                                CONFORME PREGAO ELETRONICO NR 90014/2026 - DESPACHO 209 GEREMO - DESPACHO 366 PRECEL - PEDIDO DE COMPRAS 364/2025                                       .                                                                           01 - MACA GINECOLOBICA ELETRICA - MARCA: GIGANTE                            COD:670383...............02UN.............14.800..................29.600,00 VALOR TOTAL:......................................................29.600,00 .                                                                           OBS:O PRAZO DE ENTREGA DOS BENS SERA EFETUADO NO PRAZO NAO SUPERIOR A 30 (TRINTA) DIAS UTEIS, CONTADOS APOS O RECEBIMENTO DA ORDEM DE ENTREGA OU NOTA DEEMPENHO/AUTORIZACAO DE FORNECIMENTO, ACOMPANHADOS DOS DOCUMENTOS FISCAIS RESPECTIVOS, DEVE CONTER, OBRIGATORIAMENTE, A ESPECIFICACAO DO ITEM, MARCA DO FABRICANTE E QUANTIDADE ENTREGUE;                                            .                                                                           LOCAL DA ENTREGA:ALMOXARIFADO CENTRAL SMS, AV.PERIMETRAL NORTE COND.GOIA    ";Pregão;009000142026
20262150013410032;19/05/2026 00:00:00;2175,00;;;0,00;;;0,00;44905200;EQUIPAMENTOS E MATERIAL PERMANENTE;08979861000175;SECRETARIA MUNICIPAL DE SAUDE;0,00;SECRETARIA MUNICIPAL DE SAUDE                                                                                                                                                                                                                                ;SAUDE - 10;ATENCAO BASICA - 301;TRANSFERENCIA DE RECURSOS DO SISTEMA UNICO DE SAUDE - SUS - BLOCO DE MANUTENCAO DAS ACOES E SERVICOS PUBLICOS DE SAUDE - 107;BIOTRON EQUIPAMENTOS MEDICOS LTDA;DESPESA COM AQUISICAO DE EQUIPAMENTO ODONTOLOGICO ATRAVES DO 2 PEDIDO FILHO , ARP 019/2025, PE 90027/2025                                               CONF. MEMORANDO 193/2026-GEREMO, PARECER 238/2026-GERPSR, PEDIDO DE COMPRAS 279/2026                                                                    .                                                                           01 (ITEM R2) - APARELHO DESTILADOR AGUA AUTOMATICO 2 A 10L - MARCA: BIOTRON COD:191230...............05UN.............435,00...................2.175,00 VALOR TOTAL:.......................................................2.175,00 .                                                                           OBS: O FORNECIMENTO DEVERA SER EFETUADO C/ PRAZO NAO SUP. A 20 DIAS         CORRIDOS CONFORME TERMO DE REFERENCIA (9892837) CONTADOS A PARTIR DO        RECEBIMENTO DA NOTA DE EMPENHO,ENTREGA EM PERFEITAS CONDICOES C/A DEVIDA    NOTA FISCAL, DETALHANDO MARCA/FABRICANTE/MODELO/TIPO/PROCEDENCIA. DEMAIS    ESCLARECIMENTOS CONFORME MEMO 193/2026, PARECER 238/2026, PE 90027/2024,    ATA 19/2025, PROCESSO SEI: 26.29.000013476-7 E DOCUMENTOS EM ANEXO.         .                                                                           LOCAL DA ENTREGA:ALMOXARIFADO CENTRAL SMS, AV.PERIMETRAL NORTE COND.GOIA    ZEM, BL.E, GALPOES 09/10, VL.JOAO VAZ, CEP:74.425-090, GO/GO. FONES:62-3    524-3401/3407, HORARIO:08:00 AS 17:00.                                      .                                                                           8 - TRANSFERENCIA DE RECURSOS DO SUS - ATENCAO PRIMARIA                     SOLICITACAO FINANCEIRA: 182796/2026                                         ;Pregão;000900272024
20262150015110001;27/05/2026 00:00:00;5000000,00;0142292026;27/05/2026 00:00:00;5000000,00;202621500151100010001;27/05/2026 00:00:00;5000000,00;31901100;VENCIMENTOS E VANTAGENS FIXAS - PESSOAL CIVIL;60701190000104;SECRETARIA MUNICIPAL DE SAUDE;0,00;SECRETARIA MUNICIPAL DE SAUDE                                                                                                                                                                                                                                ;SAUDE - 10;ASSISTENCIA HOSPITALAR E AMBULATORIAL - 302;TRANSFERENCIA DE RECURSOS DO SISTEMA UNICO DE SAUDE - SUS - BLOCO DE MANUTENCAO DAS ACOES E SERVICOS PUBLICOS DE SAUDE - 107;ITAU UNIBANCO S.A.;DESPESA COM PAGAMENTO DA FOLHA DE PESSOAL DA SECRETARIA MUNICIPAL DE SAUDE  (CARGO EFETIVO / RPPS)VALOR ESTIMADO PARA O PAGAMENTO PARCIAL DO MES DE MAIO/2025. SOLICITACAO FINANCEIRA 183127 - 2026.                                .                                                                           VALOR TOTAL:....................................................5.000.000,00.                                                                           107 - TRANSFERENCIA DE RECURSOS DO SISTEMA UNICO DE SAUDE - SUS - BLOCO DE  MANUTENCAO DAS ACOES E SERVICOS PUBLICOS DE SAUDE                           64 - TRANSFERENCIAS DE RECURSOS DO SUS - ATENCAO ESPECIALIZADA              ;Não se aplica (Ex.: Despesas com Pessoal);000000000000
20262150015910025;26/05/2026 00:00:00;2800,00;;;0,00;;;0,00;31909400;INDENIZACOES RESTITUICOES TRABALHISTAS;00055795820130;SECRETARIA MUNICIPAL DE SAUDE;0,00;SECRETARIA MUNICIPAL DE SAUDE                                                                                                                                                                                                                                ;SAUDE - 10;ASSISTENCIA HOSPITALAR E AMBULATORIAL - 302;TRANSFERENCIA DE RECURSOS DO SISTEMA UNICO DE SAUDE - SUS - BLOCO DE MANUTENCAO DAS ACOES E SERVICOS PUBLICOS DE SAUDE - 107;KENNEDY FERRO DA COSTA;DESPESA COM PAGAMENTO POR INDENIZACAO AO PRESTADOR DE SERVICOS CREDENCIADOS QUE LABOROU SUAS ATIVIDADES APOS VENCIMENTO DO CONTRATO - CONF. DESPACHO 2554/2024-GERFOL                                                               .                                                                           VALOR TOTAL:......................................................2.800,00  .                                                                           64 - TRANSFERENCIAS DE RECURSOS DO SUS - ATENCAO ESPECIALIZADA              SOLICITACAO FINANCEIRA: 183101/2026                                         ;Não se aplica (Ex.: Despesas com Pessoal);000000000000
20262150017910033;04/05/2026 00:00:00;360060,00;;;0,00;;;0,00;33903000;MATERIAL DE CONSUMO;56795674000184;SECRETARIA MUNICIPAL DE SAUDE;0,00;SECRETARIA MUNICIPAL DE SAUDE                                                                                                                                                                                                                                ;SAUDE - 10;ASSISTENCIA HOSPITALAR E AMBULATORIAL - 302;TRANSFERENCIA DE RECURSOS DO SISTEMA UNICO DE SAUDE - SUS - BLOCO DE MANUTENCAO DAS ACOES E SERVICOS PUBLICOS DE SAUDE - 107;G.O MEDICAL LTDA;DESPESA COM MATERIAL CLINICO HOSPITALAR PARA ABASTECIMENTO NA SMS - 2ºPEDIDOFILHO DA ATA Nº 102/2025 PE 90005/2025. MEM. 130 GEREMO - PARECER 146 GERPSR - DESP.243 PRECEL - PED.DE COMPRAS 163/2026 SCC 808980 SOLICITACAO FINANCEIRA 180467 - 2026. REEMPENHO DEVIDO ANULACAO 023/1(S/REGISTRO DO ID-COLARE). .                                                                           .                                                                           1-COMPRESSA GAZE 7,5 X 7,5 CM PT COM 10 UN, BIOTEXTIL                       COD59332-0...............706.000,00 PT.........0,5100.............360.060,00VALOR TOTAL.......................................................360.060,00.                                                                           ENTREGA SERA EFETUADA NO PRAZO NAO SUPERIOR A 15 DIAS UTEIS, CONTADOS APOS  O RECEBIMENTO DA ORDEM DE ENTREGA OU NOTA DE EMPENHO/AUTORIZACAO DE FORNECI-MENTO,ACOMPANHADOS DOS DOCUMENTOS FISCAIS RESPECTIVOS, DEVE CONTER,OBRIGATO-RIAMENTE, A ESPECIFICACAO DO ITEM, MARCA DO FABRICANTE E QUANTIDADE ENTREGUEAGENDAR NO EMAIL CIAD.GOIANIA@BRANETLOGISTICA.COM.BR,ENTREGA NO ALMOXARIFADOCENTRAL SMS,AV.PERIMETRAL NORTE,COND.GOIAZEM,BL.E,GALPOES 09/10 VL.JOAO VAZ,GOIANIA/GO.MAIORES INFORMACOES PELOS TELEFONES:(62)3524-3404/3407, DEMAIS ESCLARECIMENTOS MEMORANDO 130(9408480)GEREMO, EDITAL PE90005/2025(9408503) TERMO DE REFERENCIA E ANEXOS SEI 26.29.000006449-1.                            .                                                                           8 - TRANSFERENCIA DE RECURSOS DO SUS - ATENCAO PRIMARIA                     ;Pregão;000900052025
20262150017910034;04/05/2026 00:00:00;3559,75;0168632026;26/06/2026 00:00:00;3559,75;202621500179100340001;26/06/2026 00:00:00;3559,75;33903000;MATERIAL DE CONSUMO;28387424000170;SECRETARIA MUNICIPAL DE SAUDE;0,00;SECRETARIA MUNICIPAL DE SAUDE                                                                                                                                                                                                                                ;SAUDE - 10;ASSISTENCIA HOSPITALAR E AMBULATORIAL - 302;TRANSFERENCIA DE RECURSOS DO SISTEMA UNICO DE SAUDE - SUS - BLOCO DE MANUTENCAO DAS ACOES E SERVICOS PUBLICOS DE SAUDE - 107;M MED COMERCIAL DE MEDICAMENTOS E PRODUTOS HOSPITALARES;DESPESA COM AQUISICAO DE MEDICAMENTOS PARA ABASTECIMENTO DAS UNIDADES       DE SAUDE DA SMS GOIANIA - 2 PEDIDO FILHO DA ATA NR 080/2025 DO              PREGAO ELETRONICO NR 90007/2025 MEMORANDO 106 GEREMO - PARECER 89           GERPSR, DESPACHO 142 GERCOM  - DESPACHO 182 PRECEL - AQUISICAO PARA         07 MESES SCC:803996 SOLICITACAO FINANCEIRA 179951 - 2026.                   .                                                                           1-HIPROMELOSE 5MG/ML 0,5% FR C/10,0 ML OFTALMOPHARMA                        COD64168-5...............250,00 FR...........14,2390............3.559,75    VALOR TOTAL.....................................................3.559,75    .                                                                           O FORNECIMENTO DEVERA SER EFETUADO, COM PRAZO DE ENTREGA NAO SUPERIOR       A 20 (VINTE) DIAS, CONTADOS A PARTIR DO RECEBIMENTO DA NOTA DE EMPENHO/     AUTORIZACAO DE FORNECIMENTO E ACOMPANHADOS DOS DOCUMENTOS FISCAIS RESPEC    TIVOS, DEVE CONTER, OBRIGATORIAMENTE, A ESPECIFICACAO DO ITEM,MARCA DO      FABRICANTE, QUANTIDADE ENTREGUE.ENTREGA AGENDADA PELO EMAIL:                CIAD.GOIANIA@BRANETLOGISTICA.COM.BR.                                        ENDERECO P/ENTREGA NO ALMOXARIFADO CENTRAL DA SMS, AV.PERIMETRAL NORTE,     CONDOMINIO GOIAZEM, BLOCO E, GALPAO 09 E 10, VILA JOAO VAZ, CEP:            74.445-190, GOIANIA/GO.TELEFONES:(62)3524-3401/3407,DEMAIS ESCLARECI        MENTOS MEMORANDO 106 (9307471)GEREMO,EDITAL (9307489) TERMO DE REFERE       NCIA GEREMO, E ANEXOS PROCESSO SEI 26290000050989.                          .                                                                           8 - TRANSFERENCIA DE RECURSOS DO SUS - ATENCAO PRIMARIA                     ;Pregão;000900072025
20262150017910035;05/05/2026 00:00:00;22780,00;0161612026;23/06/2026 00:00:00;22780,00;202621500179100350001;24/06/2026 00:00:00;22780,00;33903000;MATERIAL DE CONSUMO;10586940000320;SECRETARIA MUNICIPAL DE SAUDE;0,00;SECRETARIA MUNICIPAL DE SAUDE                                                                                                                                                                                                                                ;SAUDE - 10;ASSISTENCIA HOSPITALAR E AMBULATORIAL - 302;TRANSFERENCIA DE RECURSOS DO SISTEMA UNICO DE SAUDE - SUS - BLOCO DE MANUTENCAO DAS ACOES E SERVICOS PUBLICOS DE SAUDE - 107;ONCOVIT DISTRIBUIDORA D EMEDICAMENTOS LTDA;DESPESA COM AQUISICAO DE MEDICAMENTOS PARA ABASTECIMENTO DAS UNIDADES DE SAUDE DA SMS - 3 PEDIDO FILHO DA ARP NR 79/2025 DO PREGAO ELETRONICO NR 90007/ 2025                                                                        MEMORANDO 187 GEREMO - PARECER 212 GERPSR - DESPACHO 347 PRECEL - PEDIDO DE COMPRAS 240/2026                                                            .                                                                           01 (ITEM R59) - ETODOLACO 400MG COMPRIMIDO - MARCA: APSEN                   COD:717428............7.000UN..............01,39...................9.730,00 02 (ITEM R107) - OXIBUTININA CLORIDRATO 5MG COMPRIMIDO - MARCA: APSEN       COD:463574...........15.000UN..............00,87..................13.050,00 VALOR TOTAL:......................................................22.780,00 .                                                                           OBS: O FORNECIMENTO DEVERA SER EFETUADO C/ PRAZO NAO SUP. A 20 DIAS         CORRIDOS CONFORME TERMO DE REFERENCIA (9819718) CONTADOS A PARTIR DO        RECEBIMENTO DA NOTA DE EMPENHO,ENTREGA EM PERFEITAS CONDICOES C/A DEVIDA    NOTA FISCAL, DETALHANDO MARCA/FABRICANTE/MODELO/TIPO/PROCEDENCIA. DEMAIS    ESCLARECIMENTOS CONFORME MEMO 187/2026, PARECER 212/2026, PE 90007/2025,    ATA 79/2025, PROCESSO SEI: 26.29.000012312-9 E DOCUMENTOS EM ANEXO.         .                                                                           LOCAL DA ENTREGA:ALMOXARIFADO CENTRAL SMS, AV.PERIMETRAL NORTE COND.GOIA    ZEM, BL.E, GALPOES 09/10, VL.JOAO VAZ, CEP:74.425-090, GO/GO. FONES:62-3    524-3401/3407, HORARIO:08:00 AS 17:00.                                      .                                                                           8 - TRANSFERENCIA DE RECURSOS DO SUS - ATENCAO PRIMARIA                     SOLICITACAO FINANCEIRA: 181856/2026                                         ;Pregão;000900072025
20262150017910036;05/05/2026 00:00:00;87800,00;;;0,00;;;0,00;33903000;MATERIAL DE CONSUMO;14115388000180;SECRETARIA MUNICIPAL DE SAUDE;0,00;SECRETARIA MUNICIPAL DE SAUDE                                                                                                                                                                                                                                ;SAUDE - 10;ASSISTENCIA HOSPITALAR E AMBULATORIAL - 302;TRANSFERENCIA DE RECURSOS DO SISTEMA UNICO DE SAUDE - SUS - BLOCO DE MANUTENCAO DAS ACOES E SERVICOS PUBLICOS DE SAUDE - 107;ELLO DISTRIBUICAO LTDA;DESPESA COM AQUISICAO DE MEDICAMENTOS PARA ABASTECIMENTO DAS UNIDADES DE SAUDE DA SMS - 3 PEDIDO FILHO DA ARP NR 065/2025 DO PREGAO ELETRONICO NR 90007/2025                                                                        MEMORANDO 184 GEREMO - PARECER 208 GERPSR - DESPACHO 352 PRECEL - PDEDIDO DECOMPRAS 234/2026                                                            .                                                                           01 (ITEM R32) - CARVEDILOL 3,125MG COMPRIMIDO - MARCA: EMS                  COD:466867...........28.000UN..............00,08...................2.240,00 02 (ITEM R38) - CLARITROMICINA 500MF COMPRIMIDO - MARCA: EMS                COD:629278...........34.000UN..............01,54..................52.360,00 03 (ITEM R71) - IBUPROFENO 300MG COMPRIMIDO - MARCA: MULTILAB               CORRIDOS CONFORME TERMO DE REFERENCIA (9808198) CONTADOS A PARTIR DO        RECEBIMENTO DA NOTA DE EMPENHO,ENTREGA EM PERFEITAS CONDICOES C/A DEVIDA    NOTA FISCAL, DETALHANDO MARCA/FABRICANTE/MODELO/TIPO/PROCEDENCIA. DEMAIS    ESCLARECIMENTOS CONFORME MEMO 184/2026, PARECER 208/2026, PE 90007/2025,    ATA 65/2025, PROCESSO SEI: 26.29.000012160-6 E DOCUMENTOS EM ANEXO.         .                                                                           LOCAL DA ENTREGA:ALMOXARIFADO CENTRAL SMS, AV.PERIMETRAL NORTE COND.GOIA    ZEM, BL.E, GALPOES 09/10, VL.JOAO VAZ, CEP:74.425-090, GO/GO. FONES:62-3    524-3401/3407, HORARIO:08:00 AS 17:00.                                      .                                                                           8 - TRANSFERENCIA DE RECURSOS DO SUS - ATENCAO PRIMARIA                     SOLICITACAO FINANCEIRA: 181859/2026                                         COD:472859..........332.000UN..............00,10..................33.200,00 VALOR TOTAL:......................................................87.800,00 .                                                                           OBS: O FORNECIMENTO DEVERA SER EFETUADO C/ PRAZO NAO SUP. A 20 DIAS         ;Pregão;000900072025
20262150017910037;05/05/2026 00:00:00;71445,00;0174932026;02/07/2026 00:00:00;71445,00;;;0,00;33903000;MATERIAL DE CONSUMO;26457348000104;SECRETARIA MUNICIPAL DE SAUDE;0,00;SECRETARIA MUNICIPAL DE SAUDE                                                                                                                                                                                                                                ;SAUDE - 10;ASSISTENCIA HOSPITALAR E AMBULATORIAL - 302;TRANSFERENCIA DE RECURSOS DO SISTEMA UNICO DE SAUDE - SUS - BLOCO DE MANUTENCAO DAS ACOES E SERVICOS PUBLICOS DE SAUDE - 107;C. A HOSPITALAR EIRELI;ZEM, BL.E, GALPOES 09/10, VL.JOAO VAZ, CEP:74.425-090, GO/GO. FONES:62-3    524-3401/3407, HORARIO:08:00 AS 17:00.                                      .                                                                           8 - TRANSFERENCIA DE RECURSOS DO SUS - ATENCAO PRIMARIA                     SOLICITACAO FINANCEIRA: 181854/2026                                         DESPESA COM MATERIAL DE LABORATORIO E RAIO X -1 PEDIDO FILHO DA ARP NR 103/ 2025 DO PREGAO ELETRONICO NR 90005/2025                                     MEMORANDO 172 GEREMO - PARECER 202 GERPSR - DESPACHO 338 PRECEL - PEDIDO DE COMPRAS 228/2026 - ITEM 02                                                  .                                                                           02 (ITEM R35) - CONJUNTO COLETA TRIPLICE - MARCA: KOLPLAST                  COD:349887..........108.250UN..............00,66..................71.445,00 VALOR TOTAL:......................................................71.445,00 .                                                                           OBS: O FORNECIMENTO DEVERA SER EFETUADO C/ PRAZO NAO SUP. A 15 DIAS UTEIS   CONFORME TERMO DE REFERENCIA (9675038) CONTADOS A PARTIR DO                 RECEBIMENTO DA NOTA DE EMPENHO,ENTREGA EM PERFEITAS CONDICOES C/A DEVIDA    NOTA FISCAL, DETALHANDO MARCA/FABRICANTE/MODELO/TIPO/PROCEDENCIA. DEMAIS    ESCLARECIMENTOS CONFORME MEMO 172/2026, PARECER 202/2026, PE 90005/2025,    ATA 103/2025, PROCESSO SEI: 26.29.000010321-7 E DOCUMENTOS EM ANEXO.        .                                                                           LOCAL DA ENTREGA:ALMOXARIFADO CENTRAL SMS, AV.PERIMETRAL NORTE COND.GOIA    ;Pregão;000900052025
20262150017910038;05/05/2026 00:00:00;63886,50;0174902026;02/07/2026 00:00:00;63886,50;;;0,00;33903000;MATERIAL DE CONSUMO;26457348000104;SECRETARIA MUNICIPAL DE SAUDE;0,00;SECRETARIA MUNICIPAL DE SAUDE                                                                                                                                                                                                                                ;SAUDE - 10;ASSISTENCIA HOSPITALAR E AMBULATORIAL - 302;TRANSFERENCIA DE RECURSOS DO SISTEMA UNICO DE SAUDE - SUS - BLOCO DE MANUTENCAO DAS ACOES E SERVICOS PUBLICOS DE SAUDE - 107;C. A HOSPITALAR EIRELI;DESPESA COM MATERIAL CLINICO HOSPITALAR -1 PEDIDO FILHO DA ARP NR 103/2025  DO PREGAO ELETRONICO NR 90005/2025                                          MEMORANDO 172 GEREMO - PARECER 202 GERPSR - DESPACHO 338 PRECEL - PEDIDO DE COMPRAS 228/2026 - ITEM 03 E 04                                             .                                                                           03 (ITEM R54) - ESPECULO DESCARTAVEL VAGINAL NR 2 - MARCA: KOLPLAST         COD:399213...........48.450UN..............00,87..................42.151,50 04 (ITEM R55) - ESPECULO DESCARTAVEL VAGINAL NR 3 - MARCA: KOLPLAST         COD:399264...........20.700UN..............01,05..................21.735,00 VALOR TOTAL:......................................................63.886,50 .                                                                           OBS: O FORNECIMENTO DEVERA SER EFETUADO C/ PRAZO NAO SUP. A 15 DIAS UTEIS   CONFORME TERMO DE REFERENCIA (9675038) CONTADOS A PARTIR DO                 RECEBIMENTO DA NOTA DE EMPENHO,ENTREGA EM PERFEITAS CONDICOES C/A DEVIDA    NOTA FISCAL, DETALHANDO MARCA/FABRICANTE/MODELO/TIPO/PROCEDENCIA. DEMAIS    ESCLARECIMENTOS CONFORME MEMO 172/2026, PARECER 202/2026, PE 90005/2025,    ATA 103/2025, PROCESSO SEI: 26.29.000010321-7 E DOCUMENTOS EM ANEXO.        .                                                                           LOCAL DA ENTREGA:ALMOXARIFADO CENTRAL SMS, AV.PERIMETRAL NORTE COND.GOIA    ZEM, BL.E, GALPOES 09/10, VL.JOAO VAZ, CEP:74.425-090, GO/GO. FONES:62-3    524-3401/3407, HORARIO:08:00 AS 17:00.                                      .                                                                           8 - TRANSFERENCIA DE RECURSOS DO SUS - ATENCAO PRIMARIA                     SOLICITACAO FINANCEIRA: 181855/2026                                         ;Pregão;000900052025
20262150017910039;20/05/2026 00:00:00;300000,00;0134102026;21/05/2026 00:00:00;150000,00;202621500179100390001;27/05/2026 00:00:00;150000,00;33903000;MATERIAL DE CONSUMO;03370573000103;SECRETARIA MUNICIPAL DE SAUDE;0,00;SECRETARIA MUNICIPAL DE SAUDE                                                                                                                                                                                                                                ;SAUDE - 10;ASSISTENCIA HOSPITALAR E AMBULATORIAL - 302;TRANSFERENCIA DE RECURSOS DO SISTEMA UNICO DE SAUDE - SUS - BLOCO DE MANUTENCAO DAS ACOES E SERVICOS PUBLICOS DE SAUDE - 107;J. T. INDUSTRIA E COMERCIO DE CAFES LTDA;RECEBIMENTO DA NOTA DE EMPENHO,ENTREGA EM PERFEITAS CONDICOES C/A DEVIDA    NOTA FISCAL, DETALHANDO MARCA/FABRICANTE/MODELO/TIPO/PROCEDENCIA. DEMAIS    ESCLARECIMENTOS CONF.PARECER 60/2026,MINUTA 987 - EDITAL RETIFICADA         PE90023/2025,PROCESSO SEI: 25.29.000009297-0 E DOCUMENTOS EM ANEXO          .                                                                           LOCAL DA ENTREGA:ALMOXARIFADO CENTRAL SMS, AV.PERIMETRAL NORTE COND.        GOIAZEM, BL.E, GALPOES 09/10, VL.JOAO VAZ, CEP:74.425-090, GO/GO.           FONES:62-3524-3401/3407, HORARIO:08:00 AS 17:00                             .                                                                           8 - TRANSFERENCIA DE RECURSOS DO SUS - ATENCAO PRIMARIA                     SOLICITACAO FINANCEIRA: 179499/2026                                         DESPESA COM AQUISICAO DE CAFE EM PO CONFORME TERMO DE HOMOLOGACAO           DO PREGAO ELETRONICO 90023/2025SCC:803406PEDIDO DE COMPRA: 112/2025,        SCC: 803406, 15000PCT - MINUTA 987 - EDITAL RETIFICADA PE Nº 90023/2025     (7896203)TERMO DE REFERENCIA - RETIFICADO Nº 3 - (6955020) ESTUDO           TECNICO PRELIMINAR - ETP -RETIFICADO Nº 2 - (6954427)                       .                                                                           01 - CAFE TORRADO PO PT C/500G - MARCA: AROMA DE OURO                       COD:017299...........15.000PT.............20,00................300.000,00   VALOR TOTAL:...................................................300.000,00   .                                                                           OBS: O FORNECIMENTO DEVERA SER EFETUADO C/ PRAZO NAO SUP. A 20 DIAS         CORRIDOS CONFORME TERMO DE REFERENCIA (6955020) CONTADOS A PARTIR DO        ;Pregão;000900232025
20262150018010112;04/05/2026 00:00:00;212,00;0150552026;09/06/2026 00:00:00;212,00;202621500180101120001;11/06/2026 00:00:00;212,00;33903000;MATERIAL DE CONSUMO;09034672000192;SECRETARIA MUNICIPAL DE SAUDE;0,00;SECRETARIA MUNICIPAL DE SAUDE                                                                                                                                                                                                                                ;SAUDE - 10;ASSISTENCIA HOSPITALAR E AMBULATORIAL - 302;TRANSFERENCIA DE RECURSOS DO SISTEMA UNICO DE SAUDE - SUS - BLOCO DE MANUTENCAO DAS ACOES E SERVICOS PUBLICOS DE SAUDE - 107;MAEVE PRODUTOS HOSPITALARES LTDA;DESPESA COM AQUISICAO DE MEDICAMENTOS PARA ABASTECIMENTO DAS UNIDADES SAUDE DA SMS - 9º PEDIDO FILHO DA ARP Nº 052/2025 DO PREGAO ELETRONICO Nº 90001/2025 MEMORANDO 142 GEREMO -PARECER 148 GERPSR - DESPACHO 175 GERCOM - DESP.246PRECEL-PED.DE COMPRAS 165/2026.SCC808955 SOLICITACAO FINANCEIRA 180465 -2026REEMPENHO DEVIDO ANULACAO 064/1(S/REGISTRO DO ID-COLARE).                   .                                                                           1-METILERGOMETRINA 0,2 MG INJETAVEL UNIAO QUIMICA                           COD14523-8...............100,00 FR.............2,1200.................212,00VALOR TOTAL...........................................................212.00.                                                                           .                                                                           FORNECIMENTO DEVERA SER EFETUADO, C/ PRAZO DE ENTREGA NãO SUPERIOR A 20 DIASCONTADOS A PARTIR DO RECEBIMENTO DA NOTA DE EMPENHO/AUTORIZACAO DE FORNECIMENTO E ACOMPANHADOS DOS DOCUMENTOS FISCAIS RESPECTIVOS, DEVE CONTER, OBRIGATORIAMENTE, A ESPECIFICACAO DO ITEM, MARCA DO FABRICANTE E QUANTIDADE ENTREGUEENTREGA C/AGENDAMENTO NO EMAIL CIAD.GOIANIA@BRANETLOGISTICA.COM.BR, MAIORES INFORMACOES (62)3524-3401/3407, NO HORARIO DAS 08H00MIN AS 17H00MIN, DEMAIS ESCLARECIMENTOS MEMORANDO 142 (9467016)GEREMO, EDITAL(9467024)TERMO DE REFE-RENCIA E ANEXOS SEI 26.29.000007250-8.ENTREGA NO ALMOXARIFADO CENTRAL SMS NAAV.PERIMETRAL NORTE, COND.GOYAZEM,BL.E,GALPAO 06/10,VL.JOAO VAZ GOIANIA/GO. FONES:(62)3524-3401/3407.                                                   .                                                                           64 - TRANSFERENCIAS DE RECURSOS DO SUS - ATENCAO ESPECIALIZADA              ;Pregão;000900012025
20262150018010113;04/05/2026 00:00:00;7903,92;;;0,00;;;0,00;33903000;MATERIAL DE CONSUMO;58950775000108;SECRETARIA MUNICIPAL DE SAUDE;0,00;SECRETARIA MUNICIPAL DE SAUDE                                                                                                                                                                                                                                ;SAUDE - 10;ASSISTENCIA HOSPITALAR E AMBULATORIAL - 302;TRANSFERENCIA DE RECURSOS DO SISTEMA UNICO DE SAUDE - SUS - BLOCO DE MANUTENCAO DAS ACOES E SERVICOS PUBLICOS DE SAUDE - 107;COTACAO COM REPRESENTACAO IMPORTACAO E EXPORTACAO LTDA;CEP:74.445-190, DEMAIS ESCLARECIMENTOS MEMORANDO 287 (8771015)GEREMO, EDITALPE 90016-2025(8772277)TERMO DE REFERENCIA - GEREMO, E ANEXOS SEI25290000471415.                                                                         .                                                                           64 - TRANSFERENCIAS DE RECURSOS DO SUS - ATENCAO ESPECIALIZADA              DESPESA COM MATERIAL CLINICO HOSPITALAR PARA ABASTECIMENTO DA SMS - 1º PEDIDO FILHO DA ATA Nº 131/2025 PE 90016/2025 MEMORANDO 287 GEREMO - PARECER 372 GERPSR - DESPACHO 1071 GERCOM - DESPACHO 914 PRECEL - AQUISICAO ESTIMADA DE 06 MESES SCC 804011-SOLICITACAO FINANCEIRA 179979-2026. REEMPENHO DEVIDO ANULACAO 067/1(S/REGISTRO ID-COLARE).                                          .                                                                           1-AMBU SILICONE INFANTIL VITALGOLD                                          COD42159-6...............42,00 UN..............136,0000.............5.712.002-AMBU SILICONE NEO NATAL VITALGOLD                                         COD45447-8...............12,00 UN..............131,0000.............1.572,003-FIXADOR ADESIVO NASAL ADULTO MDL                                          COD57930-0...............252,00UN..............2,4600.................619,92VALOR TOTAL.........................................................7.903.92.                                                                           O PRAZO DE ENTREGA DOS BENS SERA EFETUADO NO PRAZO NAO SUPERIOR A 15(QUINZE)DIAS UTEIS, CONTADOS APOS O RECEBIMENTO DA ORDEM DE ENTREGA OU NOTA DE EMPE-NHO/AUTORIZACAO DE FORNECIMENTO, ACOMPANHADOS DOS DOCUMENTOS FISCAIS RESPEC-TIVOS,DEVE CONTER, OBRIGATORIAMENTE, A ESPECIFICACAO DO ITEM, MARCA DO FABRICANTE E QUANTIDADE ENTREGUE,AGENDAR A ENTREGA NO EMAIL:                     CIAD.GOIANIA@BRANETOLGISTICA.COM.BR, ENTREGA NO ALMOXARIFADO CENTRAL DA SMS AV.PERIMETRAL NORTE,COND.GOIAZEM BL.E,GALPAO 09/10,VL.JOAO VAZ GOIANIA/GO   ;Pregão;000900162025
20262150018010114;04/05/2026 00:00:00;51030,00;0180812026;10/07/2026 00:00:00;51030,00;;;0,00;33903000;MATERIAL DE CONSUMO;09034672000192;SECRETARIA MUNICIPAL DE SAUDE;0,00;SECRETARIA MUNICIPAL DE SAUDE                                                                                                                                                                                                                                ;SAUDE - 10;ASSISTENCIA HOSPITALAR E AMBULATORIAL - 302;TRANSFERENCIA DE RECURSOS DO SISTEMA UNICO DE SAUDE - SUS - BLOCO DE MANUTENCAO DAS ACOES E SERVICOS PUBLICOS DE SAUDE - 107;MAEVE PRODUTOS HOSPITALARES LTDA;ACOMPANHADOS DOS DOCUMENTOS FISCAIS RESPECTIVOS DEVE CONTER OBRIGATORIAMENTEA ESPECIFICACAO DO ITEM, MARCA DO FABRICANTE, QUANTIDADE ENTREGUE, AGENDAR AENTREGA NO EMAIL CIAD.GOIANIA@BRANETOLGISTICA.COM.BR, MAIORES INFORMACOES PELOS TELEFONES:(62)3524-3404/3407,EFETUAR A ENTREGA NO ALMOXARIFADO CENTRAL  SMS NA AV. PERIMETRAL NORTE, COND.GOIAZEM, BL.E, GALPOES 09/10, VL.JOAO VAZ GOIANIA/GO, CEP74.425-090, DEMAIS ESCLARECIMENTOS MEMORANDO 131(9408795)GEREMO, EDITAL PE 90005/2025 (9408848) TERMO DE REFERENCIA E ANEXOS NO PROC.SEI:DESPESA COM MATERIAL CLINICO HOSPITALAR PARA ABASTECIMENTO DA SMS - 3º PED. FILHO DA ATA Nº 094/2026, PREGAO ELETRONICO Nº 90005/2025 MEMORANDO 131 GEREMO - PARECER 138 GERPSR - DESPACHO 241 PRECEL - PEDIDO DE COMPRAS 154/2026. SCC809005 SOLICITACAO FINANCEIRA 180466-2026.REEMPENHO DEVIDO ANULACAO 066/1(S/REGISTRO DO ID-COLARE).                                                  .                                                                           1-EQUIPO NUTRICAO ENTERAL BIOMASS                                           COD463809................72.000,00UN...........0,6900..............49.680,002-EXTENSOR INTERMEDIARIO 2 VIAS PVC BIOMASS                                 COD516902................2.500,00UN............0,5400...............1.350,00VALOR TOTAL........................................................51.030,00.                                                                           ENTREGA DOS BENS SERA EFETUADO NO PRAZO NAO SUPERIOR A 15DIAS UTEIS,CONTADOSA PARTIR DA ORDEM DE ENTREGA OU NOTA DE EMPENHO/AUTORIZACAO DE FORNECIMENTO 26.29.000006457-2.                                                          .                                                                           64 - TRANSFERENCIAS DE RECURSOS DO SUS - ATENCAO ESPECIALIZADA              ;Pregão;000900052025
20262150018010115;04/05/2026 00:00:00;371584,84;0181222026;10/07/2026 00:00:00;371584,84;;;0,00;33903000;MATERIAL DE CONSUMO;03951140000133;SECRETARIA MUNICIPAL DE SAUDE;0,00;SECRETARIA MUNICIPAL DE SAUDE                                                                                                                                                                                                                                ;SAUDE - 10;ASSISTENCIA HOSPITALAR E AMBULATORIAL - 302;TRANSFERENCIA DE RECURSOS DO SISTEMA UNICO DE SAUDE - SUS - BLOCO DE MANUTENCAO DAS ACOES E SERVICOS PUBLICOS DE SAUDE - 107;DE PAULI COMERCIO REPRESENTACAO IMPORTACAO E EXPORTACAO LT;DESPESA COM AQUISICAO COM MATERIAL CLINICO HOSPITALAR - 2 PEDIDO FILHO      DA ATA NR 132/2025, PREGAO ELETRONICO NR 90016/2025 - SCC:812669            MEMORANDO 156 GEREMO - PARECER 177 E 190 GERPSR - CCG 24 - DESPACHO         292 PRECEL - PEDIDO DE COMPRAS 198/2026                                     .                                                                           01 (ITEM R7) - CANULA PLASTICO GUEDEL NR 0 - MARCA: PROTEC                  COD:345628..............120UN..............03,12...................374,40   02 (ITEM R8) - CANULA PLASTICO GUEDEL NR 1 - MARCA: PROTEC                  COD:345636..............150UN..............03,12...................468,00   03 (ITEM R9) - CANULA PLASTICO GUEDEL NR 2 - MARCA: PROTEC                  COD:345652..............116UN..............02,94...................341,04   04 (ITEM R10) - CANULA PLASTICO GUEDEL NR 3 - MARCA: PROTEC                 COD:345660..............120UN..............03,12...................374,40   05 (ITEM R11) - CANULA PLASTICO GUEDEL NR 4 - MARCA: PROTEC                 COD:345679..............140UN..............03,12...................436,80   06 (ITEM R12) - CANULA PLASTICO GUEDEL NR 5 - MARCA: PROTEC                 COD:345687..............130UN..............03,12...................405,60   07 (ITEM R17) - CANULA PLASTICO TRAQUEOSTOMIA NR 6 - MARCA: VITALGOLD       COD:394335..............130UN..............13,01.................1.691,30   08 (ITEM R18) - CANULA PLASTICO TRAQUEOSTOMIA NR 7 - MARCA: VITALGOLD       COD:469360..............130UN..............13,01.................1.691,30   09 (ITEM R19) - CANULA PLASTICO TRAQUEOSTOMIA NR 7,5 - MARCA: VITALGOLD     COD:469378..............140UN..............13,01.................1.821,40   10 (ITEM R21) - CANULA PLASTICO TRAQUEOSTOMIA NR 8,5 - MARCA: VITALGOLD     COD:415006..............130UN..............13,01.................1.691,30   11 (ITEM R23) - CATETER NASAL OXIGENIO TIPO OCULOS - MARCA: MARK MED        COD:488984............9.000UN..............00,97.................8.730,00   12 (ITEM R79) - SONDA ASPIRACAO TRAQUEAL NR 6 - MARCA: MARK MED             COD:564532............3.300UN..............00,68.................2.244,00   13 (ITEM R107) - SONDA NASOENTERICA NR 12 - MARCA: MARK MED                 COD:545910..............600UN..............08,00.................4.800,00   14 (ITEM R111) - SONDA NASOENTERICA NR 8 - MARCA: MARK MED                  COD:545902..............170UN..............08,29.................1.409,30   15 (ITEM R118) - SONDA URETRAL NR 10 - MARCA: MARK MED                      COD:074535..........121.000UN..............00,55................66.550,00   16 (ITEM R119) - SONDA URETRAL NR 12 - MARCA: MARK MED                      COD:060844..........480.000UN..............00,58...............278.400,00   17 (ITEM R123) - SONDA URETRAL NR 4 - MARCA: MARK MED                       COD:148571..............240UN..............00,65...................156,00   VALOR TOTAL:...................................................371.584,84   .                                                                           OBS: O FORNECIMENTO DEVERA SER EFETUADO C/ PRAZO NAO SUP. A 15 DIAS         UTEIS CONFORME TERMO DE REFERENCIA (9535467) CONTADOS A PARTIR DO           RECEBIMENTO DA NOTA DE EMPENHO,ENTREGA EM PERFEITAS CONDICOES C/A           DEVIDA NOTA FISCAL, DETALHANDO MARCA/FABRICANTE/MODELO/TIPO/PROCEDENCIA.    DEMAIS ESCLARECIMENTOS CONFORME MEMO 156/2026, PARECER 190/2026,            PE 90016/2025, ATA 132/2025, PROCESSO SEI: 26.29.000008301-1 E DOCUMENTOS   EM ANEXO.                                                                   .                                                                           LOCAL DA ENTREGA:ALMOXARIFADO CENTRAL SMS, AV.PERIMETRAL NORTE COND.        GOIAZEM, BL.E, GALPOES 09/10, VL.JOAO VAZ, CEP:74.425-090, GO/GO.           FONES:62-3524-3401/3407, HORARIO:08:00 AS 17:00.                            .                                                                           64 - TRANSFERENCIAS DE RECURSOS DO SUS - ATENCAO ESPECIALIZADA              SOLICITACAO FINANCEIRA: 181120/2026                                         ;Pregão;000900162026
20262150018010116;04/05/2026 00:00:00;1930,00;;;0,00;;;0,00;33903000;MATERIAL DE CONSUMO;03620716000180;SECRETARIA MUNICIPAL DE SAUDE;1930,00;SECRETARIA MUNICIPAL DE SAUDE                                                                                                                                                                                                                                ;SAUDE - 10;ASSISTENCIA HOSPITALAR E AMBULATORIAL - 302;TRANSFERENCIA DE RECURSOS DO SISTEMA UNICO DE SAUDE - SUS - BLOCO DE MANUTENCAO DAS ACOES E SERVICOS PUBLICOS DE SAUDE - 107;CMOS DRAKE DO NORDESTE LTDA;"DESPESA PARA AQUISICAO DE MATERIAL CLINICO HOSPITALAR (CPAP) -   A FIM DE   GARANTIR O CUMPRIMENTO DA DECISAO JUDICIAL PROCESSO Nº 5960015-63.2025.8.   09.00.51 - A FAVOR DE VALDENI FRANCISCO GUIMARAES CONFORME DESPACHO 1103    E 130 GEREMO - PARECER 06 GERPSR - JUSTIFICATIVA 144 GERCOM -DESP.180       GERCOM - PEDIDO DE COMPRAS 13/2026. SCC:812537                              SOLICITACAO FINANCEIRA 180661 - 2026                                        .                                                                           1-APARELHO/EQUIPAMENTO PROCESSO JUDICIAIS/MANDADO SEGURANCA/PROCESSO        ADMINISTRATIVO CMOS DRAKE                                                   COD55289-5...............1,00 UN.............1.930,0000...........1.930,00  VALOR TOTAL.......................................................1.930,00  .                                                                           ENTREGA SERA EM REMESSA UNICA,PRAZO NAO SUP.A 10 DIAS CORRIDOS,CONTADOS     APOS O RECEBIMENTO DA ORDEM DE ENTREGA OU NOTA DE EMPENHO/AUTORIZACAO DE    FORNECIMMENTO,ACOMPANHADOS DOS DOCUMENTOS FISCAIS RESPECTIVOS, DEVE CONTER, OBRIGATORIAMENTE, A ESPECIFICACAO DO ITEM, MARCA DO FABRICANTE E QUANTIDADE ENTREGUE O SEU ACONDICIONAMENTO;AS ENTREGAS DEVERAO SER EFETUADAS MEDIANTE  AGENDAMENTO PREVIO, ATRAVES DO E-MAIL CIAD.GOIANIA@BRANETLOGISTICA.COM.BR,  ENTREGAS NO ALMOXARIFADO CENTRAL SMS,AVENIDA PERIMETRAL NORTE, CONDOMINIO   GOIAZEM,BLOCO E,GALPAO 06 A 10, VILA JOAO VAZ, CEP: 74.445-190, GOIANIA/GO, DEMAIS ESCLARECMENTOS ANEXO MANDADO 6331454_000333(8676227)STPM,DESP.1103   (8770454)GEREMO DECISAO (8811210)PJUD, DESPACHO 22931 (8811222)PJUD, TERMO  DE REFERENCIA 894 6029-GEREMO, E ANEXOS SEI 25.29.000045837-0               .                                                                           64 - TRANSFERENCIAS DE RECURSOS DO SUS - ATENCAO ESPECIALIZADA              ";Dispensa de Licitação;000000612026
20262150018010117;05/05/2026 00:00:00;394332,00;0158252026;18/06/2026 00:00:00;394332,00;202621500180101170001;24/06/2026 00:00:00;394332,00;33903000;MATERIAL DE CONSUMO;82873068000816;SECRETARIA MUNICIPAL DE SAUDE;0,00;SECRETARIA MUNICIPAL DE SAUDE                                                                                                                                                                                                                                ;SAUDE - 10;ASSISTENCIA HOSPITALAR E AMBULATORIAL - 302;TRANSFERENCIA DE RECURSOS DO SISTEMA UNICO DE SAUDE - SUS - BLOCO DE MANUTENCAO DAS ACOES E SERVICOS PUBLICOS DE SAUDE - 107;GENESIO A MENDES & CIA LTDA;DESPESA COM AQUISICAO DE ANALOGOS DE INSULINA PARA ABASTECIMENTO DAS UNIDADES DE SAUDE DA SMS - 2 PEDIDO FILHO DA ATA 161/2025 DO PREGAO ELETRONICO NR  90051/2025, MEMORANDO 176 GEREMO - PARECER 191 GERPSR - DESPACHO 334 PRECEL - PEDIDO DE COMPRAS 212/2026                                                .                                                                           01 (ITEM R01) - INSULINA GLARGINA 100UI/ML SISTEMA APLICADOS UN C/3ML       MARCA: LANTUS/SANOFI                                                        COD:487287...........20.400UN..............19,33.................394.332,00 VALOR TOTAL:.....................................................394.332,00 .                                                                           OBS: O FORNECIMENTO DEVERA SER EFETUADO C/ PRAZO NAO SUP. A 20 DIAS         CORRIDOS CONFORME TERMO DE REFERENCIA (9689582) CONTADOS A PARTIR DO        RECEBIMENTO DA NOTA DE EMPENHO,ENTREGA EM PERFEITAS CONDICOES C/A DEVIDA    NOTA FISCAL, DETALHANDO MARCA/FABRICANTE/MODELO/TIPO/PROCEDENCIA. DEMAIS    ESCLARECIMENTOS CONFORME MEMO 176/2026, PARECER 191/2026, PE 90051/2025,    ATA 161/2025, PROCESSO SEI: 26.29.000010511-2 E DOCUMENTOS EM ANEXO.        .                                                                           LOCAL DA ENTREGA:ALMOXARIFADO CENTRAL SMS, AV.PERIMETRAL NORTE COND.GOIA    ZEM, BL.E, GALPOES 09/10, VL.JOAO VAZ, CEP:74.425-090, GO/GO. FONES:62-3    524-3401/3407, HORARIO:08:00 AS 17:00.                                      .                                                                           64 - TRANSFERENCIAS DE RECURSOS DO SUS - ATENCAO ESPECIALIZADA              SOLICITACAO FINANCEIRA: 181852/2026                                         ;Pregão;000900512025
20262150018010118;05/05/2026 00:00:00;54240,00;0168982026;26/06/2026 00:00:00;54240,00;202621500180101180001;26/06/2026 00:00:00;54240,00;33903000;MATERIAL DE CONSUMO;19945390000109;SECRETARIA MUNICIPAL DE SAUDE;0,00;SECRETARIA MUNICIPAL DE SAUDE                                                                                                                                                                                                                                ;SAUDE - 10;ASSISTENCIA HOSPITALAR E AMBULATORIAL - 302;TRANSFERENCIA DE RECURSOS DO SISTEMA UNICO DE SAUDE - SUS - BLOCO DE MANUTENCAO DAS ACOES E SERVICOS PUBLICOS DE SAUDE - 107;LINK HOME DISTRIBUIDORA LTDA;DESPESA AQUISICAO DE DIETAS ESPECIAIS E FORMULAS INFANTIS PARA ABASTECIMENTODA SMS - 2 PEDIDO FILHO DA ARP NR 32/2025 DO PREGAO ELETRONICO NR 90006/2025MEMORANDO 190 GEREMO - PARECER 216 GERPSR - DESPACHO 356 PRECEL - PEDIDO DE COMPRA 246/2026                                                             .                                                                           01 (ITEM R08) - FORMULA INFANTIL ISENTA DE LACTOSE C/FONTE DE CARBOIDRATO   100% MALTODEXTRINA - MARCA: NAN SL/NESTLE                                   COD:320358..............600KG..............90,40..................54.240,00 VALOR TOTAL:......................................................54.240,00 .                                                                           OBS: O FORNECIMENTO DEVERA SER EFETUADO C/ PRAZO NAO SUP. A 20 DIAS         CORRIDOS CONFORME TERMO DE REFERENCIA (9849191) CONTADOS A PARTIR DO        RECEBIMENTO DA NOTA DE EMPENHO,ENTREGA EM PERFEITAS CONDICOES C/A DEVIDA    NOTA FISCAL, DETALHANDO MARCA/FABRICANTE/MODELO/TIPO/PROCEDENCIA. DEMAIS    ESCLARECIMENTOS CONFORME MEMO 190/2026, PARECER 216/2026, PE 90006/2025,    ATA 32/2025, PROCESSO SEI: 26.29.000012769-8 E DOCUMENTOS EM ANEXO.         .                                                                           LOCAL DA ENTREGA:ALMOXARIFADO CENTRAL SMS, AV.PERIMETRAL NORTE COND.GOIA    ZEM, BL.E, GALPOES 09/10, VL.JOAO VAZ, CEP:74.425-090, GO/GO. FONES:62-3    524-3401/3407, HORARIO:08:00 AS 17:00.                                      .                                                                           64 - TRANSFERENCIAS DE RECURSOS DO SUS - ATENCAO ESPECIALIZADA              SOLICITACAO FINANCEIRA: 181860/2026                                         ;Pregão;000900062025
20262150018010119;05/05/2026 00:00:00;102421,28;;;0,00;;;0,00;33903000;MATERIAL DE CONSUMO;16699864000183;SECRETARIA MUNICIPAL DE SAUDE;0,00;SECRETARIA MUNICIPAL DE SAUDE                                                                                                                                                                                                                                ;SAUDE - 10;ASSISTENCIA HOSPITALAR E AMBULATORIAL - 302;TRANSFERENCIA DE RECURSOS DO SISTEMA UNICO DE SAUDE - SUS - BLOCO DE MANUTENCAO DAS ACOES E SERVICOS PUBLICOS DE SAUDE - 107;SANTE MEDICA HOSPITALAR LTDA;DE DA SMS - 10 PEDIDO FILHO DA ARP NR 29/2025 DO PREGAO ELETRONICO NR 90006/64 - TRANSFERENCIAS DE RECURSOS DO SUS - ATENCAO ESPECIALIZADA              SOLICITACAO FINANCEIRA: 181857/2026                                         2025                                                                        CONFORME MEMORANDO 189 GEREMO - PARECER 215 GERPSR - DESPACHO 354 PRECEL -  PEDIDO DE COMPRAS 245/2026                                                  .                                                                           01 (ITEM R10) - FORMULA INFANTIL SITUACOES METABOLICAS ESPECIAIS FORMULA AA LIVRES - MARCA: NEO ADVANCE/DANONE                                          DESPESA COM AQUISICAO DE MEDICAMENTOS PARA ABASTECIMENTO DAS UNIDADES DE SAUCOD:529753..............328KG.............312,26.................102.421,28 VALOR TOTAL:.....................................................102.421,28 .                                                                           OBS: O FORNECIMENTO DEVERA SER EFETUADO C/ PRAZO NAO SUP. A 20 DIAS         CORRIDOS CONFORME TERMO DE REFERENCIA (9848526) CONTADOS A PARTIR DO        RECEBIMENTO DA NOTA DE EMPENHO,ENTREGA EM PERFEITAS CONDICOES C/A DEVIDA    NOTA FISCAL, DETALHANDO MARCA/FABRICANTE/MODELO/TIPO/PROCEDENCIA. DEMAIS    ESCLARECIMENTOS CONFORME MEMO 189/2026, PARECER 215/2026, PE 90006/2025,    ATA 29/2025, PROCESSO SEI: 26.29.000012752-3 E DOCUMENTOS EM ANEXO.         .                                                                           LOCAL DA ENTREGA:ALMOXARIFADO CENTRAL SMS, AV.PERIMETRAL NORTE COND.GOIA    ZEM, BL.E, GALPOES 09/10, VL.JOAO VAZ, CEP:74.425-090, GO/GO. FONES:62-3    524-3401/3407, HORARIO:08:00 AS 17:00.                                      .                                                                           ;Pregão;000900062025
20262150018010120;05/05/2026 00:00:00;2028,00;0174972026;02/07/2026 00:00:00;2028,00;;;0,00;33903000;MATERIAL DE CONSUMO;26457348000104;SECRETARIA MUNICIPAL DE SAUDE;0,00;SECRETARIA MUNICIPAL DE SAUDE                                                                                                                                                                                                                                ;SAUDE - 10;ASSISTENCIA HOSPITALAR E AMBULATORIAL - 302;TRANSFERENCIA DE RECURSOS DO SISTEMA UNICO DE SAUDE - SUS - BLOCO DE MANUTENCAO DAS ACOES E SERVICOS PUBLICOS DE SAUDE - 107;C. A HOSPITALAR EIRELI;DESPESA COM MATERIAL DE LIMPEZA E CONSERVACAO E ARTIGO DOMESTICO (HIGIENE PESSOAL)-1 PEDIDO FILHO DA ARP NR 103/2025 DO PREGAO ELETRONICO NR 90005/2025 MEMORANDO 172 GEREMO - PARECER 202 GERPSR - DESPACHO 338 PRECEL - PEDIDO DE COMPRAS 228/2026 - ITEM 01                                                  .                                                                           01 (ITEM R12) - APARELHO BARBEAR DESCARTAVEL - MARCA: MAXICOR               COD:203467............2.600UN..............00,78...................2.028,00 VALOR TOTAL:.......................................................2.028,00 .                                                                           OBS: O FORNECIMENTO DEVERA SER EFETUADO C/ PRAZO NAO SUP. A 15 DIAS UTEIS   CONFORME TERMO DE REFERENCIA (9675038) CONTADOS A PARTIR DO                 RECEBIMENTO DA NOTA DE EMPENHO,ENTREGA EM PERFEITAS CONDICOES C/A DEVIDA    NOTA FISCAL, DETALHANDO MARCA/FABRICANTE/MODELO/TIPO/PROCEDENCIA. DEMAIS    ESCLARECIMENTOS CONFORME MEMO 172/2026, PARECER 202/2026, PE 90005/2025,    ATA 103/2025, PROCESSO SEI: 26.29.000010321-7 E DOCUMENTOS EM ANEXO.        .                                                                           LOCAL DA ENTREGA:ALMOXARIFADO CENTRAL SMS, AV.PERIMETRAL NORTE COND.GOIA    ZEM, BL.E, GALPOES 09/10, VL.JOAO VAZ, CEP:74.425-090, GO/GO. FONES:62-3    524-3401/3407, HORARIO:08:00 AS 17:00.                                      .                                                                           64 - TRANSFERENCIAS DE RECURSOS DO SUS - ATENCAO ESPECIALIZADA              SOLICITACAO FINANCEIRA: 181853/2026                                         ;Pregão;000900052025
20262150018010121;12/05/2026 00:00:00;2400,00;;;0,00;;;0,00;33903000;MATERIAL DE CONSUMO;62474633000199;SECRETARIA MUNICIPAL DE SAUDE;0,00;SECRETARIA MUNICIPAL DE SAUDE                                                                                                                                                                                                                                ;SAUDE - 10;ASSISTENCIA HOSPITALAR E AMBULATORIAL - 302;TRANSFERENCIA DE RECURSOS DO SISTEMA UNICO DE SAUDE - SUS - BLOCO DE MANUTENCAO DAS ACOES E SERVICOS PUBLICOS DE SAUDE - 107;3E SERVICOS INTEGRADOS LTDA;"64 - TRANSFERENCIAS DE RECURSOS DO SUS - ATENCAO ESPECIALIZADA              .                                                                           VAZ CEP: 74.425-090, GOIANIA/GO.                                            CO:AV.PERIMETRAL NORTE, CONDOMINIO GOIAZEM, BLOCO E GALPOES 9/10, VL.JOAO   ALMOXARIFADO CENTRAL DA SECRETARIA MUNICIPAL DE SAUDE, NO SEGUINTE ENDERE   .COM.BR,MAIORES INFORMACOES PELOS TELEFONES: (62)3030-2631; ENTREGUES NO    COM AGENDAMENTO PREVIO ATRAVES DO E-MAIL:CIAD.GOIANIA@BRANETOLGISTICA       FICACAO(8504571) SEI25.29.000035693-4 E SEUS ANEXOS, A ENTREGA DEVERA SER   ACONDICIONAMENTO; DEMAIS ESCLARECIMENTOS CONF.TERMO DE REFERENCIA-2 RETI    CACAO DO ITEM,MARCA DO FABRICANTE E QUANTIDADE ENTREGUE, BEM COMO O SEU     DOCUMENTOS FISCAIS RESPECTIVOS, DEVE CONTER, OBRIGATORIAMENTE,A ESPECIFI    O RECEBIMENTO DA ORDEM DE ENTREGA OU NOTA DE EMPENHO,ACOMPANHADOS DOS       PRAZO DE ENTREGA DOS BENS E DE 20 (VINTE) DIAS CORRIDOS, CONTADOS APOS      PELA DIRETORIA DE INFRAESTRUTURA E LOGISTICA MEDIANTE ATO FORMAL;O          OS PRODUTOS DEVERAO SER ENTREGUES EM PARCELA UNICA,SERA SOLICITADA          .                                                                           VALOR TOTAL.......................................................2.400,00  COD01087-1.............4.800,00 UN.........0,5000.................2.400,00  ITEM 1-ESPONJA NYLON DUPLA FACE TININDO                                     .                                                                           FINANCEIRA 179768 - 2026                                                    DESPACHO 73 GERCOM - PED.COMPRA 594/2025 ITEM 07 SCC803317 - SOLICITACAO    7984652 - ETP 8504465 -PARECER 304 GERPSR-AVISO 96 DISPENSA ELETRONICA      ABASTECIMENTO E MANUTENCAO DAS COPAS DA SMS FORMALIZACAO DE DEMANDA         DESPESA COM AQUISICAO DE UTENSILIOS DE COPA E COZINHA DESTINADOS AO         ";Dispensa de Licitação;000000412026
20262150018010122;12/05/2026 00:00:00;16528,00;;;0,00;;;0,00;33903000;MATERIAL DE CONSUMO;28618350000135;SECRETARIA MUNICIPAL DE SAUDE;0,00;SECRETARIA MUNICIPAL DE SAUDE                                                                                                                                                                                                                                ;SAUDE - 10;ASSISTENCIA HOSPITALAR E AMBULATORIAL - 302;TRANSFERENCIA DE RECURSOS DO SISTEMA UNICO DE SAUDE - SUS - BLOCO DE MANUTENCAO DAS ACOES E SERVICOS PUBLICOS DE SAUDE - 107;JCL PEREIRA-ME;"DESPESA COM AQUISICAO DE UTENSILIOS DE COPA E COZINHA DESTINADOS AO         ABASTECIMENTO E MANUTENCAO DAS COPAS DA SMS FORMALIZACAO DE DEMANDA         7984652 - ETP 8504465 -PARECER 304 GERPSR-AVISO 96 DISPENSA ELETRONICA      DESPACHO 73 GERCOM - PED.COMPRA 594/2025 ITENS 3,4,5,6/SCC803309 SOLICI     TACAO FINANCEIRA 179767 - 2026                                              .                                                                           ITEM 3-COADOR CAFE TECIDO MEDIO ASA BRASIL                                  COD52528-6.............400,00 UN...............7,7500.............3.100,00  ITEM 4-PANO ALGODAO PRATO TAMANHO ROMA                                      COD05873-4..............30,00 UN...............2,1000................63,00  ITEM 5-DETERGENTE LIQUIDO LIMPEZA FR C/500,0 ML ZELLO                       COD01763-9............8.100,00 FR..............1,2500............10.125,00  ITEM 6-ESPONJA ACO LIMPEZA PT C/8,0 UN ACOBOM                               COD01086-3............3.000,00 PT..............1,0800.............3.240,00  VALOR TOTAL......................................................16.528,00  .                                                                           OS PRODUTOS DEVERAO SER ENTREGUES EM PARCELA UNICA,SERA SOLICITADA          PELA DIRETORIA DE INFRAESTRUTURA E LOGISTICA MEDIANTE ATO FORMAL;O          PRAZO DE ENTREGA DOS BENS E DE 20 (VINTE) DIAS CORRIDOS, CONTADOS APOS      O RECEBIMENTO DA ORDEM DE ENTREGA OU NOTA DE EMPENHO,ACOMPANHADOS DOS       DOCUMENTOS FISCAIS RESPECTIVOS, DEVE CONTER, OBRIGATORIAMENTE,A ESPECIFI    CACAO DO ITEM,MARCA DO FABRICANTE E QUANTIDADE ENTREGUE, BEM COMO O SEU     ACONDICIONAMENTO; DEMAIS ESCLARECIMENTOS CONF.TERMO DE REFERENCIA-2 RETI    FICACAO(8504571) SEI25.29.000035693-4 E SEUS ANEXOS, A ENTREGA DEVERA SER   COM AGENDAMENTO PREVIO ATRAVES DO E-MAIL:CIAD.GOIANIA@BRANETOLGISTICA       .COM.BR,MAIORES INFORMACOES PELOS TELEFONES: (62)3030-2631; ENTREGUES NO    ALMOXARIFADO CENTRAL DA SECRETARIA MUNICIPAL DE SAUDE, NO SEGUINTE ENDERE   CO:AV.PERIMETRAL NORTE, CONDOMINIO GOIAZEM, BLOCO E GALPOES 9/10, VL.JOAO   VAZ CEP: 74.425-090, GOIANIA/GO.                                            .                                                                           64 - TRANSFERENCIAS DE RECURSOS DO SUS - ATENCAO ESPECIALIZADA              ";Dispensa de Licitação;000000412026
20262150018010123;12/05/2026 00:00:00;2359,00;;;0,00;;;0,00;33903000;MATERIAL DE CONSUMO;36310930000199;SECRETARIA MUNICIPAL DE SAUDE;0,00;SECRETARIA MUNICIPAL DE SAUDE                                                                                                                                                                                                                                ;SAUDE - 10;ASSISTENCIA HOSPITALAR E AMBULATORIAL - 302;TRANSFERENCIA DE RECURSOS DO SISTEMA UNICO DE SAUDE - SUS - BLOCO DE MANUTENCAO DAS ACOES E SERVICOS PUBLICOS DE SAUDE - 107;Y S DIAS COMRCIO DE PAPELARIA;"DESPESA COM AQUISICAO DE UTENSILIOS DE COPA E COZINHA DESTINADOS AO         ABASTECIMENTO E MANUTENCAO DAS COPAS DA SMS FORMALIZACAO DE DEMANDA         7984652 - ETP 8504465 -PARECER 304 GERPSR-AVISO 96 DISPENSA ELETRONICA      DESPACHO 73 GERCOM - PED.COMPRA 594/2025 ITEM 02 - SCC803295-SOLICITACAO    FINANCEIRA 179766 - 2026                                                    .                                                                           ITEM 1-GARRAFA TERMICA PLASTICO 1L TERMOLAR                                 COD01147-9...............70,00 UN..............33,70000...........2.359,00  VALOR TOTAL.......................................................2.359,00  .                                                                           OS PRODUTOS DEVERAO SER ENTREGUES EM PARCELA UNICA,SERA SOLICITADA          PELA DIRETORIA DE INFRAESTRUTURA E LOGISTICA MEDIANTE ATO FORMAL;O          PRAZO DE ENTREGA DOS BENS E DE 20 (VINTE) DIAS CORRIDOS, CONTADOS APOS      O RECEBIMENTO DA ORDEM DE ENTREGA OU NOTA DE EMPENHO,ACOMPANHADOS DOS       DOCUMENTOS FISCAIS RESPECTIVOS, DEVE CONTER, OBRIGATORIAMENTE,A ESPECIFI    CACAO DO ITEM,MARCA DO FABRICANTE E QUANTIDADE ENTREGUE, BEM COMO O SEU     ACONDICIONAMENTO; DEMAIS ESCLARECIMENTOS CONF.TERMO DE REFERENCIA-2 RETI    FICACAO(8504571) SEI25.29.000035693-4 E SEUS ANEXOS, A ENTREGA DEVERA SER   COM AGENDAMENTO PREVIO ATRAVES DO E-MAIL:CIAD.GOIANIA@BRANETOLGISTICA       .COM.BR,MAIORES INFORMACOES PELOS TELEFONES: (62)3030-2631; ENTREGUES NO    ALMOXARIFADO CENTRAL DA SECRETARIA MUNICIPAL DE SAUDE, NO SEGUINTE ENDERE   CO:AV.PERIMETRAL NORTE, CONDOMINIO GOIAZEM, BLOCO E GALPOES 9/10, VL.JOAO   VAZ CEP: 74.425-090, GOIANIA/GO.                                            .                                                                           64 - TRANSFERENCIAS DE RECURSOS DO SUS - ATENCAO ESPECIALIZADA              ";Dispensa de Licitação;000000412026
20262150018010124;19/05/2026 00:00:00;162750,00;0180732026;10/07/2026 00:00:00;162750,00;;;0,00;33903000;MATERIAL DE CONSUMO;54565478000198;SECRETARIA MUNICIPAL DE SAUDE;0,00;SECRETARIA MUNICIPAL DE SAUDE                                                                                                                                                                                                                                ;SAUDE - 10;ASSISTENCIA HOSPITALAR E AMBULATORIAL - 302;TRANSFERENCIA DE RECURSOS DO SISTEMA UNICO DE SAUDE - SUS - BLOCO DE MANUTENCAO DAS ACOES E SERVICOS PUBLICOS DE SAUDE - 107;SISPACK MEDICAL LTDA;DESPESA COM AQUISICAO DE INSUMO MEDICO-HOSPITALAR ATRAVES DO 1  PEDIDO FILHONOTA FISCAL, DETALHANDO MARCA/FABRICANTE/MODELO/TIPO/PROCEDENCIA. DEMAIS    ESCLARECIMENTOS CONFORME MEMO 221/2026, PARECER 247/2026, PE 90005/2025,    ATA 116/2025, PROCESSO SEI: 26.29.000015050-9 E DOCUMENTOS EM ANEXO.        .                                                                           LOCAL DA ENTREGA:ALMOXARIFADO CENTRAL SMS, AV.PERIMETRAL NORTE COND.GOIA    ZEM, BL.E, GALPOES 09/10, VL.JOAO VAZ, CEP:74.425-090, GO/GO. FONES:62-3    524-3401/3407, HORARIO:08:00 AS 17:00.                                      .                                                                           64 - TRANSFERENCIAS DE RECURSOS DO SUS - ATENCAO ESPECIALIZADA              SOLICITACAO FINANCEIRA: 182802/2026                                         , ARP 116/2026, PE 90005/2025                                               CONF. MEMORANDO 221/2026-GEREMO, PARECER 247/2026-GERPSR, PEDIDO DE COMPRAS 289/2026                                                                    .                                                                           01 (ITEM R113) - TESTE DESAFIO C/INDICADOR BIOLOGICO E INTEGRADOR QUIMICO   CLASSE 5 - MARCA: BIONOVA/TERRAGENE                                         COD:678465............4.650UN..............35,00.................162.750,00 VALOR TOTAL:.....................................................162.750,00 .                                                                           OBS: O FORNECIMENTO DEVERA SER EFETUADO C/ PRAZO NAO SUP. A 15 DIAS UTEIS   CONFORME TERMO DE REFERENCIA (9993892) CONTADOS A PARTIR DO                 RECEBIMENTO DA NOTA DE EMPENHO,ENTREGA EM PERFEITAS CONDICOES C/A DEVIDA    ;Pregão;000900052025
20262150018010125;19/05/2026 00:00:00;1956,64;;;0,00;;;0,00;33903000;MATERIAL DE CONSUMO;45810720000150;SECRETARIA MUNICIPAL DE SAUDE;0,00;SECRETARIA MUNICIPAL DE SAUDE                                                                                                                                                                                                                                ;SAUDE - 10;ASSISTENCIA HOSPITALAR E AMBULATORIAL - 302;TRANSFERENCIA DE RECURSOS DO SISTEMA UNICO DE SAUDE - SUS - BLOCO DE MANUTENCAO DAS ACOES E SERVICOS PUBLICOS DE SAUDE - 107;HG SOLUCOES E NEGOCIOS LTDA;DESPESA COM AQUISICAO DE INSUMOS LABORATORIAIS ATRAVES DO 1  PEDIDO FILHO, ARP 002/2026, PE 90039/2025                                                  CONF. MEMORANDO 223/2026-GEREMO, PARECER 257/2026-GERPSR, PEDIDO DE COMPRAS 301/2026                                                                    .                                                                           01 (ITEM R03) - CAMARA NEUBAUER ESPELHADA DUPLA - MARCA: MARIENFELD1.956,64 COD:156612...............14UN.............139,76...................1.956,64 VALOR TOTAL:.......................................................1.956,64 .                                                                           OBS: O FORNECIMENTO DEVERA SER EFETUADO C/ PRAZO NAO SUP. A 15 DIAS UTEIS   CONFORME TERMO DE REFERENCIA (10011902) CONTADOS A PARTIR DO                RECEBIMENTO DA NOTA DE EMPENHO,ENTREGA EM PERFEITAS CONDICOES C/A DEVIDA    NOTA FISCAL, DETALHANDO MARCA/FABRICANTE/MODELO/TIPO/PROCEDENCIA. DEMAIS    ESCLARECIMENTOS CONFORME MEMO 223/2026, PARECER 257/2026, PE 90039/2025,    ATA 002/2026, PROCESSO SEI: 26.29.000015390-7 E DOCUMENTOS EM ANEXO.        .                                                                           LOCAL DA ENTREGA:ALMOXARIFADO CENTRAL SMS, AV.PERIMETRAL NORTE COND.GOIA    ZEM, BL.E, GALPOES 09/10, VL.JOAO VAZ, CEP:74.425-090, GO/GO. FONES:62-3    524-3401/3407, HORARIO:08:00 AS 17:00.                                      .                                                                           64 - TRANSFERENCIAS DE RECURSOS DO SUS - ATENCAO ESPECIALIZADA              SOLICITACAO FINANCEIRA: 182803/2026                                         ;Pregão;000900392025
20262150018010126;20/05/2026 00:00:00;240000,00;0134112026;21/05/2026 00:00:00;120000,00;202621500180101260001;27/05/2026 00:00:00;120000,00;33903000;MATERIAL DE CONSUMO;03370573000103;SECRETARIA MUNICIPAL DE SAUDE;0,00;SECRETARIA MUNICIPAL DE SAUDE                                                                                                                                                                                                                                ;SAUDE - 10;ASSISTENCIA HOSPITALAR E AMBULATORIAL - 302;TRANSFERENCIA DE RECURSOS DO SISTEMA UNICO DE SAUDE - SUS - BLOCO DE MANUTENCAO DAS ACOES E SERVICOS PUBLICOS DE SAUDE - 107;J. T. INDUSTRIA E COMERCIO DE CAFES LTDA;DESPESA COM AQUISICAO DE CAFE EM PO CONFORME TERMO DE HOMOLOGACAO           DO PREGAO ELETRONICO 90023/2025SCC:803406PEDIDO DE COMPRA: 112/2025,        SCC: 803406, 15000PCT - MINUTA 987 - EDITAL RETIFICADA PE Nº 90023/2025     (7896203)TERMO DE REFERENCIA - RETIFICADO Nº 3 - (6955020) ESTUDO           TECNICO PRELIMINAR - ETP -RETIFICADO Nº 2 - (6954427)                       .                                                                           01 - CAFE TORRADO PO PT C/500G - MARCA: AROMA DE OURO                       COD:017299...........12.000PT.............20,00................240.000,00   VALOR TOTAL:...................................................240.000,00   .                                                                           OBS: O FORNECIMENTO DEVERA SER EFETUADO C/ PRAZO NAO SUP. A 20 DIAS         CORRIDOS CONFORME TERMO DE REFERENCIA (6955020) CONTADOS A PARTIR DO        RECEBIMENTO DA NOTA DE EMPENHO,ENTREGA EM PERFEITAS CONDICOES C/A DEVIDA    NOTA FISCAL, DETALHANDO MARCA/FABRICANTE/MODELO/TIPO/PROCEDENCIA. DEMAIS    ESCLARECIMENTOS CONF.PARECER 60/2026,MINUTA 987 - EDITAL RETIFICADA         PE90023/2025,PROCESSO SEI: 25.29.000009297-0 E DOCUMENTOS EM ANEXO          .                                                                           LOCAL DA ENTREGA:ALMOXARIFADO CENTRAL SMS, AV.PERIMETRAL NORTE COND.        GOIAZEM, BL.E, GALPOES 09/10, VL.JOAO VAZ, CEP:74.425-090, GO/GO.           FONES:62-3524-3401/3407, HORARIO:08:00 AS 17:00                             .                                                                           64 - TRANSFERENCIAS DE RECURSOS DO SUS - ATENCAO ESPECIALIZADA              SOLICITACAO FINANCEIRA: 179503/2026                                         ;Pregão;000900232025
20262150018030127;27/05/2026 00:00:00;110153,85;0149152026;09/06/2026 00:00:00;9957,48;;;0,00;33903000;MATERIAL DE CONSUMO;35820448002341;SECRETARIA MUNICIPAL DE SAUDE;0,00;SECRETARIA MUNICIPAL DE SAUDE                                                                                                                                                                                                                                ;SAUDE - 10;ASSISTENCIA HOSPITALAR E AMBULATORIAL - 302;TRANSFERENCIA DE RECURSOS DO SISTEMA UNICO DE SAUDE - SUS - BLOCO DE MANUTENCAO DAS ACOES E SERVICOS PUBLICOS DE SAUDE - 107;WHITE MARTINS GASES INDUSTRIAIS LTDA;DESPESA COM CONTRATO N.085/2023 REFERENTE A PRESTACAO DE SERVICOS DE LOCACAODE CONCENTRADOR, CILINDRO E REGARGA DE OXIGENIO VALORES RELATIVOS A MARCO A MAIO/2026 CONFORME DESPACHO N.8/2026-GERBNP, SCC:632229, PEDIDO DE COMPRA:38/2025 (RECARGA) - SOLICITACAO FINANCEIRA 178913 - 2026.                     .                                                                           VALORES MENSAIS........MAR - 36.717,95....ABR - 36.717,95....MAI - 36.717,95VALOR TOTAL.......................................................110.153,85.                                                                           OBS: REEMPENHO DEVIDO ANULACAO EMPENHO SEM REGISTRO DO IDCOLARE/TCM.        .                                                                           64 - TRANSFERENCIAS DE RECURSOS DO SUS - ATENCAO ESPECIALIZADA              ;Pregão;000000262022
20262150018030127;27/05/2026 00:00:00;110153,85;0179742026;08/07/2026 00:00:00;21767,86;;;0,00;33903000;MATERIAL DE CONSUMO;35820448002341;SECRETARIA MUNICIPAL DE SAUDE;0,00;SECRETARIA MUNICIPAL DE SAUDE                                                                                                                                                                                                                                ;SAUDE - 10;ASSISTENCIA HOSPITALAR E AMBULATORIAL - 302;TRANSFERENCIA DE RECURSOS DO SISTEMA UNICO DE SAUDE - SUS - BLOCO DE MANUTENCAO DAS ACOES E SERVICOS PUBLICOS DE SAUDE - 107;WHITE MARTINS GASES INDUSTRIAIS LTDA;DESPESA COM CONTRATO N.085/2023 REFERENTE A PRESTACAO DE SERVICOS DE LOCACAODE CONCENTRADOR, CILINDRO E REGARGA DE OXIGENIO VALORES RELATIVOS A MARCO A MAIO/2026 CONFORME DESPACHO N.8/2026-GERBNP, SCC:632229, PEDIDO DE COMPRA:38/2025 (RECARGA) - SOLICITACAO FINANCEIRA 178913 - 2026.                     .                                                                           VALORES MENSAIS........MAR - 36.717,95....ABR - 36.717,95....MAI - 36.717,95VALOR TOTAL.......................................................110.153,85.                                                                           OBS: REEMPENHO DEVIDO ANULACAO EMPENHO SEM REGISTRO DO IDCOLARE/TCM.        .                                                                           64 - TRANSFERENCIAS DE RECURSOS DO SUS - ATENCAO ESPECIALIZADA              ;Pregão;000000262022
20262150018030127;27/05/2026 00:00:00;110153,85;0180982026;10/07/2026 00:00:00;22111,49;;;0,00;33903000;MATERIAL DE CONSUMO;35820448002341;SECRETARIA MUNICIPAL DE SAUDE;0,00;SECRETARIA MUNICIPAL DE SAUDE                                                                                                                                                                                                                                ;SAUDE - 10;ASSISTENCIA HOSPITALAR E AMBULATORIAL - 302;TRANSFERENCIA DE RECURSOS DO SISTEMA UNICO DE SAUDE - SUS - BLOCO DE MANUTENCAO DAS ACOES E SERVICOS PUBLICOS DE SAUDE - 107;WHITE MARTINS GASES INDUSTRIAIS LTDA;DESPESA COM CONTRATO N.085/2023 REFERENTE A PRESTACAO DE SERVICOS DE LOCACAODE CONCENTRADOR, CILINDRO E REGARGA DE OXIGENIO VALORES RELATIVOS A MARCO A MAIO/2026 CONFORME DESPACHO N.8/2026-GERBNP, SCC:632229, PEDIDO DE COMPRA:38/2025 (RECARGA) - SOLICITACAO FINANCEIRA 178913 - 2026.                     .                                                                           VALORES MENSAIS........MAR - 36.717,95....ABR - 36.717,95....MAI - 36.717,95VALOR TOTAL.......................................................110.153,85.                                                                           OBS: REEMPENHO DEVIDO ANULACAO EMPENHO SEM REGISTRO DO IDCOLARE/TCM.        .                                                                           64 - TRANSFERENCIAS DE RECURSOS DO SUS - ATENCAO ESPECIALIZADA              ;Pregão;000000262022
20262150018710008;07/05/2026 00:00:00;21240,00;;;0,00;;;0,00;33903000;MATERIAL DE CONSUMO;16699864000183;SECRETARIA MUNICIPAL DE SAUDE;0,00;SECRETARIA MUNICIPAL DE SAUDE                                                                                                                                                                                                                                ;SAUDE - 10;ASSISTENCIA HOSPITALAR E AMBULATORIAL - 302;TRANSFERENCIA DE RECURSOS DO SISTEMA UNICO DE SAUDE - SUS / ESTADOS - 131;SANTE MEDICA HOSPITALAR LTDA;DESPESA COM AQUISICAO DE MEDICAMENTOS ATRAVES DO 4  PEDIDO FILHO, ARP 039/2025, PE 90002/2025                                                           CONF. MEMORANDO 214/2026-GEREMO, PARECER 241/2026-GERPSR, PEDIDO DE COMPRAS 281/2026                                                                    .                                                                           01 (ITEM R11) - CITALOPRAM BROMIDRATO 20MG COMPRIMIDO - MARCA: RANBAXY      COD:464120..........103.000UN..............00,09...................9.270,00 02 (ITEM R27) - NORTRIPTILINA CLORIDRATO 25MG CAPSULA - MARCA: RANBAXY      COD:316520...........57.000UN..............00,21..................11.970,00 VALOR TOTAL:......................................................21.240,00 .                                                                           OBS: O FORNECIMENTO DEVERA SER EFETUADO C/ PRAZO NAO SUP. A 20 DIAS         CORRIDOS CONFORME TERMO DE REFERENCIA (9927933) CONTADOS A PARTIR DO        RECEBIMENTO DA NOTA DE EMPENHO,ENTREGA EM PERFEITAS CONDICOES C/A DEVIDA    NOTA FISCAL, DETALHANDO MARCA/FABRICANTE/MODELO/TIPO/PROCEDENCIA. DEMAIS    ESCLARECIMENTOS CONFORME MEMO 214/2026, PARECER 241/2026, PE 90002/2025,    ATA 39/2025, PROCESSO SEI: 26.29.000014066-0 E DOCUMENTOS EM ANEXO.         .                                                                           LOCAL DA ENTREGA:ALMOXARIFADO CENTRAL SMS, AV.PERIMETRAL NORTE COND.GOIA    ZEM, BL.E, GALPOES 09/10, VL.JOAO VAZ, CEP:74.425-090, GO/GO. FONES:62-3    524-3401/3407, HORARIO:08:00 AS 17:00.                                      .                                                                           13 - TRANSFERENCIAS DE RECURSOS DO SUS - ASSITENCIA FARMACEUTICA            SOLICITACAO FINANCEIRA: 182398/2026                                         ;Pregão;000900022025
20262150018710009;07/05/2026 00:00:00;60546,00;0191342026;22/07/2026 00:00:00;60354,00;;;0,00;33903000;MATERIAL DE CONSUMO;21681325000157;SECRETARIA MUNICIPAL DE SAUDE;0,00;SECRETARIA MUNICIPAL DE SAUDE                                                                                                                                                                                                                                ;SAUDE - 10;ASSISTENCIA HOSPITALAR E AMBULATORIAL - 302;TRANSFERENCIA DE RECURSOS DO SISTEMA UNICO DE SAUDE - SUS / ESTADOS - 131;MULTIFARMA COMERCIAL LTDA;DESPESA COM AQUISICAO DE MEDICAMENTOS ATRAVES DO 5  PEDIDO FILHO, ARP 036/2025, PE 90002/2025                                                           CONF. MEMORANDO 217/2026-GEREMO, PARECER 244/2026-GERPSR, PEDIDO DE COMPRAS 284/2026                                                                    .                                                                           01 (ITEM R10) - CARBONATO LITIO 300MG COMPRIMIDO - MARCA: HIPOLABOR         COD:336130..........217.000UN..............0,198..................42.966,00 02 (ITEM R12) - CLOMIPRAMINA CLORIDRATO 25MG COMPRIMIDO - MARCA: EMS        COD:103110...........14.000UN..............01,05..................14.700,00 03 (ITEM R14) - CLONAZEPAM 2,5MG/ML GOTAS FR C/20ML - MARCA: HIPOLABOR      COD:336106............1.500FR..............01,92...................2.880,00 VALOR TOTAL:......................................................60.546,00 .                                                                           OBS: O FORNECIMENTO DEVERA SER EFETUADO C/ PRAZO NAO SUP. A 20 DIAS         CORRIDOS CONFORME TERMO DE REFERENCIA (9945293) CONTADOS A PARTIR DO        RECEBIMENTO DA NOTA DE EMPENHO,ENTREGA EM PERFEITAS CONDICOES C/A DEVIDA    NOTA FISCAL, DETALHANDO MARCA/FABRICANTE/MODELO/TIPO/PROCEDENCIA. DEMAIS    ESCLARECIMENTOS CONFORME MEMO 217/2026, PARECER 244/2026, PE 90002/2025,    ATA 36/2025, PROCESSO SEI: 26.29.000014343-0 E DOCUMENTOS EM ANEXO.         .                                                                           LOCAL DA ENTREGA:ALMOXARIFADO CENTRAL SMS, AV.PERIMETRAL NORTE COND.GOIA    ZEM, BL.E, GALPOES 09/10, VL.JOAO VAZ, CEP:74.425-090, GO/GO. FONES:62-3    524-3401/3407, HORARIO:08:00 AS 17:00.                                      .                                                                           13 - TRANSFERENCIAS DE RECURSOS DO SUS - ASSITENCIA FARMACEUTICA            SOLICITACAO FINANCEIRA: 182396/2026                                         ;Pregão;000900022025
20262150018710010;12/05/2026 00:00:00;56661,00;0191662026;22/07/2026 00:00:00;56661,00;202621500187100100001;24/07/2026 00:00:00;56661,00;33903000;MATERIAL DE CONSUMO;12889035000293;SECRETARIA MUNICIPAL DE SAUDE;0,00;SECRETARIA MUNICIPAL DE SAUDE                                                                                                                                                                                                                                ;SAUDE - 10;ASSISTENCIA HOSPITALAR E AMBULATORIAL - 302;TRANSFERENCIA DE RECURSOS DO SISTEMA UNICO DE SAUDE - SUS / ESTADOS - 131;INOVAMED HOSPITALAR LTDA;DESPESA COM AQUISIÇÃO DE MEDICAMENTOS ATRAVÉS DO 3  PEDIDO FILHO, ARP 045/2025, PE 90002/2025 - CONF. MEMORANDO 211/2026-GEREMO, PARECER 230/2026-GERPSR, PEDIDO DE COMPRAS 269/2026                                                .                                                                           01 (ITEM R29) - SERTRALINA CLORIDRATO 50MG COMPRIMIDO - MARCA: CIMED        COD:395315..........561.000UN.............0,1010..................56.661,00 VALOR TOTAL:......................................................56.661,00 .                                                                           OBS: O FORNECIMENTO DEVERA SER EFETUADO C/ PRAZO NAO SUP. A 20 DIAS         CORRIDOS CONFORME TERMO DE REFERENCIA (9927247) CONTADOS A PARTIR DO        RECEBIMENTO DA NOTA DE EMPENHO,ENTREGA EM PERFEITAS CONDICOES C/A DEVIDA    NOTA FISCAL, DETALHANDO MARCA/FABRICANTE/MODELO/TIPO/PROCEDENCIA. DEMAIS    ESCLARECIMENTOS CONFORME MEMO 211/2026, PARECER 230/2026, PE 90002/2025,    ATA 45/2025, PROCESSO SEI: 26.29.000014046-5 E DOCUMENTOS EM ANEXO.         .                                                                           LOCAL DA ENTREGA:ALMOXARIFADO CENTRAL SMS, AV.PERIMETRAL NORTE COND.GOIA    ZEM, BL.E, GALPOES 09/10, VL.JOAO VAZ, CEP:74.425-090, GO/GO. FONES:62-3    524-3401/3407, HORARIO:08:00 AS 17:00.                                      .                                                                           13 - TRANSFERENCIAS DE RECURSOS DO SUS - ASSITENCIA FARMACEUTICA            SOLICITACAO FINANCEIRA: 182402/2026                                         ;Pregão;000900022025
20262150018710011;18/05/2026 00:00:00;275335,20;0187032026;20/07/2026 00:00:00;165201,12;;;0,00;33903000;MATERIAL DE CONSUMO;16699864000183;SECRETARIA MUNICIPAL DE SAUDE;0,00;SECRETARIA MUNICIPAL DE SAUDE                                                                                                                                                                                                                                ;SAUDE - 10;ASSISTENCIA HOSPITALAR E AMBULATORIAL - 302;TRANSFERENCIA DE RECURSOS DO SISTEMA UNICO DE SAUDE - SUS / ESTADOS - 131;SANTE MEDICA HOSPITALAR LTDA;DESPESA COM AQUISICAO DE DIETAS ESPECIAIS E FORMULAS INFANTIS ATRAVES DO 14 PEDIDO FILHO, ARP 029/2025, PE 90006/2025                                   CONF. MEMORANDO 237/2026-GEREMO, PARECER 269/2026-GERPSR, PEDIDO DE COMPRAS 333/2026                                                                    .                                                                           01 (ITEM R13) - DIETA ENTERAL PEDIATRICA ATE 10 ANOS PO ISENTA DE LACTOSE/0 GLUTEN SABOR NEUTRO OU BAUNILHA - MARCA: DANONE                             COD:468754............3.240KG..............84,98.................275.335,20 VALOR TOTAL:.....................................................275.335,20 .                                                                           OBS: O FORNECIMENTO DEVERA SER EFETUADO C/ PRAZO NAO SUP. A 20 DIAS         CORRIDOS CONFORME TERMO DE REFERENCIA (10138060) CONTADOS A PARTIR DO       RECEBIMENTO DA NOTA DE EMPENHO,ENTREGA EM PERFEITAS CONDICOES C/A DEVIDA    NOTA FISCAL, DETALHANDO MARCA/FABRICANTE/MODELO/TIPO/PROCEDENCIA. DEMAIS    ESCLARECIMENTOS CONFORME MEMO 237/2026, PARECER 269/2026, PE 90006/2025,    ATA 29/2025, PROCESSO SEI: 25.29.000017365-7 E DOCUMENTOS EM ANEXO.         .                                                                           LOCAL DA ENTREGA:ALMOXARIFADO CENTRAL SMS, AV.PERIMETRAL NORTE COND.GOIA    ZEM, BL.E, GALPOES 09/10, VL.JOAO VAZ, CEP:74.425-090, GO/GO. FONES:62-3    524-3401/3407, HORARIO:08:00 AS 17:00.                                      .                                                                           13 - TRANSFERENCIAS DE RECURSOS DO SUS - ASSITENCIA FARMACEUTICA            SOLICITACAO FINANCEIRA: 182795/2026                                         ;Pregão;000900062025
20262150018710011;18/05/2026 00:00:00;275335,20;0187062026;20/07/2026 00:00:00;32326,39;;;0,00;33903000;MATERIAL DE CONSUMO;16699864000183;SECRETARIA MUNICIPAL DE SAUDE;0,00;SECRETARIA MUNICIPAL DE SAUDE                                                                                                                                                                                                                                ;SAUDE - 10;ASSISTENCIA HOSPITALAR E AMBULATORIAL - 302;TRANSFERENCIA DE RECURSOS DO SISTEMA UNICO DE SAUDE - SUS / ESTADOS - 131;SANTE MEDICA HOSPITALAR LTDA;DESPESA COM AQUISICAO DE DIETAS ESPECIAIS E FORMULAS INFANTIS ATRAVES DO 14 PEDIDO FILHO, ARP 029/2025, PE 90006/2025                                   CONF. MEMORANDO 237/2026-GEREMO, PARECER 269/2026-GERPSR, PEDIDO DE COMPRAS 333/2026                                                                    .                                                                           01 (ITEM R13) - DIETA ENTERAL PEDIATRICA ATE 10 ANOS PO ISENTA DE LACTOSE/0 GLUTEN SABOR NEUTRO OU BAUNILHA - MARCA: DANONE                             COD:468754............3.240KG..............84,98.................275.335,20 VALOR TOTAL:.....................................................275.335,20 .                                                                           OBS: O FORNECIMENTO DEVERA SER EFETUADO C/ PRAZO NAO SUP. A 20 DIAS         CORRIDOS CONFORME TERMO DE REFERENCIA (10138060) CONTADOS A PARTIR DO       RECEBIMENTO DA NOTA DE EMPENHO,ENTREGA EM PERFEITAS CONDICOES C/A DEVIDA    NOTA FISCAL, DETALHANDO MARCA/FABRICANTE/MODELO/TIPO/PROCEDENCIA. DEMAIS    ESCLARECIMENTOS CONFORME MEMO 237/2026, PARECER 269/2026, PE 90006/2025,    ATA 29/2025, PROCESSO SEI: 25.29.000017365-7 E DOCUMENTOS EM ANEXO.         .                                                                           LOCAL DA ENTREGA:ALMOXARIFADO CENTRAL SMS, AV.PERIMETRAL NORTE COND.GOIA    ZEM, BL.E, GALPOES 09/10, VL.JOAO VAZ, CEP:74.425-090, GO/GO. FONES:62-3    524-3401/3407, HORARIO:08:00 AS 17:00.                                      .                                                                           13 - TRANSFERENCIAS DE RECURSOS DO SUS - ASSITENCIA FARMACEUTICA            SOLICITACAO FINANCEIRA: 182795/2026                                         ;Pregão;000900062025
20262150018710011;18/05/2026 00:00:00;275335,20;0187072026;20/07/2026 00:00:00;77807,69;;;0,00;33903000;MATERIAL DE CONSUMO;16699864000183;SECRETARIA MUNICIPAL DE SAUDE;0,00;SECRETARIA MUNICIPAL DE SAUDE                                                                                                                                                                                                                                ;SAUDE - 10;ASSISTENCIA HOSPITALAR E AMBULATORIAL - 302;TRANSFERENCIA DE RECURSOS DO SISTEMA UNICO DE SAUDE - SUS / ESTADOS - 131;SANTE MEDICA HOSPITALAR LTDA;DESPESA COM AQUISICAO DE DIETAS ESPECIAIS E FORMULAS INFANTIS ATRAVES DO 14 PEDIDO FILHO, ARP 029/2025, PE 90006/2025                                   CONF. MEMORANDO 237/2026-GEREMO, PARECER 269/2026-GERPSR, PEDIDO DE COMPRAS 333/2026                                                                    .                                                                           01 (ITEM R13) - DIETA ENTERAL PEDIATRICA ATE 10 ANOS PO ISENTA DE LACTOSE/0 GLUTEN SABOR NEUTRO OU BAUNILHA - MARCA: DANONE                             COD:468754............3.240KG..............84,98.................275.335,20 VALOR TOTAL:.....................................................275.335,20 .                                                                           OBS: O FORNECIMENTO DEVERA SER EFETUADO C/ PRAZO NAO SUP. A 20 DIAS         CORRIDOS CONFORME TERMO DE REFERENCIA (10138060) CONTADOS A PARTIR DO       RECEBIMENTO DA NOTA DE EMPENHO,ENTREGA EM PERFEITAS CONDICOES C/A DEVIDA    NOTA FISCAL, DETALHANDO MARCA/FABRICANTE/MODELO/TIPO/PROCEDENCIA. DEMAIS    ESCLARECIMENTOS CONFORME MEMO 237/2026, PARECER 269/2026, PE 90006/2025,    ATA 29/2025, PROCESSO SEI: 25.29.000017365-7 E DOCUMENTOS EM ANEXO.         .                                                                           LOCAL DA ENTREGA:ALMOXARIFADO CENTRAL SMS, AV.PERIMETRAL NORTE COND.GOIA    ZEM, BL.E, GALPOES 09/10, VL.JOAO VAZ, CEP:74.425-090, GO/GO. FONES:62-3    524-3401/3407, HORARIO:08:00 AS 17:00.                                      .                                                                           13 - TRANSFERENCIAS DE RECURSOS DO SUS - ASSITENCIA FARMACEUTICA            SOLICITACAO FINANCEIRA: 182795/2026                                         ;Pregão;000900062025
20262150018710012;18/05/2026 00:00:00;179908,00;0193412026;23/07/2026 00:00:00;179908,00;;;0,00;33903000;MATERIAL DE CONSUMO;52415745000115;SECRETARIA MUNICIPAL DE SAUDE;0,00;SECRETARIA MUNICIPAL DE SAUDE                                                                                                                                                                                                                                ;SAUDE - 10;ASSISTENCIA HOSPITALAR E AMBULATORIAL - 302;TRANSFERENCIA DE RECURSOS DO SISTEMA UNICO DE SAUDE - SUS / ESTADOS - 131;VIA PRIME NUTRICAO HOSPITALAR LTDA;NOTA FISCAL, DETALHANDO MARCA/FABRICANTE/MODELO/TIPO/PROCEDENCIA. DEMAIS    ESCLARECIMENTOS CONFORME MEMO 238/2026, PARECER 270/2026, PE 90006/2025,    ATA 30/2025, PROCESSO SEI: 25.29.000017400-9 E DOCUMENTOS EM ANEXO.         .                                                                           LOCAL DA ENTREGA:ALMOXARIFADO CENTRAL SMS, AV.PERIMETRAL NORTE COND.GOIA    ZEM, BL.E, GALPOES 09/10, VL.JOAO VAZ, CEP:74.425-090, GO/GO. FONES:62-3    524-3401/3407, HORARIO:08:00 AS 17:00.                                      .                                                                           13 - TRANSFERENCIAS DE RECURSOS DO SUS - ASSITENCIA FARMACEUTICA            SOLICITACAO FINANCEIRA: 182800/2026                                         DESPESA COM 7 PEDIDO FILHO DA ATA NR. 030/2025, DO PREGAO ELETRONICO NR. 90 006/2025, PARA A AQUISICAO DE DIETAS ESPECIAIS E FORMULAS INFANTIS PARA O ABASTECIMENTO DA SMS POR UM PERIODO DE 04 MESES                               CONFORME MEMORANDO NR. 238/2026-GEREMO, PARECER NR. 270/2026, PEDIDO DE COMPRA NR 334/2026                                                              .                                                                           01 (ITEM R04) - FORMULA ORAL ENTERAL HIPER:CALORICA PROTEICA ESPC. P/CICA   TRIZ. ULCERA PRESSAO C/ARGININA, ZINCO, SELEN. VIT. A,E,C UN C/200 ML       MARCA: NESTLE                                                               COD:507377...........16.400UN..............10,97.................179.908,00 VALOR TOTAL:.....................................................179.908,00 .                                                                           OBS: O FORNECIMENTO DEVERA SER EFETUADO C/ PRAZO NAO SUP. A 20 DIAS         CORRIDOS CONFORME TERMO DE REFERENCIA (10140124) CONTADOS A PARTIR DO       RECEBIMENTO DA NOTA DE EMPENHO,ENTREGA EM PERFEITAS CONDICOES C/A DEVIDA    ;Pregão;000900062025
20262150018710013;19/05/2026 00:00:00;11070,00;0168842026;26/06/2026 00:00:00;11069,10;202621500187100130001;26/06/2026 00:00:00;11069,10;33903000;MATERIAL DE CONSUMO;17700763000148;SECRETARIA MUNICIPAL DE SAUDE;0,00;SECRETARIA MUNICIPAL DE SAUDE                                                                                                                                                                                                                                ;SAUDE - 10;ASSISTENCIA HOSPITALAR E AMBULATORIAL - 302;TRANSFERENCIA DE RECURSOS DO SISTEMA UNICO DE SAUDE - SUS / ESTADOS - 131;MEDFUTURA DISTRIBUIDORA DE MEDICAMENTOS PROD DE SAUDE LTDA;DESPESA COM AQUISICAO DE MEDICAMENTOS ATRAVES DO 2  PEDIDO FILHO, ARP 043/2025, PE 90002/2025                                                           CONF. MEMORANDO 215/2026-GEREMO, PARECER 242/2026-GERPSR, PEDIDO DE COMPRAS 282/2026                                                                    .                                                                           01 (ITEM R22) - FLUOXETINA CLORIDRATO 20MG CAPSULA/COMPRIMIDO - MARCA:TEUTO COD:401200..........246.000UN..............0,045..................11.070,00 VALOR TOTAL:......................................................11.070,00 .                                                                           OBS: O FORNECIMENTO DEVERA SER EFETUADO C/ PRAZO NAO SUP. A 20 DIAS         CORRIDOS CONFORME TERMO DE REFERENCIA (9928722) CONTADOS A PARTIR DO        RECEBIMENTO DA NOTA DE EMPENHO,ENTREGA EM PERFEITAS CONDICOES C/A DEVIDA    NOTA FISCAL, DETALHANDO MARCA/FABRICANTE/MODELO/TIPO/PROCEDENCIA. DEMAIS    ESCLARECIMENTOS CONFORME MEMO 215/2026, PARECER 242/2026, PE 90002/2025,    ATA 43/2025, PROCESSO SEI: 26.29.000014075-9 E DOCUMENTOS EM ANEXO.         .                                                                           LOCAL DA ENTREGA:ALMOXARIFADO CENTRAL SMS, AV.PERIMETRAL NORTE COND.GOIA    ZEM, BL.E, GALPOES 09/10, VL.JOAO VAZ, CEP:74.425-090, GO/GO. FONES:62-3    524-3401/3407, HORARIO:08:00 AS 17:00.                                      .                                                                           13 - TRANSFERENCIAS DE RECURSOS DO SUS - ASSITENCIA FARMACEUTICA            SOLICITACAO FINANCEIRA: 182797/2026                                         ;Pregão;000900022025
20262150018710014;19/05/2026 00:00:00;27450,00;;;0,00;;;0,00;33903000;MATERIAL DE CONSUMO;94389400000184;SECRETARIA MUNICIPAL DE SAUDE;0,00;SECRETARIA MUNICIPAL DE SAUDE                                                                                                                                                                                                                                ;SAUDE - 10;ASSISTENCIA HOSPITALAR E AMBULATORIAL - 302;TRANSFERENCIA DE RECURSOS DO SISTEMA UNICO DE SAUDE - SUS / ESTADOS - 131;MCW PRODUTOS MEDICOS E HOSPITALARES LTDA;.                                                                           LOCAL DA ENTREGA:ALMOXARIFADO CENTRAL SMS, AV.PERIMETRAL NORTE COND.GOIA    ZEM, BL.E, GALPOES 09/10, VL.JOAO VAZ, CEP:74.425-090, GO/GO. FONES:62-3    524-3401/3407, HORARIO:08:00 AS 17:00.                                      .                                                                           13 - TRANSFERENCIAS DE RECURSOS DO SUS - ASSITENCIA FARMACEUTICA            SOLICITACAO FINANCEIRA: 182798/2026                                         DESPESA COM AQUISICAO DE MEDICAMENTOS ATRAVES DO 2  PEDIDO FILHO, ARP 038/2025, PE 90002/2025                                                           CONF. MEMORANDO 216/2026-GEREMO, PARECER 243/2026-GERPSR, PEDIDO DE COMPRAS 283/2026                                                                    .                                                                           01 (ITEM R08) - CARBAMAZEPINA 400MG COMPRIMIDO - MARCA: BIOCHIMICO          COD:378771...........61.000UN..............00,45..................27.450,00 VALOR TOTAL:......................................................27.450,00 .                                                                           OBS: O FORNECIMENTO DEVERA SER EFETUADO C/ PRAZO NAO SUP. A 20 DIAS         CORRIDOS CONFORME TERMO DE REFERENCIA (9943656) CONTADOS A PARTIR DO        RECEBIMENTO DA NOTA DE EMPENHO,ENTREGA EM PERFEITAS CONDICOES C/A DEVIDA    NOTA FISCAL, DETALHANDO MARCA/FABRICANTE/MODELO/TIPO/PROCEDENCIA. DEMAIS    ESCLARECIMENTOS CONFORME MEMO 216/2026, PARECER 243/2026, PE 90002/2025,    ATA 38/2025, PROCESSO SEI: 26.29.000014317-0 E DOCUMENTOS EM ANEXO.         ;Pregão;000900022025
20262150018710015;19/05/2026 00:00:00;88999,20;0191482026;22/07/2026 00:00:00;88999,20;;;0,00;33903000;MATERIAL DE CONSUMO;09034672000192;SECRETARIA MUNICIPAL DE SAUDE;0,00;SECRETARIA MUNICIPAL DE SAUDE                                                                                                                                                                                                                                ;SAUDE - 10;ASSISTENCIA HOSPITALAR E AMBULATORIAL - 302;TRANSFERENCIA DE RECURSOS DO SISTEMA UNICO DE SAUDE - SUS / ESTADOS - 131;MAEVE PRODUTOS HOSPITALARES LTDA;DESPESA COM AQUISICAO DE MEDICAMENTOS ATRAVES DO 3  PEDIDO FILHO, ARP 033/2025, PE 90002/2025                                                           CONF. MEMORANDO 191/2026-GEREMO, PARECER 249/2026-GERPSR, PEDIDO DE COMPRAS 291/2026 - SOLICITACAO FINANCEIRA 182794 - 2026 - SCC 816281.               .                                                                           01 (ITEM R01) - ACIDO VALPROICO/VALPROATO DE SODIO 250MG CAPSULA/COMPRIMIDO MARCA: ABBOTT                                                               COD:401234..........120.000UN.............0,1942..................23.304,00 02 (ITEM R02) - ACIDO VALPROICO/VALPROATO DE SODIO 500MG CAPSULA/COMPRIMIDO MARCA: ABBOTT                                                               COD:455148..........124.000UN.............0,5298..................65.695,20 VALOR TOTAL:......................................................88.999,20 .                                                                           O PRAZO DE ENTREGA DOS BENS E DE 20 (VINTE)DIAS, CONTADOS APOS O RECEBIMENTODA ORDEM DE ENTREGA OU NOTA DE EMPENHO/AUTORIZACAO DE FORNECIMENTO E ACOMPA-NHADOS DOS DOCUMENTOS FISCAIS RESPECTIVOS, DEVE CONTER, OBRIGATORIAMENTE, A ESPECIFICACAO DO ITEM, MARCA DO FABRICANTE E QUANTIDADE ENTREGUE. DEMAIS    ESCLARECIMENTOS CONF.MEMO 191/2026-GEREMO, EDITAL 90002/2025 SRP-GEREMO, ATA33/2025-GEREMO, PARECER 249-GEREMO E ANEXOS SEI 26.29.000013238-1.          .                                                                           LOCAL DA ENTREGA:ALMOXARIFADO CENTRAL SMS, AV.PERIMETRAL NORTE COND.GOIA    ZEM, BL.E, GALPOES 09/10, VL.JOAO VAZ, CEP:74.425-090, GO/GO. FONES:62-3524-3404/3407, AGENDAR ENTREGA ATRAVES DO EMAIL:CIAD.GOIANIA@BRANETOLGISTICA.COM.BR,                                                                        13 - ASSISTENCIA FARMACIA BASICA                                            ;Pregão;000900022025
20262150018710016;19/05/2026 00:00:00;8050,00;;;0,00;;;0,00;33903000;MATERIAL DE CONSUMO;08778201000126;SECRETARIA MUNICIPAL DE SAUDE;8050,00;SECRETARIA MUNICIPAL DE SAUDE                                                                                                                                                                                                                                ;SAUDE - 10;ASSISTENCIA HOSPITALAR E AMBULATORIAL - 302;TRANSFERENCIA DE RECURSOS DO SISTEMA UNICO DE SAUDE - SUS / ESTADOS - 131;DROGAFONTE;DESPESA COM AQUISICAO EMERGENCIAL DE MEDICAMENTOS PARA A SMS PARA UM PERIODOESTIMADO DE 180 DIAS - CONF. DFD 36-GEREMO, PARECER 218/2026-GERPSR, PEDIDO DE COMPRAS 249/2026 - ITEM: 15                                              .                                                                           15 - CLORIDRATO TIAMINA 300MG COMPRIMIDO - MARCA:PRATI DONADUZZI            COD:001210...........35.000UN..............00,23...................8.050,00 VALOR TOTAL:.......................................................8.050,00 .                                                                           O PRAZO DE ENTREGA DOS BENS E DE 15 (QUINZE) DIAS CORRIDOS, EM PARCELA UNICA, CONTADOS APOS O RECEBIMENTO DA ORDEM DE ENTREGA OU NOTA DE EMPENHO/       AUTORIZACAO DE FORNECIMENTO, ACOMPANHADOS DOS DOCUMENTOS FISCAIS RESPECTIVOS, QUE DEVEM CONTER, OBRIGATORIAMENTE, A ESPECIFICACAO DO ITEM, MARCA DO FABRICANTE E QUANTIDADE ENTREGUE.                                               .                                                                           OS BENS DEVERAO SER ENTREGUES NO ALMOXARIFADO CENTRAL DA SECRETARIA         MUNICIPAL DE SAUDE, NO SEGUINTE ENDERECO: AVENIDA PERIMETRAL NORTE, CONDOMINIO GOIAZEM, BLOCO E, GALPAO 09 E 10, VILA JOãO VAZ, CEP: 74.445-190, GOIANIA.                                                                           13 - TRANSFERENCIAS DE RECURSOS DO SUS - ASSITENCIA FARMACEUTICA            SOLICITACAO FINANCEIRA: 182782/2026                                         ;Dispensa de Licitação;000000792026
20262150018710017;19/05/2026 00:00:00;56320,00;;;0,00;;;0,00;33903000;MATERIAL DE CONSUMO;67729178000491;SECRETARIA MUNICIPAL DE SAUDE;56320,00;SECRETARIA MUNICIPAL DE SAUDE                                                                                                                                                                                                                                ;SAUDE - 10;ASSISTENCIA HOSPITALAR E AMBULATORIAL - 302;TRANSFERENCIA DE RECURSOS DO SISTEMA UNICO DE SAUDE - SUS / ESTADOS - 131;COMERCIAL CIRURGICA RIOCLARENSE LTDA;"ESTIMADO DE 180 DIAS - CONF. DFD 36-GEREMO, PARECER 218/2026-GERPSR, PEDIDO DE COMPRAS 249/2026 - ITEM:7                                                .                                                                           07 - HEPARINA SODICA 5000 UI/ML AMPOLA FR C/0,250ML                         MARCA: HIPOLABOR                                                            COD:388319............8.000FR..............07,04..................56.320,00 VALOR TOTAL:......................................................56.320,00 .                                                                           O PRAZO DE ENTREGA DOS BENS E DE 15 (QUINZE) DIAS CORRIDOS, EM PARCELA UNICACONTADOS APOS O RECEBIMENTO DA ORDEM DE ENTREGA OU NOTA DE EMPENHO/AUTORIZACAO DE FORNECIMENTO, ACOMPANHADOS DOS DOCUMENTOS FISCAIS RESPECTIVOS, QUE DEVEM CONTER, OBRIGATORIAMENTE, A ESPECIFICACAO DO ITEM, MARCA DO FABRICANTE E QUANTIDADE ENTREGUE.                                                        .                                                                           OS BENS DEVERAO SER ENTREGUES NO ALMOXARIFADO CENTRAL DA SECRETARIA MUNICIPAL DE SAUDE, NO SEGUINTE ENDERECO: AVENIDA PERIMETRAL NORTE, CONDOMINIO GOIAZEM, BLOCO E, GALPAO 09 E 10, VILA JOãO VAZ, CEP: 74.445-190, GOIANIA;       .                                                                           13 - TRANSFERENCIAS DE RECURSOS DO SUS - ASSITENCIA FARMACEUTICA            SOLICITACAO FINANCEIRA: 182785/2026                                         DESPESA COM AQUISICAO EMERGENCIAL DE MEDICAMENTOS PARA A SMS PARA UM PERIODO";Dispensa de Licitação;000000792026
20262150018710018;19/05/2026 00:00:00;28768,00;;;0,00;;;0,00;33903000;MATERIAL DE CONSUMO;10446719000104;SECRETARIA MUNICIPAL DE SAUDE;28768,00;SECRETARIA MUNICIPAL DE SAUDE                                                                                                                                                                                                                                ;SAUDE - 10;ASSISTENCIA HOSPITALAR E AMBULATORIAL - 302;TRANSFERENCIA DE RECURSOS DO SISTEMA UNICO DE SAUDE - SUS / ESTADOS - 131;BIOTEC BIOLOGICA IND. FARMACEUTICA LTDA - EPP;"DESPESA COM AQUISICAO EMERGENCIAL DE MEDICAMENTOS PARA A SMS PARA UM PERIODOESTIMADO DE 180 DIAS - CONF. DFD 36-GEREMO, PARECER 218/2026-GERPSR, PEDIDO DE COMPRAS 249/2026 - ITEM:14                                               .                                                                           14 - SALBUTAMOL SULFATO AEROSOL 100 MCG/DOSE INALACAO 200 DOSES             FR C/200UN - MARCA: PHARMASCIENCE                                           COD:447315............3.200FR..............08,99..................28.768,00 VALOR TOTAL:......................................................28.768,00 .                                                                           O PRAZO DE ENTREGA DOS BENS E DE 15 (QUINZE) DIAS CORRIDOS, EM PARCELA UNICACONTADOS APOS O RECEBIMENTO DA ORDEM DE ENTREGA OU NOTA DE EMPENHO/AUTORIZACAO DE FORNECIMENTO, ACOMPANHADOS DOS DOCUMENTOS FISCAIS RESPECTIVOS, QUE DEVEM CONTER, OBRIGATORIAMENTE, A ESPECIFICACAO DO ITEM, MARCA DO FABRICANTE E QUANTIDADE ENTREGUE.                                                        .                                                                           OS BENS DEVERAO SER ENTREGUES NO ALMOXARIFADO CENTRAL DA SECRETARIA MUNICIPAL DE SAUDE, NO SEGUINTE ENDERECO: AVENIDA PERIMETRAL NORTE, CONDOMINIO GOIAZEM, BLOCO E, GALPAO 09 E 10, VILA JOãO VAZ, CEP: 74.445-190, GOIANIA;       .                                                                           13 - TRANSFERENCIAS DE RECURSOS DO SUS - ASSITENCIA FARMACEUTICA            SOLICITACAO FINANCEIRA: 182787/2026                                         ";Dispensa de Licitação;000000792026
20262150018710019;19/05/2026 00:00:00;34202,00;;;0,00;;;0,00;33903000;MATERIAL DE CONSUMO;14115388000180;SECRETARIA MUNICIPAL DE SAUDE;34202,00;SECRETARIA MUNICIPAL DE SAUDE                                                                                                                                                                                                                                ;SAUDE - 10;ASSISTENCIA HOSPITALAR E AMBULATORIAL - 302;TRANSFERENCIA DE RECURSOS DO SISTEMA UNICO DE SAUDE - SUS / ESTADOS - 131;ELLO DISTRIBUICAO LTDA;"DESPESA COM AQUISICAO EMERGENCIAL DE MEDICAMENTOS PARA A SMS PARA UM PERIODOESTIMADO DE 180 DIAS - CONF. DFD 36-GEREMO, PARECER 218/2026-GERPSR, PEDIDO DE COMPRAS 249/2026 - ITENS:5,8 E 11                                        .                                                                           05 - ESPIRONOLACTONA 25MG COMPRIMIDO - MARCA: EMS                           COD:017744...........96.000UN..............00,18..................17.280,00 08 - IVERMECTINA 6MG COMPRIMIDO - MARCA: LEVERCTIN/EMS                      COD:663972............3.700UN..............00,26.....................962,00 11 - METRONIDAZOL 40MG/ML SUSPENSAO ORAL - MARCA: EMS                       COD:445460..........228.000ML..............00,07..................15.960,00 VALOR TOTAL:......................................................34.202,00 .                                                                           O PRAZO DE ENTREGA DOS BENS E DE 15 (QUINZE) DIAS CORRIDOS, EM PARCELA UNICA, CONTADOS APOS O RECEBIMENTO DA ORDEM DE ENTREGA OU NOTA DE EMPENHO/AUTORIZACAO DE FORNECIMENTO, ACOMPANHADOS DOS DOCUMENTOS FISCAIS RESPECTIVOS,      QUE DEVEM CONTER, OBRIGATORIAMENTE, A ESPECIFICACAO DO ITEM, MARCA DO FABRICANTE E QUANTIDADE ENTREGUE.                                                 .                                                                           OS BENS DEVERAO SER ENTREGUES NO ALMOXARIFADO CENTRAL DA SECRETARIA MUNICIPAL DE SAUDE, NO SEGUINTE ENDERECO: AVENIDA PERIMETRAL NORTE, CONDOMINIO      GOIAZEM, BLOCO E, GALPAO 09 E 10, VILA JOãO VAZ, CEP: 74.445-190, GOIANIA;  .                                                                           13 - TRANSFERENCIAS DE RECURSOS DO SUS - ASSITENCIA FARMACEUTICA            SOLICITACAO FINANCEIRA: 182788/2026                                         ";Dispensa de Licitação;000000792026
20262150018710020;19/05/2026 00:00:00;43617,80;;;0,00;;;0,00;33903000;MATERIAL DE CONSUMO;12889035000293;SECRETARIA MUNICIPAL DE SAUDE;43617,80;SECRETARIA MUNICIPAL DE SAUDE                                                                                                                                                                                                                                ;SAUDE - 10;ASSISTENCIA HOSPITALAR E AMBULATORIAL - 302;TRANSFERENCIA DE RECURSOS DO SISTEMA UNICO DE SAUDE - SUS / ESTADOS - 131;INOVAMED HOSPITALAR LTDA;"DESPESA COM AQUISICAO EMERGENCIAL DE MEDICAMENTOS PARA A SMS PARA UM PERIODOESTIMADO DE 180 DIAS - CONF. DFD 36-GEREMO, PARECER 218/2026-GERPSR, PEDIDO DE COMPRAS 249/2026 - ITENS:3,6 E 13                                        .                                                                           03 - CIPROFLOXACINO CLORIDRATO 500MG COMPRIMIDO - MARCA: PRATI              COD:409936...........53.200UN..............0,179...................9.522,80 06 - CITRATO FENTALINA 0,05MG/ML INJETAVEL FR C/10ML                        MARCA: HIPOLABOR                                                            COD:398594............9.000FR..............03,23..................29.070,00 13 - NISTATINA CREME VAGINAL TB C/60G - MARCA: PRATI                        COD:015350..............750TB..............06,70...................5.025,00 VALOR TOTAL:......................................................43.617,80 .                                                                           O PRAZO DE ENTREGA DOS BENS E DE 15 (QUINZE) DIAS CORRIDOS, EM PARCELA UNICA, CONTADOS APOS O RECEBIMENTO DA ORDEM DE ENTREGA OU NOTA DE EMPENHO/       AUTORIZACAO DE FORNECIMENTO, ACOMPANHADOS DOS DOCUMENTOS FISCAIS RESPECTIVOS, QUE DEVEM CONTER, OBRIGATORIAMENTE, A ESPECIFICACAO DO ITEM, MARCA DO FABRICANTE E QUANTIDADE ENTREGUE.                                               .                                                                           OS BENS DEVERAO SER ENTREGUES NO ALMOXARIFADO CENTRAL DA SECRETARIA MUNICIPAL DE SAUDE, NO SEGUINTE ENDERECO: AVENIDA PERIMETRAL NORTE, CONDOMINIO GOIAZEM, BLOCO E, GALPAO 09 E 10, VILA JOãO VAZ, CEP: 74.445-190, GOIANIA;       .                                                                           13 - TRANSFERENCIAS DE RECURSOS DO SUS - ASSITENCIA FARMACEUTICA            SOLICITACAO FINANCEIRA: 182789/2026                                         ";Dispensa de Licitação;000000792026
20262150018710021;22/05/2026 00:00:00;27120,00;0170282026;26/06/2026 00:00:00;27120,00;;;0,00;33903000;MATERIAL DE CONSUMO;19945390000109;SECRETARIA MUNICIPAL DE SAUDE;0,00;SECRETARIA MUNICIPAL DE SAUDE                                                                                                                                                                                                                                ;SAUDE - 10;ASSISTENCIA HOSPITALAR E AMBULATORIAL - 302;TRANSFERENCIA DE RECURSOS DO SISTEMA UNICO DE SAUDE - SUS / ESTADOS - 131;LINK HOME DISTRIBUIDORA LTDA;DESPESA COM AQUISICAO DE DIETAS ESPECIAIS E FORMULAS INFANTIS ATRAVES DO 3  PEDIDO FILHO, ARP 032/2025, PE 90006/2025                                   CONF. PARECER 271/2026-GERPSR, MEMORANDO 239/2026-GERMO, PEDIDO DE COMPRA 335/2026 - SOLICITACAO FINANCEIRA 182888-2026. SCC 816982.                    .                                                                           01 (ITEM R08) - FORMULA INFANTIL ISENTA DE LACT C/FONTE DE CARBOIDRATO 100% MALTODEXTRINA - MARCA: NESTLE                                               COD:320358..............300KG..............90,40..................27.120,00 VALOR TOTAL:......................................................27.120,00 .                                                                           OBS: O FORNECIMENTO DEVERA SER EFETUADO, COM PRAZO DE ENTREGA NAO SUPERIOR A20 (VINTE) DIAS, CONTADOS A PARTIR DO RECEBIMENTO DA NOTA DE EMPENHO, ORDEM DE FORNECIMENTO OU DA ORDEM DE SERVICO,E ACOMPANHADOS DOS DOCUMENTOS FISCAISRESPECTIVOS. EFETUAR A ENTREGA DO BEM EM PERFEITAS CONDICOES, DETALHAR MARCAFABRICANTE,MODELO,TIPO,PROCEDENCIA,VALIDADE, ENTREGA DEVERA SER REALIZADA NOALMOXARIFADO CENTRAL SMS, AV.PERIMETRAL NORTE COND.GOIAZEM, BL.E, GALPOES 09/10, VL.JOAO VAZ, CEP:74.425-090, GO/GO. FONES:62-3524-3401/3407, HORARIO:08:00 AS 17:00.AS ENTREGAS DEVERAO SER EFETUADAS MEDIANTE AGENDAMENTO PREVIO, ATRAVES DO E-MAIL CIAD.GOIANIA@BRANETOLGISTICA.COM.BR,DEMAIS ESCLARECIMENTOSCONF.MEMO MEMORANDO 239(10141473)GEREMO,EDITAL (10141484)GEREMO E ANEXOS SEI26.29.000017447-5                                                           .                                                                           13 - ASSITENCIA FARMACIA BASICA                                             ;Pregão;000900062025
20262150019310012;07/05/2026 00:00:00;2039,50;0193332026;23/07/2026 00:00:00;2039,50;;;0,00;33903200;MATERIAL DE DISTRIBUICAO GRATUITA;20720905000224;SECRETARIA MUNICIPAL DE SAUDE;0,00;SECRETARIA MUNICIPAL DE SAUDE                                                                                                                                                                                                                                ;SAUDE - 10;ASSISTENCIA HOSPITALAR E AMBULATORIAL - 302;TRANSFERENCIA DE RECURSOS DO SISTEMA UNICO DE SAUDE - SUS - BLOCO DE MANUTENCAO DAS ACOES E SERVICOS PUBLICOS DE SAUDE - 107;BENENUTRI COMERCIAL LTDA;.                                                                           VALOR TOTAL:......................................................2.039,50  .                                                                           64 - TRANSFERENCIAS DE RECURSOS DO SUS - ATENCAO ESPECIALIZADA              SOLICITACAO FINANCEIRA: 182418/2026                                         ), TERMO DE ATESTO 10061391 (30/04/2026)                                    DESPESA COM AQUISICAO DE WHEY PROTEIN PARA PACIENTE, MANDADO DE NOTIFICACAO PROCESSO 6085835-29.2024.8.09.0051                                          CONF PARECER 41/2025-GERPSR, PEDIDO DE COMPRAS 72/2025, NF 25952 (30/01/2026;Outros (Convênios, ajustes, similares, etc.);000002432025
20262150019430006;04/05/2026 00:00:00;412500,00;0163592026;24/06/2026 00:00:00;166407,57;202621500194300060002;14/07/2026 00:00:00;0,00;33903300;PASSAGENS E DESPESAS COM LOCOMOCAO;06955770000174;SECRETARIA MUNICIPAL DE SAUDE;0,00;SECRETARIA MUNICIPAL DE SAUDE                                                                                                                                                                                                                                ;SAUDE - 10;ASSISTENCIA HOSPITALAR E AMBULATORIAL - 302;TRANSFERENCIA DE RECURSOS DO SISTEMA UNICO DE SAUDE - SUS - BLOCO DE MANUTENCAO DAS ACOES E SERVICOS PUBLICOS DE SAUDE - 107;R MORAES AGENCIA DE TURISMO EIRELI;DESPESA COM TERMO ADITIVO DO CONTRATO NR. 330/2021 PARA O AGENCIAMENTO E    GERENCIAMENTO DE VIAGENS, RESERVA, EMISSAO, REMARCACAO E CANCELAMENTO DE    PASSAGENS AEREAS P/ PACIENTES DE TFD TRATAMENTO DE PACIENTES FORA DE DOMICI-LIO- TFD, CONFORME DESP. 385/2026 - GERPMC, VALOR ESTIMADO PARA 2026, CONF. DECRETO 134/2025 SOLICITACAO FINANCEIRA /181539 - 2026 SCC534570 - 6.       .                                                                           VALORES COM PARCELAS.....JUN-137.500,00....JUL-137.500,00.....AGO-137.500,00VALOR TOTAL.......................................................412.500,00.                                                                           64 - TRANSFERENCIAS DE RECURSOS DO SUS - ATENCAO ESPECIALIZADA              ;Outros (Convênios, ajustes, similares, etc.);000000412020
20262150019430006;04/05/2026 00:00:00;412500,00;0163592026;24/06/2026 00:00:00;166407,57;202621500194300060005;16/07/2026 00:00:00;0,00;33903300;PASSAGENS E DESPESAS COM LOCOMOCAO;06955770000174;SECRETARIA MUNICIPAL DE SAUDE;0,00;SECRETARIA MUNICIPAL DE SAUDE                                                                                                                                                                                                                                ;SAUDE - 10;ASSISTENCIA HOSPITALAR E AMBULATORIAL - 302;TRANSFERENCIA DE RECURSOS DO SISTEMA UNICO DE SAUDE - SUS - BLOCO DE MANUTENCAO DAS ACOES E SERVICOS PUBLICOS DE SAUDE - 107;R MORAES AGENCIA DE TURISMO EIRELI;DESPESA COM TERMO ADITIVO DO CONTRATO NR. 330/2021 PARA O AGENCIAMENTO E    GERENCIAMENTO DE VIAGENS, RESERVA, EMISSAO, REMARCACAO E CANCELAMENTO DE    PASSAGENS AEREAS P/ PACIENTES DE TFD TRATAMENTO DE PACIENTES FORA DE DOMICI-LIO- TFD, CONFORME DESP. 385/2026 - GERPMC, VALOR ESTIMADO PARA 2026, CONF. DECRETO 134/2025 SOLICITACAO FINANCEIRA /181539 - 2026 SCC534570 - 6.       .                                                                           VALORES COM PARCELAS.....JUN-137.500,00....JUL-137.500,00.....AGO-137.500,00VALOR TOTAL.......................................................412.500,00.                                                                           64 - TRANSFERENCIAS DE RECURSOS DO SUS - ATENCAO ESPECIALIZADA              ;Outros (Convênios, ajustes, similares, etc.);000000412020
20262150019430006;04/05/2026 00:00:00;412500,00;0163592026;24/06/2026 00:00:00;166407,57;202621500194300060008;20/07/2026 00:00:00;166407,57;33903300;PASSAGENS E DESPESAS COM LOCOMOCAO;06955770000174;SECRETARIA MUNICIPAL DE SAUDE;0,00;SECRETARIA MUNICIPAL DE SAUDE                                                                                                                                                                                                                                ;SAUDE - 10;ASSISTENCIA HOSPITALAR E AMBULATORIAL - 302;TRANSFERENCIA DE RECURSOS DO SISTEMA UNICO DE SAUDE - SUS - BLOCO DE MANUTENCAO DAS ACOES E SERVICOS PUBLICOS DE SAUDE - 107;R MORAES AGENCIA DE TURISMO EIRELI;DESPESA COM TERMO ADITIVO DO CONTRATO NR. 330/2021 PARA O AGENCIAMENTO E    GERENCIAMENTO DE VIAGENS, RESERVA, EMISSAO, REMARCACAO E CANCELAMENTO DE    PASSAGENS AEREAS P/ PACIENTES DE TFD TRATAMENTO DE PACIENTES FORA DE DOMICI-LIO- TFD, CONFORME DESP. 385/2026 - GERPMC, VALOR ESTIMADO PARA 2026, CONF. DECRETO 134/2025 SOLICITACAO FINANCEIRA /181539 - 2026 SCC534570 - 6.       .                                                                           VALORES COM PARCELAS.....JUN-137.500,00....JUL-137.500,00.....AGO-137.500,00VALOR TOTAL.......................................................412.500,00.                                                                           64 - TRANSFERENCIAS DE RECURSOS DO SUS - ATENCAO ESPECIALIZADA              ;Outros (Convênios, ajustes, similares, etc.);000000412020
20262150019430006;04/05/2026 00:00:00;412500,00;0163602026;24/06/2026 00:00:00;13554,35;202621500194300060003;14/07/2026 00:00:00;0,00;33903300;PASSAGENS E DESPESAS COM LOCOMOCAO;06955770000174;SECRETARIA MUNICIPAL DE SAUDE;0,00;SECRETARIA MUNICIPAL DE SAUDE                                                                                                                                                                                                                                ;SAUDE - 10;ASSISTENCIA HOSPITALAR E AMBULATORIAL - 302;TRANSFERENCIA DE RECURSOS DO SISTEMA UNICO DE SAUDE - SUS - BLOCO DE MANUTENCAO DAS ACOES E SERVICOS PUBLICOS DE SAUDE - 107;R MORAES AGENCIA DE TURISMO EIRELI;DESPESA COM TERMO ADITIVO DO CONTRATO NR. 330/2021 PARA O AGENCIAMENTO E    GERENCIAMENTO DE VIAGENS, RESERVA, EMISSAO, REMARCACAO E CANCELAMENTO DE    PASSAGENS AEREAS P/ PACIENTES DE TFD TRATAMENTO DE PACIENTES FORA DE DOMICI-LIO- TFD, CONFORME DESP. 385/2026 - GERPMC, VALOR ESTIMADO PARA 2026, CONF. DECRETO 134/2025 SOLICITACAO FINANCEIRA /181539 - 2026 SCC534570 - 6.       .                                                                           VALORES COM PARCELAS.....JUN-137.500,00....JUL-137.500,00.....AGO-137.500,00VALOR TOTAL.......................................................412.500,00.                                                                           64 - TRANSFERENCIAS DE RECURSOS DO SUS - ATENCAO ESPECIALIZADA              ;Outros (Convênios, ajustes, similares, etc.);000000412020
20262150019430006;04/05/2026 00:00:00;412500,00;0163602026;24/06/2026 00:00:00;13554,35;202621500194300060006;16/07/2026 00:00:00;0,00;33903300;PASSAGENS E DESPESAS COM LOCOMOCAO;06955770000174;SECRETARIA MUNICIPAL DE SAUDE;0,00;SECRETARIA MUNICIPAL DE SAUDE                                                                                                                                                                                                                                ;SAUDE - 10;ASSISTENCIA HOSPITALAR E AMBULATORIAL - 302;TRANSFERENCIA DE RECURSOS DO SISTEMA UNICO DE SAUDE - SUS - BLOCO DE MANUTENCAO DAS ACOES E SERVICOS PUBLICOS DE SAUDE - 107;R MORAES AGENCIA DE TURISMO EIRELI;DESPESA COM TERMO ADITIVO DO CONTRATO NR. 330/2021 PARA O AGENCIAMENTO E    GERENCIAMENTO DE VIAGENS, RESERVA, EMISSAO, REMARCACAO E CANCELAMENTO DE    PASSAGENS AEREAS P/ PACIENTES DE TFD TRATAMENTO DE PACIENTES FORA DE DOMICI-LIO- TFD, CONFORME DESP. 385/2026 - GERPMC, VALOR ESTIMADO PARA 2026, CONF. DECRETO 134/2025 SOLICITACAO FINANCEIRA /181539 - 2026 SCC534570 - 6.       .                                                                           VALORES COM PARCELAS.....JUN-137.500,00....JUL-137.500,00.....AGO-137.500,00VALOR TOTAL.......................................................412.500,00.                                                                           64 - TRANSFERENCIAS DE RECURSOS DO SUS - ATENCAO ESPECIALIZADA              ;Outros (Convênios, ajustes, similares, etc.);000000412020
20262150019430006;04/05/2026 00:00:00;412500,00;0163602026;24/06/2026 00:00:00;13554,35;202621500194300060009;20/07/2026 00:00:00;13554,35;33903300;PASSAGENS E DESPESAS COM LOCOMOCAO;06955770000174;SECRETARIA MUNICIPAL DE SAUDE;0,00;SECRETARIA MUNICIPAL DE SAUDE                                                                                                                                                                                                                                ;SAUDE - 10;ASSISTENCIA HOSPITALAR E AMBULATORIAL - 302;TRANSFERENCIA DE RECURSOS DO SISTEMA UNICO DE SAUDE - SUS - BLOCO DE MANUTENCAO DAS ACOES E SERVICOS PUBLICOS DE SAUDE - 107;R MORAES AGENCIA DE TURISMO EIRELI;DESPESA COM TERMO ADITIVO DO CONTRATO NR. 330/2021 PARA O AGENCIAMENTO E    GERENCIAMENTO DE VIAGENS, RESERVA, EMISSAO, REMARCACAO E CANCELAMENTO DE    PASSAGENS AEREAS P/ PACIENTES DE TFD TRATAMENTO DE PACIENTES FORA DE DOMICI-LIO- TFD, CONFORME DESP. 385/2026 - GERPMC, VALOR ESTIMADO PARA 2026, CONF. DECRETO 134/2025 SOLICITACAO FINANCEIRA /181539 - 2026 SCC534570 - 6.       .                                                                           VALORES COM PARCELAS.....JUN-137.500,00....JUL-137.500,00.....AGO-137.500,00VALOR TOTAL.......................................................412.500,00.                                                                           64 - TRANSFERENCIAS DE RECURSOS DO SUS - ATENCAO ESPECIALIZADA              ;Outros (Convênios, ajustes, similares, etc.);000000412020
20262150019430006;04/05/2026 00:00:00;412500,00;0163622026;24/06/2026 00:00:00;1061,76;202621500194300060001;14/07/2026 00:00:00;0,00;33903300;PASSAGENS E DESPESAS COM LOCOMOCAO;06955770000174;SECRETARIA MUNICIPAL DE SAUDE;0,00;SECRETARIA MUNICIPAL DE SAUDE                                                                                                                                                                                                                                ;SAUDE - 10;ASSISTENCIA HOSPITALAR E AMBULATORIAL - 302;TRANSFERENCIA DE RECURSOS DO SISTEMA UNICO DE SAUDE - SUS - BLOCO DE MANUTENCAO DAS ACOES E SERVICOS PUBLICOS DE SAUDE - 107;R MORAES AGENCIA DE TURISMO EIRELI;DESPESA COM TERMO ADITIVO DO CONTRATO NR. 330/2021 PARA O AGENCIAMENTO E    GERENCIAMENTO DE VIAGENS, RESERVA, EMISSAO, REMARCACAO E CANCELAMENTO DE    PASSAGENS AEREAS P/ PACIENTES DE TFD TRATAMENTO DE PACIENTES FORA DE DOMICI-LIO- TFD, CONFORME DESP. 385/2026 - GERPMC, VALOR ESTIMADO PARA 2026, CONF. DECRETO 134/2025 SOLICITACAO FINANCEIRA /181539 - 2026 SCC534570 - 6.       .                                                                           VALORES COM PARCELAS.....JUN-137.500,00....JUL-137.500,00.....AGO-137.500,00VALOR TOTAL.......................................................412.500,00.                                                                           64 - TRANSFERENCIAS DE RECURSOS DO SUS - ATENCAO ESPECIALIZADA              ;Outros (Convênios, ajustes, similares, etc.);000000412020
20262150019430006;04/05/2026 00:00:00;412500,00;0163622026;24/06/2026 00:00:00;1061,76;202621500194300060004;16/07/2026 00:00:00;0,00;33903300;PASSAGENS E DESPESAS COM LOCOMOCAO;06955770000174;SECRETARIA MUNICIPAL DE SAUDE;0,00;SECRETARIA MUNICIPAL DE SAUDE                                                                                                                                                                                                                                ;SAUDE - 10;ASSISTENCIA HOSPITALAR E AMBULATORIAL - 302;TRANSFERENCIA DE RECURSOS DO SISTEMA UNICO DE SAUDE - SUS - BLOCO DE MANUTENCAO DAS ACOES E SERVICOS PUBLICOS DE SAUDE - 107;R MORAES AGENCIA DE TURISMO EIRELI;DESPESA COM TERMO ADITIVO DO CONTRATO NR. 330/2021 PARA O AGENCIAMENTO E    GERENCIAMENTO DE VIAGENS, RESERVA, EMISSAO, REMARCACAO E CANCELAMENTO DE    PASSAGENS AEREAS P/ PACIENTES DE TFD TRATAMENTO DE PACIENTES FORA DE DOMICI-LIO- TFD, CONFORME DESP. 385/2026 - GERPMC, VALOR ESTIMADO PARA 2026, CONF. DECRETO 134/2025 SOLICITACAO FINANCEIRA /181539 - 2026 SCC534570 - 6.       .                                                                           VALORES COM PARCELAS.....JUN-137.500,00....JUL-137.500,00.....AGO-137.500,00VALOR TOTAL.......................................................412.500,00.                                                                           64 - TRANSFERENCIAS DE RECURSOS DO SUS - ATENCAO ESPECIALIZADA              ;Outros (Convênios, ajustes, similares, etc.);000000412020
20262150019430006;04/05/2026 00:00:00;412500,00;0163622026;24/06/2026 00:00:00;1061,76;202621500194300060007;20/07/2026 00:00:00;1061,76;33903300;PASSAGENS E DESPESAS COM LOCOMOCAO;06955770000174;SECRETARIA MUNICIPAL DE SAUDE;0,00;SECRETARIA MUNICIPAL DE SAUDE                                                                                                                                                                                                                                ;SAUDE - 10;ASSISTENCIA HOSPITALAR E AMBULATORIAL - 302;TRANSFERENCIA DE RECURSOS DO SISTEMA UNICO DE SAUDE - SUS - BLOCO DE MANUTENCAO DAS ACOES E SERVICOS PUBLICOS DE SAUDE - 107;R MORAES AGENCIA DE TURISMO EIRELI;DESPESA COM TERMO ADITIVO DO CONTRATO NR. 330/2021 PARA O AGENCIAMENTO E    GERENCIAMENTO DE VIAGENS, RESERVA, EMISSAO, REMARCACAO E CANCELAMENTO DE    PASSAGENS AEREAS P/ PACIENTES DE TFD TRATAMENTO DE PACIENTES FORA DE DOMICI-LIO- TFD, CONFORME DESP. 385/2026 - GERPMC, VALOR ESTIMADO PARA 2026, CONF. DECRETO 134/2025 SOLICITACAO FINANCEIRA /181539 - 2026 SCC534570 - 6.       .                                                                           VALORES COM PARCELAS.....JUN-137.500,00....JUL-137.500,00.....AGO-137.500,00VALOR TOTAL.......................................................412.500,00.                                                                           64 - TRANSFERENCIAS DE RECURSOS DO SUS - ATENCAO ESPECIALIZADA              ;Outros (Convênios, ajustes, similares, etc.);000000412020
20262150019830001;14/05/2026 00:00:00;34500000,00;;;0,00;;;0,00;33903400;TERCEIRIZACAO DE MAO DE OBRA.;60701190000104;SECRETARIA MUNICIPAL DE SAUDE;34500000,00;SECRETARIA MUNICIPAL DE SAUDE                                                                                                                                                                                                                                ;SAUDE - 10;ASSISTENCIA HOSPITALAR E AMBULATORIAL - 302;TRANSFERENCIA DE RECURSOS DO SISTEMA UNICO DE SAUDE - SUS - BLOCO DE MANUTENCAO DAS ACOES E SERVICOS PUBLICOS DE SAUDE - 107;ITAU UNIBANCO S.A.;DESPESA COM A FOLHA DE PESSOAL DA SECRETARIA MUNICIPAL DE SAUDE REFERENTE AOPAGAMENTO DOS PRESTADORES DE SERVICO CREDENCIADOS QUE PRESTAM SERVICOS NAS  UNIDADES DE SAUDE DA SMS                                                    ESTIMADO PARA OS MESES DE MAIO A JULHO/2026                                 .                                                                           VALOR EMPENHADO DE 05/2026 A 07/2026 COM MENSAIS DE:.........11.500.000,00  VALOR TOTAL:.................................................34.500.000,00  .                                                                           64 - TRANSFERENCIAS DE RECURSOS DO SUS - ATENCAO ESPECIALIZADA              SOLICITACAO FINANCEIRA: 182642/2026 - SCC: 806821                           ;Outros (Convênios, ajustes, similares, etc.);000000012026
20262150020130040;04/05/2026 00:00:00;37887,00;;;0,00;;;0,00;33903600;OUTROS SERVICOS DE TERCEIROS - PESSOA FISICA;00051693453134;SECRETARIA MUNICIPAL DE SAUDE;37887,00;SECRETARIA MUNICIPAL DE SAUDE                                                                                                                                                                                                                                ;SAUDE - 10;ASSISTENCIA HOSPITALAR E AMBULATORIAL - 302;TRANSFERENCIA DE RECURSOS DO SISTEMA UNICO DE SAUDE - SUS - BLOCO DE MANUTENCAO DAS ACOES E SERVICOS PUBLICOS DE SAUDE - 107;RENATO PEDREIRO MIGUEL;DESPESA COM PAGAMENTO DE LOCACAO DE IMOVEL VISANDO A CONTINUIDADE DE        SERVICOS DO CENTRO DE SAUDE NORTE FERROVIARIO - SCC:810828                  CONFORME DESPACHO 232 GERINF - PEDIDO DE COMPRAS 193/2026 - VIGENCIA:       MAR/26  A FEV/27 (12 MESES) - REFERENCIA MARCO A MAIO/26                    .                                                                           VALOR EMPENHADO DE 03/2026 A 05/2026 COM MENSAIS DE:...........12.629,00    VALOR TOTAL:...................................................37.887,00    .                                                                           64 - TRANSFERENCIAS DE RECURSOS DO SUS - ATENCAO ESPECIALIZADA              SOLICITACAO FINANCEIRA: 180845/2026                                         ;Inexigibilidade de Licitação;000003882026
20262150020130041;05/05/2026 00:00:00;10875,00;0146712026;02/06/2026 00:00:00;3375,00;202621500201300410001;08/06/2026 00:00:00;3375,00;33903600;OUTROS SERVICOS DE TERCEIROS - PESSOA FISICA;00049377132134;SECRETARIA MUNICIPAL DE SAUDE;0,00;SECRETARIA MUNICIPAL DE SAUDE                                                                                                                                                                                                                                ;SAUDE - 10;ASSISTENCIA HOSPITALAR E AMBULATORIAL - 302;TRANSFERENCIA DE RECURSOS DO SISTEMA UNICO DE SAUDE - SUS - BLOCO DE MANUTENCAO DAS ACOES E SERVICOS PUBLICOS DE SAUDE - 107;JULIANE ALVES ROCHA MIRANDA RASSI;DESPESA COM 4 TERMO ADITIVO AO CONTRATO DE LOCACAO DE IMOVEL NR 401/22      PARA A CONTINUIDADE DOS SERVICOS DO CAPS VIDA CONFORME DESPACHO 154         GERINF -VIGENCIA : 04/05/2026 A 03/05/2027(12 MESES)- PEDIDO DE COMPRAS     NR 134/2026 - REFERENCIA 04/05 A 31/07/26- SCC582833 - 4                    SOLICITACAO FINANCEIRA 179952-2026                                          .                                                                           OBS:JULIANE ALVES ROCHA MIRANDA RASSI.                                      PARCELAS COM MENSAIS EM.....MAI-3.375,00.....JUN-3.750,00.....JUL-3.750,00  VALOR TOTAL......................................................10.875,00  .                                                                           64 - TRANSFERENCIAS DE RECURSOS DO SUS - ATENCAO ESPECIALIZADA              ;Outros (Convênios, ajustes, similares, etc.);000000732022
20262150020130041;05/05/2026 00:00:00;10875,00;0174082026;01/07/2026 00:00:00;3750,00;202621500201300410002;06/07/2026 00:00:00;3750,00;33903600;OUTROS SERVICOS DE TERCEIROS - PESSOA FISICA;00049377132134;SECRETARIA MUNICIPAL DE SAUDE;0,00;SECRETARIA MUNICIPAL DE SAUDE                                                                                                                                                                                                                                ;SAUDE - 10;ASSISTENCIA HOSPITALAR E AMBULATORIAL - 302;TRANSFERENCIA DE RECURSOS DO SISTEMA UNICO DE SAUDE - SUS - BLOCO DE MANUTENCAO DAS ACOES E SERVICOS PUBLICOS DE SAUDE - 107;JULIANE ALVES ROCHA MIRANDA RASSI;DESPESA COM 4 TERMO ADITIVO AO CONTRATO DE LOCACAO DE IMOVEL NR 401/22      PARA A CONTINUIDADE DOS SERVICOS DO CAPS VIDA CONFORME DESPACHO 154         GERINF -VIGENCIA : 04/05/2026 A 03/05/2027(12 MESES)- PEDIDO DE COMPRAS     NR 134/2026 - REFERENCIA 04/05 A 31/07/26- SCC582833 - 4                    SOLICITACAO FINANCEIRA 179952-2026                                          .                                                                           OBS:JULIANE ALVES ROCHA MIRANDA RASSI.                                      PARCELAS COM MENSAIS EM.....MAI-3.375,00.....JUN-3.750,00.....JUL-3.750,00  VALOR TOTAL......................................................10.875,00  .                                                                           64 - TRANSFERENCIAS DE RECURSOS DO SUS - ATENCAO ESPECIALIZADA              ;Outros (Convênios, ajustes, similares, etc.);000000732022
20262150020130042;05/05/2026 00:00:00;10875,00;0146682026;02/06/2026 00:00:00;3375,00;202621500201300420001;08/06/2026 00:00:00;3375,00;33903600;OUTROS SERVICOS DE TERCEIROS - PESSOA FISICA;00056364539149;SECRETARIA MUNICIPAL DE SAUDE;0,00;SECRETARIA MUNICIPAL DE SAUDE                                                                                                                                                                                                                                ;SAUDE - 10;ASSISTENCIA HOSPITALAR E AMBULATORIAL - 302;TRANSFERENCIA DE RECURSOS DO SISTEMA UNICO DE SAUDE - SUS - BLOCO DE MANUTENCAO DAS ACOES E SERVICOS PUBLICOS DE SAUDE - 107;LEONARDO ROCHA MIRANDA;DESPESA COM 4 TERMO ADITIVO AO CONTRATO DE LOCACAO DE IMOVEL NR 401/22      PARA A CONTINUIDADE DOS SERVICOS DO CAPS VIDA CONFORME DESPACHO 154         GERINF -VIGENCIA : 04/05/2026 A 03/05/2027(12 MESES)- PEDIDO DE COMPRAS     NR 134/2026 - REFERENCIA 04/05 A 31/07/26- SCC582833 - 4                    SOLICITACAO FINANCEIRA 179953-2026                                          .                                                                           OBS:LEONARDO ROCHA MIRANDA                                                  PARCELAS COM MENSAIS EM.....MAI-3.375,00.....JUN-3.750,00.....JUL-3.750,00  VALOR TOTAL......................................................10.875,00  .                                                                           64 - TRANSFERENCIAS DE RECURSOS DO SUS - ATENCAO ESPECIALIZADA              ;Outros (Convênios, ajustes, similares, etc.);000000732022
20262150020130042;05/05/2026 00:00:00;10875,00;0174062026;01/07/2026 00:00:00;3750,00;202621500201300420002;06/07/2026 00:00:00;3750,00;33903600;OUTROS SERVICOS DE TERCEIROS - PESSOA FISICA;00056364539149;SECRETARIA MUNICIPAL DE SAUDE;0,00;SECRETARIA MUNICIPAL DE SAUDE                                                                                                                                                                                                                                ;SAUDE - 10;ASSISTENCIA HOSPITALAR E AMBULATORIAL - 302;TRANSFERENCIA DE RECURSOS DO SISTEMA UNICO DE SAUDE - SUS - BLOCO DE MANUTENCAO DAS ACOES E SERVICOS PUBLICOS DE SAUDE - 107;LEONARDO ROCHA MIRANDA;DESPESA COM 4 TERMO ADITIVO AO CONTRATO DE LOCACAO DE IMOVEL NR 401/22      PARA A CONTINUIDADE DOS SERVICOS DO CAPS VIDA CONFORME DESPACHO 154         GERINF -VIGENCIA : 04/05/2026 A 03/05/2027(12 MESES)- PEDIDO DE COMPRAS     NR 134/2026 - REFERENCIA 04/05 A 31/07/26- SCC582833 - 4                    SOLICITACAO FINANCEIRA 179953-2026                                          .                                                                           OBS:LEONARDO ROCHA MIRANDA                                                  PARCELAS COM MENSAIS EM.....MAI-3.375,00.....JUN-3.750,00.....JUL-3.750,00  VALOR TOTAL......................................................10.875,00  .                                                                           64 - TRANSFERENCIAS DE RECURSOS DO SUS - ATENCAO ESPECIALIZADA              ;Outros (Convênios, ajustes, similares, etc.);000000732022
20262150020130043;05/05/2026 00:00:00;10875,00;0146692026;02/06/2026 00:00:00;3375,00;202621500201300430001;08/06/2026 00:00:00;3375,00;33903600;OUTROS SERVICOS DE TERCEIROS - PESSOA FISICA;00084525991100;SECRETARIA MUNICIPAL DE SAUDE;0,00;SECRETARIA MUNICIPAL DE SAUDE                                                                                                                                                                                                                                ;SAUDE - 10;ASSISTENCIA HOSPITALAR E AMBULATORIAL - 302;TRANSFERENCIA DE RECURSOS DO SISTEMA UNICO DE SAUDE - SUS - BLOCO DE MANUTENCAO DAS ACOES E SERVICOS PUBLICOS DE SAUDE - 107;VIVIANE ALVES ROCHA MIRANDA;DESPESA COM 4 TERMO ADITIVO AO CONTRATO DE LOCACAO DE IMOVEL NR 401/22      PARA A CONTINUIDADE DOS SERVICOS DO CAPS VIDA CONFORME DESPACHO 154         GERINF -VIGENCIA : 04/05/2026 A 03/05/2027(12 MESES)- PEDIDO DE COMPRAS     NR 134/2026 - REFERENCIA 04/05 A 31/07/26- SCC582833 - 4                    SOLICITACAO FINANCEIRA 179954-2026                                          .                                                                           OBS:VIVIANE ALVES ROCHA MIRANDA                                             PARCELAS COM MENSAIS EM.....MAI-3.375,00.....JUN-3.750,00.....JUL-3.750,00  VALOR TOTAL......................................................10.875,00  .                                                                           64 - TRANSFERENCIAS DE RECURSOS DO SUS - ATENCAO ESPECIALIZADA              ;Outros (Convênios, ajustes, similares, etc.);000000732022
20262150020130043;05/05/2026 00:00:00;10875,00;0174072026;01/07/2026 00:00:00;3750,00;202621500201300430002;06/07/2026 00:00:00;3750,00;33903600;OUTROS SERVICOS DE TERCEIROS - PESSOA FISICA;00084525991100;SECRETARIA MUNICIPAL DE SAUDE;0,00;SECRETARIA MUNICIPAL DE SAUDE                                                                                                                                                                                                                                ;SAUDE - 10;ASSISTENCIA HOSPITALAR E AMBULATORIAL - 302;TRANSFERENCIA DE RECURSOS DO SISTEMA UNICO DE SAUDE - SUS - BLOCO DE MANUTENCAO DAS ACOES E SERVICOS PUBLICOS DE SAUDE - 107;VIVIANE ALVES ROCHA MIRANDA;DESPESA COM 4 TERMO ADITIVO AO CONTRATO DE LOCACAO DE IMOVEL NR 401/22      PARA A CONTINUIDADE DOS SERVICOS DO CAPS VIDA CONFORME DESPACHO 154         GERINF -VIGENCIA : 04/05/2026 A 03/05/2027(12 MESES)- PEDIDO DE COMPRAS     NR 134/2026 - REFERENCIA 04/05 A 31/07/26- SCC582833 - 4                    SOLICITACAO FINANCEIRA 179954-2026                                          .                                                                           OBS:VIVIANE ALVES ROCHA MIRANDA                                             PARCELAS COM MENSAIS EM.....MAI-3.375,00.....JUN-3.750,00.....JUL-3.750,00  VALOR TOTAL......................................................10.875,00  .                                                                           64 - TRANSFERENCIAS DE RECURSOS DO SUS - ATENCAO ESPECIALIZADA              ;Outros (Convênios, ajustes, similares, etc.);000000732022
20262150020130044;05/05/2026 00:00:00;8121,00;0122282026;07/05/2026 00:00:00;2707,00;202621500201300440001;18/05/2026 00:00:00;2707,00;33903600;OUTROS SERVICOS DE TERCEIROS - PESSOA FISICA;00097388564187;SECRETARIA MUNICIPAL DE SAUDE;0,00;SECRETARIA MUNICIPAL DE SAUDE                                                                                                                                                                                                                                ;SAUDE - 10;ASSISTENCIA HOSPITALAR E AMBULATORIAL - 302;TRANSFERENCIA DE RECURSOS DO SISTEMA UNICO DE SAUDE - SUS - BLOCO DE MANUTENCAO DAS ACOES E SERVICOS PUBLICOS DE SAUDE - 107;LIDIANE FERNANDES DA SILVA NOGUEIRA;DESPESA COM CONTRATO DE ALUGUEL PARA CONTINUIDADE DOS SERVICOS DA RESIDENCIATERAPEUTICA NOVO MUNDO II - VALORES RELATIVOS A ABRIL A JUNHO/2026, CONFORMEDESPACHO NR 349/2026-GERINF, PEDIDO DE COMPRAS NR 455/2025, SCC: 788997     .                                                                           VALOR EMPENHADO DE 04/2026 A 06/2026 COM MENSAIS DE:..............2.707,00  VALOR TOTAL:......................................................8.121,00  .                                                                           64 - TRANSFERENCIAS DE RECURSOS DO SUS - ATENCAO ESPECIALIZADA              SOLICITACAO FINANCEIRA: 182260/2026                                         ;Inexigibilidade de Licitação;000003542025
20262150020130044;05/05/2026 00:00:00;8121,00;0142432026;27/05/2026 00:00:00;2707,00;202621500201300440002;23/06/2026 00:00:00;2707,00;33903600;OUTROS SERVICOS DE TERCEIROS - PESSOA FISICA;00097388564187;SECRETARIA MUNICIPAL DE SAUDE;0,00;SECRETARIA MUNICIPAL DE SAUDE                                                                                                                                                                                                                                ;SAUDE - 10;ASSISTENCIA HOSPITALAR E AMBULATORIAL - 302;TRANSFERENCIA DE RECURSOS DO SISTEMA UNICO DE SAUDE - SUS - BLOCO DE MANUTENCAO DAS ACOES E SERVICOS PUBLICOS DE SAUDE - 107;LIDIANE FERNANDES DA SILVA NOGUEIRA;DESPESA COM CONTRATO DE ALUGUEL PARA CONTINUIDADE DOS SERVICOS DA RESIDENCIATERAPEUTICA NOVO MUNDO II - VALORES RELATIVOS A ABRIL A JUNHO/2026, CONFORMEDESPACHO NR 349/2026-GERINF, PEDIDO DE COMPRAS NR 455/2025, SCC: 788997     .                                                                           VALOR EMPENHADO DE 04/2026 A 06/2026 COM MENSAIS DE:..............2.707,00  VALOR TOTAL:......................................................8.121,00  .                                                                           64 - TRANSFERENCIAS DE RECURSOS DO SUS - ATENCAO ESPECIALIZADA              SOLICITACAO FINANCEIRA: 182260/2026                                         ;Inexigibilidade de Licitação;000003542025
20262150020130044;05/05/2026 00:00:00;8121,00;0167482026;25/06/2026 00:00:00;2707,00;202621500201300440003;06/07/2026 00:00:00;2707,00;33903600;OUTROS SERVICOS DE TERCEIROS - PESSOA FISICA;00097388564187;SECRETARIA MUNICIPAL DE SAUDE;0,00;SECRETARIA MUNICIPAL DE SAUDE                                                                                                                                                                                                                                ;SAUDE - 10;ASSISTENCIA HOSPITALAR E AMBULATORIAL - 302;TRANSFERENCIA DE RECURSOS DO SISTEMA UNICO DE SAUDE - SUS - BLOCO DE MANUTENCAO DAS ACOES E SERVICOS PUBLICOS DE SAUDE - 107;LIDIANE FERNANDES DA SILVA NOGUEIRA;DESPESA COM CONTRATO DE ALUGUEL PARA CONTINUIDADE DOS SERVICOS DA RESIDENCIATERAPEUTICA NOVO MUNDO II - VALORES RELATIVOS A ABRIL A JUNHO/2026, CONFORMEDESPACHO NR 349/2026-GERINF, PEDIDO DE COMPRAS NR 455/2025, SCC: 788997     .                                                                           VALOR EMPENHADO DE 04/2026 A 06/2026 COM MENSAIS DE:..............2.707,00  VALOR TOTAL:......................................................8.121,00  .                                                                           64 - TRANSFERENCIAS DE RECURSOS DO SUS - ATENCAO ESPECIALIZADA              SOLICITACAO FINANCEIRA: 182260/2026                                         ;Inexigibilidade de Licitação;000003542025
20262150020130045;06/05/2026 00:00:00;16572,81;0121972026;07/05/2026 00:00:00;5524,27;202621500201300450001;18/05/2026 00:00:00;5524,27;33903600;OUTROS SERVICOS DE TERCEIROS - PESSOA FISICA;00008909903104;SECRETARIA MUNICIPAL DE SAUDE;0,00;SECRETARIA MUNICIPAL DE SAUDE                                                                                                                                                                                                                                ;SAUDE - 10;ASSISTENCIA HOSPITALAR E AMBULATORIAL - 302;TRANSFERENCIA DE RECURSOS DO SISTEMA UNICO DE SAUDE - SUS - BLOCO DE MANUTENCAO DAS ACOES E SERVICOS PUBLICOS DE SAUDE - 107;JOAO OLIVEIRA GODINHO;DESPESA COM CONTRATO 2084/2025 DOS SERVICOS DE LOCACAO DA UNIDADE DE TRABALHO E PRODUCAO SOLIDARIA - GERARTE I E CENTRO MUNICIPAL DE COMERCIALIZACAO DE ECONOMIA SOLIDARIA DO GERARTE                                               VALORES RELATIVOS AO PERIODO DE ABRIL A JUNHO/2026, CONFORME DESPACHO NR 351/2026-GERINF, SCC: 789292, PEDIDO DE COMPRAS NR 509/2025                    .                                                                           VALOR EMPENHADO DE 05/2026  COM MENSAL DE:.......................11.048,54  VALOR EMPENHADO DE 06/2026  COM MENSAL DE:........................5.524,27  VALOR TOTAL:.....................................................16.572,81  .                                                                           64 - TRANSFERENCIAS DE RECURSOS DO SUS - ATENCAO ESPECIALIZADA              SOLICITACAO FINANCEIRA: 182415/2026                                         ;Inexigibilidade de Licitação;000005092025
20262150020130045;06/05/2026 00:00:00;16572,81;0142072026;27/05/2026 00:00:00;5524,27;202621500201300450002;08/06/2026 00:00:00;5524,27;33903600;OUTROS SERVICOS DE TERCEIROS - PESSOA FISICA;00008909903104;SECRETARIA MUNICIPAL DE SAUDE;0,00;SECRETARIA MUNICIPAL DE SAUDE                                                                                                                                                                                                                                ;SAUDE - 10;ASSISTENCIA HOSPITALAR E AMBULATORIAL - 302;TRANSFERENCIA DE RECURSOS DO SISTEMA UNICO DE SAUDE - SUS - BLOCO DE MANUTENCAO DAS ACOES E SERVICOS PUBLICOS DE SAUDE - 107;JOAO OLIVEIRA GODINHO;DESPESA COM CONTRATO 2084/2025 DOS SERVICOS DE LOCACAO DA UNIDADE DE TRABALHO E PRODUCAO SOLIDARIA - GERARTE I E CENTRO MUNICIPAL DE COMERCIALIZACAO DE ECONOMIA SOLIDARIA DO GERARTE                                               VALORES RELATIVOS AO PERIODO DE ABRIL A JUNHO/2026, CONFORME DESPACHO NR 351/2026-GERINF, SCC: 789292, PEDIDO DE COMPRAS NR 509/2025                    .                                                                           VALOR EMPENHADO DE 05/2026  COM MENSAL DE:.......................11.048,54  VALOR EMPENHADO DE 06/2026  COM MENSAL DE:........................5.524,27  VALOR TOTAL:.....................................................16.572,81  .                                                                           64 - TRANSFERENCIAS DE RECURSOS DO SUS - ATENCAO ESPECIALIZADA              SOLICITACAO FINANCEIRA: 182415/2026                                         ;Inexigibilidade de Licitação;000005092025
20262150020130045;06/05/2026 00:00:00;16572,81;0172032026;01/07/2026 00:00:00;5524,27;202621500201300450003;06/07/2026 00:00:00;5524,27;33903600;OUTROS SERVICOS DE TERCEIROS - PESSOA FISICA;00008909903104;SECRETARIA MUNICIPAL DE SAUDE;0,00;SECRETARIA MUNICIPAL DE SAUDE                                                                                                                                                                                                                                ;SAUDE - 10;ASSISTENCIA HOSPITALAR E AMBULATORIAL - 302;TRANSFERENCIA DE RECURSOS DO SISTEMA UNICO DE SAUDE - SUS - BLOCO DE MANUTENCAO DAS ACOES E SERVICOS PUBLICOS DE SAUDE - 107;JOAO OLIVEIRA GODINHO;DESPESA COM CONTRATO 2084/2025 DOS SERVICOS DE LOCACAO DA UNIDADE DE TRABALHO E PRODUCAO SOLIDARIA - GERARTE I E CENTRO MUNICIPAL DE COMERCIALIZACAO DE ECONOMIA SOLIDARIA DO GERARTE                                               VALORES RELATIVOS AO PERIODO DE ABRIL A JUNHO/2026, CONFORME DESPACHO NR 351/2026-GERINF, SCC: 789292, PEDIDO DE COMPRAS NR 509/2025                    .                                                                           VALOR EMPENHADO DE 05/2026  COM MENSAL DE:.......................11.048,54  VALOR EMPENHADO DE 06/2026  COM MENSAL DE:........................5.524,27  VALOR TOTAL:.....................................................16.572,81  .                                                                           64 - TRANSFERENCIAS DE RECURSOS DO SUS - ATENCAO ESPECIALIZADA              SOLICITACAO FINANCEIRA: 182415/2026                                         ;Inexigibilidade de Licitação;000005092025
20262150020130046;07/05/2026 00:00:00;26856,66;0123042026;08/05/2026 00:00:00;8952,22;202621500201300460001;18/05/2026 00:00:00;8952,22;33903600;OUTROS SERVICOS DE TERCEIROS - PESSOA FISICA;00008909903104;SECRETARIA MUNICIPAL DE SAUDE;0,00;SECRETARIA MUNICIPAL DE SAUDE                                                                                                                                                                                                                                ;SAUDE - 10;ASSISTENCIA HOSPITALAR E AMBULATORIAL - 302;TRANSFERENCIA DE RECURSOS DO SISTEMA UNICO DE SAUDE - SUS - BLOCO DE MANUTENCAO DAS ACOES E SERVICOS PUBLICOS DE SAUDE - 107;JOAO OLIVEIRA GODINHO;DESPESA COM CONTRATO DE LOCACAO DO IMOVEL ONDE FUNCIONA O CENTRO DE REFERENCIA EM SAUDE DO TRABALHADOR - CEREST                                         VALORES RELATIVOS AO PERIODO DE ABRIL A JUNHO/2026, CONFORME DESPACHO NR 352/2026-GERINF, SCC: 798992, PEDIDO DE COMPRAS NR 724/2025                    .                                                                           VALOR EMPENHADO DE 05/2026  COM MENSAL DE:.......................17.904,44  VALOR EMPENHADO DE 06/2026  COM MENSAL DE:........................8.952,22  VALOR TOTAL:.....................................................26.856,66  .                                                                           64 - TRANSFERENCIAS DE RECURSOS DO SUS - ATENCAO ESPECIALIZADA              SOLICITACAO FINANCEIRA: 182448/2026                                         ;Inexigibilidade de Licitação;000001802025
20262150020130046;07/05/2026 00:00:00;26856,66;0142002026;27/05/2026 00:00:00;8952,22;202621500201300460002;08/06/2026 00:00:00;8952,22;33903600;OUTROS SERVICOS DE TERCEIROS - PESSOA FISICA;00008909903104;SECRETARIA MUNICIPAL DE SAUDE;0,00;SECRETARIA MUNICIPAL DE SAUDE                                                                                                                                                                                                                                ;SAUDE - 10;ASSISTENCIA HOSPITALAR E AMBULATORIAL - 302;TRANSFERENCIA DE RECURSOS DO SISTEMA UNICO DE SAUDE - SUS - BLOCO DE MANUTENCAO DAS ACOES E SERVICOS PUBLICOS DE SAUDE - 107;JOAO OLIVEIRA GODINHO;DESPESA COM CONTRATO DE LOCACAO DO IMOVEL ONDE FUNCIONA O CENTRO DE REFERENCIA EM SAUDE DO TRABALHADOR - CEREST                                         VALORES RELATIVOS AO PERIODO DE ABRIL A JUNHO/2026, CONFORME DESPACHO NR 352/2026-GERINF, SCC: 798992, PEDIDO DE COMPRAS NR 724/2025                    .                                                                           VALOR EMPENHADO DE 05/2026  COM MENSAL DE:.......................17.904,44  VALOR EMPENHADO DE 06/2026  COM MENSAL DE:........................8.952,22  VALOR TOTAL:.....................................................26.856,66  .                                                                           64 - TRANSFERENCIAS DE RECURSOS DO SUS - ATENCAO ESPECIALIZADA              SOLICITACAO FINANCEIRA: 182448/2026                                         ;Inexigibilidade de Licitação;000001802025
20262150020130046;07/05/2026 00:00:00;26856,66;0171922026;01/07/2026 00:00:00;8952,22;202621500201300460003;06/07/2026 00:00:00;8952,22;33903600;OUTROS SERVICOS DE TERCEIROS - PESSOA FISICA;00008909903104;SECRETARIA MUNICIPAL DE SAUDE;0,00;SECRETARIA MUNICIPAL DE SAUDE                                                                                                                                                                                                                                ;SAUDE - 10;ASSISTENCIA HOSPITALAR E AMBULATORIAL - 302;TRANSFERENCIA DE RECURSOS DO SISTEMA UNICO DE SAUDE - SUS - BLOCO DE MANUTENCAO DAS ACOES E SERVICOS PUBLICOS DE SAUDE - 107;JOAO OLIVEIRA GODINHO;DESPESA COM CONTRATO DE LOCACAO DO IMOVEL ONDE FUNCIONA O CENTRO DE REFERENCIA EM SAUDE DO TRABALHADOR - CEREST                                         VALORES RELATIVOS AO PERIODO DE ABRIL A JUNHO/2026, CONFORME DESPACHO NR 352/2026-GERINF, SCC: 798992, PEDIDO DE COMPRAS NR 724/2025                    .                                                                           VALOR EMPENHADO DE 05/2026  COM MENSAL DE:.......................17.904,44  VALOR EMPENHADO DE 06/2026  COM MENSAL DE:........................8.952,22  VALOR TOTAL:.....................................................26.856,66  .                                                                           64 - TRANSFERENCIAS DE RECURSOS DO SUS - ATENCAO ESPECIALIZADA              SOLICITACAO FINANCEIRA: 182448/2026                                         ;Inexigibilidade de Licitação;000001802025
20262150020130047;07/05/2026 00:00:00;9187,73;0175002026;02/07/2026 00:00:00;199,73;202621500201300470001;06/07/2026 00:00:00;199,73;33903600;OUTROS SERVICOS DE TERCEIROS - PESSOA FISICA;00024371904149;SECRETARIA MUNICIPAL DE SAUDE;0,00;SECRETARIA MUNICIPAL DE SAUDE                                                                                                                                                                                                                                ;SAUDE - 10;ASSISTENCIA HOSPITALAR E AMBULATORIAL - 302;TRANSFERENCIA DE RECURSOS DO SISTEMA UNICO DE SAUDE - SUS - BLOCO DE MANUTENCAO DAS ACOES E SERVICOS PUBLICOS DE SAUDE - 107;CARLOS ALBERTO DA SILVA;DESPESA COM 3 TERMO ADITIVO AO CONTRATO DE LOCACAO NR 549/2023 PARA A CONTI NUIDADE DOS SERVICOS DO CENTRO DE SAUDE DA FAMILIA CONDOMINIO DAS ESMERALDASCONFORME DESPACHO NR 319 GERINF - VIGENCIA: 29/05/2026 A 28/05/2027 -PEDIDO DE COMPRAS 237/2026 - REFERENTE A 29/05 A 31/08/2026                        .                                                                           VALOR EMPENHADO DE 05/2026  COM MENSAL DE:..........................199,73  VALOR EMPENHADO DE 06/2026  COM MENSAL DE:........................2.996,00  VALOR TOTAL:......................................................9.187,73  .                                                                           64 - TRANSFERENCIAS DE RECURSOS DO SUS - ATENCAO ESPECIALIZADA              SOLICITACAO FINANCEIRA: 181780/2026                                         ;Dispensa de Licitação;000000482023
20262150020130047;07/05/2026 00:00:00;9187,73;0175062026;02/07/2026 00:00:00;2996,00;202621500201300470002;06/07/2026 00:00:00;2996,00;33903600;OUTROS SERVICOS DE TERCEIROS - PESSOA FISICA;00024371904149;SECRETARIA MUNICIPAL DE SAUDE;0,00;SECRETARIA MUNICIPAL DE SAUDE                                                                                                                                                                                                                                ;SAUDE - 10;ASSISTENCIA HOSPITALAR E AMBULATORIAL - 302;TRANSFERENCIA DE RECURSOS DO SISTEMA UNICO DE SAUDE - SUS - BLOCO DE MANUTENCAO DAS ACOES E SERVICOS PUBLICOS DE SAUDE - 107;CARLOS ALBERTO DA SILVA;DESPESA COM 3 TERMO ADITIVO AO CONTRATO DE LOCACAO NR 549/2023 PARA A CONTI NUIDADE DOS SERVICOS DO CENTRO DE SAUDE DA FAMILIA CONDOMINIO DAS ESMERALDASCONFORME DESPACHO NR 319 GERINF - VIGENCIA: 29/05/2026 A 28/05/2027 -PEDIDO DE COMPRAS 237/2026 - REFERENTE A 29/05 A 31/08/2026                        .                                                                           VALOR EMPENHADO DE 05/2026  COM MENSAL DE:..........................199,73  VALOR EMPENHADO DE 06/2026  COM MENSAL DE:........................2.996,00  VALOR TOTAL:......................................................9.187,73  .                                                                           64 - TRANSFERENCIAS DE RECURSOS DO SUS - ATENCAO ESPECIALIZADA              SOLICITACAO FINANCEIRA: 181780/2026                                         ;Dispensa de Licitação;000000482023
20262150020130048;07/05/2026 00:00:00;24700,93;0173622026;01/07/2026 00:00:00;404,93;202621500201300480001;06/07/2026 00:00:00;404,93;33903600;OUTROS SERVICOS DE TERCEIROS - PESSOA FISICA;00038266954100;SECRETARIA MUNICIPAL DE SAUDE;0,00;SECRETARIA MUNICIPAL DE SAUDE                                                                                                                                                                                                                                ;SAUDE - 10;ASSISTENCIA HOSPITALAR E AMBULATORIAL - 302;TRANSFERENCIA DE RECURSOS DO SISTEMA UNICO DE SAUDE - SUS - BLOCO DE MANUTENCAO DAS ACOES E SERVICOS PUBLICOS DE SAUDE - 107;MARIA APARECIDA PINHEIRO COSTA;SOLICITACAO FINANCEIRA: 181971/2026                                         64 - TRANSFERENCIAS DE RECURSOS DO SUS - ATENCAO ESPECIALIZADA              .                                                                           VALOR TOTAL:.....................................................24.700,93  VALOR EMPENHADO DE 06/2026 E 07/2026 COM MENSAIS DE:.............12.148,00  VALOR EMPENHADO DE 05/2026  COM MENSAL DE:..........................404,93  .                                                                           INF, PEDIDO DE COMPRAS 266/2026                                             VALORES RELATIVOS 30/05/2026 A JULHO/2026, CONFORME DESPACHO NR 333/2026-GERAD III IPE                                                                  DESPESA COM CONTRATO DE LOCACAO VISANDO A CONTINUIDADE DOS SERVICOS DA CAPS ;Dispensa de Licitação;000009882019
20262150020130048;07/05/2026 00:00:00;24700,93;0173992026;01/07/2026 00:00:00;12148,00;202621500201300480002;06/07/2026 00:00:00;12148,00;33903600;OUTROS SERVICOS DE TERCEIROS - PESSOA FISICA;00038266954100;SECRETARIA MUNICIPAL DE SAUDE;0,00;SECRETARIA MUNICIPAL DE SAUDE                                                                                                                                                                                                                                ;SAUDE - 10;ASSISTENCIA HOSPITALAR E AMBULATORIAL - 302;TRANSFERENCIA DE RECURSOS DO SISTEMA UNICO DE SAUDE - SUS - BLOCO DE MANUTENCAO DAS ACOES E SERVICOS PUBLICOS DE SAUDE - 107;MARIA APARECIDA PINHEIRO COSTA;SOLICITACAO FINANCEIRA: 181971/2026                                         64 - TRANSFERENCIAS DE RECURSOS DO SUS - ATENCAO ESPECIALIZADA              .                                                                           VALOR TOTAL:.....................................................24.700,93  VALOR EMPENHADO DE 06/2026 E 07/2026 COM MENSAIS DE:.............12.148,00  VALOR EMPENHADO DE 05/2026  COM MENSAL DE:..........................404,93  .                                                                           INF, PEDIDO DE COMPRAS 266/2026                                             VALORES RELATIVOS 30/05/2026 A JULHO/2026, CONFORME DESPACHO NR 333/2026-GERAD III IPE                                                                  DESPESA COM CONTRATO DE LOCACAO VISANDO A CONTINUIDADE DOS SERVICOS DA CAPS ;Dispensa de Licitação;000009882019
20262150020130049;21/05/2026 00:00:00;18442,33;;;0,00;;;0,00;33903600;OUTROS SERVICOS DE TERCEIROS - PESSOA FISICA;00028232097191;SECRETARIA MUNICIPAL DE SAUDE;18442,33;SECRETARIA MUNICIPAL DE SAUDE                                                                                                                                                                                                                                ;SAUDE - 10;ASSISTENCIA HOSPITALAR E AMBULATORIAL - 302;TRANSFERENCIA DE RECURSOS DO SISTEMA UNICO DE SAUDE - SUS - BLOCO DE MANUTENCAO DAS ACOES E SERVICOS PUBLICOS DE SAUDE - 107;ANTONIO CESAR MACHADO DE BARROS;DESPESA COM 8  TERMO ADITIVO AO CONTRATO DE LOCACAO NR 156/2019 DO IMOVEL ONDE FUNCIONA O CAPS BEIJA FLOR                                               VALORES RELATIVOS A 30/05/2026 A JULHO/2026, CONFORME DESPACHO NR 405/2026-GERINF, PEDIDO DE COMPRAS 343/2026                                           .                                                                           VALOR EMPENHADO DE 05/2026  COM MENSAL DE:..........................302,33  VALOR EMPENHADO DE 06/2026 E 07/2026 COM MENSAIS DE:..............9.070,00  VALOR TOTAL:.....................................................18.442,33  .                                                                           64 - TRANSFERENCIAS DE RECURSOS DO SUS - ATENCAO ESPECIALIZADA              SOLICITACAO FINANCEIRA: 182778/2026                                         ;Dispensa de Licitação;000015062019
20262150021110250;13/05/2026 00:00:00;49059,00;;;0,00;;;0,00;33903900;OUTROS SERVICOS DE TERCEIROS - PESSOA JURIDICA;00904475000102;SECRETARIA MUNICIPAL DE SAUDE;49059,00;SECRETARIA MUNICIPAL DE SAUDE                                                                                                                                                                                                                                ;SAUDE - 10;ASSISTENCIA HOSPITALAR E AMBULATORIAL - 302;TRANSFERENCIA DE RECURSOS DO SISTEMA UNICO DE SAUDE - SUS - BLOCO DE MANUTENCAO DAS ACOES E SERVICOS PUBLICOS DE SAUDE - 107;LABORATORIO JARDIM DE ANALISES CLINICAS LTDA;DESPESA I ADITIVO CONTRATO NR. 773/2020 PARA A EXECUCAO DE SERVICOS MEDICOS DE ASSISTENCIA A SAUDE AMBULATORIAL (HOSPITALAR) E/OU APOIO DIAGNOSTICO TERAPEUTICO PARA ATENDIMENTO DOS USUARIOS DO SUS                                REFERENCIA: COMPETENCIAS 01/2026 ATE 03/2026, VALORES ESTIMADOS, CONF. DECRETO 134/2025 - SCC: 515206-1                                                 .                                                                           VALOR TOTAL:.....................................................49.059,00  .                                                                           64 - TRANSFERENCIAS DE RECURSOS DO SUS - ATENCAO ESPECIALIZADA              SOLICITACAO FINANCEIRA: 182482/2026                                         ;Inexigibilidade de Licitação;000062702020
20262150021110251;13/05/2026 00:00:00;224746,34;0127722026;14/05/2026 00:00:00;224746,34;202621500211102510001;14/05/2026 00:00:00;224746,34;33903900;OUTROS SERVICOS DE TERCEIROS - PESSOA JURIDICA;01609387000140;SECRETARIA MUNICIPAL DE SAUDE;0,00;SECRETARIA MUNICIPAL DE SAUDE                                                                                                                                                                                                                                ;SAUDE - 10;ASSISTENCIA HOSPITALAR E AMBULATORIAL - 302;TRANSFERENCIA DE RECURSOS DO SISTEMA UNICO DE SAUDE - SUS - BLOCO DE MANUTENCAO DAS ACOES E SERVICOS PUBLICOS DE SAUDE - 107;TOCANTINS DIAGNOSTICO MEDICO E LABORATORIAL LTDA.;DESPESA COM CONTRATO NR. 729/2020 PARA A EXECUCAO DE SERVICOS MEDICOS DE ASSISTENCIA A SAUDE AMBULATORIAL (HOSPITALAR) E/OU APOIO DIAGNOSTICO TERAPEUTICO PARA ATENDIMENTO DOS USUÁRIOS DO SUS                                      REFERENCIA: COMPETENCIAS 03/2026 A 06/2026, VALORES ESTIMADOS E PAGAMENTOS  ADMINISTRATIVOS/INCENTIVOS (01.2026 A 10.2026)                              .                                                                           VALOR TOTAL:....................................................224.746,34  .                                                                           64 - TRANSFERENCIAS DE RECURSOS DO SUS - ATENCAO ESPECIALIZADA              SOLICITACAO FINANCEIRA: 182674/2026                                         ;Inexigibilidade de Licitação;000062852020
20262150021110255;14/05/2026 00:00:00;187186,82;0128522026;15/05/2026 00:00:00;187186,82;202621500211102550001;15/05/2026 00:00:00;187186,82;33903900;OUTROS SERVICOS DE TERCEIROS - PESSOA JURIDICA;01585595000157;SECRETARIA MUNICIPAL DE SAUDE;0,00;SECRETARIA MUNICIPAL DE SAUDE                                                                                                                                                                                                                                ;SAUDE - 10;ASSISTENCIA HOSPITALAR E AMBULATORIAL - 302;TRANSFERENCIA DE RECURSOS DO SISTEMA UNICO DE SAUDE - SUS - BLOCO DE MANUTENCAO DAS ACOES E SERVICOS PUBLICOS DE SAUDE - 107;ASSOCIACAO DE COMBATE AO CANCER EM GOIAS;DESPESA COM TERMO DE COMPROMISSO NR. 043/2026 PARA A TRANSFERENCIA VOLUNTA  RIA FUNDO A FUNDO, SOLICITADA POR MEIO DO PROGRAMA GOIAS CRESCIMENTO, PARA  DESTINACAO DE RECURSOS AO FUNDO MUNICIPAL DE SAUDE DE GOIANIA               EMENDA PARLAMENTAR ESTADUAL: AMAURI RIBEIRO/DEPUTADO ESTADUAL CONF. OFICIO  NR. 045/2025-ALEGO                                                          .                                                                           VALOR TOTAL:....................................................187.186,82  .                                                                           FONTE:  107 - TRANSFERENCIA DE RECURSOS DO SISTEMA UNICO DE SAUDE - SUS - BLOCO DE MANUTENCAO DAS ACOES E SERVICOS PUBLICOS DE SAUDE                    FONTE DETALHADA:  64 - TRANSFERENCIAS DE RECURSOS DO SUS - ATENCAO ESPECIALIZADA                                                                        SOLICITACAO FINANCEIRA NR. 182786-2026 - SCC: 811981                        ;Outros (Convênios, ajustes, similares, etc.);000033592025
20262150021110257;18/05/2026 00:00:00;17009,89;0130892026;19/05/2026 00:00:00;17009,89;202621500211102570001;19/05/2026 00:00:00;17009,89;33903900;OUTROS SERVICOS DE TERCEIROS - PESSOA JURIDICA;04693442000111;SECRETARIA MUNICIPAL DE SAUDE;0,00;SECRETARIA MUNICIPAL DE SAUDE                                                                                                                                                                                                                                ;SAUDE - 10;ASSISTENCIA HOSPITALAR E AMBULATORIAL - 302;TRANSFERENCIA DE RECURSOS DO SISTEMA UNICO DE SAUDE - SUS - BLOCO DE MANUTENCAO DAS ACOES E SERVICOS PUBLICOS DE SAUDE - 107;JB PRESTACOES DE SERVICOS DIAGNOSTICOS LTDA;DESPESA COM CONTRATO NR. 755/2020 PARA A EXECUCAO DE SERVICOS MEDICOS DE ASSISTENCIA A SAUDE AMBULATORIAL (HOSPITALAR) E/OU APOIO DIAGNOSTICO TERAPEUTICO PARA ATENDIMENTO DOS USUARIOS DO SUS                                      REFERENCIA: COMPETENCIAS 03/2026 VALORES ESTIMADOS E PAGAMENTOS ADMINISTRATIVOS/INCENTIVOS(01.2026 A 10.2026) / SCC: 514188-2                           .                                                                           VALOR TOTAL:.....................................................17.009,89  .                                                                           64 - TRANSFERENCIAS DE RECURSOS DO SUS - ATENCAO ESPECIALIZADA              SOLICITACAO FINANCEIRA: 182876/2026                                         ;Inexigibilidade de Licitação;000062602020
20262150021110262;26/05/2026 00:00:00;93903,45;0136852026;26/05/2026 00:00:00;93903,45;202621500211102620001;26/05/2026 00:00:00;93903,45;33903900;OUTROS SERVICOS DE TERCEIROS - PESSOA JURIDICA;02081131000176;SECRETARIA MUNICIPAL DE SAUDE;0,00;SECRETARIA MUNICIPAL DE SAUDE                                                                                                                                                                                                                                ;SAUDE - 10;ASSISTENCIA HOSPITALAR E AMBULATORIAL - 302;TRANSFERENCIA DE RECURSOS DO SISTEMA UNICO DE SAUDE - SUS - BLOCO DE MANUTENCAO DAS ACOES E SERVICOS PUBLICOS DE SAUDE - 107;LABORATORIO BARROS TERRA LTDA E OUTROS;DESPESA COM CONTRATO NR. 1.103/2023 PARA A EXECUCAO DE SERVICOS MEDICOS DE  ASSISTENCIA A SAUDE AMBULATORIAL (HOSPITALAR) E/OU APOIO DIAGNOSTICO TERAPEUTICO PARA ATENDIMENTO DOS USUARIOS DO SUS                                   REFERENCIA: COMPLEMENTAR DE MARCO/2026, VALORES ESTIMADOS E PAGAMENTOS      ADMINISTRATIVOS/INCENTIVOS(01.2026 A 10.2026)                               .                                                                           VALOR TOTAL:.....................................................93.903,45  .                                                                           64 - TRANSFERENCIAS DE RECURSOS DO SUS - ATENCAO ESPECIALIZADA              SOLICITACAO FINANCEIRA: 183113/2026                                         ;Inexigibilidade de Licitação;000039632023
20262150021110263;27/05/2026 00:00:00;33201,28;0142382026;27/05/2026 00:00:00;33201,28;202621500211102630001;28/05/2026 00:00:00;33201,28;33903900;OUTROS SERVICOS DE TERCEIROS - PESSOA JURIDICA;01234848000148;SECRETARIA MUNICIPAL DE SAUDE;0,00;SECRETARIA MUNICIPAL DE SAUDE                                                                                                                                                                                                                                ;SAUDE - 10;ASSISTENCIA HOSPITALAR E AMBULATORIAL - 302;TRANSFERENCIA DE RECURSOS DO SISTEMA UNICO DE SAUDE - SUS - BLOCO DE MANUTENCAO DAS ACOES E SERVICOS PUBLICOS DE SAUDE - 107;LABORATORIO CAPC LTDA;DESPESA COM CONTRATO NR. 927/2020 PARA A EXECUCAO DE SERVICOS MEDICOS DE ASSISTENCIA A SAUDE AMBULATORIAL (HOSPITALAR) E/OU APOIO DIAGNOSTICO TERAPEUTICO PARA ATENDIMENTO DOS USUÁRIOS DO SUS                                      REFERENCIA: COMPETENCIA 03/2026, VALORES ESTIMADOS E PAGAMENTOS ADMINISTRATIVOS/INCENTIVOS(01.2026 A 10.2026) / SCC: 518426                             .                                                                           VALOR TOTAL:.....................................................33.201,28  .                                                                           64 - TRANSFERENCIAS DE RECURSOS DO SUS - ATENCAO ESPECIALIZADA              SOLICITACAO FINANCEIRA: 183115/2026                                         ;Inexigibilidade de Licitação;000000052020
20262150021110264;27/05/2026 00:00:00;318573,14;0141872026;27/05/2026 00:00:00;318573,14;202621500211102640001;28/05/2026 00:00:00;318573,14;33903900;OUTROS SERVICOS DE TERCEIROS - PESSOA JURIDICA;37678845000140;SECRETARIA MUNICIPAL DE SAUDE;0,00;SECRETARIA MUNICIPAL DE SAUDE                                                                                                                                                                                                                                ;SAUDE - 10;ASSISTENCIA HOSPITALAR E AMBULATORIAL - 302;TRANSFERENCIA DE RECURSOS DO SISTEMA UNICO DE SAUDE - SUS - BLOCO DE MANUTENCAO DAS ACOES E SERVICOS PUBLICOS DE SAUDE - 107;INSTITUTO PATRIS;DESPESA COM TERMO DE COLABORACAO EMERGENCIAL NR. 046/2026 PARA ATUAR EM RE  GIME DE GERENCIAMENTO COMPLEMENTAR COM O PODER PUBLICO MUNICIPAL NO HOSPI-  TAL E MATERNIDADE CELIA CAMARA - HMCC, NOS TERMOS DA LEI Nº. 13.019, DE 31  DE JULHO DE 2014, QUE ESTABELECE O REGIME JURIDICO DAS PARCERIAS ENTRE A    ADMINISTRACAO PUBLICA E AS ORGANIZACOES DA SOCIEDADE CIVIL, EM REGIME JURI- DICO DE MUTUA COOPERACAO, PARA A CONSECUCAO DE FINALIDADES DE INTERESSE PU  BLICO E RECIPROCO, MEDIANTE A EXECUCAO DE ATIVIDADES OU DE PROJETOS PREVIA  MENTE ESTABELECIDOS EM PLANOS DE TRABALHO INSERIDOS EM TERMOS DE COLABORA-  CAO, ENTRE OUTROS.                                                          .                                                                           VALOR TOTAL EMPENHADO:..........................................318.573,14  .                                                                           SOLICITACAO FINANCEIRA NR. 183164-2026 SCC: 814092 SEI: 26.29.000014434-7   .                                                                           FONTE: 107 - TRANSFERENCIA DE RECURSOS DO SISTEMA UNICO DE SAUDE - SUS      FONTE DETALHADA: 64 - TRANSFERENCIAS DE RECURSOS DO SUS - ATENCAO ESPECIALIZADA                                                                         .                                                                           COMPETENCIA 06/2026 - EMENDA CUSTEIO(63000728582202600) - PORTARIA NR. 10923(17/04/26) - 107/064 - SEI: 26.29.000017659-1                               ;Outros (Convênios, ajustes, similares, etc.);000024422026
20262150021110265;27/05/2026 00:00:00;5579709,06;0141862026;27/05/2026 00:00:00;5579709,06;202621500211102650001;27/05/2026 00:00:00;5579709,06;33903900;OUTROS SERVICOS DE TERCEIROS - PESSOA JURIDICA;37678845000140;SECRETARIA MUNICIPAL DE SAUDE;0,00;SECRETARIA MUNICIPAL DE SAUDE                                                                                                                                                                                                                                ;SAUDE - 10;ASSISTENCIA HOSPITALAR E AMBULATORIAL - 302;TRANSFERENCIA DE RECURSOS DO SISTEMA UNICO DE SAUDE - SUS - BLOCO DE MANUTENCAO DAS ACOES E SERVICOS PUBLICOS DE SAUDE - 107;INSTITUTO PATRIS;DESPESA COM TERMO DE COLABORACAO EMERGENCIAL NR. 046/2026 PARA ATUAR EM RE  GIME DE GERENCIAMENTO COMPLEMENTAR COM O PODER PUBLICO MUNICIPAL NO HOSPI-  TAL E MATERNIDADE CELIA CAMARA - HMCC, NOS TERMOS DA LEI Nº. 13.019, DE 31  DE JULHO DE 2014, QUE ESTABELECE O REGIME JURIDICO DAS PARCERIAS ENTRE A    ADMINISTRACAO PUBLICA E AS ORGANIZACOES DA SOCIEDADE CIVIL, EM REGIME JURI  DICO DE MUTUA COOPERACAO, PARA A CONSECUCAO DE FINALIDADES DE INTERESSE PU  BLICO E RECIPROCO, MEDIANTE A EXECUCAO DE ATIVIDADES OU DE PROJETOS PREVIA  MENTE ESTABELECIDOS EM PLANOS DE TRABALHO INSERIDOS EM TERMOS DE COLABORA-  CAO, ENTRE OUTROS.                                                          .                                                                           VALOR TOTAL EMPENHADO:........................................5.579.709,06  .                                                                           SOLICITACAO FINANCEIRA NR. 179547-2026 SCC: 814092 SEI: 26.29.000014434-7   .                                                                           FONTE: 107 - TRANSFERENCIA DE RECURSOS DO SISTEMA UNICO DE SAUDE - SUS      FONTE DETALHADA: 64 - TRANSFERENCIAS DE RECURSOS DO SUS - ATENCAO ESPECIA-  LIZADA                                                                      .                                                                           COMPETENCIA 06/2026 - EMENDA CUSTEIO(63000728582202600) - PORTARIA NR. 109  23(17/04/26) - 107/064 - SEI: 26.29.000017659-1                             ;Outros (Convênios, ajustes, similares, etc.);000024422026
20262150021110267;28/05/2026 00:00:00;2397693,88;0142932026;28/05/2026 00:00:00;0,00;202621500211102670001;28/05/2026 00:00:00;0,00;33903900;OUTROS SERVICOS DE TERCEIROS - PESSOA JURIDICA;00000000000868;SECRETARIA MUNICIPAL DE SAUDE;0,00;SECRETARIA MUNICIPAL DE SAUDE                                                                                                                                                                                                                                ;SAUDE - 10;ASSISTENCIA HOSPITALAR E AMBULATORIAL - 302;TRANSFERENCIA DE RECURSOS DO SISTEMA UNICO DE SAUDE - SUS - BLOCO DE MANUTENCAO DAS ACOES E SERVICOS PUBLICOS DE SAUDE - 107;BANCO DO BRASIL S/A;DESPESA COM PRESTACAO DE SERVICOS MEDICOS DE TERCEIROS - PESSOA FISICA(PF)  E PESSOA JURIDICA (PJ) DE ACORDO COM VALORES BRUTOS POR PRODUCAO - SGIF DA  SECRETARIA MUNICIPAL DE SAUDE DE GOIANIA. SOLICITACAO FINANCEIRA: 183134-26 .                                                                           OBS:REFERENCIA: COMPETENCIA 03/2026-SCC: 799751                             VALOR TOTAL:..................................................2.397.693,88  .                                                                           107 - TRANSFERENCIA DE RECURSOS DO SISTEMA UNICO DE SAUDE - SUS - BLOCO DE  MANUTENCAO DAS ACOES E SERVICOS PUBLICOS DE SAUDE                           64 - TRANSFERENCIAS DE RECURSOS DO SUS - ATENCAO ESPECIALIZADA              ;Outros (Convênios, ajustes, similares, etc.);000000112026
20262150021110267;28/05/2026 00:00:00;2397693,88;0142932026;28/05/2026 00:00:00;0,00;202621500211102670002;28/05/2026 00:00:00;0,00;33903900;OUTROS SERVICOS DE TERCEIROS - PESSOA JURIDICA;00000000000868;SECRETARIA MUNICIPAL DE SAUDE;0,00;SECRETARIA MUNICIPAL DE SAUDE                                                                                                                                                                                                                                ;SAUDE - 10;ASSISTENCIA HOSPITALAR E AMBULATORIAL - 302;TRANSFERENCIA DE RECURSOS DO SISTEMA UNICO DE SAUDE - SUS - BLOCO DE MANUTENCAO DAS ACOES E SERVICOS PUBLICOS DE SAUDE - 107;BANCO DO BRASIL S/A;DESPESA COM PRESTACAO DE SERVICOS MEDICOS DE TERCEIROS - PESSOA FISICA(PF)  E PESSOA JURIDICA (PJ) DE ACORDO COM VALORES BRUTOS POR PRODUCAO - SGIF DA  SECRETARIA MUNICIPAL DE SAUDE DE GOIANIA. SOLICITACAO FINANCEIRA: 183134-26 .                                                                           OBS:REFERENCIA: COMPETENCIA 03/2026-SCC: 799751                             VALOR TOTAL:..................................................2.397.693,88  .                                                                           107 - TRANSFERENCIA DE RECURSOS DO SISTEMA UNICO DE SAUDE - SUS - BLOCO DE  MANUTENCAO DAS ACOES E SERVICOS PUBLICOS DE SAUDE                           64 - TRANSFERENCIAS DE RECURSOS DO SUS - ATENCAO ESPECIALIZADA              ;Outros (Convênios, ajustes, similares, etc.);000000112026
20262150021110267;28/05/2026 00:00:00;2397693,88;0143142026;28/05/2026 00:00:00;2228187,92;202621500211102670003;28/05/2026 00:00:00;26818,69;33903900;OUTROS SERVICOS DE TERCEIROS - PESSOA JURIDICA;00000000000868;SECRETARIA MUNICIPAL DE SAUDE;0,00;SECRETARIA MUNICIPAL DE SAUDE                                                                                                                                                                                                                                ;SAUDE - 10;ASSISTENCIA HOSPITALAR E AMBULATORIAL - 302;TRANSFERENCIA DE RECURSOS DO SISTEMA UNICO DE SAUDE - SUS - BLOCO DE MANUTENCAO DAS ACOES E SERVICOS PUBLICOS DE SAUDE - 107;BANCO DO BRASIL S/A;DESPESA COM PRESTACAO DE SERVICOS MEDICOS DE TERCEIROS - PESSOA FISICA(PF)  E PESSOA JURIDICA (PJ) DE ACORDO COM VALORES BRUTOS POR PRODUCAO - SGIF DA  SECRETARIA MUNICIPAL DE SAUDE DE GOIANIA. SOLICITACAO FINANCEIRA: 183134-26 .                                                                           OBS:REFERENCIA: COMPETENCIA 03/2026-SCC: 799751                             VALOR TOTAL:..................................................2.397.693,88  .                                                                           107 - TRANSFERENCIA DE RECURSOS DO SISTEMA UNICO DE SAUDE - SUS - BLOCO DE  MANUTENCAO DAS ACOES E SERVICOS PUBLICOS DE SAUDE                           64 - TRANSFERENCIAS DE RECURSOS DO SUS - ATENCAO ESPECIALIZADA              ;Outros (Convênios, ajustes, similares, etc.);000000112026
20262150021110267;28/05/2026 00:00:00;2397693,88;0143142026;28/05/2026 00:00:00;2228187,92;202621500211102670004;28/05/2026 00:00:00;2201369,23;33903900;OUTROS SERVICOS DE TERCEIROS - PESSOA JURIDICA;00000000000868;SECRETARIA MUNICIPAL DE SAUDE;0,00;SECRETARIA MUNICIPAL DE SAUDE                                                                                                                                                                                                                                ;SAUDE - 10;ASSISTENCIA HOSPITALAR E AMBULATORIAL - 302;TRANSFERENCIA DE RECURSOS DO SISTEMA UNICO DE SAUDE - SUS - BLOCO DE MANUTENCAO DAS ACOES E SERVICOS PUBLICOS DE SAUDE - 107;BANCO DO BRASIL S/A;DESPESA COM PRESTACAO DE SERVICOS MEDICOS DE TERCEIROS - PESSOA FISICA(PF)  E PESSOA JURIDICA (PJ) DE ACORDO COM VALORES BRUTOS POR PRODUCAO - SGIF DA  SECRETARIA MUNICIPAL DE SAUDE DE GOIANIA. SOLICITACAO FINANCEIRA: 183134-26 .                                                                           OBS:REFERENCIA: COMPETENCIA 03/2026-SCC: 799751                             VALOR TOTAL:..................................................2.397.693,88  .                                                                           107 - TRANSFERENCIA DE RECURSOS DO SISTEMA UNICO DE SAUDE - SUS - BLOCO DE  MANUTENCAO DAS ACOES E SERVICOS PUBLICOS DE SAUDE                           64 - TRANSFERENCIAS DE RECURSOS DO SUS - ATENCAO ESPECIALIZADA              ;Outros (Convênios, ajustes, similares, etc.);000000112026
20262150021110267;28/05/2026 00:00:00;2397693,88;0186502026;17/07/2026 00:00:00;169505,96;202621500211102670005;22/07/2026 00:00:00;2035,19;33903900;OUTROS SERVICOS DE TERCEIROS - PESSOA JURIDICA;00000000000868;SECRETARIA MUNICIPAL DE SAUDE;0,00;SECRETARIA MUNICIPAL DE SAUDE                                                                                                                                                                                                                                ;SAUDE - 10;ASSISTENCIA HOSPITALAR E AMBULATORIAL - 302;TRANSFERENCIA DE RECURSOS DO SISTEMA UNICO DE SAUDE - SUS - BLOCO DE MANUTENCAO DAS ACOES E SERVICOS PUBLICOS DE SAUDE - 107;BANCO DO BRASIL S/A;DESPESA COM PRESTACAO DE SERVICOS MEDICOS DE TERCEIROS - PESSOA FISICA(PF)  E PESSOA JURIDICA (PJ) DE ACORDO COM VALORES BRUTOS POR PRODUCAO - SGIF DA  SECRETARIA MUNICIPAL DE SAUDE DE GOIANIA. SOLICITACAO FINANCEIRA: 183134-26 .                                                                           OBS:REFERENCIA: COMPETENCIA 03/2026-SCC: 799751                             VALOR TOTAL:..................................................2.397.693,88  .                                                                           107 - TRANSFERENCIA DE RECURSOS DO SISTEMA UNICO DE SAUDE - SUS - BLOCO DE  MANUTENCAO DAS ACOES E SERVICOS PUBLICOS DE SAUDE                           64 - TRANSFERENCIAS DE RECURSOS DO SUS - ATENCAO ESPECIALIZADA              ;Outros (Convênios, ajustes, similares, etc.);000000112026
20262150021110267;28/05/2026 00:00:00;2397693,88;0186502026;17/07/2026 00:00:00;169505,96;202621500211102670006;22/07/2026 00:00:00;167470,77;33903900;OUTROS SERVICOS DE TERCEIROS - PESSOA JURIDICA;00000000000868;SECRETARIA MUNICIPAL DE SAUDE;0,00;SECRETARIA MUNICIPAL DE SAUDE                                                                                                                                                                                                                                ;SAUDE - 10;ASSISTENCIA HOSPITALAR E AMBULATORIAL - 302;TRANSFERENCIA DE RECURSOS DO SISTEMA UNICO DE SAUDE - SUS - BLOCO DE MANUTENCAO DAS ACOES E SERVICOS PUBLICOS DE SAUDE - 107;BANCO DO BRASIL S/A;DESPESA COM PRESTACAO DE SERVICOS MEDICOS DE TERCEIROS - PESSOA FISICA(PF)  E PESSOA JURIDICA (PJ) DE ACORDO COM VALORES BRUTOS POR PRODUCAO - SGIF DA  SECRETARIA MUNICIPAL DE SAUDE DE GOIANIA. SOLICITACAO FINANCEIRA: 183134-26 .                                                                           OBS:REFERENCIA: COMPETENCIA 03/2026-SCC: 799751                             VALOR TOTAL:..................................................2.397.693,88  .                                                                           107 - TRANSFERENCIA DE RECURSOS DO SISTEMA UNICO DE SAUDE - SUS - BLOCO DE  MANUTENCAO DAS ACOES E SERVICOS PUBLICOS DE SAUDE                           64 - TRANSFERENCIAS DE RECURSOS DO SUS - ATENCAO ESPECIALIZADA              ;Outros (Convênios, ajustes, similares, etc.);000000112026
20262150021130220;04/05/2026 00:00:00;71844,00;;;0,00;;;0,00;33903900;OUTROS SERVICOS DE TERCEIROS - PESSOA JURIDICA;05572194000113;SECRETARIA MUNICIPAL DE SAUDE;71844,00;SECRETARIA MUNICIPAL DE SAUDE                                                                                                                                                                                                                                ;SAUDE - 10;ASSISTENCIA HOSPITALAR E AMBULATORIAL - 302;TRANSFERENCIA DE RECURSOS DO SISTEMA UNICO DE SAUDE - SUS - BLOCO DE MANUTENCAO DAS ACOES E SERVICOS PUBLICOS DE SAUDE - 107;UROLOGIA E ASSOCIADOS LTDA;DESPESA COM NOVO CREDENCIAMENTO PARA A EXECUCAO DE SERVICOS MEDICOS DE      ASSISTENCIA A SAUDE AMBULATORIAL(HOSPITALAR) E/OU APOIO DIAGNOSTICO TERA    PEUTICO PARA ATENDIMENTO DOS USUARIOS DO SUS                                REFERENCIA: EXERCICIO DE 2026, VALORES ESTIMADOS, CONF. DESP. 079/2025      SUPRAC E O DECRETO 134/2025                                                 .                                                                           VALOR EMPENHADO DE 07/2026 A 09/2026 COM MENSAIS DE:...........23.948,00    VALOR TOTAL:...................................................71.844,00    .                                                                           64 - TRANSFERENCIAS DE RECURSOS DO SUS - ATENCAO ESPECIALIZADA              SOLICITACAO FINANCEIRA: 181545/2026                                         ;Inexigibilidade de Licitação;000000022025
20262150021130221;05/05/2026 00:00:00;13923,00;;;0,00;;;0,00;33903900;OUTROS SERVICOS DE TERCEIROS - PESSOA JURIDICA;42272160000130;SECRETARIA MUNICIPAL DE SAUDE;0,00;SECRETARIA MUNICIPAL DE SAUDE                                                                                                                                                                                                                                ;SAUDE - 10;ASSISTENCIA HOSPITALAR E AMBULATORIAL - 302;TRANSFERENCIA DE RECURSOS DO SISTEMA UNICO DE SAUDE - SUS - BLOCO DE MANUTENCAO DAS ACOES E SERVICOS PUBLICOS DE SAUDE - 107;INSTITUTO DE DESENVOLVIMENTO E ASSISTENCIA A SAUDE  IDASA;DESPESA COM NOVO CREDENCIAMENTO PARA A EXECUCAO DE SERVICOS MEDICOS DE      ASSISTENCIA A SAUDE AMBULATORIAL (HOSPITALAR) E/OU APOIO DIAGNOSTICO        TERAPEUTICO PARA ATENDIMENTO DOS USUARIOS DO SUS - SCC:812901               REFERENCIA: EXERCICIO DE 2026, VALORES ESTIMADOS, DESPACHO NR. 392/2026     SUPRAC E DE ACORDO COM DECRETO NR. 134/2025                                 .                                                                           VALOR EMPENHADO DE 05/2026 A 07/2026 COM MENSAIS DE:............4.641,00    VALOR TOTAL:...................................................13.923,00    .                                                                           64 - TRANSFERENCIAS DE RECURSOS DO SUS - ATENCAO ESPECIALIZADA              SOLICITACAO FINANCEIRA: 181388/2026                                         ;Inexigibilidade de Licitação;000003922026
20262150021130222;05/05/2026 00:00:00;1393667,13;0135492026;25/05/2026 00:00:00;683135,01;202621500211302220001;25/05/2026 00:00:00;683135,01;33903900;OUTROS SERVICOS DE TERCEIROS - PESSOA JURIDICA;02043906000119;SECRETARIA MUNICIPAL DE SAUDE;0,00;SECRETARIA MUNICIPAL DE SAUDE                                                                                                                                                                                                                                ;SAUDE - 10;ASSISTENCIA HOSPITALAR E AMBULATORIAL - 302;TRANSFERENCIA DE RECURSOS DO SISTEMA UNICO DE SAUDE - SUS - BLOCO DE MANUTENCAO DAS ACOES E SERVICOS PUBLICOS DE SAUDE - 107;RENALCLINICA CLINICA DE NEFROLOGIA LTDA;DESPESA COM NOVO CREDENCIAMENTO PARA A EXECUCAO DE SERVICOS MEDICOS DE      ASSISTENCIA A SAUDE AMBULATORIAL(HOSPITALAR) E/OU APOIO DIAGNOSTICO         TERAPEUTICO PARA ATENDIMENTO DOS USUÁRIOS DO SUS - SCC:800521               REFERENCIA: EXERCICIO DE 2026, VALORES ESTIMADOS DE ACORDO COM DECRETO      NR 134/2025, DE ACORDO COM DESPACHO NR. 1610/2025 - SUPRAC(8886457)         .                                                                           VALOR EMPENHADO DE 03/2026 A 05/2026 COM MENSAIS DE:..........464.555,71    VALOR TOTAL:................................................1.393.667,13    .                                                                           64 - TRANSFERENCIAS DE RECURSOS DO SUS - ATENCAO ESPECIALIZADA              SOLICITACAO FINANCEIRA: 177347/2026                                         ;Inexigibilidade de Licitação;000016102025
20262150021130222;05/05/2026 00:00:00;1393667,13;0161222026;23/06/2026 00:00:00;388452,89;202621500211302220002;23/06/2026 00:00:00;388452,89;33903900;OUTROS SERVICOS DE TERCEIROS - PESSOA JURIDICA;02043906000119;SECRETARIA MUNICIPAL DE SAUDE;0,00;SECRETARIA MUNICIPAL DE SAUDE                                                                                                                                                                                                                                ;SAUDE - 10;ASSISTENCIA HOSPITALAR E AMBULATORIAL - 302;TRANSFERENCIA DE RECURSOS DO SISTEMA UNICO DE SAUDE - SUS - BLOCO DE MANUTENCAO DAS ACOES E SERVICOS PUBLICOS DE SAUDE - 107;RENALCLINICA CLINICA DE NEFROLOGIA LTDA;DESPESA COM NOVO CREDENCIAMENTO PARA A EXECUCAO DE SERVICOS MEDICOS DE      ASSISTENCIA A SAUDE AMBULATORIAL(HOSPITALAR) E/OU APOIO DIAGNOSTICO         TERAPEUTICO PARA ATENDIMENTO DOS USUÁRIOS DO SUS - SCC:800521               REFERENCIA: EXERCICIO DE 2026, VALORES ESTIMADOS DE ACORDO COM DECRETO      NR 134/2025, DE ACORDO COM DESPACHO NR. 1610/2025 - SUPRAC(8886457)         .                                                                           VALOR EMPENHADO DE 03/2026 A 05/2026 COM MENSAIS DE:..........464.555,71    VALOR TOTAL:................................................1.393.667,13    .                                                                           64 - TRANSFERENCIAS DE RECURSOS DO SUS - ATENCAO ESPECIALIZADA              SOLICITACAO FINANCEIRA: 177347/2026                                         ;Inexigibilidade de Licitação;000016102025
20262150021130222;05/05/2026 00:00:00;1393667,13;0170032026;26/06/2026 00:00:00;79489,59;202621500211302220003;26/06/2026 00:00:00;79489,59;33903900;OUTROS SERVICOS DE TERCEIROS - PESSOA JURIDICA;02043906000119;SECRETARIA MUNICIPAL DE SAUDE;0,00;SECRETARIA MUNICIPAL DE SAUDE                                                                                                                                                                                                                                ;SAUDE - 10;ASSISTENCIA HOSPITALAR E AMBULATORIAL - 302;TRANSFERENCIA DE RECURSOS DO SISTEMA UNICO DE SAUDE - SUS - BLOCO DE MANUTENCAO DAS ACOES E SERVICOS PUBLICOS DE SAUDE - 107;RENALCLINICA CLINICA DE NEFROLOGIA LTDA;DESPESA COM NOVO CREDENCIAMENTO PARA A EXECUCAO DE SERVICOS MEDICOS DE      ASSISTENCIA A SAUDE AMBULATORIAL(HOSPITALAR) E/OU APOIO DIAGNOSTICO         TERAPEUTICO PARA ATENDIMENTO DOS USUÁRIOS DO SUS - SCC:800521               REFERENCIA: EXERCICIO DE 2026, VALORES ESTIMADOS DE ACORDO COM DECRETO      NR 134/2025, DE ACORDO COM DESPACHO NR. 1610/2025 - SUPRAC(8886457)         .                                                                           VALOR EMPENHADO DE 03/2026 A 05/2026 COM MENSAIS DE:..........464.555,71    VALOR TOTAL:................................................1.393.667,13    .                                                                           64 - TRANSFERENCIAS DE RECURSOS DO SUS - ATENCAO ESPECIALIZADA              SOLICITACAO FINANCEIRA: 177347/2026                                         ;Inexigibilidade de Licitação;000016102025
20262150021130223;05/05/2026 00:00:00;188402,43;0193322026;23/07/2026 00:00:00;71629,78;202621500211302230001;24/07/2026 00:00:00;71629,78;33903900;OUTROS SERVICOS DE TERCEIROS - PESSOA JURIDICA;00088925000136;SECRETARIA MUNICIPAL DE SAUDE;0,00;SECRETARIA MUNICIPAL DE SAUDE                                                                                                                                                                                                                                ;SAUDE - 10;ASSISTENCIA HOSPITALAR E AMBULATORIAL - 302;TRANSFERENCIA DE RECURSOS DO SISTEMA UNICO DE SAUDE - SUS - BLOCO DE MANUTENCAO DAS ACOES E SERVICOS PUBLICOS DE SAUDE - 107;IMEN INSTITUTO DE MEDICINA NUCLEAR LTDA;DESPESA COM NOVO CREDENCIAMENTO PARA A EXECUCAO DE SERVIÇOS MEDICOS DE      ASSISTENCIA A SAUDE AMBULATORIAL (HOSPITALAR) E/OU APOIO DIAGNOSTICO        TERAPEUTICO PARA ATENDIMENTO DOS USUARIOS DO SUS                            REFERENCIA: EXERCICIO DE 2026, VALORES ESTIMADOS, DESPACHO NR. 083/2026     SUPRAC E DE ACORDO COM DECRETO NR. 134/2025                                 .                                                                           VALOR EMPENHADO DE 05/2026 A 07/2026 COM MENSAIS DE:...........62.800,81    VALOR TOTAL:..................................................188.402,43    .                                                                           64 - TRANSFERENCIAS DE RECURSOS DO SUS - ATENCAO ESPECIALIZADA              SOLICITACAO FINANCEIRA: 180115/2026                                         ;Inexigibilidade de Licitação;000013812026
20262150021130224;05/05/2026 00:00:00;3318986,04;;;0,00;;;0,00;33903900;OUTROS SERVICOS DE TERCEIROS - PESSOA JURIDICA;19095352000104;SECRETARIA MUNICIPAL DE SAUDE;3318986,04;SECRETARIA MUNICIPAL DE SAUDE                                                                                                                                                                                                                                ;SAUDE - 10;ASSISTENCIA HOSPITALAR E AMBULATORIAL - 302;TRANSFERENCIA DE RECURSOS DO SISTEMA UNICO DE SAUDE - SUS - BLOCO DE MANUTENCAO DAS ACOES E SERVICOS PUBLICOS DE SAUDE - 107;VERDE SERRANO ALIMENTOS LTDA;DESPESA COM CONTRATACAO DE EMPRESA ESPECIALIZADA NO FORNECIMENTO DE ALIMENTACAO PRONTA E TRANSPORTADA AOS PACIENTES/USUARISO DA SMS - PREGAO ELETRONICO NR 90019/2025                                                               DE ACORDO COM AUTORIZACAO DA RESOLUCAO NORMATIVA 36 CCG - AVISO DE LICITACAO7997665 - PARECER TECNICO 4 GERADM - DESPACHO 711/2025 PRECEL               PEDIDO DE COMPRAS 107/2025                                                  .                                                                           VALOR EMPENHADO DE 04/2026 A 06/2026 COM MENSAIS DE:..........1.106.328,68  VALOR TOTAL:..................................................3.318.986,04  .                                                                           64 - TRANSFERENCIAS DE RECURSOS DO SUS - ATENCAO ESPECIALIZADA              SOLICITACAO FINANCEIRA: 180739/2026                                         ;Pregão;000900192025
20262150021130225;07/05/2026 00:00:00;17288,91;;;0,00;;;0,00;33903900;OUTROS SERVICOS DE TERCEIROS - PESSOA JURIDICA;02309466000107;SECRETARIA MUNICIPAL DE SAUDE;17288,91;SECRETARIA MUNICIPAL DE SAUDE                                                                                                                                                                                                                                ;SAUDE - 10;ASSISTENCIA HOSPITALAR E AMBULATORIAL - 302;TRANSFERENCIA DE RECURSOS DO SISTEMA UNICO DE SAUDE - SUS - BLOCO DE MANUTENCAO DAS ACOES E SERVICOS PUBLICOS DE SAUDE - 107;CONS CENTRAL DE GOIANIA DA SOC SAO VICENTE DE PAULO;DESPESA COM CONTRATO DE LOCACAO NR 016/2024 DO IMOVEL ONDE FUNCIONA O AMBULATORIO MUNICIPAL DE PSQUIATRIA E CENTRO DE CONVIVENCIA CUCA FRESCA           VALORES RELATIVOS A 27/05/2026 A JUNHO/2026, CONFORME DESPACHO NR 320/2026-GERINF, PEDIDO DE COMPRAS 242/2026, SCC: 705072-2                            .                                                                           VALOR EMPENHADO DE 05/2026  COM MENSAL DE:........................2.033,99  VALOR EMPENHADO DE 06/2026  COM MENSAL DE:.......................15.254,92  VALOR TOTAL:.....................................................17.288,91  .                                                                           64 - TRANSFERENCIAS DE RECURSOS DO SUS - ATENCAO ESPECIALIZADA              SOLICITACAO FINANCEIRA: 181786/2026                                         ;Dispensa de Licitação;000001622023
20262150021130226;07/05/2026 00:00:00;354490,02;;;0,00;;;0,00;33903900;OUTROS SERVICOS DE TERCEIROS - PESSOA JURIDICA;02778769000160;SECRETARIA MUNICIPAL DE SAUDE;354490,02;SECRETARIA MUNICIPAL DE SAUDE                                                                                                                                                                                                                                ;SAUDE - 10;ASSISTENCIA HOSPITALAR E AMBULATORIAL - 302;TRANSFERENCIA DE RECURSOS DO SISTEMA UNICO DE SAUDE - SUS - BLOCO DE MANUTENCAO DAS ACOES E SERVICOS PUBLICOS DE SAUDE - 107;CEMPRE III CENTRO DE MEDICINA INTEGRADA LTDA;DESPESA COM NOVO CREDENCIAMENTO PARA A EXECUCAO DE SERVICOS MEDICOS DE ASSISTENCIA A SAUDE AMBULATORIAL (HOSPITALAR) E/OU APOIO DIAGNOSTICO TERAPEUTICO PARA ATENDIMENTO DOS USUARIOS DO SUS                                        REFERENCIA: EXERCICIO DE 2026, VALORES ESTIMADOS                            .                                                                           VALOR EMPENHADO DE 06/2026  COM MENSAL DE:......................118.163,34  VALOR EMPENHADO DE 11/2026 E 12/2026 COM MENSAIS DE:............118.163,34  VALOR TOTAL:....................................................354.490,02  .                                                                           64 - TRANSFERENCIAS DE RECURSOS DO SUS - ATENCAO ESPECIALIZADA              SOLICITACAO FINANCEIRA: 182422/2026                                         ;Inexigibilidade de Licitação;000000022025
20262150021130227;08/05/2026 00:00:00;559284,99;0125862026;12/05/2026 00:00:00;139821,25;202621500211302270001;13/05/2026 00:00:00;139821,25;33903900;OUTROS SERVICOS DE TERCEIROS - PESSOA JURIDICA;01624477000100;SECRETARIA MUNICIPAL DE SAUDE;0,00;SECRETARIA MUNICIPAL DE SAUDE                                                                                                                                                                                                                                ;SAUDE - 10;ASSISTENCIA HOSPITALAR E AMBULATORIAL - 302;TRANSFERENCIA DE RECURSOS DO SISTEMA UNICO DE SAUDE - SUS - BLOCO DE MANUTENCAO DAS ACOES E SERVICOS PUBLICOS DE SAUDE - 107;CLINICA RAIOS X NABYH SALUM S/S;DESPESA COM CONTRATO NR. 799/2020 PARA A EXECUCAO DE SERVICOS MEDICOS DE    ASSISTENCIA A SAUDE AMBULATORIAL (HOSPITALAR) E/OU APOIO DIAGNOSTICO        TERAPEUTICO PARA ATENDIMENTO DOS USUARIOS DO SUS - SCC: 516202-1            REFERENCIA: COMPETÊNCIAS 03/2026 A 06/2026, VALORES ESTIMADOS E PAGAMENTOS  ADMINISTRATIVOS/INCENTIVOS(01.2026 A 10.2026)                               .                                                                           VALOR EMPENHADO DE 05/2026 A 07/2026 COM MENSAIS DE:............186.428,33  VALOR TOTAL:....................................................559.284,99  .                                                                           64 - TRANSFERENCIAS DE RECURSOS DO SUS - ATENCAO ESPECIALIZADA              SOLICITACAO FINANCEIRA: 182523/2026                                         ;Inexigibilidade de Licitação;000063372020
20262150021130227;08/05/2026 00:00:00;559284,99;0159782026;19/06/2026 00:00:00;60086,25;202621500211302270002;19/06/2026 00:00:00;60086,25;33903900;OUTROS SERVICOS DE TERCEIROS - PESSOA JURIDICA;01624477000100;SECRETARIA MUNICIPAL DE SAUDE;0,00;SECRETARIA MUNICIPAL DE SAUDE                                                                                                                                                                                                                                ;SAUDE - 10;ASSISTENCIA HOSPITALAR E AMBULATORIAL - 302;TRANSFERENCIA DE RECURSOS DO SISTEMA UNICO DE SAUDE - SUS - BLOCO DE MANUTENCAO DAS ACOES E SERVICOS PUBLICOS DE SAUDE - 107;CLINICA RAIOS X NABYH SALUM S/S;DESPESA COM CONTRATO NR. 799/2020 PARA A EXECUCAO DE SERVICOS MEDICOS DE    ASSISTENCIA A SAUDE AMBULATORIAL (HOSPITALAR) E/OU APOIO DIAGNOSTICO        TERAPEUTICO PARA ATENDIMENTO DOS USUARIOS DO SUS - SCC: 516202-1            REFERENCIA: COMPETÊNCIAS 03/2026 A 06/2026, VALORES ESTIMADOS E PAGAMENTOS  ADMINISTRATIVOS/INCENTIVOS(01.2026 A 10.2026)                               .                                                                           VALOR EMPENHADO DE 05/2026 A 07/2026 COM MENSAIS DE:............186.428,33  VALOR TOTAL:....................................................559.284,99  .                                                                           64 - TRANSFERENCIAS DE RECURSOS DO SUS - ATENCAO ESPECIALIZADA              SOLICITACAO FINANCEIRA: 182523/2026                                         ;Inexigibilidade de Licitação;000063372020
20262150021130228;08/05/2026 00:00:00;31324,32;0126842026;13/05/2026 00:00:00;7831,08;202621500211302280001;13/05/2026 00:00:00;7831,08;33903900;OUTROS SERVICOS DE TERCEIROS - PESSOA JURIDICA;01567601000143;SECRETARIA MUNICIPAL DE SAUDE;0,00;SECRETARIA MUNICIPAL DE SAUDE                                                                                                                                                                                                                                ;SAUDE - 10;ASSISTENCIA HOSPITALAR E AMBULATORIAL - 302;TRANSFERENCIA DE RECURSOS DO SISTEMA UNICO DE SAUDE - SUS - BLOCO DE MANUTENCAO DAS ACOES E SERVICOS PUBLICOS DE SAUDE - 107;UNIVERSIDADE FEDERAL DE GOIAS;DESPESA COM CONVENIO NR. 022/2021 PARA A EXECUCAO DE SERVICOS MEDICOS DE    ASSISTENCIA A SAUDE AMBULATORIAL (HOSPITALAR) E/OU APOIO DIAGNOSTICO        TERAPEUTICO PARA ATENDIMENTO DOS USUARIOS DO SUS - SCC: 549721              REFERENCIA: COMPETÊNCIAS 03/2026 A 06/2026, VALORES ESTIMADOS E PAGAMENTOS  ADMINISTRATIVOS/INCENTIVOS(01.2026 A 10.2026)                               .                                                                           VALOR EMPENHADO DE 05/2026 A 07/2026 COM MENSAIS DE:.............10.441,44  VALOR TOTAL:.....................................................31.324,32  .                                                                           64 - TRANSFERENCIAS DE RECURSOS DO SUS - ATENCAO ESPECIALIZADA              SOLICITACAO FINANCEIRA: 182526/2026                                         ;Outros (Convênios, ajustes, similares, etc.);000920802021
20262150021130229;08/05/2026 00:00:00;91391,13;0128832026;15/05/2026 00:00:00;22847,78;202621500211302290001;15/05/2026 00:00:00;22847,78;33903900;OUTROS SERVICOS DE TERCEIROS - PESSOA JURIDICA;03877107000100;SECRETARIA MUNICIPAL DE SAUDE;0,00;SECRETARIA MUNICIPAL DE SAUDE                                                                                                                                                                                                                                ;SAUDE - 10;ASSISTENCIA HOSPITALAR E AMBULATORIAL - 302;TRANSFERENCIA DE RECURSOS DO SISTEMA UNICO DE SAUDE - SUS - BLOCO DE MANUTENCAO DAS ACOES E SERVICOS PUBLICOS DE SAUDE - 107;CADI LABORATORIO AVICENNA DE DIAGNOSTICOS LTDA;DESPESA COM CONTRATO NR. 779/2020 PARA A EXECUCAO DE SERVICOS MEDICOS DE    ASSISTENCIA A SAUDE AMBULATORIAL (HOSPITALAR) E/OU APOIO DIAGNOSTICO        TERAPEUTICO PARA ATENDIMENTO DOS USUARIOS DO SUS - SCC: 515265-1            REFERENCIA: COMPETÊNCIAS 03/2026 A 06/2026, VALORES ESTIMADOS E PAGAMENTOS  ADMINISTRATIVOS/INCENTIVOS(01.2026 A 10.2026)                               .                                                                           VALOR EMPENHADO DE 05/2026 A 07/2026 COM MENSAIS DE:.............30.463,71  VALOR TOTAL:.....................................................91.391,13  .                                                                           64 - TRANSFERENCIAS DE RECURSOS DO SUS - ATENCAO ESPECIALIZADA              SOLICITACAO FINANCEIRA: 182506/2026                                         ;Inexigibilidade de Licitação;000069312020
20262150021130229;08/05/2026 00:00:00;91391,13;0164272026;25/06/2026 00:00:00;148,40;202621500211302290002;26/06/2026 00:00:00;148,40;33903900;OUTROS SERVICOS DE TERCEIROS - PESSOA JURIDICA;03877107000100;SECRETARIA MUNICIPAL DE SAUDE;0,00;SECRETARIA MUNICIPAL DE SAUDE                                                                                                                                                                                                                                ;SAUDE - 10;ASSISTENCIA HOSPITALAR E AMBULATORIAL - 302;TRANSFERENCIA DE RECURSOS DO SISTEMA UNICO DE SAUDE - SUS - BLOCO DE MANUTENCAO DAS ACOES E SERVICOS PUBLICOS DE SAUDE - 107;CADI LABORATORIO AVICENNA DE DIAGNOSTICOS LTDA;DESPESA COM CONTRATO NR. 779/2020 PARA A EXECUCAO DE SERVICOS MEDICOS DE    ASSISTENCIA A SAUDE AMBULATORIAL (HOSPITALAR) E/OU APOIO DIAGNOSTICO        TERAPEUTICO PARA ATENDIMENTO DOS USUARIOS DO SUS - SCC: 515265-1            REFERENCIA: COMPETÊNCIAS 03/2026 A 06/2026, VALORES ESTIMADOS E PAGAMENTOS  ADMINISTRATIVOS/INCENTIVOS(01.2026 A 10.2026)                               .                                                                           VALOR EMPENHADO DE 05/2026 A 07/2026 COM MENSAIS DE:.............30.463,71  VALOR TOTAL:.....................................................91.391,13  .                                                                           64 - TRANSFERENCIAS DE RECURSOS DO SUS - ATENCAO ESPECIALIZADA              SOLICITACAO FINANCEIRA: 182506/2026                                         ;Inexigibilidade de Licitação;000069312020
20262150021130229;08/05/2026 00:00:00;91391,13;0192322026;22/07/2026 00:00:00;22233,70;202621500211302290003;23/07/2026 00:00:00;22233,70;33903900;OUTROS SERVICOS DE TERCEIROS - PESSOA JURIDICA;03877107000100;SECRETARIA MUNICIPAL DE SAUDE;0,00;SECRETARIA MUNICIPAL DE SAUDE                                                                                                                                                                                                                                ;SAUDE - 10;ASSISTENCIA HOSPITALAR E AMBULATORIAL - 302;TRANSFERENCIA DE RECURSOS DO SISTEMA UNICO DE SAUDE - SUS - BLOCO DE MANUTENCAO DAS ACOES E SERVICOS PUBLICOS DE SAUDE - 107;CADI LABORATORIO AVICENNA DE DIAGNOSTICOS LTDA;DESPESA COM CONTRATO NR. 779/2020 PARA A EXECUCAO DE SERVICOS MEDICOS DE    ASSISTENCIA A SAUDE AMBULATORIAL (HOSPITALAR) E/OU APOIO DIAGNOSTICO        TERAPEUTICO PARA ATENDIMENTO DOS USUARIOS DO SUS - SCC: 515265-1            REFERENCIA: COMPETÊNCIAS 03/2026 A 06/2026, VALORES ESTIMADOS E PAGAMENTOS  ADMINISTRATIVOS/INCENTIVOS(01.2026 A 10.2026)                               .                                                                           VALOR EMPENHADO DE 05/2026 A 07/2026 COM MENSAIS DE:.............30.463,71  VALOR TOTAL:.....................................................91.391,13  .                                                                           64 - TRANSFERENCIAS DE RECURSOS DO SUS - ATENCAO ESPECIALIZADA              SOLICITACAO FINANCEIRA: 182506/2026                                         ;Inexigibilidade de Licitação;000069312020
20262150021130230;08/05/2026 00:00:00;965908,35;0129662026;18/05/2026 00:00:00;241477,09;202621500211302300001;18/05/2026 00:00:00;241477,09;33903900;OUTROS SERVICOS DE TERCEIROS - PESSOA JURIDICA;01586380000150;SECRETARIA MUNICIPAL DE SAUDE;0,00;SECRETARIA MUNICIPAL DE SAUDE                                                                                                                                                                                                                                ;SAUDE - 10;ASSISTENCIA HOSPITALAR E AMBULATORIAL - 302;TRANSFERENCIA DE RECURSOS DO SISTEMA UNICO DE SAUDE - SUS - BLOCO DE MANUTENCAO DAS ACOES E SERVICOS PUBLICOS DE SAUDE - 107;CRD  CENTRO DE RECURSOS DIAGNOSTICOS LTDA;DESPESA COM CONTRATO NR. 526/2023 PARA A EXECUCAO DE SERVICOS MEDICOS DE    ASSISTENCIA A SAUDE AMBULATORIAL (HOSPITALAR) E/OU APOIO DIAGNOSTICO        TERAPEUTICO PARA ATENDIMENTO DOS USUARIOS DO SUS - SCC: 660249              REFERENCIA: COMPETÊNCIAS 03/2026 A 06/2026, VALORES ESTIMADOS E PAGAMENTOS  ADMINISTRATIVOS/INCENTIVOS(01.2026 A 10.2026)                               .                                                                           VALOR EMPENHADO DE 05/2026 A 07/2026 COM MENSAIS DE:............321.969,45  VALOR TOTAL:....................................................965.908,35  .                                                                           64 - TRANSFERENCIAS DE RECURSOS DO SUS - ATENCAO ESPECIALIZADA              SOLICITACAO FINANCEIRA: 182524/2026                                         ;Inexigibilidade de Licitação;000011792023
20262150021130230;08/05/2026 00:00:00;965908,35;0135102026;25/05/2026 00:00:00;115131,74;202621500211302300002;25/05/2026 00:00:00;115131,74;33903900;OUTROS SERVICOS DE TERCEIROS - PESSOA JURIDICA;01586380000150;SECRETARIA MUNICIPAL DE SAUDE;0,00;SECRETARIA MUNICIPAL DE SAUDE                                                                                                                                                                                                                                ;SAUDE - 10;ASSISTENCIA HOSPITALAR E AMBULATORIAL - 302;TRANSFERENCIA DE RECURSOS DO SISTEMA UNICO DE SAUDE - SUS - BLOCO DE MANUTENCAO DAS ACOES E SERVICOS PUBLICOS DE SAUDE - 107;CRD  CENTRO DE RECURSOS DIAGNOSTICOS LTDA;DESPESA COM CONTRATO NR. 526/2023 PARA A EXECUCAO DE SERVICOS MEDICOS DE    ASSISTENCIA A SAUDE AMBULATORIAL (HOSPITALAR) E/OU APOIO DIAGNOSTICO        TERAPEUTICO PARA ATENDIMENTO DOS USUARIOS DO SUS - SCC: 660249              REFERENCIA: COMPETÊNCIAS 03/2026 A 06/2026, VALORES ESTIMADOS E PAGAMENTOS  ADMINISTRATIVOS/INCENTIVOS(01.2026 A 10.2026)                               .                                                                           VALOR EMPENHADO DE 05/2026 A 07/2026 COM MENSAIS DE:............321.969,45  VALOR TOTAL:....................................................965.908,35  .                                                                           64 - TRANSFERENCIAS DE RECURSOS DO SUS - ATENCAO ESPECIALIZADA              SOLICITACAO FINANCEIRA: 182524/2026                                         ;Inexigibilidade de Licitação;000011792023
20262150021130230;08/05/2026 00:00:00;965908,35;0161422026;23/06/2026 00:00:00;110009,61;202621500211302300003;23/06/2026 00:00:00;110009,61;33903900;OUTROS SERVICOS DE TERCEIROS - PESSOA JURIDICA;01586380000150;SECRETARIA MUNICIPAL DE SAUDE;0,00;SECRETARIA MUNICIPAL DE SAUDE                                                                                                                                                                                                                                ;SAUDE - 10;ASSISTENCIA HOSPITALAR E AMBULATORIAL - 302;TRANSFERENCIA DE RECURSOS DO SISTEMA UNICO DE SAUDE - SUS - BLOCO DE MANUTENCAO DAS ACOES E SERVICOS PUBLICOS DE SAUDE - 107;CRD  CENTRO DE RECURSOS DIAGNOSTICOS LTDA;DESPESA COM CONTRATO NR. 526/2023 PARA A EXECUCAO DE SERVICOS MEDICOS DE    ASSISTENCIA A SAUDE AMBULATORIAL (HOSPITALAR) E/OU APOIO DIAGNOSTICO        TERAPEUTICO PARA ATENDIMENTO DOS USUARIOS DO SUS - SCC: 660249              REFERENCIA: COMPETÊNCIAS 03/2026 A 06/2026, VALORES ESTIMADOS E PAGAMENTOS  ADMINISTRATIVOS/INCENTIVOS(01.2026 A 10.2026)                               .                                                                           VALOR EMPENHADO DE 05/2026 A 07/2026 COM MENSAIS DE:............321.969,45  VALOR TOTAL:....................................................965.908,35  .                                                                           64 - TRANSFERENCIAS DE RECURSOS DO SUS - ATENCAO ESPECIALIZADA              SOLICITACAO FINANCEIRA: 182524/2026                                         ;Inexigibilidade de Licitação;000011792023
20262150021130230;08/05/2026 00:00:00;965908,35;0170812026;29/06/2026 00:00:00;4537,08;202621500211302300004;29/06/2026 00:00:00;4537,08;33903900;OUTROS SERVICOS DE TERCEIROS - PESSOA JURIDICA;01586380000150;SECRETARIA MUNICIPAL DE SAUDE;0,00;SECRETARIA MUNICIPAL DE SAUDE                                                                                                                                                                                                                                ;SAUDE - 10;ASSISTENCIA HOSPITALAR E AMBULATORIAL - 302;TRANSFERENCIA DE RECURSOS DO SISTEMA UNICO DE SAUDE - SUS - BLOCO DE MANUTENCAO DAS ACOES E SERVICOS PUBLICOS DE SAUDE - 107;CRD  CENTRO DE RECURSOS DIAGNOSTICOS LTDA;DESPESA COM CONTRATO NR. 526/2023 PARA A EXECUCAO DE SERVICOS MEDICOS DE    ASSISTENCIA A SAUDE AMBULATORIAL (HOSPITALAR) E/OU APOIO DIAGNOSTICO        TERAPEUTICO PARA ATENDIMENTO DOS USUARIOS DO SUS - SCC: 660249              REFERENCIA: COMPETÊNCIAS 03/2026 A 06/2026, VALORES ESTIMADOS E PAGAMENTOS  ADMINISTRATIVOS/INCENTIVOS(01.2026 A 10.2026)                               .                                                                           VALOR EMPENHADO DE 05/2026 A 07/2026 COM MENSAIS DE:............321.969,45  VALOR TOTAL:....................................................965.908,35  .                                                                           64 - TRANSFERENCIAS DE RECURSOS DO SUS - ATENCAO ESPECIALIZADA              SOLICITACAO FINANCEIRA: 182524/2026                                         ;Inexigibilidade de Licitação;000011792023
20262150021130231;08/05/2026 00:00:00;81704,73;0127062026;13/05/2026 00:00:00;50083,62;202621500211302310001;13/05/2026 00:00:00;50083,62;33903900;OUTROS SERVICOS DE TERCEIROS - PESSOA JURIDICA;26696633000170;SECRETARIA MUNICIPAL DE SAUDE;0,00;SECRETARIA MUNICIPAL DE SAUDE                                                                                                                                                                                                                                ;SAUDE - 10;ASSISTENCIA HOSPITALAR E AMBULATORIAL - 302;TRANSFERENCIA DE RECURSOS DO SISTEMA UNICO DE SAUDE - SUS - BLOCO DE MANUTENCAO DAS ACOES E SERVICOS PUBLICOS DE SAUDE - 107;CENTRO TECNOLOGICO DE ANALISES E PESQUISAS CLINICAS LTDA;DESPESA COM CONTRATO NR. 936/2020 PARA A EXECUCAO DE SERVICOS MEDICOS DE    ASSISTENCIA A SAUDE AMBULATORIAL (HOSPITALAR) E/OU APOIO DIAGNOSTICO        TERAPEUTICO PARA ATENDIMENTO DOS USUARIOS DO SUS - SCC: 518515-1            REFERENCIA: COMPETÊNCIAS 03/2026 A 06/2026, VALORES ESTIMADOS E PAGAMENTOS  ADMINISTRATIVOS/INCENTIVOS(01.2026 A 10.2026)                               .                                                                           VALOR EMPENHADO DE 05/2026 A 07/2026 COM MENSAIS DE:.............27.234,91  VALOR TOTAL:.....................................................81.704,73  .                                                                           64 - TRANSFERENCIAS DE RECURSOS DO SUS - ATENCAO ESPECIALIZADA              SOLICITACAO FINANCEIRA: 182519/2026                                         ;Inexigibilidade de Licitação;000068722020
20262150021130231;08/05/2026 00:00:00;81704,73;0169902026;26/06/2026 00:00:00;647,22;202621500211302310002;26/06/2026 00:00:00;647,22;33903900;OUTROS SERVICOS DE TERCEIROS - PESSOA JURIDICA;26696633000170;SECRETARIA MUNICIPAL DE SAUDE;0,00;SECRETARIA MUNICIPAL DE SAUDE                                                                                                                                                                                                                                ;SAUDE - 10;ASSISTENCIA HOSPITALAR E AMBULATORIAL - 302;TRANSFERENCIA DE RECURSOS DO SISTEMA UNICO DE SAUDE - SUS - BLOCO DE MANUTENCAO DAS ACOES E SERVICOS PUBLICOS DE SAUDE - 107;CENTRO TECNOLOGICO DE ANALISES E PESQUISAS CLINICAS LTDA;DESPESA COM CONTRATO NR. 936/2020 PARA A EXECUCAO DE SERVICOS MEDICOS DE    ASSISTENCIA A SAUDE AMBULATORIAL (HOSPITALAR) E/OU APOIO DIAGNOSTICO        TERAPEUTICO PARA ATENDIMENTO DOS USUARIOS DO SUS - SCC: 518515-1            REFERENCIA: COMPETÊNCIAS 03/2026 A 06/2026, VALORES ESTIMADOS E PAGAMENTOS  ADMINISTRATIVOS/INCENTIVOS(01.2026 A 10.2026)                               .                                                                           VALOR EMPENHADO DE 05/2026 A 07/2026 COM MENSAIS DE:.............27.234,91  VALOR TOTAL:.....................................................81.704,73  .                                                                           64 - TRANSFERENCIAS DE RECURSOS DO SUS - ATENCAO ESPECIALIZADA              SOLICITACAO FINANCEIRA: 182519/2026                                         ;Inexigibilidade de Licitação;000068722020
20262150021130232;08/05/2026 00:00:00;104132,01;0129102026;18/05/2026 00:00:00;26033,00;202621500211302320001;18/05/2026 00:00:00;26033,00;33903900;OUTROS SERVICOS DE TERCEIROS - PESSOA JURIDICA;01567601000143;SECRETARIA MUNICIPAL DE SAUDE;0,00;SECRETARIA MUNICIPAL DE SAUDE                                                                                                                                                                                                                                ;SAUDE - 10;ASSISTENCIA HOSPITALAR E AMBULATORIAL - 302;TRANSFERENCIA DE RECURSOS DO SISTEMA UNICO DE SAUDE - SUS - BLOCO DE MANUTENCAO DAS ACOES E SERVICOS PUBLICOS DE SAUDE - 107;UNIVERSIDADE FEDERAL DE GOIAS;DESPESA COM CONVENIO NR. 002/2021 PARA A EXECUCAO DE SERVICOS MEDICOS DE    ASSISTENCIA A SAUDE AMBULATORIAL (HOSPITALAR) E/OU APOIO DIAGNOSTICO        TERAPEUTICO PARA ATENDIMENTO DOS USUARIOS DO SUS - SCC: 529355              REFERENCIA: COMPETÊNCIAS 03/2026 A 06/2026, VALORES ESTIMADOS E PAGAMENTOS  ADMINISTRATIVOS/INCENTIVOS(01.2026 A 10.2026)                               .                                                                           VALOR EMPENHADO DE 05/2026 A 07/2026 COM MENSAIS DE:.............34.710,67  VALOR TOTAL:....................................................104.132,01  .                                                                           64 - TRANSFERENCIAS DE RECURSOS DO SUS - ATENCAO ESPECIALIZADA              SOLICITACAO FINANCEIRA: 182527/2026                                         ;Inexigibilidade de Licitação;000025752020
20262150021130232;08/05/2026 00:00:00;104132,01;0162922026;24/06/2026 00:00:00;30719,12;202621500211302320002;24/06/2026 00:00:00;30719,12;33903900;OUTROS SERVICOS DE TERCEIROS - PESSOA JURIDICA;01567601000143;SECRETARIA MUNICIPAL DE SAUDE;0,00;SECRETARIA MUNICIPAL DE SAUDE                                                                                                                                                                                                                                ;SAUDE - 10;ASSISTENCIA HOSPITALAR E AMBULATORIAL - 302;TRANSFERENCIA DE RECURSOS DO SISTEMA UNICO DE SAUDE - SUS - BLOCO DE MANUTENCAO DAS ACOES E SERVICOS PUBLICOS DE SAUDE - 107;UNIVERSIDADE FEDERAL DE GOIAS;DESPESA COM CONVENIO NR. 002/2021 PARA A EXECUCAO DE SERVICOS MEDICOS DE    ASSISTENCIA A SAUDE AMBULATORIAL (HOSPITALAR) E/OU APOIO DIAGNOSTICO        TERAPEUTICO PARA ATENDIMENTO DOS USUARIOS DO SUS - SCC: 529355              REFERENCIA: COMPETÊNCIAS 03/2026 A 06/2026, VALORES ESTIMADOS E PAGAMENTOS  ADMINISTRATIVOS/INCENTIVOS(01.2026 A 10.2026)                               .                                                                           VALOR EMPENHADO DE 05/2026 A 07/2026 COM MENSAIS DE:.............34.710,67  VALOR TOTAL:....................................................104.132,01  .                                                                           64 - TRANSFERENCIAS DE RECURSOS DO SUS - ATENCAO ESPECIALIZADA              SOLICITACAO FINANCEIRA: 182527/2026                                         ;Inexigibilidade de Licitação;000025752020
20262150021130233;08/05/2026 00:00:00;2462335,77;;;0,00;;;0,00;33903900;OUTROS SERVICOS DE TERCEIROS - PESSOA JURIDICA;01957797000182;SECRETARIA MUNICIPAL DE SAUDE;0,00;SECRETARIA MUNICIPAL DE SAUDE                                                                                                                                                                                                                                ;SAUDE - 10;ASSISTENCIA HOSPITALAR E AMBULATORIAL - 302;TRANSFERENCIA DE RECURSOS DO SISTEMA UNICO DE SAUDE - SUS - BLOCO DE MANUTENCAO DAS ACOES E SERVICOS PUBLICOS DE SAUDE - 107;CLINICA DE DOENCAS RENAIS LTDA;DESPESA COM CONTRATO NR. 929/2020 PARA A EXECUCAO DE SERVICOS MEDICOS DE    ASSISTENCIA A SAUDE AMBULATORIAL (HOSPITALAR) E/OU APOIO DIAGNOSTICO        TERAPEUTICO PARA ATENDIMENTO DOS USUARIOS DO SUS - SCC: 518442-1            REFERENCIA: COMPETÊNCIAS 03/2026 A 06/2026, VALORES ESTIMADOS E PAGAMENTOS  ADMINISTRATIVOS/INCENTIVOS(01.2026 A 10.2026)                               .                                                                           VALOR EMPENHADO DE 05/2026 A 07/2026 COM MENSAIS DE:............820.778,59  VALOR TOTAL:..................................................2.462.335,77  .                                                                           64 - TRANSFERENCIAS DE RECURSOS DO SUS - ATENCAO ESPECIALIZADA              SOLICITACAO FINANCEIRA: 182521/2026                                         ;Inexigibilidade de Licitação;000068942020
20262150021130234;08/05/2026 00:00:00;66781,20;0131392026;19/05/2026 00:00:00;16695,30;202621500211302340001;19/05/2026 00:00:00;0,00;33903900;OUTROS SERVICOS DE TERCEIROS - PESSOA JURIDICA;00686074000123;SECRETARIA MUNICIPAL DE SAUDE;0,00;SECRETARIA MUNICIPAL DE SAUDE                                                                                                                                                                                                                                ;SAUDE - 10;ASSISTENCIA HOSPITALAR E AMBULATORIAL - 302;TRANSFERENCIA DE RECURSOS DO SISTEMA UNICO DE SAUDE - SUS - BLOCO DE MANUTENCAO DAS ACOES E SERVICOS PUBLICOS DE SAUDE - 107;CEDOG CENTRO DE DENSITOMETRIA OSSEA E OSTEOPOROSE DE GOIAS L;DESPESA COM CONTRATO NR. 555/2023 PARA A EXECUCAO DE SERVICOS MEDICOS DE    ASSISTENCIA A SAUDE AMBULATORIAL (HOSPITALAR) E/OU APOIO DIAGNOSTICO        TERAPEUTICO PARA ATENDIMENTO DOS USUARIOS DO SUS - SCC: 666387              REFERENCIA: COMPETÊNCIAS 03/2026 A 06/2026, VALORES ESTIMADOS E PAGAMENTOS  ADMINISTRATIVOS/INCENTIVOS(01.2026 A 10.2026)                               .                                                                           VALOR EMPENHADO DE 05/2026 A 07/2026 COM MENSAIS DE:.............22.260,40  VALOR TOTAL:.....................................................66.781,20  .                                                                           64 - TRANSFERENCIAS DE RECURSOS DO SUS - ATENCAO ESPECIALIZADA              SOLICITACAO FINANCEIRA: 182508/2026                                         ;Inexigibilidade de Licitação;000000052020
20262150021130234;08/05/2026 00:00:00;66781,20;0131392026;19/05/2026 00:00:00;16695,30;202621500211302340002;09/06/2026 00:00:00;16695,30;33903900;OUTROS SERVICOS DE TERCEIROS - PESSOA JURIDICA;00686074000123;SECRETARIA MUNICIPAL DE SAUDE;0,00;SECRETARIA MUNICIPAL DE SAUDE                                                                                                                                                                                                                                ;SAUDE - 10;ASSISTENCIA HOSPITALAR E AMBULATORIAL - 302;TRANSFERENCIA DE RECURSOS DO SISTEMA UNICO DE SAUDE - SUS - BLOCO DE MANUTENCAO DAS ACOES E SERVICOS PUBLICOS DE SAUDE - 107;CEDOG CENTRO DE DENSITOMETRIA OSSEA E OSTEOPOROSE DE GOIAS L;DESPESA COM CONTRATO NR. 555/2023 PARA A EXECUCAO DE SERVICOS MEDICOS DE    ASSISTENCIA A SAUDE AMBULATORIAL (HOSPITALAR) E/OU APOIO DIAGNOSTICO        TERAPEUTICO PARA ATENDIMENTO DOS USUARIOS DO SUS - SCC: 666387              REFERENCIA: COMPETÊNCIAS 03/2026 A 06/2026, VALORES ESTIMADOS E PAGAMENTOS  ADMINISTRATIVOS/INCENTIVOS(01.2026 A 10.2026)                               .                                                                           VALOR EMPENHADO DE 05/2026 A 07/2026 COM MENSAIS DE:.............22.260,40  VALOR TOTAL:.....................................................66.781,20  .                                                                           64 - TRANSFERENCIAS DE RECURSOS DO SUS - ATENCAO ESPECIALIZADA              SOLICITACAO FINANCEIRA: 182508/2026                                         ;Inexigibilidade de Licitação;000000052020
20262150021130234;08/05/2026 00:00:00;66781,20;0133762026;21/05/2026 00:00:00;9256,80;202621500211302340003;09/06/2026 00:00:00;9256,80;33903900;OUTROS SERVICOS DE TERCEIROS - PESSOA JURIDICA;00686074000123;SECRETARIA MUNICIPAL DE SAUDE;0,00;SECRETARIA MUNICIPAL DE SAUDE                                                                                                                                                                                                                                ;SAUDE - 10;ASSISTENCIA HOSPITALAR E AMBULATORIAL - 302;TRANSFERENCIA DE RECURSOS DO SISTEMA UNICO DE SAUDE - SUS - BLOCO DE MANUTENCAO DAS ACOES E SERVICOS PUBLICOS DE SAUDE - 107;CEDOG CENTRO DE DENSITOMETRIA OSSEA E OSTEOPOROSE DE GOIAS L;DESPESA COM CONTRATO NR. 555/2023 PARA A EXECUCAO DE SERVICOS MEDICOS DE    ASSISTENCIA A SAUDE AMBULATORIAL (HOSPITALAR) E/OU APOIO DIAGNOSTICO        TERAPEUTICO PARA ATENDIMENTO DOS USUARIOS DO SUS - SCC: 666387              REFERENCIA: COMPETÊNCIAS 03/2026 A 06/2026, VALORES ESTIMADOS E PAGAMENTOS  ADMINISTRATIVOS/INCENTIVOS(01.2026 A 10.2026)                               .                                                                           VALOR EMPENHADO DE 05/2026 A 07/2026 COM MENSAIS DE:.............22.260,40  VALOR TOTAL:.....................................................66.781,20  .                                                                           64 - TRANSFERENCIAS DE RECURSOS DO SUS - ATENCAO ESPECIALIZADA              SOLICITACAO FINANCEIRA: 182508/2026                                         ;Inexigibilidade de Licitação;000000052020
20262150021130234;08/05/2026 00:00:00;66781,20;0171172026;29/06/2026 00:00:00;0,00;;;0,00;33903900;OUTROS SERVICOS DE TERCEIROS - PESSOA JURIDICA;00686074000123;SECRETARIA MUNICIPAL DE SAUDE;0,00;SECRETARIA MUNICIPAL DE SAUDE                                                                                                                                                                                                                                ;SAUDE - 10;ASSISTENCIA HOSPITALAR E AMBULATORIAL - 302;TRANSFERENCIA DE RECURSOS DO SISTEMA UNICO DE SAUDE - SUS - BLOCO DE MANUTENCAO DAS ACOES E SERVICOS PUBLICOS DE SAUDE - 107;CEDOG CENTRO DE DENSITOMETRIA OSSEA E OSTEOPOROSE DE GOIAS L;DESPESA COM CONTRATO NR. 555/2023 PARA A EXECUCAO DE SERVICOS MEDICOS DE    ASSISTENCIA A SAUDE AMBULATORIAL (HOSPITALAR) E/OU APOIO DIAGNOSTICO        TERAPEUTICO PARA ATENDIMENTO DOS USUARIOS DO SUS - SCC: 666387              REFERENCIA: COMPETÊNCIAS 03/2026 A 06/2026, VALORES ESTIMADOS E PAGAMENTOS  ADMINISTRATIVOS/INCENTIVOS(01.2026 A 10.2026)                               .                                                                           VALOR EMPENHADO DE 05/2026 A 07/2026 COM MENSAIS DE:.............22.260,40  VALOR TOTAL:.....................................................66.781,20  .                                                                           64 - TRANSFERENCIAS DE RECURSOS DO SUS - ATENCAO ESPECIALIZADA              SOLICITACAO FINANCEIRA: 182508/2026                                         ;Inexigibilidade de Licitação;000000052020
20262150021130234;08/05/2026 00:00:00;66781,20;0171182026;29/06/2026 00:00:00;8154,80;202621500211302340004;29/06/2026 00:00:00;8154,80;33903900;OUTROS SERVICOS DE TERCEIROS - PESSOA JURIDICA;00686074000123;SECRETARIA MUNICIPAL DE SAUDE;0,00;SECRETARIA MUNICIPAL DE SAUDE                                                                                                                                                                                                                                ;SAUDE - 10;ASSISTENCIA HOSPITALAR E AMBULATORIAL - 302;TRANSFERENCIA DE RECURSOS DO SISTEMA UNICO DE SAUDE - SUS - BLOCO DE MANUTENCAO DAS ACOES E SERVICOS PUBLICOS DE SAUDE - 107;CEDOG CENTRO DE DENSITOMETRIA OSSEA E OSTEOPOROSE DE GOIAS L;DESPESA COM CONTRATO NR. 555/2023 PARA A EXECUCAO DE SERVICOS MEDICOS DE    ASSISTENCIA A SAUDE AMBULATORIAL (HOSPITALAR) E/OU APOIO DIAGNOSTICO        TERAPEUTICO PARA ATENDIMENTO DOS USUARIOS DO SUS - SCC: 666387              REFERENCIA: COMPETÊNCIAS 03/2026 A 06/2026, VALORES ESTIMADOS E PAGAMENTOS  ADMINISTRATIVOS/INCENTIVOS(01.2026 A 10.2026)                               .                                                                           VALOR EMPENHADO DE 05/2026 A 07/2026 COM MENSAIS DE:.............22.260,40  VALOR TOTAL:.....................................................66.781,20  .                                                                           64 - TRANSFERENCIAS DE RECURSOS DO SUS - ATENCAO ESPECIALIZADA              SOLICITACAO FINANCEIRA: 182508/2026                                         ;Inexigibilidade de Licitação;000000052020
20262150021130235;08/05/2026 00:00:00;129293,61;0126962026;13/05/2026 00:00:00;72722,65;202621500211302350001;13/05/2026 00:00:00;72722,65;33903900;OUTROS SERVICOS DE TERCEIROS - PESSOA JURIDICA;02732571000146;SECRETARIA MUNICIPAL DE SAUDE;0,00;SECRETARIA MUNICIPAL DE SAUDE                                                                                                                                                                                                                                ;SAUDE - 10;ASSISTENCIA HOSPITALAR E AMBULATORIAL - 302;TRANSFERENCIA DE RECURSOS DO SISTEMA UNICO DE SAUDE - SUS - BLOCO DE MANUTENCAO DAS ACOES E SERVICOS PUBLICOS DE SAUDE - 107;CEMED CENTRO MEDICO SS LTDA;DESPESA COM CONTRATO NR. 015/2024 PARA A EXECUCAO DE SERVICOS MEDICOS DE    ASSISTENCIA A SAUDE AMBULATORIAL (HOSPITALAR) E/OU APOIO DIAGNOSTICO        TERAPEUTICO PARA ATENDIMENTO DOS USUARIOS DO SUS - SCC: 697355              REFERENCIA: COMPETÊNCIAS 03/2026 A 06/2026, VALORES ESTIMADOS E PAGAMENTOS  ADMINISTRATIVOS/INCENTIVOS(01.2026 A 10.2026)                               .                                                                           VALOR EMPENHADO DE 05/2026 A 07/2026 COM MENSAIS DE:.............43.097,87  VALOR TOTAL:....................................................129.293,61  .                                                                           64 - TRANSFERENCIAS DE RECURSOS DO SUS - ATENCAO ESPECIALIZADA              SOLICITACAO FINANCEIRA: 182510/2026                                         ;Inexigibilidade de Licitação;000000052020
20262150021130235;08/05/2026 00:00:00;129293,61;0170682026;29/06/2026 00:00:00;3677,00;202621500211302350002;29/06/2026 00:00:00;3677,00;33903900;OUTROS SERVICOS DE TERCEIROS - PESSOA JURIDICA;02732571000146;SECRETARIA MUNICIPAL DE SAUDE;0,00;SECRETARIA MUNICIPAL DE SAUDE                                                                                                                                                                                                                                ;SAUDE - 10;ASSISTENCIA HOSPITALAR E AMBULATORIAL - 302;TRANSFERENCIA DE RECURSOS DO SISTEMA UNICO DE SAUDE - SUS - BLOCO DE MANUTENCAO DAS ACOES E SERVICOS PUBLICOS DE SAUDE - 107;CEMED CENTRO MEDICO SS LTDA;DESPESA COM CONTRATO NR. 015/2024 PARA A EXECUCAO DE SERVICOS MEDICOS DE    ASSISTENCIA A SAUDE AMBULATORIAL (HOSPITALAR) E/OU APOIO DIAGNOSTICO        TERAPEUTICO PARA ATENDIMENTO DOS USUARIOS DO SUS - SCC: 697355              REFERENCIA: COMPETÊNCIAS 03/2026 A 06/2026, VALORES ESTIMADOS E PAGAMENTOS  ADMINISTRATIVOS/INCENTIVOS(01.2026 A 10.2026)                               .                                                                           VALOR EMPENHADO DE 05/2026 A 07/2026 COM MENSAIS DE:.............43.097,87  VALOR TOTAL:....................................................129.293,61  .                                                                           64 - TRANSFERENCIAS DE RECURSOS DO SUS - ATENCAO ESPECIALIZADA              SOLICITACAO FINANCEIRA: 182510/2026                                         ;Inexigibilidade de Licitação;000000052020
20262150021130236;08/05/2026 00:00:00;827468,01;0125652026;12/05/2026 00:00:00;268580,95;202621500211302360001;13/05/2026 00:00:00;268580,95;33903900;OUTROS SERVICOS DE TERCEIROS - PESSOA JURIDICA;03757265000127;SECRETARIA MUNICIPAL DE SAUDE;0,00;SECRETARIA MUNICIPAL DE SAUDE                                                                                                                                                                                                                                ;SAUDE - 10;ASSISTENCIA HOSPITALAR E AMBULATORIAL - 302;TRANSFERENCIA DE RECURSOS DO SISTEMA UNICO DE SAUDE - SUS - BLOCO DE MANUTENCAO DAS ACOES E SERVICOS PUBLICOS DE SAUDE - 107;CENTRO CARDIOLOGICO DE GOIAS EIRELI ME;DESPESA COM CONTRATO NR. 257/2023 PARA A EXECUCAO DE SERVICOS MEDICOS DE    ASSISTENCIA A SAUDE AMBULATORIAL (HOSPITALAR) E/OU APOIO DIAGNOSTICO        TERAPEUTICO PARA ATENDIMENTO DOS USUARIOS DO SUS - SCC: 627161              REFERENCIA: COMPETÊNCIAS 03/2026 A 06/2026, VALORES ESTIMADOS E PAGAMENTOS  ADMINISTRATIVOS/INCENTIVOS(01.2026 A 10.2026)                               .                                                                           VALOR EMPENHADO DE 05/2026 A 07/2026 COM MENSAIS DE:............275.822,67  VALOR TOTAL:....................................................827.468,01  .                                                                           64 - TRANSFERENCIAS DE RECURSOS DO SUS - ATENCAO ESPECIALIZADA              SOLICITACAO FINANCEIRA: 182511/2026                                         ;Inexigibilidade de Licitação;000000052020
20262150021130236;08/05/2026 00:00:00;827468,01;0161722026;23/06/2026 00:00:00;277188,07;202621500211302360002;23/06/2026 00:00:00;277188,07;33903900;OUTROS SERVICOS DE TERCEIROS - PESSOA JURIDICA;03757265000127;SECRETARIA MUNICIPAL DE SAUDE;0,00;SECRETARIA MUNICIPAL DE SAUDE                                                                                                                                                                                                                                ;SAUDE - 10;ASSISTENCIA HOSPITALAR E AMBULATORIAL - 302;TRANSFERENCIA DE RECURSOS DO SISTEMA UNICO DE SAUDE - SUS - BLOCO DE MANUTENCAO DAS ACOES E SERVICOS PUBLICOS DE SAUDE - 107;CENTRO CARDIOLOGICO DE GOIAS EIRELI ME;DESPESA COM CONTRATO NR. 257/2023 PARA A EXECUCAO DE SERVICOS MEDICOS DE    ASSISTENCIA A SAUDE AMBULATORIAL (HOSPITALAR) E/OU APOIO DIAGNOSTICO        TERAPEUTICO PARA ATENDIMENTO DOS USUARIOS DO SUS - SCC: 627161              REFERENCIA: COMPETÊNCIAS 03/2026 A 06/2026, VALORES ESTIMADOS E PAGAMENTOS  ADMINISTRATIVOS/INCENTIVOS(01.2026 A 10.2026)                               .                                                                           VALOR EMPENHADO DE 05/2026 A 07/2026 COM MENSAIS DE:............275.822,67  VALOR TOTAL:....................................................827.468,01  .                                                                           64 - TRANSFERENCIAS DE RECURSOS DO SUS - ATENCAO ESPECIALIZADA              SOLICITACAO FINANCEIRA: 182511/2026                                         ;Inexigibilidade de Licitação;000000052020
20262150021130236;08/05/2026 00:00:00;827468,01;0169802026;26/06/2026 00:00:00;761,28;202621500211302360003;26/06/2026 00:00:00;761,28;33903900;OUTROS SERVICOS DE TERCEIROS - PESSOA JURIDICA;03757265000127;SECRETARIA MUNICIPAL DE SAUDE;0,00;SECRETARIA MUNICIPAL DE SAUDE                                                                                                                                                                                                                                ;SAUDE - 10;ASSISTENCIA HOSPITALAR E AMBULATORIAL - 302;TRANSFERENCIA DE RECURSOS DO SISTEMA UNICO DE SAUDE - SUS - BLOCO DE MANUTENCAO DAS ACOES E SERVICOS PUBLICOS DE SAUDE - 107;CENTRO CARDIOLOGICO DE GOIAS EIRELI ME;DESPESA COM CONTRATO NR. 257/2023 PARA A EXECUCAO DE SERVICOS MEDICOS DE    ASSISTENCIA A SAUDE AMBULATORIAL (HOSPITALAR) E/OU APOIO DIAGNOSTICO        TERAPEUTICO PARA ATENDIMENTO DOS USUARIOS DO SUS - SCC: 627161              REFERENCIA: COMPETÊNCIAS 03/2026 A 06/2026, VALORES ESTIMADOS E PAGAMENTOS  ADMINISTRATIVOS/INCENTIVOS(01.2026 A 10.2026)                               .                                                                           VALOR EMPENHADO DE 05/2026 A 07/2026 COM MENSAIS DE:............275.822,67  VALOR TOTAL:....................................................827.468,01  .                                                                           64 - TRANSFERENCIAS DE RECURSOS DO SUS - ATENCAO ESPECIALIZADA              SOLICITACAO FINANCEIRA: 182511/2026                                         ;Inexigibilidade de Licitação;000000052020
20262150021130236;08/05/2026 00:00:00;827468,01;0187392026;20/07/2026 00:00:00;274786,82;202621500211302360004;20/07/2026 00:00:00;274786,82;33903900;OUTROS SERVICOS DE TERCEIROS - PESSOA JURIDICA;03757265000127;SECRETARIA MUNICIPAL DE SAUDE;0,00;SECRETARIA MUNICIPAL DE SAUDE                                                                                                                                                                                                                                ;SAUDE - 10;ASSISTENCIA HOSPITALAR E AMBULATORIAL - 302;TRANSFERENCIA DE RECURSOS DO SISTEMA UNICO DE SAUDE - SUS - BLOCO DE MANUTENCAO DAS ACOES E SERVICOS PUBLICOS DE SAUDE - 107;CENTRO CARDIOLOGICO DE GOIAS EIRELI ME;DESPESA COM CONTRATO NR. 257/2023 PARA A EXECUCAO DE SERVICOS MEDICOS DE    ASSISTENCIA A SAUDE AMBULATORIAL (HOSPITALAR) E/OU APOIO DIAGNOSTICO        TERAPEUTICO PARA ATENDIMENTO DOS USUARIOS DO SUS - SCC: 627161              REFERENCIA: COMPETÊNCIAS 03/2026 A 06/2026, VALORES ESTIMADOS E PAGAMENTOS  ADMINISTRATIVOS/INCENTIVOS(01.2026 A 10.2026)                               .                                                                           VALOR EMPENHADO DE 05/2026 A 07/2026 COM MENSAIS DE:............275.822,67  VALOR TOTAL:....................................................827.468,01  .                                                                           64 - TRANSFERENCIAS DE RECURSOS DO SUS - ATENCAO ESPECIALIZADA              SOLICITACAO FINANCEIRA: 182511/2026                                         ;Inexigibilidade de Licitação;000000052020
20262150021130237;08/05/2026 00:00:00;144064,11;0129502026;18/05/2026 00:00:00;36016,03;202621500211302370001;18/05/2026 00:00:00;36016,03;33903900;OUTROS SERVICOS DE TERCEIROS - PESSOA JURIDICA;37005725000182;SECRETARIA MUNICIPAL DE SAUDE;0,00;SECRETARIA MUNICIPAL DE SAUDE                                                                                                                                                                                                                                ;SAUDE - 10;ASSISTENCIA HOSPITALAR E AMBULATORIAL - 302;TRANSFERENCIA DE RECURSOS DO SISTEMA UNICO DE SAUDE - SUS - BLOCO DE MANUTENCAO DAS ACOES E SERVICOS PUBLICOS DE SAUDE - 107;CLINICA MEDICA SAO LUIS LTDA;DESPESA COM CONTRATO NR. 1.576/2021 PARA A EXECUCAO DE SERVICOS MEDICOS DE  ASSISTENCIA A SAUDE AMBULATORIAL (HOSPITALAR) E/OU APOIO DIAGNOSTICO        TERAPEUTICO PARA ATENDIMENTO DOS USUARIOS DO SUS - SCC: 526178              REFERENCIA: COMPETÊNCIAS 03/2026 A 06/2026, VALORES ESTIMADOS E PAGAMENTOS  ADMINISTRATIVOS/INCENTIVOS(01.2026 A 10.2026)                               .                                                                           VALOR EMPENHADO DE 05/2026 A 07/2026 COM MENSAIS DE:.............48.021,37  VALOR TOTAL:....................................................144.064,11  .                                                                           64 - TRANSFERENCIAS DE RECURSOS DO SUS - ATENCAO ESPECIALIZADA              SOLICITACAO FINANCEIRA: 182522/2026                                         ;Inexigibilidade de Licitação;000000052020
20262150021130237;08/05/2026 00:00:00;144064,11;0161852026;23/06/2026 00:00:00;23794,69;202621500211302370002;24/06/2026 00:00:00;23794,69;33903900;OUTROS SERVICOS DE TERCEIROS - PESSOA JURIDICA;37005725000182;SECRETARIA MUNICIPAL DE SAUDE;0,00;SECRETARIA MUNICIPAL DE SAUDE                                                                                                                                                                                                                                ;SAUDE - 10;ASSISTENCIA HOSPITALAR E AMBULATORIAL - 302;TRANSFERENCIA DE RECURSOS DO SISTEMA UNICO DE SAUDE - SUS - BLOCO DE MANUTENCAO DAS ACOES E SERVICOS PUBLICOS DE SAUDE - 107;CLINICA MEDICA SAO LUIS LTDA;DESPESA COM CONTRATO NR. 1.576/2021 PARA A EXECUCAO DE SERVICOS MEDICOS DE  ASSISTENCIA A SAUDE AMBULATORIAL (HOSPITALAR) E/OU APOIO DIAGNOSTICO        TERAPEUTICO PARA ATENDIMENTO DOS USUARIOS DO SUS - SCC: 526178              REFERENCIA: COMPETÊNCIAS 03/2026 A 06/2026, VALORES ESTIMADOS E PAGAMENTOS  ADMINISTRATIVOS/INCENTIVOS(01.2026 A 10.2026)                               .                                                                           VALOR EMPENHADO DE 05/2026 A 07/2026 COM MENSAIS DE:.............48.021,37  VALOR TOTAL:....................................................144.064,11  .                                                                           64 - TRANSFERENCIAS DE RECURSOS DO SUS - ATENCAO ESPECIALIZADA              SOLICITACAO FINANCEIRA: 182522/2026                                         ;Inexigibilidade de Licitação;000000052020
20262150021130237;08/05/2026 00:00:00;144064,11;0171222026;29/06/2026 00:00:00;156,08;202621500211302370003;29/06/2026 00:00:00;156,08;33903900;OUTROS SERVICOS DE TERCEIROS - PESSOA JURIDICA;37005725000182;SECRETARIA MUNICIPAL DE SAUDE;0,00;SECRETARIA MUNICIPAL DE SAUDE                                                                                                                                                                                                                                ;SAUDE - 10;ASSISTENCIA HOSPITALAR E AMBULATORIAL - 302;TRANSFERENCIA DE RECURSOS DO SISTEMA UNICO DE SAUDE - SUS - BLOCO DE MANUTENCAO DAS ACOES E SERVICOS PUBLICOS DE SAUDE - 107;CLINICA MEDICA SAO LUIS LTDA;DESPESA COM CONTRATO NR. 1.576/2021 PARA A EXECUCAO DE SERVICOS MEDICOS DE  ASSISTENCIA A SAUDE AMBULATORIAL (HOSPITALAR) E/OU APOIO DIAGNOSTICO        TERAPEUTICO PARA ATENDIMENTO DOS USUARIOS DO SUS - SCC: 526178              REFERENCIA: COMPETÊNCIAS 03/2026 A 06/2026, VALORES ESTIMADOS E PAGAMENTOS  ADMINISTRATIVOS/INCENTIVOS(01.2026 A 10.2026)                               .                                                                           VALOR EMPENHADO DE 05/2026 A 07/2026 COM MENSAIS DE:.............48.021,37  VALOR TOTAL:....................................................144.064,11  .                                                                           64 - TRANSFERENCIAS DE RECURSOS DO SUS - ATENCAO ESPECIALIZADA              SOLICITACAO FINANCEIRA: 182522/2026                                         ;Inexigibilidade de Licitação;000000052020
20262150021130238;08/05/2026 00:00:00;363154,68;0127812026;14/05/2026 00:00:00;90788,67;202621500211302380001;14/05/2026 00:00:00;90788,67;33903900;OUTROS SERVICOS DE TERCEIROS - PESSOA JURIDICA;07488727000109;SECRETARIA MUNICIPAL DE SAUDE;0,00;SECRETARIA MUNICIPAL DE SAUDE                                                                                                                                                                                                                                ;SAUDE - 10;ASSISTENCIA HOSPITALAR E AMBULATORIAL - 302;TRANSFERENCIA DE RECURSOS DO SISTEMA UNICO DE SAUDE - SUS - BLOCO DE MANUTENCAO DAS ACOES E SERVICOS PUBLICOS DE SAUDE - 107;NEUROCENTRO SERVICOS MEDICOS E CLINICOS LTDA;DESPESA COM CONTRATO NR. 741/2020 PARA A EXECUCAO DE SERVICOS MEDICOS DE    ASSISTENCIA A SAUDE AMBULATORIAL (HOSPITALAR) E/OU APOIO DIAGNOSTICO        TERAPEUTICO PARA ATENDIMENTO DOS USUARIOS DO SUS - SCC: 513998-1            REFERENCIA: COMPETÊNCIAS 03/2026 A 06/2026, VALORES ESTIMADOS E PAGAMENTOS  ADMINISTRATIVOS/INCENTIVOS(01.2026 A 10.2026)                               .                                                                           VALOR EMPENHADO DE 05/2026 A 07/2026 COM MENSAIS DE:............121.051,56  VALOR TOTAL:....................................................363.154,68  .                                                                           64 - TRANSFERENCIAS DE RECURSOS DO SUS - ATENCAO ESPECIALIZADA              SOLICITACAO FINANCEIRA: 182531/2026                                         ;Inexigibilidade de Licitação;000062652020
20262150021130238;08/05/2026 00:00:00;363154,68;0160942026;22/06/2026 00:00:00;94847,25;202621500211302380002;23/06/2026 00:00:00;94847,25;33903900;OUTROS SERVICOS DE TERCEIROS - PESSOA JURIDICA;07488727000109;SECRETARIA MUNICIPAL DE SAUDE;0,00;SECRETARIA MUNICIPAL DE SAUDE                                                                                                                                                                                                                                ;SAUDE - 10;ASSISTENCIA HOSPITALAR E AMBULATORIAL - 302;TRANSFERENCIA DE RECURSOS DO SISTEMA UNICO DE SAUDE - SUS - BLOCO DE MANUTENCAO DAS ACOES E SERVICOS PUBLICOS DE SAUDE - 107;NEUROCENTRO SERVICOS MEDICOS E CLINICOS LTDA;DESPESA COM CONTRATO NR. 741/2020 PARA A EXECUCAO DE SERVICOS MEDICOS DE    ASSISTENCIA A SAUDE AMBULATORIAL (HOSPITALAR) E/OU APOIO DIAGNOSTICO        TERAPEUTICO PARA ATENDIMENTO DOS USUARIOS DO SUS - SCC: 513998-1            REFERENCIA: COMPETÊNCIAS 03/2026 A 06/2026, VALORES ESTIMADOS E PAGAMENTOS  ADMINISTRATIVOS/INCENTIVOS(01.2026 A 10.2026)                               .                                                                           VALOR EMPENHADO DE 05/2026 A 07/2026 COM MENSAIS DE:............121.051,56  VALOR TOTAL:....................................................363.154,68  .                                                                           64 - TRANSFERENCIAS DE RECURSOS DO SUS - ATENCAO ESPECIALIZADA              SOLICITACAO FINANCEIRA: 182531/2026                                         ;Inexigibilidade de Licitação;000062652020
20262150021130238;08/05/2026 00:00:00;363154,68;0191842026;22/07/2026 00:00:00;93082,65;202621500211302380003;22/07/2026 00:00:00;93082,65;33903900;OUTROS SERVICOS DE TERCEIROS - PESSOA JURIDICA;07488727000109;SECRETARIA MUNICIPAL DE SAUDE;0,00;SECRETARIA MUNICIPAL DE SAUDE                                                                                                                                                                                                                                ;SAUDE - 10;ASSISTENCIA HOSPITALAR E AMBULATORIAL - 302;TRANSFERENCIA DE RECURSOS DO SISTEMA UNICO DE SAUDE - SUS - BLOCO DE MANUTENCAO DAS ACOES E SERVICOS PUBLICOS DE SAUDE - 107;NEUROCENTRO SERVICOS MEDICOS E CLINICOS LTDA;DESPESA COM CONTRATO NR. 741/2020 PARA A EXECUCAO DE SERVICOS MEDICOS DE    ASSISTENCIA A SAUDE AMBULATORIAL (HOSPITALAR) E/OU APOIO DIAGNOSTICO        TERAPEUTICO PARA ATENDIMENTO DOS USUARIOS DO SUS - SCC: 513998-1            REFERENCIA: COMPETÊNCIAS 03/2026 A 06/2026, VALORES ESTIMADOS E PAGAMENTOS  ADMINISTRATIVOS/INCENTIVOS(01.2026 A 10.2026)                               .                                                                           VALOR EMPENHADO DE 05/2026 A 07/2026 COM MENSAIS DE:............121.051,56  VALOR TOTAL:....................................................363.154,68  .                                                                           64 - TRANSFERENCIAS DE RECURSOS DO SUS - ATENCAO ESPECIALIZADA              SOLICITACAO FINANCEIRA: 182531/2026                                         ;Inexigibilidade de Licitação;000062652020
20262150021130239;08/05/2026 00:00:00;75367,08;0129522026;18/05/2026 00:00:00;18841,77;202621500211302390001;18/05/2026 00:00:00;18841,77;33903900;OUTROS SERVICOS DE TERCEIROS - PESSOA JURIDICA;22653841000130;SECRETARIA MUNICIPAL DE SAUDE;0,00;SECRETARIA MUNICIPAL DE SAUDE                                                                                                                                                                                                                                ;SAUDE - 10;ASSISTENCIA HOSPITALAR E AMBULATORIAL - 302;TRANSFERENCIA DE RECURSOS DO SISTEMA UNICO DE SAUDE - SUS - BLOCO DE MANUTENCAO DAS ACOES E SERVICOS PUBLICOS DE SAUDE - 107;J.C.D.F CLINICA MEDICA LTDA;DESPESA COM CONTRATO NR. 112/2025 PARA A EXECUCAO DE SERVICOS MEDICOS DE    ASSISTENCIA A SAUDE AMBULATORIAL (HOSPITALAR) E/OU APOIO DIAGNOSTICO        TERAPEUTICO PARA ATENDIMENTO DOS USUARIOS DO SUS - SCC: 765121              REFERENCIA: COMPETÊNCIAS 03/2026 A 06/2026, VALORES ESTIMADOS E PAGAMENTOS  ADMINISTRATIVOS/INCENTIVOS(01.2026 A 10.2026)                               .                                                                           VALOR EMPENHADO DE 05/2026 A 07/2026 COM MENSAIS DE:.............25.122,36  VALOR TOTAL:.....................................................75.367,08  .                                                                           64 - TRANSFERENCIAS DE RECURSOS DO SUS - ATENCAO ESPECIALIZADA              SOLICITACAO FINANCEIRA: 182528/2026                                         ;Inexigibilidade de Licitação;000000052020
20262150021130239;08/05/2026 00:00:00;75367,08;0160912026;22/06/2026 00:00:00;18760,60;202621500211302390002;23/06/2026 00:00:00;18760,60;33903900;OUTROS SERVICOS DE TERCEIROS - PESSOA JURIDICA;22653841000130;SECRETARIA MUNICIPAL DE SAUDE;0,00;SECRETARIA MUNICIPAL DE SAUDE                                                                                                                                                                                                                                ;SAUDE - 10;ASSISTENCIA HOSPITALAR E AMBULATORIAL - 302;TRANSFERENCIA DE RECURSOS DO SISTEMA UNICO DE SAUDE - SUS - BLOCO DE MANUTENCAO DAS ACOES E SERVICOS PUBLICOS DE SAUDE - 107;J.C.D.F CLINICA MEDICA LTDA;DESPESA COM CONTRATO NR. 112/2025 PARA A EXECUCAO DE SERVICOS MEDICOS DE    ASSISTENCIA A SAUDE AMBULATORIAL (HOSPITALAR) E/OU APOIO DIAGNOSTICO        TERAPEUTICO PARA ATENDIMENTO DOS USUARIOS DO SUS - SCC: 765121              REFERENCIA: COMPETÊNCIAS 03/2026 A 06/2026, VALORES ESTIMADOS E PAGAMENTOS  ADMINISTRATIVOS/INCENTIVOS(01.2026 A 10.2026)                               .                                                                           VALOR EMPENHADO DE 05/2026 A 07/2026 COM MENSAIS DE:.............25.122,36  VALOR TOTAL:.....................................................75.367,08  .                                                                           64 - TRANSFERENCIAS DE RECURSOS DO SUS - ATENCAO ESPECIALIZADA              SOLICITACAO FINANCEIRA: 182528/2026                                         ;Inexigibilidade de Licitação;000000052020
20262150021130239;08/05/2026 00:00:00;75367,08;0192772026;23/07/2026 00:00:00;21592,60;202621500211302390003;23/07/2026 00:00:00;21592,60;33903900;OUTROS SERVICOS DE TERCEIROS - PESSOA JURIDICA;22653841000130;SECRETARIA MUNICIPAL DE SAUDE;0,00;SECRETARIA MUNICIPAL DE SAUDE                                                                                                                                                                                                                                ;SAUDE - 10;ASSISTENCIA HOSPITALAR E AMBULATORIAL - 302;TRANSFERENCIA DE RECURSOS DO SISTEMA UNICO DE SAUDE - SUS - BLOCO DE MANUTENCAO DAS ACOES E SERVICOS PUBLICOS DE SAUDE - 107;J.C.D.F CLINICA MEDICA LTDA;DESPESA COM CONTRATO NR. 112/2025 PARA A EXECUCAO DE SERVICOS MEDICOS DE    ASSISTENCIA A SAUDE AMBULATORIAL (HOSPITALAR) E/OU APOIO DIAGNOSTICO        TERAPEUTICO PARA ATENDIMENTO DOS USUARIOS DO SUS - SCC: 765121              REFERENCIA: COMPETÊNCIAS 03/2026 A 06/2026, VALORES ESTIMADOS E PAGAMENTOS  ADMINISTRATIVOS/INCENTIVOS(01.2026 A 10.2026)                               .                                                                           VALOR EMPENHADO DE 05/2026 A 07/2026 COM MENSAIS DE:.............25.122,36  VALOR TOTAL:.....................................................75.367,08  .                                                                           64 - TRANSFERENCIAS DE RECURSOS DO SUS - ATENCAO ESPECIALIZADA              SOLICITACAO FINANCEIRA: 182528/2026                                         ;Inexigibilidade de Licitação;000000052020
20262150021130240;08/05/2026 00:00:00;324124,47;0129372026;18/05/2026 00:00:00;81031,12;202621500211302400001;18/05/2026 00:00:00;81031,12;33903900;OUTROS SERVICOS DE TERCEIROS - PESSOA JURIDICA;33361486000142;SECRETARIA MUNICIPAL DE SAUDE;0,00;SECRETARIA MUNICIPAL DE SAUDE                                                                                                                                                                                                                                ;SAUDE - 10;ASSISTENCIA HOSPITALAR E AMBULATORIAL - 302;TRANSFERENCIA DE RECURSOS DO SISTEMA UNICO DE SAUDE - SUS - BLOCO DE MANUTENCAO DAS ACOES E SERVICOS PUBLICOS DE SAUDE - 107;LABORATORIO DE CITOPATOLOGIA E PATOLOGIA DE GOIANIA LTDA;DESPESA COM CONTRATO NR. 212/2024 PARA A EXECUCAO DE SERVICOS MEDICOS DE    ASSISTENCIA A SAUDE AMBULATORIAL (HOSPITALAR) E/OU APOIO DIAGNOSTICO        TERAPEUTICO PARA ATENDIMENTO DOS USUARIOS DO SUS - SCC: 754812              REFERENCIA: COMPETÊNCIAS 03/2026 A 06/2026, VALORES ESTIMADOS E PAGAMENTOS  ADMINISTRATIVOS/INCENTIVOS(01.2026 A 10.2026)                               .                                                                           VALOR EMPENHADO DE 05/2026 A 07/2026 COM MENSAIS DE:............108.041,49  VALOR TOTAL:....................................................324.124,47  .                                                                           64 - TRANSFERENCIAS DE RECURSOS DO SUS - ATENCAO ESPECIALIZADA              SOLICITACAO FINANCEIRA: 182529/2026                                         ;Inexigibilidade de Licitação;000000052020
20262150021130240;08/05/2026 00:00:00;324124,47;0161172026;23/06/2026 00:00:00;94124,82;202621500211302400002;23/06/2026 00:00:00;94124,82;33903900;OUTROS SERVICOS DE TERCEIROS - PESSOA JURIDICA;33361486000142;SECRETARIA MUNICIPAL DE SAUDE;0,00;SECRETARIA MUNICIPAL DE SAUDE                                                                                                                                                                                                                                ;SAUDE - 10;ASSISTENCIA HOSPITALAR E AMBULATORIAL - 302;TRANSFERENCIA DE RECURSOS DO SISTEMA UNICO DE SAUDE - SUS - BLOCO DE MANUTENCAO DAS ACOES E SERVICOS PUBLICOS DE SAUDE - 107;LABORATORIO DE CITOPATOLOGIA E PATOLOGIA DE GOIANIA LTDA;DESPESA COM CONTRATO NR. 212/2024 PARA A EXECUCAO DE SERVICOS MEDICOS DE    ASSISTENCIA A SAUDE AMBULATORIAL (HOSPITALAR) E/OU APOIO DIAGNOSTICO        TERAPEUTICO PARA ATENDIMENTO DOS USUARIOS DO SUS - SCC: 754812              REFERENCIA: COMPETÊNCIAS 03/2026 A 06/2026, VALORES ESTIMADOS E PAGAMENTOS  ADMINISTRATIVOS/INCENTIVOS(01.2026 A 10.2026)                               .                                                                           VALOR EMPENHADO DE 05/2026 A 07/2026 COM MENSAIS DE:............108.041,49  VALOR TOTAL:....................................................324.124,47  .                                                                           64 - TRANSFERENCIAS DE RECURSOS DO SUS - ATENCAO ESPECIALIZADA              SOLICITACAO FINANCEIRA: 182529/2026                                         ;Inexigibilidade de Licitação;000000052020
20262150021130240;08/05/2026 00:00:00;324124,47;0177012026;07/07/2026 00:00:00;11069,93;202621500211302400003;07/07/2026 00:00:00;11069,93;33903900;OUTROS SERVICOS DE TERCEIROS - PESSOA JURIDICA;33361486000142;SECRETARIA MUNICIPAL DE SAUDE;0,00;SECRETARIA MUNICIPAL DE SAUDE                                                                                                                                                                                                                                ;SAUDE - 10;ASSISTENCIA HOSPITALAR E AMBULATORIAL - 302;TRANSFERENCIA DE RECURSOS DO SISTEMA UNICO DE SAUDE - SUS - BLOCO DE MANUTENCAO DAS ACOES E SERVICOS PUBLICOS DE SAUDE - 107;LABORATORIO DE CITOPATOLOGIA E PATOLOGIA DE GOIANIA LTDA;DESPESA COM CONTRATO NR. 212/2024 PARA A EXECUCAO DE SERVICOS MEDICOS DE    ASSISTENCIA A SAUDE AMBULATORIAL (HOSPITALAR) E/OU APOIO DIAGNOSTICO        TERAPEUTICO PARA ATENDIMENTO DOS USUARIOS DO SUS - SCC: 754812              REFERENCIA: COMPETÊNCIAS 03/2026 A 06/2026, VALORES ESTIMADOS E PAGAMENTOS  ADMINISTRATIVOS/INCENTIVOS(01.2026 A 10.2026)                               .                                                                           VALOR EMPENHADO DE 05/2026 A 07/2026 COM MENSAIS DE:............108.041,49  VALOR TOTAL:....................................................324.124,47  .                                                                           64 - TRANSFERENCIAS DE RECURSOS DO SUS - ATENCAO ESPECIALIZADA              SOLICITACAO FINANCEIRA: 182529/2026                                         ;Inexigibilidade de Licitação;000000052020
20262150021130240;08/05/2026 00:00:00;324124,47;0192412026;22/07/2026 00:00:00;101084,76;202621500211302400004;23/07/2026 00:00:00;101084,76;33903900;OUTROS SERVICOS DE TERCEIROS - PESSOA JURIDICA;33361486000142;SECRETARIA MUNICIPAL DE SAUDE;0,00;SECRETARIA MUNICIPAL DE SAUDE                                                                                                                                                                                                                                ;SAUDE - 10;ASSISTENCIA HOSPITALAR E AMBULATORIAL - 302;TRANSFERENCIA DE RECURSOS DO SISTEMA UNICO DE SAUDE - SUS - BLOCO DE MANUTENCAO DAS ACOES E SERVICOS PUBLICOS DE SAUDE - 107;LABORATORIO DE CITOPATOLOGIA E PATOLOGIA DE GOIANIA LTDA;DESPESA COM CONTRATO NR. 212/2024 PARA A EXECUCAO DE SERVICOS MEDICOS DE    ASSISTENCIA A SAUDE AMBULATORIAL (HOSPITALAR) E/OU APOIO DIAGNOSTICO        TERAPEUTICO PARA ATENDIMENTO DOS USUARIOS DO SUS - SCC: 754812              REFERENCIA: COMPETÊNCIAS 03/2026 A 06/2026, VALORES ESTIMADOS E PAGAMENTOS  ADMINISTRATIVOS/INCENTIVOS(01.2026 A 10.2026)                               .                                                                           VALOR EMPENHADO DE 05/2026 A 07/2026 COM MENSAIS DE:............108.041,49  VALOR TOTAL:....................................................324.124,47  .                                                                           64 - TRANSFERENCIAS DE RECURSOS DO SUS - ATENCAO ESPECIALIZADA              SOLICITACAO FINANCEIRA: 182529/2026                                         ;Inexigibilidade de Licitação;000000052020
20262150021130241;08/05/2026 00:00:00;156797,52;0127042026;13/05/2026 00:00:00;39199,38;202621500211302410001;13/05/2026 00:00:00;39199,38;33903900;OUTROS SERVICOS DE TERCEIROS - PESSOA JURIDICA;01082973000180;SECRETARIA MUNICIPAL DE SAUDE;0,00;SECRETARIA MUNICIPAL DE SAUDE                                                                                                                                                                                                                                ;SAUDE - 10;ASSISTENCIA HOSPITALAR E AMBULATORIAL - 302;TRANSFERENCIA DE RECURSOS DO SISTEMA UNICO DE SAUDE - SUS - BLOCO DE MANUTENCAO DAS ACOES E SERVICOS PUBLICOS DE SAUDE - 107;LABORATORIO SALUTI LTDA;DESPESA COM CONTRATO NR. 747/2020 PARA A EXECUCAO DE SERVICOS MEDICOS DE    ASSISTENCIA A SAUDE AMBULATORIAL (HOSPITALAR) E/OU APOIO DIAGNOSTICO        TERAPEUTICO PARA ATENDIMENTO DOS USUARIOS DO SUS - SCC: 514056-1            REFERENCIA: COMPETÊNCIAS 03/2026 A 06/2026, VALORES ESTIMADOS E PAGAMENTOS  ADMINISTRATIVOS/INCENTIVOS(01.2026 A 10.2026)                               .                                                                           VALOR EMPENHADO DE 05/2026 A 07/2026 COM MENSAIS DE:.............52.265,84  VALOR TOTAL:....................................................165.797,52  .                                                                           64 - TRANSFERENCIAS DE RECURSOS DO SUS - ATENCAO ESPECIALIZADA              SOLICITACAO FINANCEIRA: 182530/2026                                         ;Inexigibilidade de Licitação;000000052020
20262150021130241;08/05/2026 00:00:00;156797,52;0158292026;19/06/2026 00:00:00;38238,81;202621500211302410002;19/06/2026 00:00:00;38238,81;33903900;OUTROS SERVICOS DE TERCEIROS - PESSOA JURIDICA;01082973000180;SECRETARIA MUNICIPAL DE SAUDE;0,00;SECRETARIA MUNICIPAL DE SAUDE                                                                                                                                                                                                                                ;SAUDE - 10;ASSISTENCIA HOSPITALAR E AMBULATORIAL - 302;TRANSFERENCIA DE RECURSOS DO SISTEMA UNICO DE SAUDE - SUS - BLOCO DE MANUTENCAO DAS ACOES E SERVICOS PUBLICOS DE SAUDE - 107;LABORATORIO SALUTI LTDA;DESPESA COM CONTRATO NR. 747/2020 PARA A EXECUCAO DE SERVICOS MEDICOS DE    ASSISTENCIA A SAUDE AMBULATORIAL (HOSPITALAR) E/OU APOIO DIAGNOSTICO        TERAPEUTICO PARA ATENDIMENTO DOS USUARIOS DO SUS - SCC: 514056-1            REFERENCIA: COMPETÊNCIAS 03/2026 A 06/2026, VALORES ESTIMADOS E PAGAMENTOS  ADMINISTRATIVOS/INCENTIVOS(01.2026 A 10.2026)                               .                                                                           VALOR EMPENHADO DE 05/2026 A 07/2026 COM MENSAIS DE:.............52.265,84  VALOR TOTAL:....................................................165.797,52  .                                                                           64 - TRANSFERENCIAS DE RECURSOS DO SUS - ATENCAO ESPECIALIZADA              SOLICITACAO FINANCEIRA: 182530/2026                                         ;Inexigibilidade de Licitação;000000052020
20262150021130241;08/05/2026 00:00:00;156797,52;0171102026;29/06/2026 00:00:00;156,20;202621500211302410003;29/06/2026 00:00:00;156,20;33903900;OUTROS SERVICOS DE TERCEIROS - PESSOA JURIDICA;01082973000180;SECRETARIA MUNICIPAL DE SAUDE;0,00;SECRETARIA MUNICIPAL DE SAUDE                                                                                                                                                                                                                                ;SAUDE - 10;ASSISTENCIA HOSPITALAR E AMBULATORIAL - 302;TRANSFERENCIA DE RECURSOS DO SISTEMA UNICO DE SAUDE - SUS - BLOCO DE MANUTENCAO DAS ACOES E SERVICOS PUBLICOS DE SAUDE - 107;LABORATORIO SALUTI LTDA;DESPESA COM CONTRATO NR. 747/2020 PARA A EXECUCAO DE SERVICOS MEDICOS DE    ASSISTENCIA A SAUDE AMBULATORIAL (HOSPITALAR) E/OU APOIO DIAGNOSTICO        TERAPEUTICO PARA ATENDIMENTO DOS USUARIOS DO SUS - SCC: 514056-1            REFERENCIA: COMPETÊNCIAS 03/2026 A 06/2026, VALORES ESTIMADOS E PAGAMENTOS  ADMINISTRATIVOS/INCENTIVOS(01.2026 A 10.2026)                               .                                                                           VALOR EMPENHADO DE 05/2026 A 07/2026 COM MENSAIS DE:.............52.265,84  VALOR TOTAL:....................................................165.797,52  .                                                                           64 - TRANSFERENCIAS DE RECURSOS DO SUS - ATENCAO ESPECIALIZADA              SOLICITACAO FINANCEIRA: 182530/2026                                         ;Inexigibilidade de Licitação;000000052020
20262150021130242;11/05/2026 00:00:00;12083,01;0129462026;18/05/2026 00:00:00;3020,75;202621500211302420001;18/05/2026 00:00:00;3020,75;33903900;OUTROS SERVICOS DE TERCEIROS - PESSOA JURIDICA;05933252000197;SECRETARIA MUNICIPAL DE SAUDE;0,00;SECRETARIA MUNICIPAL DE SAUDE                                                                                                                                                                                                                                ;SAUDE - 10;ASSISTENCIA HOSPITALAR E AMBULATORIAL - 302;TRANSFERENCIA DE RECURSOS DO SISTEMA UNICO DE SAUDE - SUS - BLOCO DE MANUTENCAO DAS ACOES E SERVICOS PUBLICOS DE SAUDE - 107;NOMURA E NOMURA LTDA;DESPESA COM CONTRATO NR. 770/2020 PARA A EXECUCAO DE SERVICOS MEDICOS DE    ASSISTENCIA A SAUDE AMBULATORIAL (HOSPITALAR) E/OU APOIO DIAGNOSTICO        TERAPEUTICO PARA ATENDIMENTO DOS USUARIOS DO SUS - SCC: 515176-1            REFERENCIA: COMPETENCIAS 03/2026 A 06/2026, VALORES ESTIMADOS E PAGAMENTOS  ADMINISTRATIVOS/INCENTIVOS(01.2026 A 10.2026)                               .                                                                           VALOR EMPENHADO DE 05/2026 A 07/2026 COM MENSAIS DE:..............4.027,67  VALOR TOTAL:.....................................................12.083,01  .                                                                           64 - TRANSFERENCIAS DE RECURSOS DO SUS - ATENCAO ESPECIALIZADA              SOLICITACAO FINANCEIRA: 182532/2026                                         ;Inexigibilidade de Licitação;000062732020
20262150021130242;11/05/2026 00:00:00;12083,01;0161682026;23/06/2026 00:00:00;4221,25;202621500211302420002;23/06/2026 00:00:00;4221,25;33903900;OUTROS SERVICOS DE TERCEIROS - PESSOA JURIDICA;05933252000197;SECRETARIA MUNICIPAL DE SAUDE;0,00;SECRETARIA MUNICIPAL DE SAUDE                                                                                                                                                                                                                                ;SAUDE - 10;ASSISTENCIA HOSPITALAR E AMBULATORIAL - 302;TRANSFERENCIA DE RECURSOS DO SISTEMA UNICO DE SAUDE - SUS - BLOCO DE MANUTENCAO DAS ACOES E SERVICOS PUBLICOS DE SAUDE - 107;NOMURA E NOMURA LTDA;DESPESA COM CONTRATO NR. 770/2020 PARA A EXECUCAO DE SERVICOS MEDICOS DE    ASSISTENCIA A SAUDE AMBULATORIAL (HOSPITALAR) E/OU APOIO DIAGNOSTICO        TERAPEUTICO PARA ATENDIMENTO DOS USUARIOS DO SUS - SCC: 515176-1            REFERENCIA: COMPETENCIAS 03/2026 A 06/2026, VALORES ESTIMADOS E PAGAMENTOS  ADMINISTRATIVOS/INCENTIVOS(01.2026 A 10.2026)                               .                                                                           VALOR EMPENHADO DE 05/2026 A 07/2026 COM MENSAIS DE:..............4.027,67  VALOR TOTAL:.....................................................12.083,01  .                                                                           64 - TRANSFERENCIAS DE RECURSOS DO SUS - ATENCAO ESPECIALIZADA              SOLICITACAO FINANCEIRA: 182532/2026                                         ;Inexigibilidade de Licitação;000062732020
20262150021130242;11/05/2026 00:00:00;12083,01;0192732026;23/07/2026 00:00:00;4437,00;202621500211302420003;23/07/2026 00:00:00;4437,00;33903900;OUTROS SERVICOS DE TERCEIROS - PESSOA JURIDICA;05933252000197;SECRETARIA MUNICIPAL DE SAUDE;0,00;SECRETARIA MUNICIPAL DE SAUDE                                                                                                                                                                                                                                ;SAUDE - 10;ASSISTENCIA HOSPITALAR E AMBULATORIAL - 302;TRANSFERENCIA DE RECURSOS DO SISTEMA UNICO DE SAUDE - SUS - BLOCO DE MANUTENCAO DAS ACOES E SERVICOS PUBLICOS DE SAUDE - 107;NOMURA E NOMURA LTDA;DESPESA COM CONTRATO NR. 770/2020 PARA A EXECUCAO DE SERVICOS MEDICOS DE    ASSISTENCIA A SAUDE AMBULATORIAL (HOSPITALAR) E/OU APOIO DIAGNOSTICO        TERAPEUTICO PARA ATENDIMENTO DOS USUARIOS DO SUS - SCC: 515176-1            REFERENCIA: COMPETENCIAS 03/2026 A 06/2026, VALORES ESTIMADOS E PAGAMENTOS  ADMINISTRATIVOS/INCENTIVOS(01.2026 A 10.2026)                               .                                                                           VALOR EMPENHADO DE 05/2026 A 07/2026 COM MENSAIS DE:..............4.027,67  VALOR TOTAL:.....................................................12.083,01  .                                                                           64 - TRANSFERENCIAS DE RECURSOS DO SUS - ATENCAO ESPECIALIZADA              SOLICITACAO FINANCEIRA: 182532/2026                                         ;Inexigibilidade de Licitação;000062732020
20262150021130243;11/05/2026 00:00:00;288730,56;0125512026;12/05/2026 00:00:00;72182,64;202621500211302430001;13/05/2026 00:00:00;72182,64;33903900;OUTROS SERVICOS DE TERCEIROS - PESSOA JURIDICA;01551502000173;SECRETARIA MUNICIPAL DE SAUDE;0,00;SECRETARIA MUNICIPAL DE SAUDE                                                                                                                                                                                                                                ;SAUDE - 10;ASSISTENCIA HOSPITALAR E AMBULATORIAL - 302;TRANSFERENCIA DE RECURSOS DO SISTEMA UNICO DE SAUDE - SUS - BLOCO DE MANUTENCAO DAS ACOES E SERVICOS PUBLICOS DE SAUDE - 107;PULMONAR CLINICA DO APARELHO RESPIRATORIO S/C LTDA;DESPESA COM CONTRATO NR. 484/2023 PARA A EXECUCAO DE SERVICOS MEDICOS DE    ASSISTENCIA A SAUDE AMBULATORIAL (HOSPITALAR) E/OU APOIO DIAGNOSTICO        TERAPEUTICO PARA ATENDIMENTO DOS USUARIOS DO SUS - SCC: 611736              REFERENCIA: COMPETENCIAS 03/2026 A 06/2026, VALORES ESTIMADOS E PAGAMENTOS  ADMINISTRATIVOS/INCENTIVOS(01.2026 A 10.2026)                               .                                                                           VALOR EMPENHADO DE 05/2026 A 07/2026 COM MENSAIS DE:.............96.243,52  VALOR TOTAL:....................................................288.730,56  .                                                                           64 - TRANSFERENCIAS DE RECURSOS DO SUS - ATENCAO ESPECIALIZADA              SOLICITACAO FINANCEIRA: 182533/2026                                         ;Inexigibilidade de Licitação;000000052020
20262150021130243;11/05/2026 00:00:00;288730,56;0157532026;17/06/2026 00:00:00;67397,48;202621500211302430002;18/06/2026 00:00:00;67397,48;33903900;OUTROS SERVICOS DE TERCEIROS - PESSOA JURIDICA;01551502000173;SECRETARIA MUNICIPAL DE SAUDE;0,00;SECRETARIA MUNICIPAL DE SAUDE                                                                                                                                                                                                                                ;SAUDE - 10;ASSISTENCIA HOSPITALAR E AMBULATORIAL - 302;TRANSFERENCIA DE RECURSOS DO SISTEMA UNICO DE SAUDE - SUS - BLOCO DE MANUTENCAO DAS ACOES E SERVICOS PUBLICOS DE SAUDE - 107;PULMONAR CLINICA DO APARELHO RESPIRATORIO S/C LTDA;DESPESA COM CONTRATO NR. 484/2023 PARA A EXECUCAO DE SERVICOS MEDICOS DE    ASSISTENCIA A SAUDE AMBULATORIAL (HOSPITALAR) E/OU APOIO DIAGNOSTICO        TERAPEUTICO PARA ATENDIMENTO DOS USUARIOS DO SUS - SCC: 611736              REFERENCIA: COMPETENCIAS 03/2026 A 06/2026, VALORES ESTIMADOS E PAGAMENTOS  ADMINISTRATIVOS/INCENTIVOS(01.2026 A 10.2026)                               .                                                                           VALOR EMPENHADO DE 05/2026 A 07/2026 COM MENSAIS DE:.............96.243,52  VALOR TOTAL:....................................................288.730,56  .                                                                           64 - TRANSFERENCIAS DE RECURSOS DO SUS - ATENCAO ESPECIALIZADA              SOLICITACAO FINANCEIRA: 182533/2026                                         ;Inexigibilidade de Licitação;000000052020
20262150021130244;11/05/2026 00:00:00;1320526,53;0128862026;15/05/2026 00:00:00;330131,63;202621500211302440001;15/05/2026 00:00:00;0,00;33903900;OUTROS SERVICOS DE TERCEIROS - PESSOA JURIDICA;26904011000190;SECRETARIA MUNICIPAL DE SAUDE;0,00;SECRETARIA MUNICIPAL DE SAUDE                                                                                                                                                                                                                                ;SAUDE - 10;ASSISTENCIA HOSPITALAR E AMBULATORIAL - 302;TRANSFERENCIA DE RECURSOS DO SISTEMA UNICO DE SAUDE - SUS - BLOCO DE MANUTENCAO DAS ACOES E SERVICOS PUBLICOS DE SAUDE - 107;UNIDADE DE DIAGNOSTICOS MEDICOS LTDA;DESPESA COM CONTRATO NR. 266/2023 PARA A EXECUCAO DE SERVICOS MEDICOS DE    ASSISTENCIA A SAUDE AMBULATORIAL (HOSPITALAR) E/OU APOIO DIAGNOSTICO        TERAPEUTICO PARA ATENDIMENTO DOS USUARIOS DO SUS - SCC: 650987              REFERENCIA: COMPETENCIAS 03/2026 A 06/2026, VALORES ESTIMADOS E PAGAMENTOS  ADMINISTRATIVOS/INCENTIVOS(01.2026 A 10.2026)                               .                                                                           VALOR EMPENHADO DE 05/2026 A 07/2026 COM MENSAIS DE:............440.175,51  VALOR TOTAL:..................................................1.320.526,53  .                                                                           64 - TRANSFERENCIAS DE RECURSOS DO SUS - ATENCAO ESPECIALIZADA              SOLICITACAO FINANCEIRA: 182534/2026                                         ;Inexigibilidade de Licitação;000000052020
20262150021130244;11/05/2026 00:00:00;1320526,53;0128862026;15/05/2026 00:00:00;330131,63;202621500211302440002;21/05/2026 00:00:00;330131,63;33903900;OUTROS SERVICOS DE TERCEIROS - PESSOA JURIDICA;26904011000190;SECRETARIA MUNICIPAL DE SAUDE;0,00;SECRETARIA MUNICIPAL DE SAUDE                                                                                                                                                                                                                                ;SAUDE - 10;ASSISTENCIA HOSPITALAR E AMBULATORIAL - 302;TRANSFERENCIA DE RECURSOS DO SISTEMA UNICO DE SAUDE - SUS - BLOCO DE MANUTENCAO DAS ACOES E SERVICOS PUBLICOS DE SAUDE - 107;UNIDADE DE DIAGNOSTICOS MEDICOS LTDA;DESPESA COM CONTRATO NR. 266/2023 PARA A EXECUCAO DE SERVICOS MEDICOS DE    ASSISTENCIA A SAUDE AMBULATORIAL (HOSPITALAR) E/OU APOIO DIAGNOSTICO        TERAPEUTICO PARA ATENDIMENTO DOS USUARIOS DO SUS - SCC: 650987              REFERENCIA: COMPETENCIAS 03/2026 A 06/2026, VALORES ESTIMADOS E PAGAMENTOS  ADMINISTRATIVOS/INCENTIVOS(01.2026 A 10.2026)                               .                                                                           VALOR EMPENHADO DE 05/2026 A 07/2026 COM MENSAIS DE:............440.175,51  VALOR TOTAL:..................................................1.320.526,53  .                                                                           64 - TRANSFERENCIAS DE RECURSOS DO SUS - ATENCAO ESPECIALIZADA              SOLICITACAO FINANCEIRA: 182534/2026                                         ;Inexigibilidade de Licitação;000000052020
20262150021130244;11/05/2026 00:00:00;1320526,53;0160812026;22/06/2026 00:00:00;294700,37;202621500211302440003;23/06/2026 00:00:00;294700,37;33903900;OUTROS SERVICOS DE TERCEIROS - PESSOA JURIDICA;26904011000190;SECRETARIA MUNICIPAL DE SAUDE;0,00;SECRETARIA MUNICIPAL DE SAUDE                                                                                                                                                                                                                                ;SAUDE - 10;ASSISTENCIA HOSPITALAR E AMBULATORIAL - 302;TRANSFERENCIA DE RECURSOS DO SISTEMA UNICO DE SAUDE - SUS - BLOCO DE MANUTENCAO DAS ACOES E SERVICOS PUBLICOS DE SAUDE - 107;UNIDADE DE DIAGNOSTICOS MEDICOS LTDA;DESPESA COM CONTRATO NR. 266/2023 PARA A EXECUCAO DE SERVICOS MEDICOS DE    ASSISTENCIA A SAUDE AMBULATORIAL (HOSPITALAR) E/OU APOIO DIAGNOSTICO        TERAPEUTICO PARA ATENDIMENTO DOS USUARIOS DO SUS - SCC: 650987              REFERENCIA: COMPETENCIAS 03/2026 A 06/2026, VALORES ESTIMADOS E PAGAMENTOS  ADMINISTRATIVOS/INCENTIVOS(01.2026 A 10.2026)                               .                                                                           VALOR EMPENHADO DE 05/2026 A 07/2026 COM MENSAIS DE:............440.175,51  VALOR TOTAL:..................................................1.320.526,53  .                                                                           64 - TRANSFERENCIAS DE RECURSOS DO SUS - ATENCAO ESPECIALIZADA              SOLICITACAO FINANCEIRA: 182534/2026                                         ;Inexigibilidade de Licitação;000000052020
20262150021130244;11/05/2026 00:00:00;1320526,53;0169922026;26/06/2026 00:00:00;8700,71;202621500211302440004;26/06/2026 00:00:00;0,00;33903900;OUTROS SERVICOS DE TERCEIROS - PESSOA JURIDICA;26904011000190;SECRETARIA MUNICIPAL DE SAUDE;0,00;SECRETARIA MUNICIPAL DE SAUDE                                                                                                                                                                                                                                ;SAUDE - 10;ASSISTENCIA HOSPITALAR E AMBULATORIAL - 302;TRANSFERENCIA DE RECURSOS DO SISTEMA UNICO DE SAUDE - SUS - BLOCO DE MANUTENCAO DAS ACOES E SERVICOS PUBLICOS DE SAUDE - 107;UNIDADE DE DIAGNOSTICOS MEDICOS LTDA;DESPESA COM CONTRATO NR. 266/2023 PARA A EXECUCAO DE SERVICOS MEDICOS DE    ASSISTENCIA A SAUDE AMBULATORIAL (HOSPITALAR) E/OU APOIO DIAGNOSTICO        TERAPEUTICO PARA ATENDIMENTO DOS USUARIOS DO SUS - SCC: 650987              REFERENCIA: COMPETENCIAS 03/2026 A 06/2026, VALORES ESTIMADOS E PAGAMENTOS  ADMINISTRATIVOS/INCENTIVOS(01.2026 A 10.2026)                               .                                                                           VALOR EMPENHADO DE 05/2026 A 07/2026 COM MENSAIS DE:............440.175,51  VALOR TOTAL:..................................................1.320.526,53  .                                                                           64 - TRANSFERENCIAS DE RECURSOS DO SUS - ATENCAO ESPECIALIZADA              SOLICITACAO FINANCEIRA: 182534/2026                                         ;Inexigibilidade de Licitação;000000052020
20262150021130244;11/05/2026 00:00:00;1320526,53;0169922026;26/06/2026 00:00:00;8700,71;202621500211302440005;30/06/2026 00:00:00;8700,71;33903900;OUTROS SERVICOS DE TERCEIROS - PESSOA JURIDICA;26904011000190;SECRETARIA MUNICIPAL DE SAUDE;0,00;SECRETARIA MUNICIPAL DE SAUDE                                                                                                                                                                                                                                ;SAUDE - 10;ASSISTENCIA HOSPITALAR E AMBULATORIAL - 302;TRANSFERENCIA DE RECURSOS DO SISTEMA UNICO DE SAUDE - SUS - BLOCO DE MANUTENCAO DAS ACOES E SERVICOS PUBLICOS DE SAUDE - 107;UNIDADE DE DIAGNOSTICOS MEDICOS LTDA;DESPESA COM CONTRATO NR. 266/2023 PARA A EXECUCAO DE SERVICOS MEDICOS DE    ASSISTENCIA A SAUDE AMBULATORIAL (HOSPITALAR) E/OU APOIO DIAGNOSTICO        TERAPEUTICO PARA ATENDIMENTO DOS USUARIOS DO SUS - SCC: 650987              REFERENCIA: COMPETENCIAS 03/2026 A 06/2026, VALORES ESTIMADOS E PAGAMENTOS  ADMINISTRATIVOS/INCENTIVOS(01.2026 A 10.2026)                               .                                                                           VALOR EMPENHADO DE 05/2026 A 07/2026 COM MENSAIS DE:............440.175,51  VALOR TOTAL:..................................................1.320.526,53  .                                                                           64 - TRANSFERENCIAS DE RECURSOS DO SUS - ATENCAO ESPECIALIZADA              SOLICITACAO FINANCEIRA: 182534/2026                                         ;Inexigibilidade de Licitação;000000052020
20262150021130245;11/05/2026 00:00:00;961567,92;0125732026;12/05/2026 00:00:00;240391,98;202621500211302450001;13/05/2026 00:00:00;240391,98;33903900;OUTROS SERVICOS DE TERCEIROS - PESSOA JURIDICA;07060518000160;SECRETARIA MUNICIPAL DE SAUDE;0,00;SECRETARIA MUNICIPAL DE SAUDE                                                                                                                                                                                                                                ;SAUDE - 10;ASSISTENCIA HOSPITALAR E AMBULATORIAL - 302;TRANSFERENCIA DE RECURSOS DO SISTEMA UNICO DE SAUDE - SUS - BLOCO DE MANUTENCAO DAS ACOES E SERVICOS PUBLICOS DE SAUDE - 107;VITA D COR CENTRO MEDICO LTDA;DESPESA COM CONTRATO NR. 757/2020 PARA A EXECUCAO DE SERVICOS MEDICOS DE    ASSISTENCIA A SAUDE AMBULATORIAL (HOSPITALAR) E/OU APOIO DIAGNOSTICO        TERAPEUTICO PARA ATENDIMENTO DOS USUARIOS DO SUS - SCC: 514200-2            REFERENCIA: COMPETENCIAS 03/2026 A 06/2026, VALORES ESTIMADOS E PAGAMENTOS  ADMINISTRATIVOS/INCENTIVOS(01.2026 A 10.2026)                               .                                                                           VALOR EMPENHADO DE 05/2026 A 07/2026 COM MENSAIS DE:............320.522,64  VALOR TOTAL:....................................................961.567,92  .                                                                           64 - TRANSFERENCIAS DE RECURSOS DO SUS - ATENCAO ESPECIALIZADA              SOLICITACAO FINANCEIRA: 182535/2026                                         ;Inexigibilidade de Licitação;000062822020
20262150021130245;11/05/2026 00:00:00;961567,92;0157502026;17/06/2026 00:00:00;217921,17;202621500211302450002;18/06/2026 00:00:00;217921,17;33903900;OUTROS SERVICOS DE TERCEIROS - PESSOA JURIDICA;07060518000160;SECRETARIA MUNICIPAL DE SAUDE;0,00;SECRETARIA MUNICIPAL DE SAUDE                                                                                                                                                                                                                                ;SAUDE - 10;ASSISTENCIA HOSPITALAR E AMBULATORIAL - 302;TRANSFERENCIA DE RECURSOS DO SISTEMA UNICO DE SAUDE - SUS - BLOCO DE MANUTENCAO DAS ACOES E SERVICOS PUBLICOS DE SAUDE - 107;VITA D COR CENTRO MEDICO LTDA;DESPESA COM CONTRATO NR. 757/2020 PARA A EXECUCAO DE SERVICOS MEDICOS DE    ASSISTENCIA A SAUDE AMBULATORIAL (HOSPITALAR) E/OU APOIO DIAGNOSTICO        TERAPEUTICO PARA ATENDIMENTO DOS USUARIOS DO SUS - SCC: 514200-2            REFERENCIA: COMPETENCIAS 03/2026 A 06/2026, VALORES ESTIMADOS E PAGAMENTOS  ADMINISTRATIVOS/INCENTIVOS(01.2026 A 10.2026)                               .                                                                           VALOR EMPENHADO DE 05/2026 A 07/2026 COM MENSAIS DE:............320.522,64  VALOR TOTAL:....................................................961.567,92  .                                                                           64 - TRANSFERENCIAS DE RECURSOS DO SUS - ATENCAO ESPECIALIZADA              SOLICITACAO FINANCEIRA: 182535/2026                                         ;Inexigibilidade de Licitação;000062822020
20262150021130245;11/05/2026 00:00:00;961567,92;0169852026;26/06/2026 00:00:00;3791,24;202621500211302450003;26/06/2026 00:00:00;3791,24;33903900;OUTROS SERVICOS DE TERCEIROS - PESSOA JURIDICA;07060518000160;SECRETARIA MUNICIPAL DE SAUDE;0,00;SECRETARIA MUNICIPAL DE SAUDE                                                                                                                                                                                                                                ;SAUDE - 10;ASSISTENCIA HOSPITALAR E AMBULATORIAL - 302;TRANSFERENCIA DE RECURSOS DO SISTEMA UNICO DE SAUDE - SUS - BLOCO DE MANUTENCAO DAS ACOES E SERVICOS PUBLICOS DE SAUDE - 107;VITA D COR CENTRO MEDICO LTDA;DESPESA COM CONTRATO NR. 757/2020 PARA A EXECUCAO DE SERVICOS MEDICOS DE    ASSISTENCIA A SAUDE AMBULATORIAL (HOSPITALAR) E/OU APOIO DIAGNOSTICO        TERAPEUTICO PARA ATENDIMENTO DOS USUARIOS DO SUS - SCC: 514200-2            REFERENCIA: COMPETENCIAS 03/2026 A 06/2026, VALORES ESTIMADOS E PAGAMENTOS  ADMINISTRATIVOS/INCENTIVOS(01.2026 A 10.2026)                               .                                                                           VALOR EMPENHADO DE 05/2026 A 07/2026 COM MENSAIS DE:............320.522,64  VALOR TOTAL:....................................................961.567,92  .                                                                           64 - TRANSFERENCIAS DE RECURSOS DO SUS - ATENCAO ESPECIALIZADA              SOLICITACAO FINANCEIRA: 182535/2026                                         ;Inexigibilidade de Licitação;000062822020
20262150021130246;11/05/2026 00:00:00;510231,69;0129472026;18/05/2026 00:00:00;159553,69;202621500211302460001;18/05/2026 00:00:00;159553,69;33903900;OUTROS SERVICOS DE TERCEIROS - PESSOA JURIDICA;24889533000134;SECRETARIA MUNICIPAL DE SAUDE;0,00;SECRETARIA MUNICIPAL DE SAUDE                                                                                                                                                                                                                                ;SAUDE - 10;ASSISTENCIA HOSPITALAR E AMBULATORIAL - 302;TRANSFERENCIA DE RECURSOS DO SISTEMA UNICO DE SAUDE - SUS - BLOCO DE MANUTENCAO DAS ACOES E SERVICOS PUBLICOS DE SAUDE - 107;CENTRO DE MEDICINA NUCLEAR DE GOIAS LTDA;DESPESA COM CONTRATO NR. 1.920/2025 PARA A EXECUCAO DE SERVICOS MEDICOS DE  ASSISTENCIA A SAUDE AMBULATORIAL (HOSPITALAR) E/OU APOIO DIAGNOSTICO        TERAPEUTICO PARA ATENDIMENTO DOS USUARIOS DO SUS - SCC: 782476              REFERENCIA: COMPETENCIAS 03/2026 A 06/2026, VALORES ESTIMADOS E PAGAMENTOS  ADMINISTRATIVOS/INCENTIVOS(01.2026 A 10.2026)                               .                                                                           VALOR EMPENHADO DE 05/2026 A 07/2026 COM MENSAIS DE:............170.077,23  VALOR TOTAL:....................................................510.231,69  .                                                                           64 - TRANSFERENCIAS DE RECURSOS DO SUS - ATENCAO ESPECIALIZADA              SOLICITACAO FINANCEIRA: 182517/2026                                         ;Inexigibilidade de Licitação;000000052025
20262150021130246;11/05/2026 00:00:00;510231,69;0170742026;29/06/2026 00:00:00;2734,47;202621500211302460002;29/06/2026 00:00:00;2734,47;33903900;OUTROS SERVICOS DE TERCEIROS - PESSOA JURIDICA;24889533000134;SECRETARIA MUNICIPAL DE SAUDE;0,00;SECRETARIA MUNICIPAL DE SAUDE                                                                                                                                                                                                                                ;SAUDE - 10;ASSISTENCIA HOSPITALAR E AMBULATORIAL - 302;TRANSFERENCIA DE RECURSOS DO SISTEMA UNICO DE SAUDE - SUS - BLOCO DE MANUTENCAO DAS ACOES E SERVICOS PUBLICOS DE SAUDE - 107;CENTRO DE MEDICINA NUCLEAR DE GOIAS LTDA;DESPESA COM CONTRATO NR. 1.920/2025 PARA A EXECUCAO DE SERVICOS MEDICOS DE  ASSISTENCIA A SAUDE AMBULATORIAL (HOSPITALAR) E/OU APOIO DIAGNOSTICO        TERAPEUTICO PARA ATENDIMENTO DOS USUARIOS DO SUS - SCC: 782476              REFERENCIA: COMPETENCIAS 03/2026 A 06/2026, VALORES ESTIMADOS E PAGAMENTOS  ADMINISTRATIVOS/INCENTIVOS(01.2026 A 10.2026)                               .                                                                           VALOR EMPENHADO DE 05/2026 A 07/2026 COM MENSAIS DE:............170.077,23  VALOR TOTAL:....................................................510.231,69  .                                                                           64 - TRANSFERENCIAS DE RECURSOS DO SUS - ATENCAO ESPECIALIZADA              SOLICITACAO FINANCEIRA: 182517/2026                                         ;Inexigibilidade de Licitação;000000052025
20262150021130246;11/05/2026 00:00:00;510231,69;0170752026;29/06/2026 00:00:00;117631,65;202621500211302460003;29/06/2026 00:00:00;117631,65;33903900;OUTROS SERVICOS DE TERCEIROS - PESSOA JURIDICA;24889533000134;SECRETARIA MUNICIPAL DE SAUDE;0,00;SECRETARIA MUNICIPAL DE SAUDE                                                                                                                                                                                                                                ;SAUDE - 10;ASSISTENCIA HOSPITALAR E AMBULATORIAL - 302;TRANSFERENCIA DE RECURSOS DO SISTEMA UNICO DE SAUDE - SUS - BLOCO DE MANUTENCAO DAS ACOES E SERVICOS PUBLICOS DE SAUDE - 107;CENTRO DE MEDICINA NUCLEAR DE GOIAS LTDA;DESPESA COM CONTRATO NR. 1.920/2025 PARA A EXECUCAO DE SERVICOS MEDICOS DE  ASSISTENCIA A SAUDE AMBULATORIAL (HOSPITALAR) E/OU APOIO DIAGNOSTICO        TERAPEUTICO PARA ATENDIMENTO DOS USUARIOS DO SUS - SCC: 782476              REFERENCIA: COMPETENCIAS 03/2026 A 06/2026, VALORES ESTIMADOS E PAGAMENTOS  ADMINISTRATIVOS/INCENTIVOS(01.2026 A 10.2026)                               .                                                                           VALOR EMPENHADO DE 05/2026 A 07/2026 COM MENSAIS DE:............170.077,23  VALOR TOTAL:....................................................510.231,69  .                                                                           64 - TRANSFERENCIAS DE RECURSOS DO SUS - ATENCAO ESPECIALIZADA              SOLICITACAO FINANCEIRA: 182517/2026                                         ;Inexigibilidade de Licitação;000000052025
20262150021130247;11/05/2026 00:00:00;4242499,98;;;0,00;;;0,00;33903900;OUTROS SERVICOS DE TERCEIROS - PESSOA JURIDICA;04635547000203;SECRETARIA MUNICIPAL DE SAUDE;0,00;SECRETARIA MUNICIPAL DE SAUDE                                                                                                                                                                                                                                ;SAUDE - 10;ASSISTENCIA HOSPITALAR E AMBULATORIAL - 302;TRANSFERENCIA DE RECURSOS DO SISTEMA UNICO DE SAUDE - SUS - BLOCO DE MANUTENCAO DAS ACOES E SERVICOS PUBLICOS DE SAUDE - 107;TEXTIL MED DISTRIBUIDORA DE PROD. E SERVICOS HOSPIT. LTDA;SOLICITACAO FINANCEIRA: 177636/2026                                         64 - TRANSFERENCIAS DE RECURSOS DO SUS - ATENCAO ESPECIALIZADA              .                                                                           VALOR TOTAL:..................................................4.242.499,98  VALOR EMPENHADO DE 06/2026 A 08/2026 COM MENSAIS DE:..........1.414.166,66  .                                                                           COM DECRETO NR. 134/2025                                                    HOMOLOGACAO DO PREGAO ELETRONICO NR 900017/2026, VALOR ESTIMADOS DE ACORDO  PED.DE COMPRAS 229/25(FMS), DOC.DE FORM.DA DEMANDA N.95/25-GEREMO - TERMO DEDE VIG.INICIAL:12 MESES                                                     ROUPAS DE SERVICOS DE SAUDE DESTA SECRETARIA MUN.DE SAUDE DE GOIANIA, PRAZO DESP.C/CONT.DE EMP.ESPECIALIZADA P/PRESTACAO DE SERVICOS DE PROCESSAMENTO DE;Pregão;009000172026
20262150021130248;11/05/2026 00:00:00;4575928,00;0170332026;26/06/2026 00:00:00;13000,00;202621500211302480001;10/07/2026 00:00:00;13000,00;33903900;OUTROS SERVICOS DE TERCEIROS - PESSOA JURIDICA;29562894000195;SECRETARIA MUNICIPAL DE SAUDE;0,00;SECRETARIA MUNICIPAL DE SAUDE                                                                                                                                                                                                                                ;SAUDE - 10;ASSISTENCIA HOSPITALAR E AMBULATORIAL - 302;TRANSFERENCIA DE RECURSOS DO SISTEMA UNICO DE SAUDE - SUS - BLOCO DE MANUTENCAO DAS ACOES E SERVICOS PUBLICOS DE SAUDE - 107;SXMEDIC COMERCIO LOCACAO E SERVICOS LTDA;DESPESA COM CONTRATACAO DE EMPRESA PARA PRESTACAO DE SERVICOS EM RADIOLOGIA DIGITAL COM O FORNECIMENTO DE SOLUCAO TECNOLOGICA, LOCACAO DE EQUIPAMENTOS, OUTROS PARA UNIDADES DE SAUDE DA SMS P/ 12 MESES                            DESPACHO 387/2025 PEDIDO DE COMPRA 199/2025, TERMO DE HOMOLOGACAO DO PREGAO ELETRONICO NR 90002/2026                                                    .                                                                           VALOR EMPENHADO DE 06/2026 A 12/2026 COM MENSAIS DE:............653.704,00  VALOR TOTAL:..................................................4.575.928,00  .                                                                           64 - TRANSFERENCIAS DE RECURSOS DO SUS - ATENCAO ESPECIALIZADA              SOLICITACAO FINANCEIRA: 177058/2026                                         ;Pregão;000900022026
20262150021130248;11/05/2026 00:00:00;4575928,00;0170342026;26/06/2026 00:00:00;100431,00;202621500211302480002;10/07/2026 00:00:00;100431,00;33903900;OUTROS SERVICOS DE TERCEIROS - PESSOA JURIDICA;29562894000195;SECRETARIA MUNICIPAL DE SAUDE;0,00;SECRETARIA MUNICIPAL DE SAUDE                                                                                                                                                                                                                                ;SAUDE - 10;ASSISTENCIA HOSPITALAR E AMBULATORIAL - 302;TRANSFERENCIA DE RECURSOS DO SISTEMA UNICO DE SAUDE - SUS - BLOCO DE MANUTENCAO DAS ACOES E SERVICOS PUBLICOS DE SAUDE - 107;SXMEDIC COMERCIO LOCACAO E SERVICOS LTDA;DESPESA COM CONTRATACAO DE EMPRESA PARA PRESTACAO DE SERVICOS EM RADIOLOGIA DIGITAL COM O FORNECIMENTO DE SOLUCAO TECNOLOGICA, LOCACAO DE EQUIPAMENTOS, OUTROS PARA UNIDADES DE SAUDE DA SMS P/ 12 MESES                            DESPACHO 387/2025 PEDIDO DE COMPRA 199/2025, TERMO DE HOMOLOGACAO DO PREGAO ELETRONICO NR 90002/2026                                                    .                                                                           VALOR EMPENHADO DE 06/2026 A 12/2026 COM MENSAIS DE:............653.704,00  VALOR TOTAL:..................................................4.575.928,00  .                                                                           64 - TRANSFERENCIAS DE RECURSOS DO SUS - ATENCAO ESPECIALIZADA              SOLICITACAO FINANCEIRA: 177058/2026                                         ;Pregão;000900022026
20262150021130248;11/05/2026 00:00:00;4575928,00;0192612026;23/07/2026 00:00:00;299916,00;;;0,00;33903900;OUTROS SERVICOS DE TERCEIROS - PESSOA JURIDICA;29562894000195;SECRETARIA MUNICIPAL DE SAUDE;0,00;SECRETARIA MUNICIPAL DE SAUDE                                                                                                                                                                                                                                ;SAUDE - 10;ASSISTENCIA HOSPITALAR E AMBULATORIAL - 302;TRANSFERENCIA DE RECURSOS DO SISTEMA UNICO DE SAUDE - SUS - BLOCO DE MANUTENCAO DAS ACOES E SERVICOS PUBLICOS DE SAUDE - 107;SXMEDIC COMERCIO LOCACAO E SERVICOS LTDA;DESPESA COM CONTRATACAO DE EMPRESA PARA PRESTACAO DE SERVICOS EM RADIOLOGIA DIGITAL COM O FORNECIMENTO DE SOLUCAO TECNOLOGICA, LOCACAO DE EQUIPAMENTOS, OUTROS PARA UNIDADES DE SAUDE DA SMS P/ 12 MESES                            DESPACHO 387/2025 PEDIDO DE COMPRA 199/2025, TERMO DE HOMOLOGACAO DO PREGAO ELETRONICO NR 90002/2026                                                    .                                                                           VALOR EMPENHADO DE 06/2026 A 12/2026 COM MENSAIS DE:............653.704,00  VALOR TOTAL:..................................................4.575.928,00  .                                                                           64 - TRANSFERENCIAS DE RECURSOS DO SUS - ATENCAO ESPECIALIZADA              SOLICITACAO FINANCEIRA: 177058/2026                                         ;Pregão;000900022026
20262150021130249;12/05/2026 00:00:00;2498605,79;0133812026;21/05/2026 00:00:00;667840,31;202621500211302490001;21/05/2026 00:00:00;667840,31;33903900;OUTROS SERVICOS DE TERCEIROS - PESSOA JURIDICA;01552868000167;SECRETARIA MUNICIPAL DE SAUDE;0,00;SECRETARIA MUNICIPAL DE SAUDE                                                                                                                                                                                                                                ;SAUDE - 10;ASSISTENCIA HOSPITALAR E AMBULATORIAL - 302;TRANSFERENCIA DE RECURSOS DO SISTEMA UNICO DE SAUDE - SUS - BLOCO DE MANUTENCAO DAS ACOES E SERVICOS PUBLICOS DE SAUDE - 107;HOSPITAL SANTA LUCIA LTDA;DESPESA COM CONTRATO NR. 689/2026 PARA A EXECUCAO DE SERVICOS MEDICOS DE ASSISTENCIA A SAUDE AMBULATORIAL(HOSPITALAR) E/OU APOIO DIAGNOSTICO TERAPEUTICOPARA ATENDIMENTO DOS USUARIOS DO SUS                                        REFERENCIA: EXERCICIO DE 2026, VALORES ESTIMADOS, DESPACHO NR. 086/2026-SUPRAC E DE ACORDO COM DECRETO NR. 134/2025                                     .                                                                           VALOR EMPENHADO DE 05/2026 A 07/2026 COM MENSAIS DE:............832.868,93  VALOR TOTAL:..................................................2.498.605,79  .                                                                           64 - TRANSFERENCIAS DE RECURSOS DO SUS - ATENCAO ESPECIALIZADA              SOLICITACAO FINANCEIRA: 178145/2026                                         ;Inexigibilidade de Licitação;000000862026
20262150021130249;12/05/2026 00:00:00;2498605,79;0162612026;24/06/2026 00:00:00;761553,44;202621500211302490002;24/06/2026 00:00:00;761553,44;33903900;OUTROS SERVICOS DE TERCEIROS - PESSOA JURIDICA;01552868000167;SECRETARIA MUNICIPAL DE SAUDE;0,00;SECRETARIA MUNICIPAL DE SAUDE                                                                                                                                                                                                                                ;SAUDE - 10;ASSISTENCIA HOSPITALAR E AMBULATORIAL - 302;TRANSFERENCIA DE RECURSOS DO SISTEMA UNICO DE SAUDE - SUS - BLOCO DE MANUTENCAO DAS ACOES E SERVICOS PUBLICOS DE SAUDE - 107;HOSPITAL SANTA LUCIA LTDA;DESPESA COM CONTRATO NR. 689/2026 PARA A EXECUCAO DE SERVICOS MEDICOS DE ASSISTENCIA A SAUDE AMBULATORIAL(HOSPITALAR) E/OU APOIO DIAGNOSTICO TERAPEUTICOPARA ATENDIMENTO DOS USUARIOS DO SUS                                        REFERENCIA: EXERCICIO DE 2026, VALORES ESTIMADOS, DESPACHO NR. 086/2026-SUPRAC E DE ACORDO COM DECRETO NR. 134/2025                                     .                                                                           VALOR EMPENHADO DE 05/2026 A 07/2026 COM MENSAIS DE:............832.868,93  VALOR TOTAL:..................................................2.498.605,79  .                                                                           64 - TRANSFERENCIAS DE RECURSOS DO SUS - ATENCAO ESPECIALIZADA              SOLICITACAO FINANCEIRA: 178145/2026                                         ;Inexigibilidade de Licitação;000000862026
20262150021130249;12/05/2026 00:00:00;2498605,79;0170772026;29/06/2026 00:00:00;951,60;202621500211302490003;29/06/2026 00:00:00;951,60;33903900;OUTROS SERVICOS DE TERCEIROS - PESSOA JURIDICA;01552868000167;SECRETARIA MUNICIPAL DE SAUDE;0,00;SECRETARIA MUNICIPAL DE SAUDE                                                                                                                                                                                                                                ;SAUDE - 10;ASSISTENCIA HOSPITALAR E AMBULATORIAL - 302;TRANSFERENCIA DE RECURSOS DO SISTEMA UNICO DE SAUDE - SUS - BLOCO DE MANUTENCAO DAS ACOES E SERVICOS PUBLICOS DE SAUDE - 107;HOSPITAL SANTA LUCIA LTDA;DESPESA COM CONTRATO NR. 689/2026 PARA A EXECUCAO DE SERVICOS MEDICOS DE ASSISTENCIA A SAUDE AMBULATORIAL(HOSPITALAR) E/OU APOIO DIAGNOSTICO TERAPEUTICOPARA ATENDIMENTO DOS USUARIOS DO SUS                                        REFERENCIA: EXERCICIO DE 2026, VALORES ESTIMADOS, DESPACHO NR. 086/2026-SUPRAC E DE ACORDO COM DECRETO NR. 134/2025                                     .                                                                           VALOR EMPENHADO DE 05/2026 A 07/2026 COM MENSAIS DE:............832.868,93  VALOR TOTAL:..................................................2.498.605,79  .                                                                           64 - TRANSFERENCIAS DE RECURSOS DO SUS - ATENCAO ESPECIALIZADA              SOLICITACAO FINANCEIRA: 178145/2026                                         ;Inexigibilidade de Licitação;000000862026
20262150021130249;12/05/2026 00:00:00;2498605,79;0182172026;13/07/2026 00:00:00;29600,00;202621500211302490004;14/07/2026 00:00:00;0,00;33903900;OUTROS SERVICOS DE TERCEIROS - PESSOA JURIDICA;01552868000167;SECRETARIA MUNICIPAL DE SAUDE;0,00;SECRETARIA MUNICIPAL DE SAUDE                                                                                                                                                                                                                                ;SAUDE - 10;ASSISTENCIA HOSPITALAR E AMBULATORIAL - 302;TRANSFERENCIA DE RECURSOS DO SISTEMA UNICO DE SAUDE - SUS - BLOCO DE MANUTENCAO DAS ACOES E SERVICOS PUBLICOS DE SAUDE - 107;HOSPITAL SANTA LUCIA LTDA;DESPESA COM CONTRATO NR. 689/2026 PARA A EXECUCAO DE SERVICOS MEDICOS DE ASSISTENCIA A SAUDE AMBULATORIAL(HOSPITALAR) E/OU APOIO DIAGNOSTICO TERAPEUTICOPARA ATENDIMENTO DOS USUARIOS DO SUS                                        REFERENCIA: EXERCICIO DE 2026, VALORES ESTIMADOS, DESPACHO NR. 086/2026-SUPRAC E DE ACORDO COM DECRETO NR. 134/2025                                     .                                                                           VALOR EMPENHADO DE 05/2026 A 07/2026 COM MENSAIS DE:............832.868,93  VALOR TOTAL:..................................................2.498.605,79  .                                                                           64 - TRANSFERENCIAS DE RECURSOS DO SUS - ATENCAO ESPECIALIZADA              SOLICITACAO FINANCEIRA: 178145/2026                                         ;Inexigibilidade de Licitação;000000862026
20262150021130249;12/05/2026 00:00:00;2498605,79;0182172026;13/07/2026 00:00:00;29600,00;202621500211302490005;16/07/2026 00:00:00;0,00;33903900;OUTROS SERVICOS DE TERCEIROS - PESSOA JURIDICA;01552868000167;SECRETARIA MUNICIPAL DE SAUDE;0,00;SECRETARIA MUNICIPAL DE SAUDE                                                                                                                                                                                                                                ;SAUDE - 10;ASSISTENCIA HOSPITALAR E AMBULATORIAL - 302;TRANSFERENCIA DE RECURSOS DO SISTEMA UNICO DE SAUDE - SUS - BLOCO DE MANUTENCAO DAS ACOES E SERVICOS PUBLICOS DE SAUDE - 107;HOSPITAL SANTA LUCIA LTDA;DESPESA COM CONTRATO NR. 689/2026 PARA A EXECUCAO DE SERVICOS MEDICOS DE ASSISTENCIA A SAUDE AMBULATORIAL(HOSPITALAR) E/OU APOIO DIAGNOSTICO TERAPEUTICOPARA ATENDIMENTO DOS USUARIOS DO SUS                                        REFERENCIA: EXERCICIO DE 2026, VALORES ESTIMADOS, DESPACHO NR. 086/2026-SUPRAC E DE ACORDO COM DECRETO NR. 134/2025                                     .                                                                           VALOR EMPENHADO DE 05/2026 A 07/2026 COM MENSAIS DE:............832.868,93  VALOR TOTAL:..................................................2.498.605,79  .                                                                           64 - TRANSFERENCIAS DE RECURSOS DO SUS - ATENCAO ESPECIALIZADA              SOLICITACAO FINANCEIRA: 178145/2026                                         ;Inexigibilidade de Licitação;000000862026
20262150021130249;12/05/2026 00:00:00;2498605,79;0182172026;13/07/2026 00:00:00;29600,00;202621500211302490006;20/07/2026 00:00:00;29600,00;33903900;OUTROS SERVICOS DE TERCEIROS - PESSOA JURIDICA;01552868000167;SECRETARIA MUNICIPAL DE SAUDE;0,00;SECRETARIA MUNICIPAL DE SAUDE                                                                                                                                                                                                                                ;SAUDE - 10;ASSISTENCIA HOSPITALAR E AMBULATORIAL - 302;TRANSFERENCIA DE RECURSOS DO SISTEMA UNICO DE SAUDE - SUS - BLOCO DE MANUTENCAO DAS ACOES E SERVICOS PUBLICOS DE SAUDE - 107;HOSPITAL SANTA LUCIA LTDA;DESPESA COM CONTRATO NR. 689/2026 PARA A EXECUCAO DE SERVICOS MEDICOS DE ASSISTENCIA A SAUDE AMBULATORIAL(HOSPITALAR) E/OU APOIO DIAGNOSTICO TERAPEUTICOPARA ATENDIMENTO DOS USUARIOS DO SUS                                        REFERENCIA: EXERCICIO DE 2026, VALORES ESTIMADOS, DESPACHO NR. 086/2026-SUPRAC E DE ACORDO COM DECRETO NR. 134/2025                                     .                                                                           VALOR EMPENHADO DE 05/2026 A 07/2026 COM MENSAIS DE:............832.868,93  VALOR TOTAL:..................................................2.498.605,79  .                                                                           64 - TRANSFERENCIAS DE RECURSOS DO SUS - ATENCAO ESPECIALIZADA              SOLICITACAO FINANCEIRA: 178145/2026                                         ;Inexigibilidade de Licitação;000000862026
20262150021130252;14/05/2026 00:00:00;349683,81;0128022026;14/05/2026 00:00:00;87420,95;202621500211302520001;14/05/2026 00:00:00;87420,95;33903900;OUTROS SERVICOS DE TERCEIROS - PESSOA JURIDICA;24999864000127;SECRETARIA MUNICIPAL DE SAUDE;0,00;SECRETARIA MUNICIPAL DE SAUDE                                                                                                                                                                                                                                ;SAUDE - 10;ASSISTENCIA HOSPITALAR E AMBULATORIAL - 302;TRANSFERENCIA DE RECURSOS DO SISTEMA UNICO DE SAUDE - SUS - BLOCO DE MANUTENCAO DAS ACOES E SERVICOS PUBLICOS DE SAUDE - 107;CENTRO DE ANALISE CLINICA SAO MARCOS LTDA;DESPESA COM CONTRATO NR. 728/2023 PARA A EXECUCAO DE SERVICOS MEDICOS DE ASSISTENCIA A SAUDE AMBULATORIAL (HOSPITALAR) E/OU APOIO DIAGNOSTICO TERAPEUTICO PARA ATENDIMENTO DOS USUARIOS DO SUS                                      REFERENCIA: COMPETENCIAS 03/2026 A 06/2026, VALORES ESTIMADOS E PAGAMENTOS  ADMINISTRATIVOS/INCENTIVOS (01.2026 A 10.2026)                              .                                                                           VALOR EMPENHADO DE 05/2026 A 07/2026 COM MENSAIS DE:............116.561,27  VALOR TOTAL:....................................................349.683,81  .                                                                           64 - TRANSFERENCIAS DE RECURSOS DO SUS - ATENCAO ESPECIALIZADA              SOLICITACAO FINANCEIRA: 182644/2026                                         ;Inexigibilidade de Licitação;000000052020
20262150021130252;14/05/2026 00:00:00;349683,81;0159132026;19/06/2026 00:00:00;89357,30;202621500211302520002;19/06/2026 00:00:00;89357,30;33903900;OUTROS SERVICOS DE TERCEIROS - PESSOA JURIDICA;24999864000127;SECRETARIA MUNICIPAL DE SAUDE;0,00;SECRETARIA MUNICIPAL DE SAUDE                                                                                                                                                                                                                                ;SAUDE - 10;ASSISTENCIA HOSPITALAR E AMBULATORIAL - 302;TRANSFERENCIA DE RECURSOS DO SISTEMA UNICO DE SAUDE - SUS - BLOCO DE MANUTENCAO DAS ACOES E SERVICOS PUBLICOS DE SAUDE - 107;CENTRO DE ANALISE CLINICA SAO MARCOS LTDA;DESPESA COM CONTRATO NR. 728/2023 PARA A EXECUCAO DE SERVICOS MEDICOS DE ASSISTENCIA A SAUDE AMBULATORIAL (HOSPITALAR) E/OU APOIO DIAGNOSTICO TERAPEUTICO PARA ATENDIMENTO DOS USUARIOS DO SUS                                      REFERENCIA: COMPETENCIAS 03/2026 A 06/2026, VALORES ESTIMADOS E PAGAMENTOS  ADMINISTRATIVOS/INCENTIVOS (01.2026 A 10.2026)                              .                                                                           VALOR EMPENHADO DE 05/2026 A 07/2026 COM MENSAIS DE:............116.561,27  VALOR TOTAL:....................................................349.683,81  .                                                                           64 - TRANSFERENCIAS DE RECURSOS DO SUS - ATENCAO ESPECIALIZADA              SOLICITACAO FINANCEIRA: 182644/2026                                         ;Inexigibilidade de Licitação;000000052020
20262150021130252;14/05/2026 00:00:00;349683,81;0187702026;20/07/2026 00:00:00;91781,64;202621500211302520003;20/07/2026 00:00:00;91781,64;33903900;OUTROS SERVICOS DE TERCEIROS - PESSOA JURIDICA;24999864000127;SECRETARIA MUNICIPAL DE SAUDE;0,00;SECRETARIA MUNICIPAL DE SAUDE                                                                                                                                                                                                                                ;SAUDE - 10;ASSISTENCIA HOSPITALAR E AMBULATORIAL - 302;TRANSFERENCIA DE RECURSOS DO SISTEMA UNICO DE SAUDE - SUS - BLOCO DE MANUTENCAO DAS ACOES E SERVICOS PUBLICOS DE SAUDE - 107;CENTRO DE ANALISE CLINICA SAO MARCOS LTDA;DESPESA COM CONTRATO NR. 728/2023 PARA A EXECUCAO DE SERVICOS MEDICOS DE ASSISTENCIA A SAUDE AMBULATORIAL (HOSPITALAR) E/OU APOIO DIAGNOSTICO TERAPEUTICO PARA ATENDIMENTO DOS USUARIOS DO SUS                                      REFERENCIA: COMPETENCIAS 03/2026 A 06/2026, VALORES ESTIMADOS E PAGAMENTOS  ADMINISTRATIVOS/INCENTIVOS (01.2026 A 10.2026)                              .                                                                           VALOR EMPENHADO DE 05/2026 A 07/2026 COM MENSAIS DE:............116.561,27  VALOR TOTAL:....................................................349.683,81  .                                                                           64 - TRANSFERENCIAS DE RECURSOS DO SUS - ATENCAO ESPECIALIZADA              SOLICITACAO FINANCEIRA: 182644/2026                                         ;Inexigibilidade de Licitação;000000052020
20262150021130253;14/05/2026 00:00:00;93423,87;0128032026;14/05/2026 00:00:00;23355,47;202621500211302530001;14/05/2026 00:00:00;23355,47;33903900;OUTROS SERVICOS DE TERCEIROS - PESSOA JURIDICA;00904475000102;SECRETARIA MUNICIPAL DE SAUDE;0,00;SECRETARIA MUNICIPAL DE SAUDE                                                                                                                                                                                                                                ;SAUDE - 10;ASSISTENCIA HOSPITALAR E AMBULATORIAL - 302;TRANSFERENCIA DE RECURSOS DO SISTEMA UNICO DE SAUDE - SUS - BLOCO DE MANUTENCAO DAS ACOES E SERVICOS PUBLICOS DE SAUDE - 107;LABORATORIO JARDIM DE ANALISES CLINICAS LTDA;DESPESA COM CONTRATO NR. 773/2020 PARA A EXECUCAO DE SERVICOS MEDICOS DE ASSISTENCIA A SAUDE AMBULATORIAL(HOSPITALAR) E/OU APOIO DIAGNOSTICO TERAPEUTICOPARA ATENDIMENTO DOS USUARIOS DO SUS                                        REFERENCIA: COMPETENCIAS 03/2026 A 06/2026, VALORES ESTIMADOS E PAGAMENTOS  ADMINISTRATIVOS/INCENTIVOS (01.2026 A 10.2026)                              .                                                                           VALOR EMPENHADO DE 05/2026 A 07/2026 COM MENSAIS DE:.............31.141,29  VALOR TOTAL:.....................................................93.423,87  .                                                                           64 - TRANSFERENCIAS DE RECURSOS DO SUS - ATENCAO ESPECIALIZADA              SOLICITACAO FINANCEIRA: 182653/2026                                         ;Inexigibilidade de Licitação;000062702020
20262150021130253;14/05/2026 00:00:00;93423,87;0157762026;18/06/2026 00:00:00;25916,29;202621500211302530002;18/06/2026 00:00:00;25916,29;33903900;OUTROS SERVICOS DE TERCEIROS - PESSOA JURIDICA;00904475000102;SECRETARIA MUNICIPAL DE SAUDE;0,00;SECRETARIA MUNICIPAL DE SAUDE                                                                                                                                                                                                                                ;SAUDE - 10;ASSISTENCIA HOSPITALAR E AMBULATORIAL - 302;TRANSFERENCIA DE RECURSOS DO SISTEMA UNICO DE SAUDE - SUS - BLOCO DE MANUTENCAO DAS ACOES E SERVICOS PUBLICOS DE SAUDE - 107;LABORATORIO JARDIM DE ANALISES CLINICAS LTDA;DESPESA COM CONTRATO NR. 773/2020 PARA A EXECUCAO DE SERVICOS MEDICOS DE ASSISTENCIA A SAUDE AMBULATORIAL(HOSPITALAR) E/OU APOIO DIAGNOSTICO TERAPEUTICOPARA ATENDIMENTO DOS USUARIOS DO SUS                                        REFERENCIA: COMPETENCIAS 03/2026 A 06/2026, VALORES ESTIMADOS E PAGAMENTOS  ADMINISTRATIVOS/INCENTIVOS (01.2026 A 10.2026)                              .                                                                           VALOR EMPENHADO DE 05/2026 A 07/2026 COM MENSAIS DE:.............31.141,29  VALOR TOTAL:.....................................................93.423,87  .                                                                           64 - TRANSFERENCIAS DE RECURSOS DO SUS - ATENCAO ESPECIALIZADA              SOLICITACAO FINANCEIRA: 182653/2026                                         ;Inexigibilidade de Licitação;000062702020
20262150021130253;14/05/2026 00:00:00;93423,87;0192912026;23/07/2026 00:00:00;22300,23;202621500211302530003;24/07/2026 00:00:00;22300,23;33903900;OUTROS SERVICOS DE TERCEIROS - PESSOA JURIDICA;00904475000102;SECRETARIA MUNICIPAL DE SAUDE;0,00;SECRETARIA MUNICIPAL DE SAUDE                                                                                                                                                                                                                                ;SAUDE - 10;ASSISTENCIA HOSPITALAR E AMBULATORIAL - 302;TRANSFERENCIA DE RECURSOS DO SISTEMA UNICO DE SAUDE - SUS - BLOCO DE MANUTENCAO DAS ACOES E SERVICOS PUBLICOS DE SAUDE - 107;LABORATORIO JARDIM DE ANALISES CLINICAS LTDA;DESPESA COM CONTRATO NR. 773/2020 PARA A EXECUCAO DE SERVICOS MEDICOS DE ASSISTENCIA A SAUDE AMBULATORIAL(HOSPITALAR) E/OU APOIO DIAGNOSTICO TERAPEUTICOPARA ATENDIMENTO DOS USUARIOS DO SUS                                        REFERENCIA: COMPETENCIAS 03/2026 A 06/2026, VALORES ESTIMADOS E PAGAMENTOS  ADMINISTRATIVOS/INCENTIVOS (01.2026 A 10.2026)                              .                                                                           VALOR EMPENHADO DE 05/2026 A 07/2026 COM MENSAIS DE:.............31.141,29  VALOR TOTAL:.....................................................93.423,87  .                                                                           64 - TRANSFERENCIAS DE RECURSOS DO SUS - ATENCAO ESPECIALIZADA              SOLICITACAO FINANCEIRA: 182653/2026                                         ;Inexigibilidade de Licitação;000062702020
20262150021130254;14/05/2026 00:00:00;150042,39;0128422026;15/05/2026 00:00:00;37510,60;202621500211302540001;15/05/2026 00:00:00;37510,60;33903900;OUTROS SERVICOS DE TERCEIROS - PESSOA JURIDICA;26646109000194;SECRETARIA MUNICIPAL DE SAUDE;0,00;SECRETARIA MUNICIPAL DE SAUDE                                                                                                                                                                                                                                ;SAUDE - 10;ASSISTENCIA HOSPITALAR E AMBULATORIAL - 302;TRANSFERENCIA DE RECURSOS DO SISTEMA UNICO DE SAUDE - SUS - BLOCO DE MANUTENCAO DAS ACOES E SERVICOS PUBLICOS DE SAUDE - 107;LABORCENTER LABORATORIO MEDICO LTDA;DESPESA COM CONTRATO NR. 020/2024 PARA A EXECUCAO DE SERVICOS MEDICOS DE ASSISTENCIA A SAUDE AMBULATORIAL (HOSPITALAR) E/OU APOIO DIAGNOSTICO TERAPEUTICO PARA ATENDIMENTO DOS USUARIOS DO SUS                                      REFERENCIA: COMPETENCIAS 03/2026 A 06/2026, VALORES ESTIMADOS E PAGAMENTOS  ADMINISTRATIVOS/INCENTIVOS (01.2026 A 10.2026)                              .                                                                           VALOR EMPENHADO DE 05/2026 A 07/2026 COM MENSAIS DE:.............50.014,13  VALOR TOTAL:....................................................150.042,39  .                                                                           64 - TRANSFERENCIAS DE RECURSOS DO SUS - ATENCAO ESPECIALIZADA              SOLICITACAO FINANCEIRA: 182762/2026                                         ;Inexigibilidade de Licitação;000000052020
20262150021130254;14/05/2026 00:00:00;150042,39;0161832026;23/06/2026 00:00:00;20386,88;202621500211302540002;24/06/2026 00:00:00;20386,88;33903900;OUTROS SERVICOS DE TERCEIROS - PESSOA JURIDICA;26646109000194;SECRETARIA MUNICIPAL DE SAUDE;0,00;SECRETARIA MUNICIPAL DE SAUDE                                                                                                                                                                                                                                ;SAUDE - 10;ASSISTENCIA HOSPITALAR E AMBULATORIAL - 302;TRANSFERENCIA DE RECURSOS DO SISTEMA UNICO DE SAUDE - SUS - BLOCO DE MANUTENCAO DAS ACOES E SERVICOS PUBLICOS DE SAUDE - 107;LABORCENTER LABORATORIO MEDICO LTDA;DESPESA COM CONTRATO NR. 020/2024 PARA A EXECUCAO DE SERVICOS MEDICOS DE ASSISTENCIA A SAUDE AMBULATORIAL (HOSPITALAR) E/OU APOIO DIAGNOSTICO TERAPEUTICO PARA ATENDIMENTO DOS USUARIOS DO SUS                                      REFERENCIA: COMPETENCIAS 03/2026 A 06/2026, VALORES ESTIMADOS E PAGAMENTOS  ADMINISTRATIVOS/INCENTIVOS (01.2026 A 10.2026)                              .                                                                           VALOR EMPENHADO DE 05/2026 A 07/2026 COM MENSAIS DE:.............50.014,13  VALOR TOTAL:....................................................150.042,39  .                                                                           64 - TRANSFERENCIAS DE RECURSOS DO SUS - ATENCAO ESPECIALIZADA              SOLICITACAO FINANCEIRA: 182762/2026                                         ;Inexigibilidade de Licitação;000000052020
20262150021130254;14/05/2026 00:00:00;150042,39;0172222026;01/07/2026 00:00:00;1024,91;202621500211302540003;02/07/2026 00:00:00;1024,91;33903900;OUTROS SERVICOS DE TERCEIROS - PESSOA JURIDICA;26646109000194;SECRETARIA MUNICIPAL DE SAUDE;0,00;SECRETARIA MUNICIPAL DE SAUDE                                                                                                                                                                                                                                ;SAUDE - 10;ASSISTENCIA HOSPITALAR E AMBULATORIAL - 302;TRANSFERENCIA DE RECURSOS DO SISTEMA UNICO DE SAUDE - SUS - BLOCO DE MANUTENCAO DAS ACOES E SERVICOS PUBLICOS DE SAUDE - 107;LABORCENTER LABORATORIO MEDICO LTDA;DESPESA COM CONTRATO NR. 020/2024 PARA A EXECUCAO DE SERVICOS MEDICOS DE ASSISTENCIA A SAUDE AMBULATORIAL (HOSPITALAR) E/OU APOIO DIAGNOSTICO TERAPEUTICO PARA ATENDIMENTO DOS USUARIOS DO SUS                                      REFERENCIA: COMPETENCIAS 03/2026 A 06/2026, VALORES ESTIMADOS E PAGAMENTOS  ADMINISTRATIVOS/INCENTIVOS (01.2026 A 10.2026)                              .                                                                           VALOR EMPENHADO DE 05/2026 A 07/2026 COM MENSAIS DE:.............50.014,13  VALOR TOTAL:....................................................150.042,39  .                                                                           64 - TRANSFERENCIAS DE RECURSOS DO SUS - ATENCAO ESPECIALIZADA              SOLICITACAO FINANCEIRA: 182762/2026                                         ;Inexigibilidade de Licitação;000000052020
20262150021130254;14/05/2026 00:00:00;150042,39;0186592026;17/07/2026 00:00:00;23132,86;202621500211302540004;20/07/2026 00:00:00;23132,86;33903900;OUTROS SERVICOS DE TERCEIROS - PESSOA JURIDICA;26646109000194;SECRETARIA MUNICIPAL DE SAUDE;0,00;SECRETARIA MUNICIPAL DE SAUDE                                                                                                                                                                                                                                ;SAUDE - 10;ASSISTENCIA HOSPITALAR E AMBULATORIAL - 302;TRANSFERENCIA DE RECURSOS DO SISTEMA UNICO DE SAUDE - SUS - BLOCO DE MANUTENCAO DAS ACOES E SERVICOS PUBLICOS DE SAUDE - 107;LABORCENTER LABORATORIO MEDICO LTDA;DESPESA COM CONTRATO NR. 020/2024 PARA A EXECUCAO DE SERVICOS MEDICOS DE ASSISTENCIA A SAUDE AMBULATORIAL (HOSPITALAR) E/OU APOIO DIAGNOSTICO TERAPEUTICO PARA ATENDIMENTO DOS USUARIOS DO SUS                                      REFERENCIA: COMPETENCIAS 03/2026 A 06/2026, VALORES ESTIMADOS E PAGAMENTOS  ADMINISTRATIVOS/INCENTIVOS (01.2026 A 10.2026)                              .                                                                           VALOR EMPENHADO DE 05/2026 A 07/2026 COM MENSAIS DE:.............50.014,13  VALOR TOTAL:....................................................150.042,39  .                                                                           64 - TRANSFERENCIAS DE RECURSOS DO SUS - ATENCAO ESPECIALIZADA              SOLICITACAO FINANCEIRA: 182762/2026                                         ;Inexigibilidade de Licitação;000000052020
20262150021130256;18/05/2026 00:00:00;430585,50;;;0,00;;;0,00;33903900;OUTROS SERVICOS DE TERCEIROS - PESSOA JURIDICA;11255156000130;SECRETARIA MUNICIPAL DE SAUDE;430585,50;SECRETARIA MUNICIPAL DE SAUDE                                                                                                                                                                                                                                ;SAUDE - 10;ASSISTENCIA HOSPITALAR E AMBULATORIAL - 302;TRANSFERENCIA DE RECURSOS DO SISTEMA UNICO DE SAUDE - SUS - BLOCO DE MANUTENCAO DAS ACOES E SERVICOS PUBLICOS DE SAUDE - 107;BKM COMERCIO E LOCACAO DE EQUIPAMENTOS LTDA;DESPESA COM CONTRATACAO DA PRESTACAO DE SERVICOS DE OUTSOURCING DE IMPRESSO,COMPREENDENDO IMPRESSO, COPIA E DIGITALIZACAO DE DOCUMENTOS, SUPRIMENTOS E  DEMAIS INSUMOS NECESSARIOS A EXECUCAO DO OBJETO                             CONFORME JUSTIFICATIVA PARA A ESCOLHA DO FORNECEDOR, PEDIDO DE COMPRA NR. 270/2026 - FMS, VALORES ESTIMADOS, CONFORME DECRETO 134/2025                  .                                                                           VALOR EMPENHADO DE 05/2026 A 07/2026 COM MENSAIS DE:............143.528,50  VALOR TOTAL:....................................................430.585,50  .                                                                           64 - TRANSFERENCIAS DE RECURSOS DO SUS - ATENCAO ESPECIALIZADA              SOLICITACAO FINANCEIRA: 182664/2026                                         ;Dispensa de Licitação;000000262026
20262150021130258;19/05/2026 00:00:00;1600000,00;0132022026;19/05/2026 00:00:00;320455,14;202621500211302580001;27/05/2026 00:00:00;320455,14;33903900;OUTROS SERVICOS DE TERCEIROS - PESSOA JURIDICA;26921908000121;SECRETARIA MUNICIPAL DE SAUDE;0,00;SECRETARIA MUNICIPAL DE SAUDE                                                                                                                                                                                                                                ;SAUDE - 10;ASSISTENCIA HOSPITALAR E AMBULATORIAL - 302;TRANSFERENCIA DE RECURSOS DO SISTEMA UNICO DE SAUDE - SUS - BLOCO DE MANUTENCAO DAS ACOES E SERVICOS PUBLICOS DE SAUDE - 107;HOSPFAR INDUSTRIA E COMERCIO DE PRODUTOS HOSPITALARES SA;DESPESA COM DO CONTRATO NR 1639/2022 VISANDO O ATENDIMENTO DOS PACIENTES DO SISTEMA DE INFUSAO DE INSULINA - VALOR RELATIVO AO PERÍODO DE ABRIL/2026 A JUNHO/2026, SCC: 634370-3                                                    .                                                                           VALOR EMPENHADO DE 05/2026  COM MENSAL DE:....................1.000.000,00  VALOR EMPENHADO DE 06/2026  COM MENSAL DE:......................600.000,00  VALOR TOTAL:..................................................1.600.000,00  .                                                                           64 - TRANSFERENCIAS DE RECURSOS DO SUS - ATENCAO ESPECIALIZADA              SOLICITACAO FINANCEIRA: 182846/2026                                         ;Pregão;000000412022
20262150021130258;19/05/2026 00:00:00;1600000,00;0175652026;03/07/2026 00:00:00;309773,20;202621500211302580002;03/07/2026 00:00:00;309773,20;33903900;OUTROS SERVICOS DE TERCEIROS - PESSOA JURIDICA;26921908000121;SECRETARIA MUNICIPAL DE SAUDE;0,00;SECRETARIA MUNICIPAL DE SAUDE                                                                                                                                                                                                                                ;SAUDE - 10;ASSISTENCIA HOSPITALAR E AMBULATORIAL - 302;TRANSFERENCIA DE RECURSOS DO SISTEMA UNICO DE SAUDE - SUS - BLOCO DE MANUTENCAO DAS ACOES E SERVICOS PUBLICOS DE SAUDE - 107;HOSPFAR INDUSTRIA E COMERCIO DE PRODUTOS HOSPITALARES SA;DESPESA COM DO CONTRATO NR 1639/2022 VISANDO O ATENDIMENTO DOS PACIENTES DO SISTEMA DE INFUSAO DE INSULINA - VALOR RELATIVO AO PERÍODO DE ABRIL/2026 A JUNHO/2026, SCC: 634370-3                                                    .                                                                           VALOR EMPENHADO DE 05/2026  COM MENSAL DE:....................1.000.000,00  VALOR EMPENHADO DE 06/2026  COM MENSAL DE:......................600.000,00  VALOR TOTAL:..................................................1.600.000,00  .                                                                           64 - TRANSFERENCIAS DE RECURSOS DO SUS - ATENCAO ESPECIALIZADA              SOLICITACAO FINANCEIRA: 182846/2026                                         ;Pregão;000000412022
20262150021130258;19/05/2026 00:00:00;1600000,00;0177162026;07/07/2026 00:00:00;0,00;;;0,00;33903900;OUTROS SERVICOS DE TERCEIROS - PESSOA JURIDICA;26921908000121;SECRETARIA MUNICIPAL DE SAUDE;0,00;SECRETARIA MUNICIPAL DE SAUDE                                                                                                                                                                                                                                ;SAUDE - 10;ASSISTENCIA HOSPITALAR E AMBULATORIAL - 302;TRANSFERENCIA DE RECURSOS DO SISTEMA UNICO DE SAUDE - SUS - BLOCO DE MANUTENCAO DAS ACOES E SERVICOS PUBLICOS DE SAUDE - 107;HOSPFAR INDUSTRIA E COMERCIO DE PRODUTOS HOSPITALARES SA;DESPESA COM DO CONTRATO NR 1639/2022 VISANDO O ATENDIMENTO DOS PACIENTES DO SISTEMA DE INFUSAO DE INSULINA - VALOR RELATIVO AO PERÍODO DE ABRIL/2026 A JUNHO/2026, SCC: 634370-3                                                    .                                                                           VALOR EMPENHADO DE 05/2026  COM MENSAL DE:....................1.000.000,00  VALOR EMPENHADO DE 06/2026  COM MENSAL DE:......................600.000,00  VALOR TOTAL:..................................................1.600.000,00  .                                                                           64 - TRANSFERENCIAS DE RECURSOS DO SUS - ATENCAO ESPECIALIZADA              SOLICITACAO FINANCEIRA: 182846/2026                                         ;Pregão;000000412022
20262150021130258;19/05/2026 00:00:00;1600000,00;0177202026;07/07/2026 00:00:00;514492,88;;;0,00;33903900;OUTROS SERVICOS DE TERCEIROS - PESSOA JURIDICA;26921908000121;SECRETARIA MUNICIPAL DE SAUDE;0,00;SECRETARIA MUNICIPAL DE SAUDE                                                                                                                                                                                                                                ;SAUDE - 10;ASSISTENCIA HOSPITALAR E AMBULATORIAL - 302;TRANSFERENCIA DE RECURSOS DO SISTEMA UNICO DE SAUDE - SUS - BLOCO DE MANUTENCAO DAS ACOES E SERVICOS PUBLICOS DE SAUDE - 107;HOSPFAR INDUSTRIA E COMERCIO DE PRODUTOS HOSPITALARES SA;DESPESA COM DO CONTRATO NR 1639/2022 VISANDO O ATENDIMENTO DOS PACIENTES DO SISTEMA DE INFUSAO DE INSULINA - VALOR RELATIVO AO PERÍODO DE ABRIL/2026 A JUNHO/2026, SCC: 634370-3                                                    .                                                                           VALOR EMPENHADO DE 05/2026  COM MENSAL DE:....................1.000.000,00  VALOR EMPENHADO DE 06/2026  COM MENSAL DE:......................600.000,00  VALOR TOTAL:..................................................1.600.000,00  .                                                                           64 - TRANSFERENCIAS DE RECURSOS DO SUS - ATENCAO ESPECIALIZADA              SOLICITACAO FINANCEIRA: 182846/2026                                         ;Pregão;000000412022
20262150021130259;20/05/2026 00:00:00;1800000,00;0134572026;22/05/2026 00:00:00;825822,06;202621500211302590001;25/05/2026 00:00:00;825822,06;33903900;OUTROS SERVICOS DE TERCEIROS - PESSOA JURIDICA;01543032000104;SECRETARIA MUNICIPAL DE SAUDE;0,00;SECRETARIA MUNICIPAL DE SAUDE                                                                                                                                                                                                                                ;SAUDE - 10;ASSISTENCIA HOSPITALAR E AMBULATORIAL - 302;TRANSFERENCIA DE RECURSOS DO SISTEMA UNICO DE SAUDE - SUS - BLOCO DE MANUTENCAO DAS ACOES E SERVICOS PUBLICOS DE SAUDE - 107;EQUATORIAL GOIAS DISTRIBUIDORA DE ENERGIA SA;DESPESA COM PAGAMENTO DE TARIFAS REFERENTES AO FORNECIMENTO E DISTRIBUICAO DE ENERGIA ELETRICA PARA UNIDADES DE SAUDE DESTA SECRETARIA                  VALOR REFERENTE A ABRIL A JUNHO/2026, SCC: 577716, PEDIDO DE COMPRA 116/2021.                                                                           VALOR EMPENHADO DE 05/2026  COM MENSAL DE:....................1.200.000,00  VALOR EMPENHADO DE 06/2026  COM MENSAL DE:......................600.000,00  VALOR TOTAL:..................................................1.800.000,00  .                                                                           64 - TRANSFERENCIAS DE RECURSOS DO SUS - ATENCAO ESPECIALIZADA              SOLICITACAO FINANCEIRA: 182827/2026                                         ;Pregão;000000202022
20262150021130259;20/05/2026 00:00:00;1800000,00;0134612026;22/05/2026 00:00:00;11645,04;202621500211302590002;25/05/2026 00:00:00;11645,04;33903900;OUTROS SERVICOS DE TERCEIROS - PESSOA JURIDICA;01543032000104;SECRETARIA MUNICIPAL DE SAUDE;0,00;SECRETARIA MUNICIPAL DE SAUDE                                                                                                                                                                                                                                ;SAUDE - 10;ASSISTENCIA HOSPITALAR E AMBULATORIAL - 302;TRANSFERENCIA DE RECURSOS DO SISTEMA UNICO DE SAUDE - SUS - BLOCO DE MANUTENCAO DAS ACOES E SERVICOS PUBLICOS DE SAUDE - 107;EQUATORIAL GOIAS DISTRIBUIDORA DE ENERGIA SA;DESPESA COM PAGAMENTO DE TARIFAS REFERENTES AO FORNECIMENTO E DISTRIBUICAO DE ENERGIA ELETRICA PARA UNIDADES DE SAUDE DESTA SECRETARIA                  VALOR REFERENTE A ABRIL A JUNHO/2026, SCC: 577716, PEDIDO DE COMPRA 116/2021.                                                                           VALOR EMPENHADO DE 05/2026  COM MENSAL DE:....................1.200.000,00  VALOR EMPENHADO DE 06/2026  COM MENSAL DE:......................600.000,00  VALOR TOTAL:..................................................1.800.000,00  .                                                                           64 - TRANSFERENCIAS DE RECURSOS DO SUS - ATENCAO ESPECIALIZADA              SOLICITACAO FINANCEIRA: 182827/2026                                         ;Pregão;000000202022
20262150021130259;20/05/2026 00:00:00;1800000,00;0162072026;24/06/2026 00:00:00;613346,53;202621500211302590004;24/06/2026 00:00:00;613346,53;33903900;OUTROS SERVICOS DE TERCEIROS - PESSOA JURIDICA;01543032000104;SECRETARIA MUNICIPAL DE SAUDE;0,00;SECRETARIA MUNICIPAL DE SAUDE                                                                                                                                                                                                                                ;SAUDE - 10;ASSISTENCIA HOSPITALAR E AMBULATORIAL - 302;TRANSFERENCIA DE RECURSOS DO SISTEMA UNICO DE SAUDE - SUS - BLOCO DE MANUTENCAO DAS ACOES E SERVICOS PUBLICOS DE SAUDE - 107;EQUATORIAL GOIAS DISTRIBUIDORA DE ENERGIA SA;DESPESA COM PAGAMENTO DE TARIFAS REFERENTES AO FORNECIMENTO E DISTRIBUICAO DE ENERGIA ELETRICA PARA UNIDADES DE SAUDE DESTA SECRETARIA                  VALOR REFERENTE A ABRIL A JUNHO/2026, SCC: 577716, PEDIDO DE COMPRA 116/2021.                                                                           VALOR EMPENHADO DE 05/2026  COM MENSAL DE:....................1.200.000,00  VALOR EMPENHADO DE 06/2026  COM MENSAL DE:......................600.000,00  VALOR TOTAL:..................................................1.800.000,00  .                                                                           64 - TRANSFERENCIAS DE RECURSOS DO SUS - ATENCAO ESPECIALIZADA              SOLICITACAO FINANCEIRA: 182827/2026                                         ;Pregão;000000202022
20262150021130259;20/05/2026 00:00:00;1800000,00;0162382026;24/06/2026 00:00:00;10951,75;202621500211302590003;24/06/2026 00:00:00;10951,75;33903900;OUTROS SERVICOS DE TERCEIROS - PESSOA JURIDICA;01543032000104;SECRETARIA MUNICIPAL DE SAUDE;0,00;SECRETARIA MUNICIPAL DE SAUDE                                                                                                                                                                                                                                ;SAUDE - 10;ASSISTENCIA HOSPITALAR E AMBULATORIAL - 302;TRANSFERENCIA DE RECURSOS DO SISTEMA UNICO DE SAUDE - SUS - BLOCO DE MANUTENCAO DAS ACOES E SERVICOS PUBLICOS DE SAUDE - 107;EQUATORIAL GOIAS DISTRIBUIDORA DE ENERGIA SA;DESPESA COM PAGAMENTO DE TARIFAS REFERENTES AO FORNECIMENTO E DISTRIBUICAO DE ENERGIA ELETRICA PARA UNIDADES DE SAUDE DESTA SECRETARIA                  VALOR REFERENTE A ABRIL A JUNHO/2026, SCC: 577716, PEDIDO DE COMPRA 116/2021.                                                                           VALOR EMPENHADO DE 05/2026  COM MENSAL DE:....................1.200.000,00  VALOR EMPENHADO DE 06/2026  COM MENSAL DE:......................600.000,00  VALOR TOTAL:..................................................1.800.000,00  .                                                                           64 - TRANSFERENCIAS DE RECURSOS DO SUS - ATENCAO ESPECIALIZADA              SOLICITACAO FINANCEIRA: 182827/2026                                         ;Pregão;000000202022
20262150021130260;25/05/2026 00:00:00;2550000,00;0136732026;26/05/2026 00:00:00;746632,20;202621500211302600001;02/06/2026 00:00:00;746632,20;33903900;OUTROS SERVICOS DE TERCEIROS - PESSOA JURIDICA;12387543000192;SECRETARIA MUNICIPAL DE SAUDE;0,00;SECRETARIA MUNICIPAL DE SAUDE                                                                                                                                                                                                                                ;SAUDE - 10;ASSISTENCIA HOSPITALAR E AMBULATORIAL - 302;TRANSFERENCIA DE RECURSOS DO SISTEMA UNICO DE SAUDE - SUS - BLOCO DE MANUTENCAO DAS ACOES E SERVICOS PUBLICOS DE SAUDE - 107;TRANSMEDICA UTI MOVEL E ASSISTENCIA MEDICA LTDA;DESPESA COM VII TERMO ADITIVO DO CONTRATO 2096/2021 REFERENTE A PRESTACAO DESERVICOS DE ATENCAO DOMICILIAR DE ALTA COMPLEXIDADE - SAD/AC E DE ASSISTENCIA MEDICA DE PACIENTES DA SMS, VALORES ESTIMADOS DAS COMPETENCIAS DE:ABRIL/2026, MAIO/2026 E JUNHO/2026 - SCC:565491-7, PEDIDO DE COMPRA 275/2025 - SOLI-CITACAO FINANCEIRA 183027 - 2026.                                           .                                                                           VALORES MENSAIS...........MAI-850.000,00....AGO-850.000,00....SET-850.000,00VALOR TOTAL.....................................................2.550.000,00.                                                                           107 - TRANSFERENCIA DE RECURSOS DO SISTEMA UNICO DE SAUDE - SUS - BLOCO DE  MANUTENCAO DAS ACOES E SERVICOS PUBLICOS DE SAUDE                           64 - TRANSFERENCIAS DE RECURSOS DO SUS - ATENCAO ESPECIALIZADA              ;Pregão;000000052021
20262150021130260;25/05/2026 00:00:00;2550000,00;0153382026;12/06/2026 00:00:00;790772,72;202621500211302600002;25/06/2026 00:00:00;790772,72;33903900;OUTROS SERVICOS DE TERCEIROS - PESSOA JURIDICA;12387543000192;SECRETARIA MUNICIPAL DE SAUDE;0,00;SECRETARIA MUNICIPAL DE SAUDE                                                                                                                                                                                                                                ;SAUDE - 10;ASSISTENCIA HOSPITALAR E AMBULATORIAL - 302;TRANSFERENCIA DE RECURSOS DO SISTEMA UNICO DE SAUDE - SUS - BLOCO DE MANUTENCAO DAS ACOES E SERVICOS PUBLICOS DE SAUDE - 107;TRANSMEDICA UTI MOVEL E ASSISTENCIA MEDICA LTDA;DESPESA COM VII TERMO ADITIVO DO CONTRATO 2096/2021 REFERENTE A PRESTACAO DESERVICOS DE ATENCAO DOMICILIAR DE ALTA COMPLEXIDADE - SAD/AC E DE ASSISTENCIA MEDICA DE PACIENTES DA SMS, VALORES ESTIMADOS DAS COMPETENCIAS DE:ABRIL/2026, MAIO/2026 E JUNHO/2026 - SCC:565491-7, PEDIDO DE COMPRA 275/2025 - SOLI-CITACAO FINANCEIRA 183027 - 2026.                                           .                                                                           VALORES MENSAIS...........MAI-850.000,00....AGO-850.000,00....SET-850.000,00VALOR TOTAL.....................................................2.550.000,00.                                                                           107 - TRANSFERENCIA DE RECURSOS DO SISTEMA UNICO DE SAUDE - SUS - BLOCO DE  MANUTENCAO DAS ACOES E SERVICOS PUBLICOS DE SAUDE                           64 - TRANSFERENCIAS DE RECURSOS DO SUS - ATENCAO ESPECIALIZADA              ;Pregão;000000052021
20262150021130260;25/05/2026 00:00:00;2550000,00;0186112026;16/07/2026 00:00:00;719396,56;;;0,00;33903900;OUTROS SERVICOS DE TERCEIROS - PESSOA JURIDICA;12387543000192;SECRETARIA MUNICIPAL DE SAUDE;0,00;SECRETARIA MUNICIPAL DE SAUDE                                                                                                                                                                                                                                ;SAUDE - 10;ASSISTENCIA HOSPITALAR E AMBULATORIAL - 302;TRANSFERENCIA DE RECURSOS DO SISTEMA UNICO DE SAUDE - SUS - BLOCO DE MANUTENCAO DAS ACOES E SERVICOS PUBLICOS DE SAUDE - 107;TRANSMEDICA UTI MOVEL E ASSISTENCIA MEDICA LTDA;DESPESA COM VII TERMO ADITIVO DO CONTRATO 2096/2021 REFERENTE A PRESTACAO DESERVICOS DE ATENCAO DOMICILIAR DE ALTA COMPLEXIDADE - SAD/AC E DE ASSISTENCIA MEDICA DE PACIENTES DA SMS, VALORES ESTIMADOS DAS COMPETENCIAS DE:ABRIL/2026, MAIO/2026 E JUNHO/2026 - SCC:565491-7, PEDIDO DE COMPRA 275/2025 - SOLI-CITACAO FINANCEIRA 183027 - 2026.                                           .                                                                           VALORES MENSAIS...........MAI-850.000,00....AGO-850.000,00....SET-850.000,00VALOR TOTAL.....................................................2.550.000,00.                                                                           107 - TRANSFERENCIA DE RECURSOS DO SISTEMA UNICO DE SAUDE - SUS - BLOCO DE  MANUTENCAO DAS ACOES E SERVICOS PUBLICOS DE SAUDE                           64 - TRANSFERENCIAS DE RECURSOS DO SUS - ATENCAO ESPECIALIZADA              ;Pregão;000000052021
20262150021130261;25/05/2026 00:00:00;15498,24;;;0,00;;;0,00;33903900;OUTROS SERVICOS DE TERCEIROS - PESSOA JURIDICA;33797277000146;SECRETARIA MUNICIPAL DE SAUDE;15498,24;SECRETARIA MUNICIPAL DE SAUDE                                                                                                                                                                                                                                ;SAUDE - 10;ASSISTENCIA HOSPITALAR E AMBULATORIAL - 302;TRANSFERENCIA DE RECURSOS DO SISTEMA UNICO DE SAUDE - SUS - BLOCO DE MANUTENCAO DAS ACOES E SERVICOS PUBLICOS DE SAUDE - 107;MROCHA REALTY LTDA;DESPESA COM 5 ADITIVO AO CONTRATO DE LOCACAO NR 1480/2021 DO IMOVEL ONDE FU NCIONA O CAPS AD CASA - VALORES RELATIVOS A 23/06/2026 A AGOSTO/2026, CONFORME DESPACHO NR 406/2026-GERINF, PEDIDO DE COMPRAS NR 344/2026, SCC: 550125-5.                                                                           VALOR EMPENHADO DE 06/2026  COM MENSAL DE:........................1.823,32  VALOR EMPENHADO DE 07/2026 E 08/2026 COM MENSAIS DE:..............6.837,46  VALOR TOTAL:.....................................................15.498,24  .                                                                           64 - TRANSFERENCIAS DE RECURSOS DO SUS - ATENCAO ESPECIALIZADA              SOLICITACAO FINANCEIRA: 182808/2026                                         ;Dispensa de Licitação;000017952021
20262150021130266;27/05/2026 00:00:00;250731,33;0144142026;29/05/2026 00:00:00;29103,67;202621500211302660001;11/06/2026 00:00:00;29103,67;33903900;OUTROS SERVICOS DE TERCEIROS - PESSOA JURIDICA;35820448002341;SECRETARIA MUNICIPAL DE SAUDE;0,00;SECRETARIA MUNICIPAL DE SAUDE                                                                                                                                                                                                                                ;SAUDE - 10;ASSISTENCIA HOSPITALAR E AMBULATORIAL - 302;TRANSFERENCIA DE RECURSOS DO SISTEMA UNICO DE SAUDE - SUS - BLOCO DE MANUTENCAO DAS ACOES E SERVICOS PUBLICOS DE SAUDE - 107;WHITE MARTINS GASES INDUSTRIAIS LTDA;DESPESA COM CONTRATO Nº085/2023 REFERENTE A PRESTACAO DE SERVICOS DE LOCACAODE CONCENTRADOR, CILINDRO E REGARGA DE OXIGENIO VALORES RELATIVOS A MARCO A MAIO/2026 CONFORME DESPACHO N. 8/2026-GERBNP, SCC:632229, PEDIDO DE COMPRA: 38/2025 (LOCACAO) - SOLICITACAO FINANCEIRA 178911 - 2026.                   .                                                                           VALORES COM MENSAIS...MAR - 83.577,11....ABR - 83.577,11.....MAI - 83.577,11VALOR TOTAL.......................................................250.731,33.                                                                           OBS:REEMPENHO DEVIDO ANULACAO EMPENHO S/REGISTRO DO IDCOLARE/TCM.           .                                                                           64 - TRANSFERENCIAS DE RECURSOS DO SUS - ATENCAO ESPECIALIZADA              ;Pregão;000000262022
20262150021130266;27/05/2026 00:00:00;250731,33;0148572026;08/06/2026 00:00:00;72664,79;202621500211302660002;24/06/2026 00:00:00;72664,79;33903900;OUTROS SERVICOS DE TERCEIROS - PESSOA JURIDICA;35820448002341;SECRETARIA MUNICIPAL DE SAUDE;0,00;SECRETARIA MUNICIPAL DE SAUDE                                                                                                                                                                                                                                ;SAUDE - 10;ASSISTENCIA HOSPITALAR E AMBULATORIAL - 302;TRANSFERENCIA DE RECURSOS DO SISTEMA UNICO DE SAUDE - SUS - BLOCO DE MANUTENCAO DAS ACOES E SERVICOS PUBLICOS DE SAUDE - 107;WHITE MARTINS GASES INDUSTRIAIS LTDA;DESPESA COM CONTRATO Nº085/2023 REFERENTE A PRESTACAO DE SERVICOS DE LOCACAODE CONCENTRADOR, CILINDRO E REGARGA DE OXIGENIO VALORES RELATIVOS A MARCO A MAIO/2026 CONFORME DESPACHO N. 8/2026-GERBNP, SCC:632229, PEDIDO DE COMPRA: 38/2025 (LOCACAO) - SOLICITACAO FINANCEIRA 178911 - 2026.                   .                                                                           VALORES COM MENSAIS...MAR - 83.577,11....ABR - 83.577,11.....MAI - 83.577,11VALOR TOTAL.......................................................250.731,33.                                                                           OBS:REEMPENHO DEVIDO ANULACAO EMPENHO S/REGISTRO DO IDCOLARE/TCM.           .                                                                           64 - TRANSFERENCIAS DE RECURSOS DO SUS - ATENCAO ESPECIALIZADA              ;Pregão;000000262022
20262150021130266;27/05/2026 00:00:00;250731,33;0179752026;08/07/2026 00:00:00;0,00;;;0,00;33903900;OUTROS SERVICOS DE TERCEIROS - PESSOA JURIDICA;35820448002341;SECRETARIA MUNICIPAL DE SAUDE;0,00;SECRETARIA MUNICIPAL DE SAUDE                                                                                                                                                                                                                                ;SAUDE - 10;ASSISTENCIA HOSPITALAR E AMBULATORIAL - 302;TRANSFERENCIA DE RECURSOS DO SISTEMA UNICO DE SAUDE - SUS - BLOCO DE MANUTENCAO DAS ACOES E SERVICOS PUBLICOS DE SAUDE - 107;WHITE MARTINS GASES INDUSTRIAIS LTDA;DESPESA COM CONTRATO Nº085/2023 REFERENTE A PRESTACAO DE SERVICOS DE LOCACAODE CONCENTRADOR, CILINDRO E REGARGA DE OXIGENIO VALORES RELATIVOS A MARCO A MAIO/2026 CONFORME DESPACHO N. 8/2026-GERBNP, SCC:632229, PEDIDO DE COMPRA: 38/2025 (LOCACAO) - SOLICITACAO FINANCEIRA 178911 - 2026.                   .                                                                           VALORES COM MENSAIS...MAR - 83.577,11....ABR - 83.577,11.....MAI - 83.577,11VALOR TOTAL.......................................................250.731,33.                                                                           OBS:REEMPENHO DEVIDO ANULACAO EMPENHO S/REGISTRO DO IDCOLARE/TCM.           .                                                                           64 - TRANSFERENCIAS DE RECURSOS DO SUS - ATENCAO ESPECIALIZADA              ;Pregão;000000262022
20262150021130266;27/05/2026 00:00:00;250731,33;0180532026;09/07/2026 00:00:00;72903,76;;;0,00;33903900;OUTROS SERVICOS DE TERCEIROS - PESSOA JURIDICA;35820448002341;SECRETARIA MUNICIPAL DE SAUDE;0,00;SECRETARIA MUNICIPAL DE SAUDE                                                                                                                                                                                                                                ;SAUDE - 10;ASSISTENCIA HOSPITALAR E AMBULATORIAL - 302;TRANSFERENCIA DE RECURSOS DO SISTEMA UNICO DE SAUDE - SUS - BLOCO DE MANUTENCAO DAS ACOES E SERVICOS PUBLICOS DE SAUDE - 107;WHITE MARTINS GASES INDUSTRIAIS LTDA;DESPESA COM CONTRATO Nº085/2023 REFERENTE A PRESTACAO DE SERVICOS DE LOCACAODE CONCENTRADOR, CILINDRO E REGARGA DE OXIGENIO VALORES RELATIVOS A MARCO A MAIO/2026 CONFORME DESPACHO N. 8/2026-GERBNP, SCC:632229, PEDIDO DE COMPRA: 38/2025 (LOCACAO) - SOLICITACAO FINANCEIRA 178911 - 2026.                   .                                                                           VALORES COM MENSAIS...MAR - 83.577,11....ABR - 83.577,11.....MAI - 83.577,11VALOR TOTAL.......................................................250.731,33.                                                                           OBS:REEMPENHO DEVIDO ANULACAO EMPENHO S/REGISTRO DO IDCOLARE/TCM.           .                                                                           64 - TRANSFERENCIAS DE RECURSOS DO SUS - ATENCAO ESPECIALIZADA              ;Pregão;000000262022
20262150021410012;05/05/2026 00:00:00;1472257,56;0118872026;05/05/2026 00:00:00;1472257,56;202621500214100120001;05/05/2026 00:00:00;1472257,56;33903900;OUTROS SERVICOS DE TERCEIROS - PESSOA JURIDICA;37678845000140;SECRETARIA MUNICIPAL DE SAUDE;0,00;SECRETARIA MUNICIPAL DE SAUDE                                                                                                                                                                                                                                ;SAUDE - 10;ASSISTENCIA HOSPITALAR E AMBULATORIAL - 302;TRANSFERENCIAS DE CONVENIOS - ESTADO/SAUDE - 125;INSTITUTO PATRIS;DESPESA COM TERMO DE COLABORACAO EMERGENCIAL N. 046/2026 ENTRE A SMS E INS- TITUTO PATRIS PARA A GESTAO DO HOSPITAL MATERNIDADE CELIA CAMARA, CONFORME  O GERENCIAMENTO, OPERACIONALIZACAO E EXECUCAO DAS ACOES E SERVICOS DE SAUDE EM REGIME DE 24 HS/DIA, ASSEGURANDO A ASSISTENCIA UNIVERSAL A POPULACAO.    .                                                                           REPASSE ESTADO/FUNDO A FUNDO - PLANO DE FORTALECIMENTO                      .                                                                           VALOR TOTAL REPASSADO:....................................R$ 1.472.257,56   .                                                                           FONTE:  125 - TRANSFERENCIAS DE CONVENIOS - ESTADO/SAUDE                    FONTE DETALHADA:  541 - TRANSFERENCIAS DE CONVENIOS - ESTADO/SAUDE          SOLICITACAO FINANCEIRA NR. 182403-2026 SCC: 814092                          ;Outros (Convênios, ajustes, similares, etc.);000024422026
20262150021410013;05/05/2026 00:00:00;2729738,27;0118772026;05/05/2026 00:00:00;2729738,27;202621500214100130001;05/05/2026 00:00:00;2729738,27;33903900;OUTROS SERVICOS DE TERCEIROS - PESSOA JURIDICA;37678845000140;SECRETARIA MUNICIPAL DE SAUDE;0,00;SECRETARIA MUNICIPAL DE SAUDE                                                                                                                                                                                                                                ;SAUDE - 10;ASSISTENCIA HOSPITALAR E AMBULATORIAL - 302;TRANSFERENCIAS DE CONVENIOS - ESTADO/SAUDE - 125;INSTITUTO PATRIS;DESPESA COM O I TERMO DE COLABORACAO EMERGENCIAL N. 043/2025 ENTRE A SMS E  O INSTITUTO PATRIS NA GESTAO DO HOSPITAL E MATERNIDADE DONA                 IRIS, CONFORME O GERENCIAMENTO, OPERACIONALIZACAO E EXECUCAO DAS ACOES      E SERVICOS DE SAUDE EM REGIME DE 24 HS/DIA, ASSEGURANDO A ASSISTENCIA UNI-  VERSAL A POPULACAO.                                                         .                                                                           VALOR TOTAL DO REPASSE:...................................R$ 2.729.738,27   .                                                                           REPASSE ESTADO/FUNDO A FUNDO, PLANO DE FORTALECIMENTO                       .                                                                           SOLICITACAO FINANCEIRA NR. 182356-2026 E SCC: 783111-1                      .                                                                           FONTE:  125 - TRANSFERENCIAS DE CONVENIOS - ESTADO/SAUDE                    FONTE DETALHADA:  541 - TRANSFERENCIAS DE CONVENIOS - ESTADO/SAUDE          ;Outros (Convênios, ajustes, similares, etc.);000000012025
20262150021710001;14/05/2026 00:00:00;812813,18;0128512026;15/05/2026 00:00:00;812813,18;202621500217100010001;15/05/2026 00:00:00;812813,18;33903900;OUTROS SERVICOS DE TERCEIROS - PESSOA JURIDICA;01585595000157;SECRETARIA MUNICIPAL DE SAUDE;0,00;SECRETARIA MUNICIPAL DE SAUDE                                                                                                                                                                                                                                ;SAUDE - 10;ASSISTENCIA HOSPITALAR E AMBULATORIAL - 302;TRANSFERENCIA DE RECURSOS DO SISTEMA UNICO DE SAUDE - SUS / ESTADOS - 131;ASSOCIACAO DE COMBATE AO CANCER EM GOIAS;DESPESA COM TERMO DE COMPROMISSO NR. 043/2026 PARA A TRANSFERENCIA VOLUNTA  RIA FUNDO A FUNDO, SOLICITADA POR MEIO DO PROGRAMA GOIAS CRESCIMENTO, PARA  DESTINACAO DE RECURSOS AO FUNDO MUNICIPAL DE SAUDE DE GOIANIA               EMENDA PARLAMENTAR ESTADUAL: AMAURI RIBEIRO/DEPUTADO ESTADUAL CONF. OFICIO  NR. 045/2025-ALEGO                                                          .                                                                           VALOR TOTAL:....................................................812.813,18  .                                                                           FONTE:  131 - TRANSFERENCIA DE RECURSOS DO SISTEMA UNICO DE SAUDE - SUS / ESTADOS                                                                       FONTE DETALHADA:  17 - MEDIA ALTA COMPLEXIDADE - MAC                        SOLICITACAO FINANCEIRA NR. 182783-2026 - SCC: 811981                        ;Outros (Convênios, ajustes, similares, etc.);000033592025
20262150024310258;06/05/2026 00:00:00;608877,18;0121532026;06/05/2026 00:00:00;608877,18;202621500243102580002;06/05/2026 00:00:00;601570,66;33909200;DESPESAS DE EXERCICIOS ANTERIORES;00000000000868;SECRETARIA MUNICIPAL DE SAUDE;0,00;SECRETARIA MUNICIPAL DE SAUDE                                                                                                                                                                                                                                ;SAUDE - 10;ASSISTENCIA HOSPITALAR E AMBULATORIAL - 302;TRANSFERENCIA DE RECURSOS DO SISTEMA UNICO DE SAUDE - SUS - BLOCO DE MANUTENCAO DAS ACOES E SERVICOS PUBLICOS DE SAUDE - 107;BANCO DO BRASIL S/A;64 - TRANSFERENCIAS DE RECURSOS DO SUS - ATENCAO ESPECIALIZADA              MANUTENCAO DAS ACOES E SERVICOS PUBLICOS DE SAUDE                           107 - TRANSFERENCIA DE RECURSOS DO SISTEMA UNICO DE SAUDE - SUS - BLOCO DE  .                                                                           VALOR TOTAL:..............................................R$ 608.877,18     .                                                                           OBS:REFERENCIA: COMPETENCIA 10/2025 E 11/2025                               .                                                                           SECRETARIA MUNICIPAL DE SAUDE DE GOIANIA. SOLICITACAO FINANCEIRA: 182213-26 E PESSOA JURIDICA (PJ) DE ACORDO COM VALORES BRUTOS POR PRODUCAO - SGIF DA  DESPESA COM PRESTACAO DE SERVICOS MEDICOS DE TERCEIROS - PESSOA FISICA(PF)  ;Outros (Convênios, ajustes, similares, etc.);000000052020
20262150024310258;06/05/2026 00:00:00;608877,18;0121532026;06/05/2026 00:00:00;608877,18;202621500243102580001;06/05/2026 00:00:00;7306,52;33909200;DESPESAS DE EXERCICIOS ANTERIORES;00000000000868;SECRETARIA MUNICIPAL DE SAUDE;0,00;SECRETARIA MUNICIPAL DE SAUDE                                                                                                                                                                                                                                ;SAUDE - 10;ASSISTENCIA HOSPITALAR E AMBULATORIAL - 302;TRANSFERENCIA DE RECURSOS DO SISTEMA UNICO DE SAUDE - SUS - BLOCO DE MANUTENCAO DAS ACOES E SERVICOS PUBLICOS DE SAUDE - 107;BANCO DO BRASIL S/A;64 - TRANSFERENCIAS DE RECURSOS DO SUS - ATENCAO ESPECIALIZADA              MANUTENCAO DAS ACOES E SERVICOS PUBLICOS DE SAUDE                           107 - TRANSFERENCIA DE RECURSOS DO SISTEMA UNICO DE SAUDE - SUS - BLOCO DE  .                                                                           VALOR TOTAL:..............................................R$ 608.877,18     .                                                                           OBS:REFERENCIA: COMPETENCIA 10/2025 E 11/2025                               .                                                                           SECRETARIA MUNICIPAL DE SAUDE DE GOIANIA. SOLICITACAO FINANCEIRA: 182213-26 E PESSOA JURIDICA (PJ) DE ACORDO COM VALORES BRUTOS POR PRODUCAO - SGIF DA  DESPESA COM PRESTACAO DE SERVICOS MEDICOS DE TERCEIROS - PESSOA FISICA(PF)  ;Outros (Convênios, ajustes, similares, etc.);000000052020
20262150024310259;07/05/2026 00:00:00;2243,60;0143712026;28/05/2026 00:00:00;2243,60;202621500243102590001;02/06/2026 00:00:00;2243,60;33909200;DESPESAS DE EXERCICIOS ANTERIORES;13413977000182;SECRETARIA MUNICIPAL DE SAUDE;0,00;SECRETARIA MUNICIPAL DE SAUDE                                                                                                                                                                                                                                ;SAUDE - 10;ASSISTENCIA HOSPITALAR E AMBULATORIAL - 302;TRANSFERENCIA DE RECURSOS DO SISTEMA UNICO DE SAUDE - SUS - BLOCO DE MANUTENCAO DAS ACOES E SERVICOS PUBLICOS DE SAUDE - 107;CRECIIL COMERCIO FARMA HOSPITALAR LTDA;REEMPENHO DE DESPESA COM AQUISICAO DE INSUMOS MEDICOS-HOSPITALARES ATRAVES DO 5 PEDIDOD FILHO, ATA DE REGISTRO DE PRECOS 092/25, PREGAO ELETRONICO 90005/2025 - PARA PAGAMENTO DA NOTA FISCAL 33.285 (03/11/2025), PEDIDO DE COMPRAS 535/2025, SCC: 789837, TERMO DE ATESTO 9669431 (18/03/2026)                .                                                                           VALOR TOTAL:.......................................................2.243,60 .                                                                           64 - TRANSFERENCIAS DE RECURSOS DO SUS - ATENCAO ESPECIALIZADA              SOLICITACAO FINANCEIRA: 182161/2026                                         ;Pregão;000900052025
20262150024310260;08/05/2026 00:00:00;181045,63;0133792026;21/05/2026 00:00:00;181045,63;;;0,00;33909200;DESPESAS DE EXERCICIOS ANTERIORES;18816867000185;SECRETARIA MUNICIPAL DE SAUDE;0,00;SECRETARIA MUNICIPAL DE SAUDE                                                                                                                                                                                                                                ;SAUDE - 10;ASSISTENCIA HOSPITALAR E AMBULATORIAL - 302;TRANSFERENCIA DE RECURSOS DO SISTEMA UNICO DE SAUDE - SUS - BLOCO DE MANUTENCAO DAS ACOES E SERVICOS PUBLICOS DE SAUDE - 107;DEL SERVICOS ELETROMECANICOS LTDA;DESPESA COM O 8  TERMO ADITIVO DE PRORROGACAO DO PRAZO DE VIGENCIA DO CONTRATO NR 527/2019, VISANDO A CONTINUIDADE NA PRESTACAO DE SERVICOS DE MANUTENCAO PREVENTIVA E CORRETIVA E ENGENHARIA CLINICA.                              OBS.: REFERENCIA: COMPETENCIA 11.2024 - VIGENCIA: 01/12/2023 A 30/11/2024 - CONFORME NOTA FISCAL NR. 3265 - PEDIDO DE COMPRAS Nº 479/2023 - SCC:477223-8.                                                                           VALOR TOTAL:....................................................181.045,63  .                                                                           64 - TRANSFERENCIAS DE RECURSOS DO SUS - ATENCAO ESPECIALIZADA              SOLICITACAO FINANCEIRA: 182478/2026                                         ;Pregão;000000052019
20262150024310261;11/05/2026 00:00:00;94831,50;0124402026;11/05/2026 00:00:00;94831,50;202621500243102610001;12/05/2026 00:00:00;94831,50;33909200;DESPESAS DE EXERCICIOS ANTERIORES;02917870000155;SECRETARIA MUNICIPAL DE SAUDE;0,00;SECRETARIA MUNICIPAL DE SAUDE                                                                                                                                                                                                                                ;SAUDE - 10;ASSISTENCIA HOSPITALAR E AMBULATORIAL - 302;TRANSFERENCIA DE RECURSOS DO SISTEMA UNICO DE SAUDE - SUS - BLOCO DE MANUTENCAO DAS ACOES E SERVICOS PUBLICOS DE SAUDE - 107;ASSOCIACAO DOS DEFICIENTES FISICOS DO ESTADO DE GOIAS;DESPESA COM CONTRATO NR. 1.488/2021 PARA A EXECUCAO DE SERVICOS MEDICOS DE  ASSISTENCIA A SAUDE AMBULATORIAL (HOSPITALAR) E/OU APOIO DIAGNOSTICO        TERAPEUTICO PARA ATENDIMENTO DOS USUARIOS DO SUS - SCC: 550141              REFERENCIA: COMPETENCIA 10/2024, VALOR CORRESPONDENTE A 50%(CINQUENTA PORCENTO) FINAL DA PRODUCAO PEDIDO DE COMPRA NR. 111/2021                         .                                                                           VALOR TOTAL:.....................................................94.831,50  .                                                                           64 - TRANSFERENCIAS DE RECURSOS DO SUS - ATENCAO ESPECIALIZADA              SOLICITACAO FINANCEIRA: 182543/2026                                         ;Inexigibilidade de Licitação;000000052020
20262150024310262;13/05/2026 00:00:00;14948,56;;;0,00;;;0,00;33909200;DESPESAS DE EXERCICIOS ANTERIORES;00904475000102;SECRETARIA MUNICIPAL DE SAUDE;0,00;SECRETARIA MUNICIPAL DE SAUDE                                                                                                                                                                                                                                ;SAUDE - 10;ASSISTENCIA HOSPITALAR E AMBULATORIAL - 302;TRANSFERENCIA DE RECURSOS DO SISTEMA UNICO DE SAUDE - SUS - BLOCO DE MANUTENCAO DAS ACOES E SERVICOS PUBLICOS DE SAUDE - 107;LABORATORIO JARDIM DE ANALISES CLINICAS LTDA;ISTENCIA A SAUDE AMBULATORIAL (HOSPITALAR) E/OU APOIO DIAGNOSTICO TERAPEUTICO PARA ATENDIMENTO DOS USUARIOS DO SUS                                      REFERENCIA: COMPETENCIAS 06/2025 ATE 09/2025 PEDIDO DE COMPRA NR. 051-2021 -SCC:515206                                                                  .                                                                           VALOR TOTAL:....................................................149.448,56  .                                                                           64 - TRANSFERENCIAS DE RECURSOS DO SUS - ATENCAO ESPECIALIZADA              SOLICITACAO FINANCEIRA: 182480/2026                                         DESPESA COM CONTRATO NR. 773/2020 PARA A EXECUCAO DE SERVICOS MEDICOS DE ASS;Inexigibilidade de Licitação;000062702020
20262150024310263;13/05/2026 00:00:00;49265,84;;;0,00;;;0,00;33909200;DESPESAS DE EXERCICIOS ANTERIORES;00904475000102;SECRETARIA MUNICIPAL DE SAUDE;0,00;SECRETARIA MUNICIPAL DE SAUDE                                                                                                                                                                                                                                ;SAUDE - 10;ASSISTENCIA HOSPITALAR E AMBULATORIAL - 302;TRANSFERENCIA DE RECURSOS DO SISTEMA UNICO DE SAUDE - SUS - BLOCO DE MANUTENCAO DAS ACOES E SERVICOS PUBLICOS DE SAUDE - 107;LABORATORIO JARDIM DE ANALISES CLINICAS LTDA;DESPESA COM I TERMO CONTRATO NR. 773/2020 PARA A EXECUCAO DE SERVICOS MEDICOS DE ASSISTENCIA A SAUDE AMBULATORIAL (HOSPITALAR) E/OU APOIO DIAGNOSTICO TERAPEUTICO PARA ATENDIMENTO DOS USUARIOS DO SUS                              REFERENCIA: COMPETENCIAS DE 10/2025 ATE 12/2025 - PEDIDO DE COMPRA NR. 051-2021 - SCC:515206-1                                                          .                                                                           VALOR TOTAL:.....................................................49.265,84  .                                                                           64 - TRANSFERENCIAS DE RECURSOS DO SUS - ATENCAO ESPECIALIZADA              SOLICITACAO FINANCEIRA: 182481/2026                                         ;Inexigibilidade de Licitação;000062702020
20262150024310264;14/05/2026 00:00:00;192202,98;0136072026;25/05/2026 00:00:00;192202,98;;;0,00;33909200;DESPESAS DE EXERCICIOS ANTERIORES;18816867000185;SECRETARIA MUNICIPAL DE SAUDE;0,00;SECRETARIA MUNICIPAL DE SAUDE                                                                                                                                                                                                                                ;SAUDE - 10;ASSISTENCIA HOSPITALAR E AMBULATORIAL - 302;TRANSFERENCIA DE RECURSOS DO SISTEMA UNICO DE SAUDE - SUS - BLOCO DE MANUTENCAO DAS ACOES E SERVICOS PUBLICOS DE SAUDE - 107;DEL SERVICOS ELETROMECANICOS LTDA;DESPESA COM O 8  TERMO ADITIVO DE PRORROGACAO DO PRAZO DE VIGENCIA DO CONTRATO NR 527/2019, VISANDO A CONTINUIDADE NA PRESTACAO DE SERVICOS DE MANUTENCAO PREVENTIVA E CORRETIVA E ENGENHARIA CLINICA                               OBS.: REFERENCIA: COMPETENCIA 10.2024 - VIGÊNCIA: 01/12/2023 A 30/11/2024 - CONFORME NOTA FISCAL NR. 3227 - PEDIDO DE COMPRAS Nº 479/2023 - SCC:477223-8.                                                                           VALOR TOTAL:....................................................192.202,98  .                                                                           64 - TRANSFERENCIAS DE RECURSOS DO SUS - ATENCAO ESPECIALIZADA              SOLICITACAO FINANCEIRA: 182646/2026                                         ;Pregão;000000052019
20262150024310265;28/05/2026 00:00:00;506208,71;0142912026;28/05/2026 00:00:00;0,00;202621500243102650001;28/05/2026 00:00:00;0,00;33909200;DESPESAS DE EXERCICIOS ANTERIORES;00000000000868;SECRETARIA MUNICIPAL DE SAUDE;0,00;SECRETARIA MUNICIPAL DE SAUDE                                                                                                                                                                                                                                ;SAUDE - 10;ASSISTENCIA HOSPITALAR E AMBULATORIAL - 302;TRANSFERENCIA DE RECURSOS DO SISTEMA UNICO DE SAUDE - SUS - BLOCO DE MANUTENCAO DAS ACOES E SERVICOS PUBLICOS DE SAUDE - 107;BANCO DO BRASIL S/A;DESPESA COM PRESTACAO DE SERVICOS MEDICOS DE TERCEIROS - PESSOA FISICA(PF)  E PESSOA JURIDICA (PJ) DE ACORDO COM VALORES BRUTOS POR PRODUCAO - SGIF DA  SECRETARIA MUNICIPAL DE SAUDE DE GOIANIA. SOLICITACAO FINANCEIRA: 183133-26 .                                                                           OBS:REFERENCIA: COMPETENCIAS 01/2025 ATE 12/2025                            .                                                                           VALOR TOTAL:....................................................506.208,71  .                                                                           107 - TRANSFERENCIA DE RECURSOS DO SISTEMA UNICO DE SAUDE - SUS             64 - TRANSFERENCIAS DE RECURSOS DO SUS - ATENCAO ESPECIALIZADA              ;Outros (Convênios, ajustes, similares, etc.);000000052020
20262150024310265;28/05/2026 00:00:00;506208,71;0142912026;28/05/2026 00:00:00;0,00;202621500243102650002;28/05/2026 00:00:00;0,00;33909200;DESPESAS DE EXERCICIOS ANTERIORES;00000000000868;SECRETARIA MUNICIPAL DE SAUDE;0,00;SECRETARIA MUNICIPAL DE SAUDE                                                                                                                                                                                                                                ;SAUDE - 10;ASSISTENCIA HOSPITALAR E AMBULATORIAL - 302;TRANSFERENCIA DE RECURSOS DO SISTEMA UNICO DE SAUDE - SUS - BLOCO DE MANUTENCAO DAS ACOES E SERVICOS PUBLICOS DE SAUDE - 107;BANCO DO BRASIL S/A;DESPESA COM PRESTACAO DE SERVICOS MEDICOS DE TERCEIROS - PESSOA FISICA(PF)  E PESSOA JURIDICA (PJ) DE ACORDO COM VALORES BRUTOS POR PRODUCAO - SGIF DA  SECRETARIA MUNICIPAL DE SAUDE DE GOIANIA. SOLICITACAO FINANCEIRA: 183133-26 .                                                                           OBS:REFERENCIA: COMPETENCIAS 01/2025 ATE 12/2025                            .                                                                           VALOR TOTAL:....................................................506.208,71  .                                                                           107 - TRANSFERENCIA DE RECURSOS DO SISTEMA UNICO DE SAUDE - SUS             64 - TRANSFERENCIAS DE RECURSOS DO SUS - ATENCAO ESPECIALIZADA              ;Outros (Convênios, ajustes, similares, etc.);000000052020
20262150024310265;28/05/2026 00:00:00;506208,71;0143122026;28/05/2026 00:00:00;12262,84;202621500243102650003;28/05/2026 00:00:00;974,20;33909200;DESPESAS DE EXERCICIOS ANTERIORES;00000000000868;SECRETARIA MUNICIPAL DE SAUDE;0,00;SECRETARIA MUNICIPAL DE SAUDE                                                                                                                                                                                                                                ;SAUDE - 10;ASSISTENCIA HOSPITALAR E AMBULATORIAL - 302;TRANSFERENCIA DE RECURSOS DO SISTEMA UNICO DE SAUDE - SUS - BLOCO DE MANUTENCAO DAS ACOES E SERVICOS PUBLICOS DE SAUDE - 107;BANCO DO BRASIL S/A;DESPESA COM PRESTACAO DE SERVICOS MEDICOS DE TERCEIROS - PESSOA FISICA(PF)  E PESSOA JURIDICA (PJ) DE ACORDO COM VALORES BRUTOS POR PRODUCAO - SGIF DA  SECRETARIA MUNICIPAL DE SAUDE DE GOIANIA. SOLICITACAO FINANCEIRA: 183133-26 .                                                                           OBS:REFERENCIA: COMPETENCIAS 01/2025 ATE 12/2025                            .                                                                           VALOR TOTAL:....................................................506.208,71  .                                                                           107 - TRANSFERENCIA DE RECURSOS DO SISTEMA UNICO DE SAUDE - SUS             64 - TRANSFERENCIAS DE RECURSOS DO SUS - ATENCAO ESPECIALIZADA              ;Outros (Convênios, ajustes, similares, etc.);000000052020
20262150024310265;28/05/2026 00:00:00;506208,71;0143122026;28/05/2026 00:00:00;12262,84;202621500243102650004;28/05/2026 00:00:00;11288,64;33909200;DESPESAS DE EXERCICIOS ANTERIORES;00000000000868;SECRETARIA MUNICIPAL DE SAUDE;0,00;SECRETARIA MUNICIPAL DE SAUDE                                                                                                                                                                                                                                ;SAUDE - 10;ASSISTENCIA HOSPITALAR E AMBULATORIAL - 302;TRANSFERENCIA DE RECURSOS DO SISTEMA UNICO DE SAUDE - SUS - BLOCO DE MANUTENCAO DAS ACOES E SERVICOS PUBLICOS DE SAUDE - 107;BANCO DO BRASIL S/A;DESPESA COM PRESTACAO DE SERVICOS MEDICOS DE TERCEIROS - PESSOA FISICA(PF)  E PESSOA JURIDICA (PJ) DE ACORDO COM VALORES BRUTOS POR PRODUCAO - SGIF DA  SECRETARIA MUNICIPAL DE SAUDE DE GOIANIA. SOLICITACAO FINANCEIRA: 183133-26 .                                                                           OBS:REFERENCIA: COMPETENCIAS 01/2025 ATE 12/2025                            .                                                                           VALOR TOTAL:....................................................506.208,71  .                                                                           107 - TRANSFERENCIA DE RECURSOS DO SISTEMA UNICO DE SAUDE - SUS             64 - TRANSFERENCIAS DE RECURSOS DO SUS - ATENCAO ESPECIALIZADA              ;Outros (Convênios, ajustes, similares, etc.);000000052020
20262150024310265;28/05/2026 00:00:00;506208,71;0171482026;30/06/2026 00:00:00;493945,87;;;0,00;33909200;DESPESAS DE EXERCICIOS ANTERIORES;00000000000868;SECRETARIA MUNICIPAL DE SAUDE;0,00;SECRETARIA MUNICIPAL DE SAUDE                                                                                                                                                                                                                                ;SAUDE - 10;ASSISTENCIA HOSPITALAR E AMBULATORIAL - 302;TRANSFERENCIA DE RECURSOS DO SISTEMA UNICO DE SAUDE - SUS - BLOCO DE MANUTENCAO DAS ACOES E SERVICOS PUBLICOS DE SAUDE - 107;BANCO DO BRASIL S/A;DESPESA COM PRESTACAO DE SERVICOS MEDICOS DE TERCEIROS - PESSOA FISICA(PF)  E PESSOA JURIDICA (PJ) DE ACORDO COM VALORES BRUTOS POR PRODUCAO - SGIF DA  SECRETARIA MUNICIPAL DE SAUDE DE GOIANIA. SOLICITACAO FINANCEIRA: 183133-26 .                                                                           OBS:REFERENCIA: COMPETENCIAS 01/2025 ATE 12/2025                            .                                                                           VALOR TOTAL:....................................................506.208,71  .                                                                           107 - TRANSFERENCIA DE RECURSOS DO SISTEMA UNICO DE SAUDE - SUS             64 - TRANSFERENCIAS DE RECURSOS DO SUS - ATENCAO ESPECIALIZADA              ;Outros (Convênios, ajustes, similares, etc.);000000052020
20262150024310266;29/05/2026 00:00:00;560400,98;0144712026;01/06/2026 00:00:00;280200,49;202621500243102660001;01/06/2026 00:00:00;280200,49;33909200;DESPESAS DE EXERCICIOS ANTERIORES;00555766000132;SECRETARIA MUNICIPAL DE SAUDE;0,00;SECRETARIA MUNICIPAL DE SAUDE                                                                                                                                                                                                                                ;SAUDE - 10;ASSISTENCIA HOSPITALAR E AMBULATORIAL - 302;TRANSFERENCIA DE RECURSOS DO SISTEMA UNICO DE SAUDE - SUS - BLOCO DE MANUTENCAO DAS ACOES E SERVICOS PUBLICOS DE SAUDE - 107;NEW LINE SISTEMAS DE SEGURANCA LTDA;DESPESA COM II TERMO ADITIVO DO CONTRATO N.2305/2021 REFERENTE A PRESTACAO  DE SERVICOS DE MONITORAMENTO E DE SEGURANCA ELETRONICA INTEGRADA E MANUTEN- CAO EM PREDIOS E ESPACOS PUBLICOS DA SMS - ACORDO REF.:COMPETENCIAS: 09/2024A 12/2024,CONFORME OFICIO 04/2026-NEWLINE, ACORDO REFERENTE AO PASSIVO DE 2024 - CONT.NR.2305/2021 - DESCONTO DE 40% DO VALOR DA DIVIDA. SCC569845-2.   SOLICITACAO FINANCEIRA 183212 - 2026.                                       .                                                                           .                                                                           VALOR TOTAL.......................................................560.400,98.                                                                           64 - TRANSFERENCIAS DE RECURSOS DO SUS - ATENCAO ESPECIALIZADA              ;Pregão;000000802020
20262150024310266;29/05/2026 00:00:00;560400,98;0144722026;01/06/2026 00:00:00;280200,49;202621500243102660002;01/06/2026 00:00:00;280200,49;33909200;DESPESAS DE EXERCICIOS ANTERIORES;00555766000132;SECRETARIA MUNICIPAL DE SAUDE;0,00;SECRETARIA MUNICIPAL DE SAUDE                                                                                                                                                                                                                                ;SAUDE - 10;ASSISTENCIA HOSPITALAR E AMBULATORIAL - 302;TRANSFERENCIA DE RECURSOS DO SISTEMA UNICO DE SAUDE - SUS - BLOCO DE MANUTENCAO DAS ACOES E SERVICOS PUBLICOS DE SAUDE - 107;NEW LINE SISTEMAS DE SEGURANCA LTDA;DESPESA COM II TERMO ADITIVO DO CONTRATO N.2305/2021 REFERENTE A PRESTACAO  DE SERVICOS DE MONITORAMENTO E DE SEGURANCA ELETRONICA INTEGRADA E MANUTEN- CAO EM PREDIOS E ESPACOS PUBLICOS DA SMS - ACORDO REF.:COMPETENCIAS: 09/2024A 12/2024,CONFORME OFICIO 04/2026-NEWLINE, ACORDO REFERENTE AO PASSIVO DE 2024 - CONT.NR.2305/2021 - DESCONTO DE 40% DO VALOR DA DIVIDA. SCC569845-2.   SOLICITACAO FINANCEIRA 183212 - 2026.                                       .                                                                           .                                                                           VALOR TOTAL.......................................................560.400,98.                                                                           64 - TRANSFERENCIAS DE RECURSOS DO SUS - ATENCAO ESPECIALIZADA              ;Pregão;000000802020
20262150025810056;05/05/2026 00:00:00;416540,12;;;0,00;;;0,00;33909300;INDENIZACOES E RESTITUICOES;02043906000119;SECRETARIA MUNICIPAL DE SAUDE;0,00;SECRETARIA MUNICIPAL DE SAUDE                                                                                                                                                                                                                                ;SAUDE - 10;ASSISTENCIA HOSPITALAR E AMBULATORIAL - 302;TRANSFERENCIA DE RECURSOS DO SISTEMA UNICO DE SAUDE - SUS - BLOCO DE MANUTENCAO DAS ACOES E SERVICOS PUBLICOS DE SAUDE - 107;RENALCLINICA CLINICA DE NEFROLOGIA LTDA;DESPESA COM TERMO DE PAGAMENTO - INDENIZACAO DA EXECUCAO DE SERVICOS MEDICOSDE ASSISTENCIA A SAUDE AMBULATORIAL (HOSPITALAR) E/OU APOIO DIAGNOSTICO TERAPEUTICO PARA ATENDIMENTO DOS USUARIOS DO SUS - COMPETENCIA 10/2024, CONFORMEDESPACHO NR. 506/2026                                                       .                                                                           VALOR TOTAL:....................................................416.540,12  .                                                                           64 - TRANSFERENCIAS DE RECURSOS DO SUS - ATENCAO ESPECIALIZADA              SOLICITACAO FINANCEIRA: 182337/2026                                         ;Não se aplica (Ex.: Despesas com Pessoal);000000000000
20262150025810057;05/05/2026 00:00:00;2457746,71;;;0,00;;;0,00;33909300;INDENIZACOES E RESTITUICOES;01552868000167;SECRETARIA MUNICIPAL DE SAUDE;0,00;SECRETARIA MUNICIPAL DE SAUDE                                                                                                                                                                                                                                ;SAUDE - 10;ASSISTENCIA HOSPITALAR E AMBULATORIAL - 302;TRANSFERENCIA DE RECURSOS DO SISTEMA UNICO DE SAUDE - SUS - BLOCO DE MANUTENCAO DAS ACOES E SERVICOS PUBLICOS DE SAUDE - 107;HOSPITAL SANTA LUCIA LTDA;DESPESA COM TERMO DE PAGAMENTO - INDENIZACAO DA EXECUCAO DE SERVICOS MEDICOSDE ASSISTENCIA A SAUDE AMBULATORIAL(HOSPITALAR) E/OU APOIO DIAGNOSTICO TERAPEUTICO PARA ATENDIMENTO DOS USUARIOS DO SUS                                 REFERENCIAS: COMPETENCIAS 12/2025 ATÉ 02/2026, CONFORME DESPACHO NR. 474/2026-SUPRAC, SOLICITAÇÃO RETIFICADA                                            .                                                                           VALOR EMPENHADO DE 06/2026  COM MENSAL DE:......................955.755,77  VALOR EMPENHADO DE 07/2026  COM MENSAL DE:......................783.535,78  VALOR EMPENHADO DE 09/2026  COM MENSAL DE:......................718.455,16  VALOR TOTAL:..................................................2.457.746,71  .                                                                           64 - TRANSFERENCIAS DE RECURSOS DO SUS - ATENCAO ESPECIALIZADA              SOLICITACAO FINANCEIRA: 182166/2026                                         ;Não se aplica (Ex.: Despesas com Pessoal);000000000000
20262150025810058;06/05/2026 00:00:00;525198,74;;;0,00;;;0,00;33909300;INDENIZACOES E RESTITUICOES;00602238000197;SECRETARIA MUNICIPAL DE SAUDE;0,00;SECRETARIA MUNICIPAL DE SAUDE                                                                                                                                                                                                                                ;SAUDE - 10;ASSISTENCIA HOSPITALAR E AMBULATORIAL - 302;TRANSFERENCIA DE RECURSOS DO SISTEMA UNICO DE SAUDE - SUS - BLOCO DE MANUTENCAO DAS ACOES E SERVICOS PUBLICOS DE SAUDE - 107;DAVITA SERVICOS DE NEFROLOGIA BUENO LTDA;DESPESA COM TERMO DE PAGAMENTO - INDENIZACAO DA EXECUCAO DE SERVICOS MEDICOSDE ASSISTENCIA A SAUDE AMBULATORIAL (HOSPITALAR) E/OU APOIO DIAGNOSTICO TERAPEUTICO PARA ATENDIMENTO DOS USUARIOS DO SUS                                REFERENCIA: COMPETENCIA 09/2025, CONFORME DESPACHO NR. 520/2026-SUPRAC      .                                                                           VALOR TOTAL:....................................................525.198,74  .                                                                           64 - TRANSFERENCIAS DE RECURSOS DO SUS - ATENCAO ESPECIALIZADA              SOLICITACAO FINANCEIRA: 182447/2026                                         ;Não se aplica (Ex.: Despesas com Pessoal);000000000000
20262150025810059;06/05/2026 00:00:00;613,65;;;0,00;;;0,00;33909300;INDENIZACOES E RESTITUICOES;03692316000180;SECRETARIA MUNICIPAL DE SAUDE;0,00;SECRETARIA MUNICIPAL DE SAUDE                                                                                                                                                                                                                                ;SAUDE - 10;ASSISTENCIA HOSPITALAR E AMBULATORIAL - 302;TRANSFERENCIA DE RECURSOS DO SISTEMA UNICO DE SAUDE - SUS - BLOCO DE MANUTENCAO DAS ACOES E SERVICOS PUBLICOS DE SAUDE - 107;LABORATORIO CITOCLINICO LTDA E OUTROS;DESPESA COM TERMO DE PAGAMENTO - INDENIZACAO DA EXECUCAO DE SERVICOS MEDICOSDE ASSISTENCIA A SAUDE AMBULATORIAL (HOSPITALAR) E/OU APOIO DIAGNOSTICO TERAPEUTICO PARA ATENDIMENTO DOS USUARIOS DO SUS                                REFERENCIA: COMPETENCIA 01/2026, CONFORME DESPACHO NR. 526/2026-SUPRAC      .                                                                           VALOR TOTAL:........................................................613,65  .                                                                           64 - TRANSFERENCIAS DE RECURSOS DO SUS - ATENCAO ESPECIALIZADA              SOLICITACAO FINANCEIRA: 182446/2026                                         ;Não se aplica (Ex.: Despesas com Pessoal);000000000000
20262150025810060;07/05/2026 00:00:00;107335,23;0154022026;15/06/2026 00:00:00;107335,23;202621500258100600001;08/07/2026 00:00:00;107335,23;33909300;INDENIZACOES E RESTITUICOES;22208295000129;SECRETARIA MUNICIPAL DE SAUDE;0,00;SECRETARIA MUNICIPAL DE SAUDE                                                                                                                                                                                                                                ;SAUDE - 10;ASSISTENCIA HOSPITALAR E AMBULATORIAL - 302;TRANSFERENCIA DE RECURSOS DO SISTEMA UNICO DE SAUDE - SUS - BLOCO DE MANUTENCAO DAS ACOES E SERVICOS PUBLICOS DE SAUDE - 107;CHROME TECNOLOGIA COMERCIO IMPORTACAO E EXPORTACAO EIRELI;DESPESA COM TERMO DE PAGAMENTO - INDENIZACAO DOS SERVIÇOS DE RAIO/X COM FORNECIMENTO DE SOLUCAO TECNOLOGICA, LOCACAO DE EQUIPAMENTOS, ASSISTENCIA TECNICA E MONITORAMENTO E PROTECAO RADIOLOGICA                                    CONFORME DESPACHO NR. 270/2026-SMS/GERADI, NOTA FISCAL NR. 447, COMPETENCIA 02/2026                                                                     .                                                                           VALOR TOTAL:....................................................107.335,23  .                                                                           64 - TRANSFERENCIAS DE RECURSOS DO SUS - ATENCAO ESPECIALIZADA              SOLICITACAO FINANCEIRA: 182440/2026                                         ;Não se aplica (Ex.: Despesas com Pessoal);000000000000
20262150025810061;07/05/2026 00:00:00;186319,23;0158652026;19/06/2026 00:00:00;186319,23;202621500258100610001;19/06/2026 00:00:00;186319,23;33909300;INDENIZACOES E RESTITUICOES;18816867000185;SECRETARIA MUNICIPAL DE SAUDE;0,00;SECRETARIA MUNICIPAL DE SAUDE                                                                                                                                                                                                                                ;SAUDE - 10;ASSISTENCIA HOSPITALAR E AMBULATORIAL - 302;TRANSFERENCIA DE RECURSOS DO SISTEMA UNICO DE SAUDE - SUS - BLOCO DE MANUTENCAO DAS ACOES E SERVICOS PUBLICOS DE SAUDE - 107;DEL SERVICOS ELETROMECANICOS LTDA;DESPESA COM TERMO DE PAGAMENTO - INDENIZACAO DA PRESTACAO DE SERVIÇOS DE ENGENHARIA CLINICA COM A UTILIZACAO DE SOFTWARE DE GESTAO INCLUINDO SERVICOS DEASSISTENCIA TECNICA, MANUTENCAO CORRETIVA E OUTROS SERVIÇOS, CONFORME DESPACHO NR. 255/2026-SMS/GERADI, NOTA FISCAL NR. 3708, DO MES DE MARÇO/2026      .                                                                           VALOR TOTAL:....................................................186.319,23  .                                                                           64 - TRANSFERENCIAS DE RECURSOS DO SUS - ATENCAO ESPECIALIZADA              SOLICITACAO FINANCEIRA: 182441/2026                                         ;Não se aplica (Ex.: Despesas com Pessoal);000000000000
20262150025810062;08/05/2026 00:00:00;696,29;;;0,00;;;0,00;33909300;INDENIZACOES E RESTITUICOES;03692316000180;SECRETARIA MUNICIPAL DE SAUDE;0,00;SECRETARIA MUNICIPAL DE SAUDE                                                                                                                                                                                                                                ;SAUDE - 10;ASSISTENCIA HOSPITALAR E AMBULATORIAL - 302;TRANSFERENCIA DE RECURSOS DO SISTEMA UNICO DE SAUDE - SUS - BLOCO DE MANUTENCAO DAS ACOES E SERVICOS PUBLICOS DE SAUDE - 107;LABORATORIO CITOCLINICO LTDA E OUTROS;DESPESA COM TERMO DE PAGAMENTO - INDENIZACAO DA EXECUCAO DE SERVICOS MEDICOSDE ASSISTENCIA A SAUDE AMBULATORIAL (HOSPITALAR) E/OU APOIO DIAGNOSTICO TERAPEUTICO PARA ATENDIMENTO DOS USUARIOS DO SUS                                COMPETENCIA 12/2025, CONFORME SOLICITADO NO DESPACHO NR. 529/2026-SUPRAC    .                                                                           VALOR TOTAL:........................................................696,29  .                                                                           64 - TRANSFERENCIAS DE RECURSOS DO SUS - ATENCAO ESPECIALIZADA              SOLICITACAO FINANCEIRA: 182478/2026                                         ;Não se aplica (Ex.: Despesas com Pessoal);000000000000
20262150025810063;08/05/2026 00:00:00;6926,40;0127562026;13/05/2026 00:00:00;0,00;;;0,00;33909300;INDENIZACOES E RESTITUICOES;00740696000192;SECRETARIA MUNICIPAL DE SAUDE;6926,40;SECRETARIA MUNICIPAL DE SAUDE                                                                                                                                                                                                                                ;SAUDE - 10;ASSISTENCIA HOSPITALAR E AMBULATORIAL - 302;TRANSFERENCIA DE RECURSOS DO SISTEMA UNICO DE SAUDE - SUS - BLOCO DE MANUTENCAO DAS ACOES E SERVICOS PUBLICOS DE SAUDE - 107;PMH  PRODUTOS MEDICOS HOSPITALARES LTDA;DESPESA COM TERMO DE PAGAMENTO - INDENIZACAO DA PRESTACAO DE SERVICOS DE EXAMES LABORATORIAIS DE HEMATOLOGIA E EAS, TENDO EM VISTA O ENCERRAMENTO DO CONTRATO NR. 506/2018                                                          CONF. DESPACHO NR. 731/2024 E TERMO DE ATESTO(5706923) - SMS/GERADI, REF. PERIODO DE 28/09/2024 A 30/09/2024                                            .                                                                           VALOR TOTAL:......................................................6.926,40  .                                                                           64 - TRANSFERENCIAS DE RECURSOS DO SUS - ATENCAO ESPECIALIZADA              SOLICITACAO FINANCEIRA: 181791/2026                                         ;Não se aplica (Ex.: Despesas com Pessoal);000000000000
20262150025810064;13/05/2026 00:00:00;198085,11;;;0,00;;;0,00;33909300;INDENIZACOES E RESTITUICOES;00136446000148;SECRETARIA MUNICIPAL DE SAUDE;0,00;SECRETARIA MUNICIPAL DE SAUDE                                                                                                                                                                                                                                ;SAUDE - 10;ASSISTENCIA HOSPITALAR E AMBULATORIAL - 302;TRANSFERENCIA DE RECURSOS DO SISTEMA UNICO DE SAUDE - SUS - BLOCO DE MANUTENCAO DAS ACOES E SERVICOS PUBLICOS DE SAUDE - 107;NEFROCLINICA CLINICA DE DOENCAS RENAIS LTDA;VALOR TOTAL:....................................................198.085,11  .                                                                           64 - TRANSFERENCIAS DE RECURSOS DO SUS - ATENCAO ESPECIALIZADA              SOLICITACAO FINANCEIRA: 182633/2026                                         .                                                                           REFERENCIA: COMPETENCIA 02/2026, SGIF, CONFORME DESPACHO NR. 548/2026-SUPRACPEUTICO PARA ATENDIMENTO DOS USUARIOS DO SUS                                DE ASSISTENCIA A SAUDE AMBULATORIAL (HOSPITALAR) E/OU APOIO DIAGNOSTICO TERADESPESA COM TERMO DE PAGAMENTO - INDENIZACAO DA EXECUCAO DE SERVICOS MEDICOS;Não se aplica (Ex.: Despesas com Pessoal);000000000000
20262150025810065;14/05/2026 00:00:00;9354,21;;;0,00;;;0,00;33909300;INDENIZACOES E RESTITUICOES;03692316000180;SECRETARIA MUNICIPAL DE SAUDE;0,00;SECRETARIA MUNICIPAL DE SAUDE                                                                                                                                                                                                                                ;SAUDE - 10;ASSISTENCIA HOSPITALAR E AMBULATORIAL - 302;TRANSFERENCIA DE RECURSOS DO SISTEMA UNICO DE SAUDE - SUS - BLOCO DE MANUTENCAO DAS ACOES E SERVICOS PUBLICOS DE SAUDE - 107;LABORATORIO CITOCLINICO LTDA E OUTROS;DESPESA COM TERMO DE PAGAMENTO - INDENIZACAO DA EXECUCAO DE SERVICOS MEDICOSDE ASSISTENCIA A SAUDE AMBULATORIAL (HOSPITALAR) E/OU APOIO DIAGNOSTICO TERAPEUTICO PARA ATENDIMENTO DOS USUARIOS DO SUS                                REFERENCIA: COMPETENCIA 02/2026, CONFORME DESPACHO NR. 562/2026-SUPRAC      .                                                                           VALOR TOTAL:......................................................9.354,21  .                                                                           64 - TRANSFERENCIAS DE RECURSOS DO SUS - ATENCAO ESPECIALIZADA              SOLICITACAO FINANCEIRA: 182761/2026                                         ;Não se aplica (Ex.: Despesas com Pessoal);000000000000
20262150025810066;14/05/2026 00:00:00;22592,68;0190112026;21/07/2026 00:00:00;22592,68;202621500258100660001;22/07/2026 00:00:00;22592,68;33909300;INDENIZACOES E RESTITUICOES;02043906000119;SECRETARIA MUNICIPAL DE SAUDE;0,00;SECRETARIA MUNICIPAL DE SAUDE                                                                                                                                                                                                                                ;SAUDE - 10;ASSISTENCIA HOSPITALAR E AMBULATORIAL - 302;TRANSFERENCIA DE RECURSOS DO SISTEMA UNICO DE SAUDE - SUS - BLOCO DE MANUTENCAO DAS ACOES E SERVICOS PUBLICOS DE SAUDE - 107;RENALCLINICA CLINICA DE NEFROLOGIA LTDA;DESPESA COM TERMO DE PAGAMENTO - INDENIZACAO DA EXECUCAO DE SERVICOS MEDICOSDE ASSISTENCIA A SAUDE AMBULATORIAL (HOSPITALAR) E/OU APOIO DIAGNOSTICO TERAPEUTICO PARA ATENDIMENTO DOS USUARIOS DO SUS                                REFERENCIA: COMPETENCIA 02/2026, CONFORME DESPACHO NR. 563/2026-SUPRAC      .                                                                           VALOR TOTAL:.....................................................22.592,68  .                                                                           64 - TRANSFERENCIAS DE RECURSOS DO SUS - ATENCAO ESPECIALIZADA              SOLICITACAO FINANCEIRA: 182760/2026                                         ;Não se aplica (Ex.: Despesas com Pessoal);000000000000
20262150025810067;18/05/2026 00:00:00;107335,23;0134852026;25/05/2026 00:00:00;107335,23;202621500258100670001;22/07/2026 00:00:00;107335,23;33909300;INDENIZACOES E RESTITUICOES;22208295000129;SECRETARIA MUNICIPAL DE SAUDE;0,00;SECRETARIA MUNICIPAL DE SAUDE                                                                                                                                                                                                                                ;SAUDE - 10;ASSISTENCIA HOSPITALAR E AMBULATORIAL - 302;TRANSFERENCIA DE RECURSOS DO SISTEMA UNICO DE SAUDE - SUS - BLOCO DE MANUTENCAO DAS ACOES E SERVICOS PUBLICOS DE SAUDE - 107;CHROME TECNOLOGIA COMERCIO IMPORTACAO E EXPORTACAO EIRELI;DESPESA COM INDENIZACAO RELATIVO A DE PRESTACAO DE SERVICOS TECNOLOGICOS LOCACAO, MANUTENCAO, CALIBRACAO, MONITORAMENTO, PROTECAO RADIOLOGICA E TODOS OSMATERIAIS NECESSARIOS                                                       REFERENCIA 03/2026 CONFORM MEMORANDO 284/2026-GERADI                        .                                                                           VALOR TOTAL:....................................................107.335,23  .                                                                           64 - TRANSFERENCIAS DE RECURSOS DO SUS - ATENCAO ESPECIALIZADA              SOLICITACAO FINANCEIRA: 182817/2026                                         ;Não se aplica (Ex.: Despesas com Pessoal);000000000000
20262150025810068;18/05/2026 00:00:00;361557,57;0151722026;11/06/2026 00:00:00;361557,57;202621500258100680001;11/06/2026 00:00:00;361557,57;33909300;INDENIZACOES E RESTITUICOES;01590900000107;SECRETARIA MUNICIPAL DE SAUDE;0,00;SECRETARIA MUNICIPAL DE SAUDE                                                                                                                                                                                                                                ;SAUDE - 10;ASSISTENCIA HOSPITALAR E AMBULATORIAL - 302;TRANSFERENCIA DE RECURSOS DO SISTEMA UNICO DE SAUDE - SUS - BLOCO DE MANUTENCAO DAS ACOES E SERVICOS PUBLICOS DE SAUDE - 107;HOSPITAL UROLOGICO DE GOIANIA LTDA;DESPESA COM TERMO DE PAGAMENTO - INDENIZACAO DA EXECUCAO DE SERVICOS MEDICOSDE ASSISTENCIA A SAUDE AMBULATORIAL (HOSPITALAR) E/OU APOIO DIAGNOSTICO TERAPEUTICO PARA ATENDIMENTO DOS USUARIOS DO SUS                                REFERENCIA: COMPETENCIA 02/2026, CONFORME DESPACHO NR. 566/2026-SUPRAC      .                                                                           VALOR TOTAL:....................................................361.557,57  .                                                                           64 - TRANSFERENCIAS DE RECURSOS DO SUS - ATENCAO ESPECIALIZADA              SOLICITACAO FINANCEIRA: 182807/2026                                         ;Não se aplica (Ex.: Despesas com Pessoal);000000000000
20262150025810069;29/05/2026 00:00:00;105114,36;;;0,00;;;0,00;33909300;INDENIZACOES E RESTITUICOES;00740696000192;SECRETARIA MUNICIPAL DE SAUDE;0,00;SECRETARIA MUNICIPAL DE SAUDE                                                                                                                                                                                                                                ;SAUDE - 10;ASSISTENCIA HOSPITALAR E AMBULATORIAL - 302;TRANSFERENCIA DE RECURSOS DO SISTEMA UNICO DE SAUDE - SUS - BLOCO DE MANUTENCAO DAS ACOES E SERVICOS PUBLICOS DE SAUDE - 107;PMH  PRODUTOS MEDICOS HOSPITALARES LTDA;DESPESA COM TERMO DE PAGAMENTO - INDENIZACAO(PMH) DA PRESTACAO DE SERVICOS PARA A REALIZACAO DE EXAMES LABORATORIAIS DE HEMATOLOGIA E URANALISE COM PROVISAO DE PRODUTOS, DE ACORDO COM TERMO DE ATESTO                             CONFORME DESPACHO NR. 324/2026-GERADI, NOTAS FISCAIS NR. 259(R$ 10.920,00) E 269(R$94.194,36)                                                           .                                                                           VALOR TOTAL:....................................................105.114,36  .                                                                           64 - TRANSFERENCIAS DE RECURSOS DO SUS - ATENCAO ESPECIALIZADA              SOLICITACAO FINANCEIRA: 183084/2026                                         ;Não se aplica (Ex.: Despesas com Pessoal);000000000000
20262150025810070;29/05/2026 00:00:00;114140,52;0160552026;22/06/2026 00:00:00;114140,52;;;0,00;33909300;INDENIZACOES E RESTITUICOES;00740696000192;SECRETARIA MUNICIPAL DE SAUDE;0,00;SECRETARIA MUNICIPAL DE SAUDE                                                                                                                                                                                                                                ;SAUDE - 10;ASSISTENCIA HOSPITALAR E AMBULATORIAL - 302;TRANSFERENCIA DE RECURSOS DO SISTEMA UNICO DE SAUDE - SUS - BLOCO DE MANUTENCAO DAS ACOES E SERVICOS PUBLICOS DE SAUDE - 107;PMH  PRODUTOS MEDICOS HOSPITALARES LTDA;DESPESA COM TERMO DE PAGAMENTO - INDENIZACAO(PMH) DA PRESTACAO DE SERVICOS PARA A REALIZACAO DE EXAMES LABORATORIAIS DE ANALISE CLINICA, PREGÃO 071/2017DE ACORDO COM TERMO DE ATESTO                                               CONFORME DESPACHO NR. 322/2026-GERADI, NOTA FISCAL NR. 271(R$ 114.140,52)   .                                                                           VALOR TOTAL:....................................................114.140,52  .                                                                           64 - TRANSFERENCIAS DE RECURSOS DO SUS - ATENCAO ESPECIALIZADA              SOLICITACAO FINANCEIRA: 183085/2026                                         ;Não se aplica (Ex.: Despesas com Pessoal);000000000000
20262150028710001;21/05/2026 00:00:00;1560,00;;;0,00;;;0,00;44905200;EQUIPAMENTOS E MATERIAL PERMANENTE;18258209000115;SECRETARIA MUNICIPAL DE SAUDE;1560,00;SECRETARIA MUNICIPAL DE SAUDE                                                                                                                                                                                                                                ;SAUDE - 10;ASSISTENCIA HOSPITALAR E AMBULATORIAL - 302;TRANSFERENCIA DE RECURSOS DO SISTEMA UNICO DE SAUDE - SUS - BLOCO DE MANUTENCAO DAS ACOES E SERVICOS PUBLICOS DE SAUDE - 107;CIRURGICAS CERON EQUIPAMENTOS HOSPITALARES E VET. LTDA ME;DESPESA COM AQUISICAO DE MATERIAL PERMANENTE DESTINADO AO CENTRO DE REFERENCIA EM DIAGNOSTICO E TERAPEUTICA - CRDT EM CUMPRIMENTO A ACAO CIVIL PUBLICA 0011940-33.2014.5.18.0005 PROPOSTA PELO MPT CONFORME DFD 97 (4733138), ETP (4733143), PARECER 195/2024-GERPSR                                            .                                                                           12 - APARELHO OXIMETRO DE PULSO DIGITAL - MARCA: RONSEDA                    COD:386901...............02UN.............780,00...................1.560,00 VALOR TOTAL:.......................................................1.460,00 .                                                                           O PRAZO DE ENTREGA DOS BENS E DE 45 (QUARENTA E CINCO) DIAS CORRIDOS, EM REMESSA UNICA, CONTADOS APOS O RECEBIMENTO DA ORDEM DE ENTREGA OU NOTA DE EMPENHO/AUTORIZAçãO DE FORNECIMENTO E ACOMPANHADOS DOS DOCUMENTOS FISCAIS RESPECTIVOS, DEVE CONTER, OBRIGATORIAMENTE, A ESPECIFICACAO DO ITEM, MARCA DO FABRICANTE E QUANTIDADE ENTREGUE.                                                .                                                                           OS BENS DEVERAO SER ENTREGUES NO ALMOXARIFADO CENTRAL DA SECRETARIA MUNICIPAL DE SAUDE, NO SEGUINTE ENDEREçO: AVENIDA PERIMETRAL NORTE, CONDOMINIO GOIAZEM, BLOCO E, GALPAO 09 E 10, VILA JOAO VAZ, CEP: 74.425-090, GOIANIA.       .                                                                           64 - TRANSFERENCIAS DE RECURSOS DO SUS - ATENCAO ESPECIALIZADA              SOLICITACAO FINANCEIRA: 182279/2026                                         ;Pregão;000900372025
20262150028710002;21/05/2026 00:00:00;15000,00;;;0,00;;;0,00;44905200;EQUIPAMENTOS E MATERIAL PERMANENTE;15011572000143;SECRETARIA MUNICIPAL DE SAUDE;15000,00;SECRETARIA MUNICIPAL DE SAUDE                                                                                                                                                                                                                                ;SAUDE - 10;ASSISTENCIA HOSPITALAR E AMBULATORIAL - 302;TRANSFERENCIA DE RECURSOS DO SISTEMA UNICO DE SAUDE - SUS - BLOCO DE MANUTENCAO DAS ACOES E SERVICOS PUBLICOS DE SAUDE - 107;MOBILHE MVEIS CORPORATIVOS EIRELI;DESPESA COM AQUISICAO DE MATERIAL PERMANENTE DESTINADO AO CENTRO DE REFERENCIA EM DIAGNOSTICO E TERAPEUTICA - CRDT EM CUMPRIMENTO A ACAO CIVIL PUBLICA 0011940-33.2014.5.18.0005 PROPOSTA PELO MPT                                  CONFORME DFD 97 (4733138), ETP (4733143), PARECER 195/2024-GERPSR           .                                                                           26 - CADEIRA FIXA SEM BRACO ASSENTO/ENCONSTO E ESTOFADO ESTRUTURA ACO       MARCA: MOBILHE MOVEIS                                                       COD:163120..............100UN.............150,00..................15.000,00 VALOR TOTAL:......................................................15.000,00 .                                                                           O PRAZO DE ENTREGA DOS BENS E DE 45 (QUARENTA E CINCO) DIAS CORRIDOS, EM REMESSA UNICA, CONTADOS APOS O RECEBIMENTO DA ORDEM DE ENTREGA OU NOTA DE EMPENHO/AUTORIZAçãO DE FORNECIMENTO E ACOMPANHADOS DOS DOCUMENTOS FISCAIS RESPECTIVOS, DEVE CONTER, OBRIGATORIAMENTE, A ESPECIFICACAO DO ITEM, MARCA DO FABRICANTE E QUANTIDADE ENTREGUE.                                                .                                                                           OS BENS DEVERAO SER ENTREGUES NO ALMOXARIFADO CENTRAL DA SECRETARIA MUNICIPAL DE SAUDE, NO SEGUINTE ENDEREçO: AVENIDA PERIMETRAL NORTE, CONDOMINIO GOIAZEM, BLOCO E, GALPAO 09 E 10, VILA JOAO VAZ, CEP: 74.425-090, GOIANIA.       .                                                                           64 - TRANSFERENCIAS DE RECURSOS DO SUS - ATENCAO ESPECIALIZADA              SOLICITACAO FINANCEIRA: 182280/2026                                         ;Pregão;000900372025
20262150028710003;21/05/2026 00:00:00;48040,00;;;0,00;;;0,00;44905200;EQUIPAMENTOS E MATERIAL PERMANENTE;47536916000124;SECRETARIA MUNICIPAL DE SAUDE;48040,00;SECRETARIA MUNICIPAL DE SAUDE                                                                                                                                                                                                                                ;SAUDE - 10;ASSISTENCIA HOSPITALAR E AMBULATORIAL - 302;TRANSFERENCIA DE RECURSOS DO SISTEMA UNICO DE SAUDE - SUS - BLOCO DE MANUTENCAO DAS ACOES E SERVICOS PUBLICOS DE SAUDE - 107;SENA E PRATES LTDA;DESPESA COM AQUISICAO DE MATERIAL PERMANENTE DESTINADO AO CENTRO DE REFERENCIA EM DIAGNOSTICO E TERAPEUTICA - CRDT EM CUMPRIMENTO A ACAO CIVIL PUBLICA 0011940-33.2014.5.18.0005 PROPOSTA PELO MPT CONFORME DFD 97 (4733138), ETP (4733143), PARECER 195/2024-GERPSR - ITENS: 27 E 44                           .                                                                           27 - CADEIRA GIRATORIA COM BRACO - MARCA: ALIANCA                           COD:345350...............50UN.............332,00..................16.600,00 44 - LONGARINA FIXA 3 LUGARES C/BRACO DIRETOR - MARCA: OR                   COD:442267...............30UN...........1.048,00..................31.440,00 VALOR TOTAL:......................................................48.040,00 .                                                                           O PRAZO DE ENTREGA DOS BENS E DE 45 (QUARENTA E CINCO) DIAS CORRIDOS, EM REMESSA UNICA, CONTADOS APOS O RECEBIMENTO DA ORDEM DE ENTREGA OU NOTA DE EMPENHO/AUTORIZAçãO DE FORNECIMENTO E ACOMPANHADOS DOS DOCUMENTOS FISCAIS RESPECTIVOS, DEVE CONTER, OBRIGATORIAMENTE, A ESPECIFICACAO DO ITEM,               MARCA DO FABRICANTE E QUANTIDADE ENTREGUE.                                  .                                                                           OS BENS DEVERAO SER ENTREGUES NO ALMOXARIFADO CENTRAL DA SECRETARIA MUNICIPAL DE SAUDE, NO SEGUINTE ENDEREçO: AVENIDA PERIMETRAL NORTE, CONDOMINIO GOIAZEM, BLOCO E, GALPAO 09 E 10, VILA JOAO VAZ, CEP: 74.425-090, GOIANIA.       .                                                                           64 - TRANSFERENCIAS DE RECURSOS DO SUS - ATENCAO ESPECIALIZADA              SOLICITACAO FINANCEIRA: 182281/2026                                         ;Pregão;000900372025
20262150028710004;21/05/2026 00:00:00;1018,00;;;0,00;;;0,00;44905200;EQUIPAMENTOS E MATERIAL PERMANENTE;47536916000124;SECRETARIA MUNICIPAL DE SAUDE;1018,00;SECRETARIA MUNICIPAL DE SAUDE                                                                                                                                                                                                                                ;SAUDE - 10;ASSISTENCIA HOSPITALAR E AMBULATORIAL - 302;TRANSFERENCIA DE RECURSOS DO SISTEMA UNICO DE SAUDE - SUS - BLOCO DE MANUTENCAO DAS ACOES E SERVICOS PUBLICOS DE SAUDE - 107;SENA E PRATES LTDA;DESPESA COM AQUISICAO DE MATERIAL PERMANENTE DESTINADO AO CENTRO DE REFERENCIA EM DIAGNOSTICO E TERAPEUTICA - CRDT EM CUMPRIMENTO A ACAO CIVIL PUBLICA 0011940-33.2014.5.18.0005 PROPOSTA PELO MPT CONFORME DFD 97 (4733138), ETP (4733143), PARECER 195/2024-GERPSR - ITEM: 36                                 .                                                                           36 - ESCANINHO ACO 6 COMPARTIMENTOS - MARCA: NOBRE                          COD:566136...............01UN...........1.018,00...................1.018,00 VALOR TOTAL:.......................................................1.018,00 .                                                                           O PRAZO DE ENTREGA DOS BENS E DE 45 (QUARENTA E CINCO) DIAS CORRIDOS, EM REMESSA UNICA, CONTADOS APOS O RECEBIMENTO DA ORDEM DE ENTREGA OU NOTA DE EMPENHO/AUTORIZAçãO DE FORNECIMENTO E ACOMPANHADOS DOS DOCUMENTOS FISCAIS RESPECTIVOS, DEVE CONTER, OBRIGATORIAMENTE, A ESPECIFICACAO DO ITEM, MARCA DO FABRICANTE E QUANTIDADE ENTREGUE.                                                .                                                                           OS BENS DEVERAO SER ENTREGUES NO ALMOXARIFADO CENTRAL DA SECRETARIA MUNICIPAL DE SAUDE, NO SEGUINTE ENDEREçO: AVENIDA PERIMETRAL NORTE, CONDOMINIO GOIAZEM, BLOCO E, GALPAO 09 E 10, VILA JOAO VAZ, CEP: 74.425-090, GOIANIA.       .                                                                           64 - TRANSFERENCIAS DE RECURSOS DO SUS - ATENCAO ESPECIALIZADA              SOLICITACAO FINANCEIRA: 182282/2026                                         ;Pregão;000900372025
20262150028710005;21/05/2026 00:00:00;6995,00;;;0,00;;;0,00;44905200;EQUIPAMENTOS E MATERIAL PERMANENTE;15318347000154;SECRETARIA MUNICIPAL DE SAUDE;6995,00;SECRETARIA MUNICIPAL DE SAUDE                                                                                                                                                                                                                                ;SAUDE - 10;ASSISTENCIA HOSPITALAR E AMBULATORIAL - 302;TRANSFERENCIA DE RECURSOS DO SISTEMA UNICO DE SAUDE - SUS - BLOCO DE MANUTENCAO DAS ACOES E SERVICOS PUBLICOS DE SAUDE - 107;DSE INDUSTRIA E COM MOVEIS DE ACO LTDA;DESPESA COM AQUISICAO DE MATERIAL PERMANENTE DESTINADO AO CENTRO DE REFERENCIA EM DIAGNOSTICO E TERAPEUTICA - CRDT EM CUMPRIMENTO A ACAO CIVIL PUBLICA 0011940-33.2014.5.18.0005 PROPOSTA PELO MPT CONFORME DFD 97 (4733138), ETP (4733143), PARECER 195/2024-GERPSR                                            .                                                                           16 - ARQUIVO ACO 04 GAVETAS - MARCA: D.S.E                                  COD:161870...............05UN...........1.399,00...................6.995,00 VALOR TOTAL:.......................................................6.995,00 .                                                                           O PRAZO DE ENTREGA DOS BENS E DE 45 (QUARENTA E CINCO) DIAS CORRIDOS, EM REMESSA UNICA, CONTADOS APOS O RECEBIMENTO DA ORDEM DE ENTREGA OU NOTA DE EMPENHO/AUTORIZAçãO DE FORNECIMENTO E ACOMPANHADOS DOS DOCUMENTOS FISCAIS RESPECTIVOS, DEVE CONTER, OBRIGATORIAMENTE, A ESPECIFICACAO DO ITEM, MARCA DO FABRICANTE E QUANTIDADE ENTREGUE.                                                .                                                                           OS BENS DEVERAO SER ENTREGUES NO ALMOXARIFADO CENTRAL DA SECRETARIA MUNICIPAL DE SAUDE, NO SEGUINTE ENDEREçO: AVENIDA PERIMETRAL NORTE, CONDOMINIO GOIAZEM, BLOCO E, GALPAO 09 E 10, VILA JOAO VAZ, CEP: 74.425-090, GOIANIA.       .                                                                           64 - TRANSFERENCIAS DE RECURSOS DO SUS - ATENCAO ESPECIALIZADA              SOLICITACAO FINANCEIRA: 182283/2026                                         ;Pregão;000900372025
20262150028710006;21/05/2026 00:00:00;25290,00;;;0,00;;;0,00;44905200;EQUIPAMENTOS E MATERIAL PERMANENTE;31499939000176;SECRETARIA MUNICIPAL DE SAUDE;25290,00;SECRETARIA MUNICIPAL DE SAUDE                                                                                                                                                                                                                                ;SAUDE - 10;ASSISTENCIA HOSPITALAR E AMBULATORIAL - 302;TRANSFERENCIA DE RECURSOS DO SISTEMA UNICO DE SAUDE - SUS - BLOCO DE MANUTENCAO DAS ACOES E SERVICOS PUBLICOS DE SAUDE - 107;MKR COMERCIO DE EQUIPAMENTOS EIRELI EPP;DESPESA COM AQUISICAO DE MATERIAL PERMANENTE DESTINADO AO CENTRO DE REFERENCIA EM DIAGNOSTICO E TERAPEUTICA - CRDT EM CUMPRIMENTO A ACAO CIVIL PUBLICA 0011940-33.2014.5.18.0005 PROPOSTA PELO MPT CONFORME DFD 97 (4733138), ETP (4733143), PARECER 195/2024-GERPSR                                            .                                                                           20 - BALANCA DIGITAL ANTROPOMETRICA ADULTO 200KG - MARCA: LIDER             COD:571148...............26UN.............950,00..................24.700,00 21 - BALANCA DIGITAL ANTROPOMETRICA PEDIATRICA 15KG - MARCA: LIDER          COD:571156...............01UN.............590,00.....................590,00 VALOR TOTAL:......................................................25.290,00 .                                                                           O PRAZO DE ENTREGA DOS BENS E DE 45 (QUARENTA E CINCO) DIAS CORRIDOS, EM REMESSA UNICA, CONTADOS APOS O RECEBIMENTO DA ORDEM DE ENTREGA OU NOTA DE EMPENHO/AUTORIZAçãO DE FORNECIMENTO E ACOMPANHADOS DOS DOCUMENTOS FISCAIS RESPECTIVOS, DEVE CONTER, OBRIGATORIAMENTE, A ESPECIFICACAO DO ITEM,               MARCA DO FABRICANTE E QUANTIDADE ENTREGUE.                                  .                                                                           OS BENS DEVERAO SER ENTREGUES NO ALMOXARIFADO CENTRAL DA SECRETARIA MUNICIPAL DE SAUDE, NO SEGUINTE ENDEREçO: AVENIDA PERIMETRAL NORTE, CONDOMINIO GOIAZEM, BLOCO E, GALPAO 09 E 10, VILA JOAO VAZ, CEP: 74.425-090, GOIANIA.       .                                                                           64 - TRANSFERENCIAS DE RECURSOS DO SUS - ATENCAO ESPECIALIZADA              SOLICITACAO FINANCEIRA: 182284/2026                                         ;Pregão;000900372025
20262150028710007;21/05/2026 00:00:00;5360,00;;;0,00;;;0,00;44905200;EQUIPAMENTOS E MATERIAL PERMANENTE;38408899000159;SECRETARIA MUNICIPAL DE SAUDE;5360,00;SECRETARIA MUNICIPAL DE SAUDE                                                                                                                                                                                                                                ;SAUDE - 10;ASSISTENCIA HOSPITALAR E AMBULATORIAL - 302;TRANSFERENCIA DE RECURSOS DO SISTEMA UNICO DE SAUDE - SUS - BLOCO DE MANUTENCAO DAS ACOES E SERVICOS PUBLICOS DE SAUDE - 107;EQUIMED EQUIPAMENTOS MEDICOS HOSPITALARES LTDA;DESPESA COM AQUISICAO DE MATERIAL PERMANENTE DESTINADO AO CENTRO DE REFERENCIA EM DIAGNOSTICO E TERAPEUTICA - CRDT EM CUMPRIMENTO A ACAO CIVIL PUBLICA 0011940-33.2014.5.18.0005 PROPOSTA PELO MPT CONFORME DFD 97 (4733138), ETP (4733143), PARECER 195/2024-GERPSR                                            .                                                                           37 - FOCO ACO AUXILIAR DE PEDESTAL LED - MARCA: MEDICATE                    COD:566160...............04UN.............540,00...................2.160,00 56 - APARELHO OTOSCOPIO FIBRA OTICA - MARCA: DOCTOR DEVICES                 COD:564354...............10UN.............320,00...................3.200,00 VALOR TOTAL:.......................................................5.360,00 .                                                                           O PRAZO DE ENTREGA DOS BENS E DE 45 (QUARENTA E CINCO) DIAS CORRIDOS, EM REMESSA UNICA, CONTADOS APOS O RECEBIMENTO DA ORDEM DE ENTREGA OU NOTA DE EMPENHO/AUTORIZAçãO DE FORNECIMENTO E ACOMPANHADOS DOS DOCUMENTOS FISCAIS RESPECTIVOS, DEVE CONTER, OBRIGATORIAMENTE, A ESPECIFICACAO DO ITEM,               MARCA DO FABRICANTE E QUANTIDADE ENTREGUE.                                  .                                                                           OS BENS DEVERAO SER ENTREGUES NO ALMOXARIFADO CENTRAL DA SECRETARIA MUNICIPAL DE SAUDE, NO SEGUINTE ENDEREçO: AVENIDA PERIMETRAL NORTE, CONDOMINIO GOIAZEM, BLOCO E, GALPAO 09 E 10, VILA JOAO VAZ, CEP: 74.425-090, GOIANIA.       .                                                                           64 - TRANSFERENCIAS DE RECURSOS DO SUS - ATENCAO ESPECIALIZADA              SOLICITACAO FINANCEIRA: 182285/2026                                         ;Pregão;000900372025
20262150028710008;21/05/2026 00:00:00;463,15;;;0,00;;;0,00;44905200;EQUIPAMENTOS E MATERIAL PERMANENTE;42810782000174;SECRETARIA MUNICIPAL DE SAUDE;463,15;SECRETARIA MUNICIPAL DE SAUDE                                                                                                                                                                                                                                ;SAUDE - 10;ASSISTENCIA HOSPITALAR E AMBULATORIAL - 302;TRANSFERENCIA DE RECURSOS DO SISTEMA UNICO DE SAUDE - SUS - BLOCO DE MANUTENCAO DAS ACOES E SERVICOS PUBLICOS DE SAUDE - 107;MAX QUALITY COMRCIO LTDA;DESPESA COM AQUISICAO DE MATERIAL PERMANENTE DESTINADO AO CENTRO DE REFERENCIA EM DIAGNOSTICO E TERAPEUTICA - CRDT EM CUMPRIMENTO A ACAO CIVIL PUBLICA 0011940-33.2014.5.18.0005 PROPOSTA PELO MPT CONFORME DFD 97 (4733138), ETP (4733143), PARECER 195/2024-GERPSR - ITEM: 30                                 .                                                                           30 - CARREGADOR PORTATIL PILHA - MARCA: MAXDAY SDNMY                        COD:459976...............05UN..............92,63.....................463,15 VALOR TOTAL:.........................................................463,15 .                                                                           O PRAZO DE ENTREGA DOS BENS E DE 45 (QUARENTA E CINCO) DIAS CORRIDOS, EM REMESSA UNICA, CONTADOS APOS O RECEBIMENTO DA ORDEM DE ENTREGA OU NOTA DE EMPENHO/AUTORIZAçãO DE FORNECIMENTO E ACOMPANHADOS DOS DOCUMENTOS FISCAIS RESPECTIVOS, DEVE CONTER, OBRIGATORIAMENTE, A ESPECIFICACAO DO ITEM, MARCA DO FABRICANTE E QUANTIDADE ENTREGUE.                                                .                                                                           OS BENS DEVERAO SER ENTREGUES NO ALMOXARIFADO CENTRAL DA SECRETARIA MUNICIPAL DE SAUDE, NO SEGUINTE ENDEREçO: AVENIDA PERIMETRAL NORTE, CONDOMINIO GOIAZEM, BLOCO E, GALPAO 09 E 10, VILA JOAO VAZ, CEP: 74.425-090, GOIANIA.       .                                                                           64 - TRANSFERENCIAS DE RECURSOS DO SUS - ATENCAO ESPECIALIZADA              SOLICITACAO FINANCEIRA: 182286/2026                                         ;Pregão;000900372025
20262150028710009;21/05/2026 00:00:00;182,00;;;0,00;;;0,00;44905200;EQUIPAMENTOS E MATERIAL PERMANENTE;42810782000174;SECRETARIA MUNICIPAL DE SAUDE;182,00;SECRETARIA MUNICIPAL DE SAUDE                                                                                                                                                                                                                                ;SAUDE - 10;ASSISTENCIA HOSPITALAR E AMBULATORIAL - 302;TRANSFERENCIA DE RECURSOS DO SISTEMA UNICO DE SAUDE - SUS - BLOCO DE MANUTENCAO DAS ACOES E SERVICOS PUBLICOS DE SAUDE - 107;MAX QUALITY COMRCIO LTDA;"DESPESA COM AQUISICAO DE MATERIAL PERMANENTE DESTINADO AO CENTRO DE REFERENCIA EM DIAGNOSTICO E TERAPEUTICA - CRDT EM CUMPRIMENTO A ACAO CIVIL PUBLICA 0011940-33.2014.5.18.0005 PROPOSTA PELO MPT CONFORME DFD 97 (4733138), ETP (4733143), PARECER 195/2024-GERPSR - ITEM: 63                                 .                                                                           63 - SUPORTE TV PAREDE TRIARTICULADO 22 A 55"" - MARCA: OEM                  COD:637610...............02UN..............91,00.....................182,00 VALOR TOTAL:.........................................................182,00 .                                                                           O PRAZO DE ENTREGA DOS BENS E DE 45 (QUARENTA E CINCO) DIAS CORRIDOS, EM REMESSA UNICA, CONTADOS APOS O RECEBIMENTO DA ORDEM DE ENTREGA OU NOTA DE EMPENHO/AUTORIZAçãO DE FORNECIMENTO E ACOMPANHADOS DOS DOCUMENTOS FISCAIS RESPECTIVOS, DEVE CONTER, OBRIGATORIAMENTE, A ESPECIFICACAO DO ITEM, MARCA DO FABRICANTE E QUANTIDADE ENTREGUE.                                                .                                                                           OS BENS DEVERAO SER ENTREGUES NO ALMOXARIFADO CENTRAL DA SECRETARIA MUNICIPAL DE SAUDE, NO SEGUINTE ENDEREçO: AVENIDA PERIMETRAL NORTE, CONDOMINIO GOIAZEM, BLOCO E, GALPAO 09 E 10, VILA JOAO VAZ, CEP: 74.425-090, GOIANIA.       .                                                                           64 - TRANSFERENCIAS DE RECURSOS DO SUS - ATENCAO ESPECIALIZADA              SOLICITACAO FINANCEIRA: 182287/2026                                         ";Pregão;000900372025
20262150028710010;21/05/2026 00:00:00;599,00;;;0,00;;;0,00;44905200;EQUIPAMENTOS E MATERIAL PERMANENTE;51607431000151;SECRETARIA MUNICIPAL DE SAUDE;599,00;SECRETARIA MUNICIPAL DE SAUDE                                                                                                                                                                                                                                ;SAUDE - 10;ASSISTENCIA HOSPITALAR E AMBULATORIAL - 302;TRANSFERENCIA DE RECURSOS DO SISTEMA UNICO DE SAUDE - SUS - BLOCO DE MANUTENCAO DAS ACOES E SERVICOS PUBLICOS DE SAUDE - 107;F E K BRASIL LTDA;DESPESA COM AQUISICAO DE MATERIAL PERMANENTE DESTINADO AO CENTRO DE REFERENCIA EM DIAGNOSTICO E TERAPEUTICA - CRDT EM CUMPRIMENTO A ACAO CIVIL PUBLICA 0011940-33.2014.5.18.0005 PROPOSTA PELO MPT CONFORME DFD 97 (4733138), ETP (4733143), PARECER 195/2024-GERPSR                                            .                                                                           39 - FORNO ELETRICO MICROONDAS - MARCA: MONDIAL                             COD:166227...............01UN.............599,00.....................599,00 VALOR TOTAL:.........................................................599,00 .                                                                           O PRAZO DE ENTREGA DOS BENS E DE 45 (QUARENTA E CINCO) DIAS CORRIDOS, EM REMESSA UNICA, CONTADOS APOS O RECEBIMENTO DA ORDEM DE ENTREGA OU NOTA DE EMPENHO/AUTORIZAçãO DE FORNECIMENTO E ACOMPANHADOS DOS DOCUMENTOS FISCAIS RESPECTIVOS, DEVE CONTER, OBRIGATORIAMENTE, A ESPECIFICACAO DO ITEM, MARCA DO FABRICANTE E QUANTIDADE ENTREGUE.                                                .                                                                           OS BENS DEVERAO SER ENTREGUES NO ALMOXARIFADO CENTRAL DA SECRETARIA MUNICIPAL DE SAUDE, NO SEGUINTE ENDEREçO: AVENIDA PERIMETRAL NORTE, CONDOMINIO GOIAZEM, BLOCO E, GALPAO 09 E 10, VILA JOAO VAZ, CEP: 74.425-090, GOIANIA.       .                                                                           64 - TRANSFERENCIAS DE RECURSOS DO SUS - ATENCAO ESPECIALIZADA              SOLICITACAO FINANCEIRA: 182288/2026                                         ;Pregão;000900372026
20262150028710011;21/05/2026 00:00:00;232,37;;;0,00;;;0,00;44905200;EQUIPAMENTOS E MATERIAL PERMANENTE;54638483000183;SECRETARIA MUNICIPAL DE SAUDE;232,37;SECRETARIA MUNICIPAL DE SAUDE                                                                                                                                                                                                                                ;SAUDE - 10;ASSISTENCIA HOSPITALAR E AMBULATORIAL - 302;TRANSFERENCIA DE RECURSOS DO SISTEMA UNICO DE SAUDE - SUS - BLOCO DE MANUTENCAO DAS ACOES E SERVICOS PUBLICOS DE SAUDE - 107;M&J REFRIGERAO;¨DESPESA COM AQUISICAO DE MATERIAL PERMANENTE DESTINADO AO CENTRO DE REFERENCIA EM DIAGNOSTICO E TERAPEUTICA - CRDT EM CUMPRIMENTO A ACAO CIVIL PUBLICA 0011940-33.2014.5.18.0005 PROPOSTA PELO MPT CONFORME DFD 97 (4733138), ETP (4733143), PARECER 195/2024-GERPSR                                           .                                                                           38 - FOGAO ELETRICO 2 CHAMAS - MARCA: AGRATTO                               COD:397431...............01UN.............232,37.....................232,37 VALOR TOTAL:.........................................................232,37 .                                                                           O PRAZO DE ENTREGA DOS BENS E DE 45 (QUARENTA E CINCO) DIAS CORRIDOS, EM REMESSA UNICA, CONTADOS APOS O RECEBIMENTO DA ORDEM DE ENTREGA OU NOTA DE EMPENHO/AUTORIZAçãO DE FORNECIMENTO E ACOMPANHADOS DOS DOCUMENTOS FISCAIS RESPECTIVOS, DEVE CONTER, OBRIGATORIAMENTE, A ESPECIFICACAO DO ITEM, MARCA DO FABRICANTE E QUANTIDADE ENTREGUE.                                                .                                                                           OS BENS DEVERAO SER ENTREGUES NO ALMOXARIFADO CENTRAL DA SECRETARIA MUNICIPAL DE SAUDE, NO SEGUINTE ENDEREçO: AVENIDA PERIMETRAL NORTE, CONDOMINIO GOIAZEM, BLOCO E, GALPAO 09 E 10, VILA JOAO VAZ, CEP: 74.425-090, GOIANIA.       .                                                                           64 - TRANSFERENCIAS DE RECURSOS DO SUS - ATENCAO ESPECIALIZADA              SOLICITACAO FINANCEIRA: 182289/2026                                         ;Pregão;000900372025
20262150028710012;21/05/2026 00:00:00;1995,00;;;0,00;;;0,00;44905200;EQUIPAMENTOS E MATERIAL PERMANENTE;51659136000149;SECRETARIA MUNICIPAL DE SAUDE;1995,00;SECRETARIA MUNICIPAL DE SAUDE                                                                                                                                                                                                                                ;SAUDE - 10;ASSISTENCIA HOSPITALAR E AMBULATORIAL - 302;TRANSFERENCIA DE RECURSOS DO SISTEMA UNICO DE SAUDE - SUS - BLOCO DE MANUTENCAO DAS ACOES E SERVICOS PUBLICOS DE SAUDE - 107;SOUL DISTRIBUIDORA DE PRODUTOS E_EQUIP. INDUSTRIAIS LTDA;DESPESA COM AQUISICAO DE MATERIAL PERMANENTE DESTINADO AO CENTRO DE REFERENCIA EM DIAGNOSTICO E TERAPEUTICA - CRDT EM CUMPRIMENTO A ACAO CIVIL PUBLICA 0011940-33.2014.5.18.0005 PROPOSTA PELO MPT CONFORME DFD 97 (4733138), ETP (4733143), PARECER 195/2024-GERPSR - ITEM: 22                                 .                                                                           22 - PURIFICADOR AGUA NATURAL E GELADA - MARCA: LIBELL                      COD:173185...............03UN.............665,00...................1.995,00 VALOR TOTAL:.......................................................1.995,00 .                                                                           O PRAZO DE ENTREGA DOS BENS E DE 45 (QUARENTA E CINCO) DIAS CORRIDOS, EM REMESSA UNICA, CONTADOS APOS O RECEBIMENTO DA ORDEM DE ENTREGA OU NOTA DE EMPENHO/AUTORIZAçãO DE FORNECIMENTO E ACOMPANHADOS DOS DOCUMENTOS FISCAIS RESPECTIVOS, DEVE CONTER, OBRIGATORIAMENTE, A ESPECIFICACAO DO ITEM, MARCA DO FABRICANTE E QUANTIDADE ENTREGUE.                                                .                                                                           OS BENS DEVERAO SER ENTREGUES NO ALMOXARIFADO CENTRAL DA SECRETARIA MUNICIPAL DE SAUDE, NO SEGUINTE ENDEREçO: AVENIDA PERIMETRAL NORTE, CONDOMINIO GOIAZEM, BLOCO E, GALPAO 09 E 10, VILA JOAO VAZ, CEP: 74.425-090, GOIANIA.       .                                                                           64 - TRANSFERENCIAS DE RECURSOS DO SUS - ATENCAO ESPECIALIZADA              SOLICITACAO FINANCEIRA: 182290/2026                                         ;Pregão;000900372025
20262150028710013;21/05/2026 00:00:00;294,00;;;0,00;;;0,00;44905200;EQUIPAMENTOS E MATERIAL PERMANENTE;51659136000149;SECRETARIA MUNICIPAL DE SAUDE;294,00;SECRETARIA MUNICIPAL DE SAUDE                                                                                                                                                                                                                                ;SAUDE - 10;ASSISTENCIA HOSPITALAR E AMBULATORIAL - 302;TRANSFERENCIA DE RECURSOS DO SISTEMA UNICO DE SAUDE - SUS - BLOCO DE MANUTENCAO DAS ACOES E SERVICOS PUBLICOS DE SAUDE - 107;SOUL DISTRIBUIDORA DE PRODUTOS E_EQUIP. INDUSTRIAIS LTDA;DESPESA COM AQUISICAO DE MATERIAL PERMANENTE DESTINADO AO CENTRO DE REFERENCIA EM DIAGNOSTICO E TERAPEUTICA - CRDT EM CUMPRIMENTO A ACAO CIVIL PUBLICA 0011940-33.2014.5.18.0005 PROPOSTA PELO MPT - CONFORME DFD 97 (4733138), ETP (4733143), PARECER 195/2024-GERPSR - ITEM: 35                               .                                                                           35 - ESCADA ALUMINIO 4 DEGRAUS - MARCA: ALUMASA                             COD:612995...............02UN.............147,00.....................294,00 VALOR TOTAL:.........................................................294,00 .                                                                           O PRAZO DE ENTREGA DOS BENS E DE 45 (QUARENTA E CINCO) DIAS CORRIDOS, EM REMESSA UNICA, CONTADOS APOS O RECEBIMENTO DA ORDEM DE ENTREGA OU NOTA DE EMPENHO/AUTORIZAçãO DE FORNECIMENTO E ACOMPANHADOS DOS DOCUMENTOS FISCAIS RESPECTIVOS, DEVE CONTER, OBRIGATORIAMENTE, A ESPECIFICACAO DO ITEM, MARCA DO FABRICANTE E QUANTIDADE ENTREGUE.                                                .                                                                           OS BENS DEVERAO SER ENTREGUES NO ALMOXARIFADO CENTRAL DA SECRETARIA MUNICIPAL DE SAUDE, NO SEGUINTE ENDEREçO: AVENIDA PERIMETRAL NORTE, CONDOMINIO GOIAZEM, BLOCO E, GALPAO 09 E 10, VILA JOAO VAZ, CEP: 74.425-090, GOIANIA.       .                                                                           64 - TRANSFERENCIAS DE RECURSOS DO SUS - ATENCAO ESPECIALIZADA              SOLICITACAO FINANCEIRA: 182291/2026                                         ;Pregão;000900372025
20262150028710014;21/05/2026 00:00:00;3596,00;;;0,00;;;0,00;44905200;EQUIPAMENTOS E MATERIAL PERMANENTE;59341100000124;SECRETARIA MUNICIPAL DE SAUDE;3596,00;SECRETARIA MUNICIPAL DE SAUDE                                                                                                                                                                                                                                ;SAUDE - 10;ASSISTENCIA HOSPITALAR E AMBULATORIAL - 302;TRANSFERENCIA DE RECURSOS DO SISTEMA UNICO DE SAUDE - SUS - BLOCO DE MANUTENCAO DAS ACOES E SERVICOS PUBLICOS DE SAUDE - 107;LAD SOLUCOES INTEGRADAS LTDA;"DESPESA COM AQUISICAO DE MATERIAL PERMANENTE DESTINADO AO CENTRO DE REFERENCIA EM DIAGNOSTICO E TERAPEUTICA - CRDT EM CUMPRIMENTO A ACAO CIVIL PUBLICA 0011940-33.2014.5.18.0005 PROPOSTA PELO MPT - CONFORME DFD 97 (4733138), ETP (4733143), PARECER 195/2024-GERPSR                                          .                                                                           15 - APARELHO TELEVISAO SMART TV LED 50"" - MARCA: HQ                        COD:637580...............02UN...........1.798,00...................3.596,00 VALOR TOTAL:.......................................................3.596,00 .                                                                           O PRAZO DE ENTREGA DOS BENS E DE 45 (QUARENTA E CINCO) DIAS CORRIDOS, EM REMESSA UNICA, CONTADOS APOS O RECEBIMENTO DA ORDEM DE ENTREGA OU NOTA DE EMPENHO/AUTORIZAçãO DE FORNECIMENTO E ACOMPANHADOS DOS DOCUMENTOS FISCAIS RESPECTIVOS, DEVE CONTER, OBRIGATORIAMENTE, A ESPECIFICACAO DO ITEM, MARCA DO FABRICANTE E QUANTIDADE ENTREGUE.                                                .                                                                           OS BENS DEVERAO SER ENTREGUES NO ALMOXARIFADO CENTRAL DA SECRETARIA MUNICIPAL DE SAUDE, NO SEGUINTE ENDEREçO: AVENIDA PERIMETRAL NORTE, CONDOMINIO GOIAZEM, BLOCO E, GALPAO 09 E 10, VILA JOAO VAZ, CEP: 74.425-090, GOIANIA.       .                                                                           64 - TRANSFERENCIAS DE RECURSOS DO SUS - ATENCAO ESPECIALIZADA              SOLICITACAO FINANCEIRA: 182292/2026                                         ";Pregão;000900372026
20262150028710015;21/05/2026 00:00:00;911,00;;;0,00;;;0,00;44905200;EQUIPAMENTOS E MATERIAL PERMANENTE;07422196000151;SECRETARIA MUNICIPAL DE SAUDE;911,00;SECRETARIA MUNICIPAL DE SAUDE                                                                                                                                                                                                                                ;SAUDE - 10;ASSISTENCIA HOSPITALAR E AMBULATORIAL - 302;TRANSFERENCIA DE RECURSOS DO SISTEMA UNICO DE SAUDE - SUS - BLOCO DE MANUTENCAO DAS ACOES E SERVICOS PUBLICOS DE SAUDE - 107;VITALLI COMERCIO E IMPORTAO LTDA;DESPESA COM AQUISICAO DE MATERIAL PERMANENTE DESTINADO AO CENTRO DE REFERENCIA EM DIAGNOSTICO E TERAPEUTICA - CRDT EM CUMPRIMENTO A ACAO CIVIL PUBLICA 0011940-33.2014.5.18.0005 PROPOSTA PELO MPT - CONFORME DFD 97 (4733138), ETP (4733143), PARECER 195/2024-GERPSR                                          .                                                                           42 - LANTERNA ALUMINIO 2 PILHAS PEQUENAS USO MEDICO - MARCA:INCONTERM       COD:145246...............25UN..............36,44.....................911,00 VALOR TOTAL:.........................................................911,00 .                                                                           O PRAZO DE ENTREGA DOS BENS E DE 45 (QUARENTA E CINCO) DIAS CORRIDOS, EM REMESSA UNICA, CONTADOS APOS O RECEBIMENTO DA ORDEM DE ENTREGA OU NOTA DE EMPENHO/AUTORIZAçãO DE FORNECIMENTO E ACOMPANHADOS DOS DOCUMENTOS FISCAIS RESPECTIVOS, DEVE CONTER, OBRIGATORIAMENTE, A ESPECIFICACAO DO ITEM, MARCA DO FABRICANTE E QUANTIDADE ENTREGUE.                                                .                                                                           OS BENS DEVERAO SER ENTREGUES NO ALMOXARIFADO CENTRAL DA SECRETARIA MUNICIPAL DE SAUDE, NO SEGUINTE ENDEREçO: AVENIDA PERIMETRAL NORTE, CONDOMINIO GOIAZEM, BLOCO E, GALPAO 09 E 10, VILA JOAO VAZ, CEP: 74.425-090, GOIANIA.       .                                                                           64 - TRANSFERENCIAS DE RECURSOS DO SUS - ATENCAO ESPECIALIZADA              SOLICITACAO FINANCEIRA: 182293/2026                                         ;Pregão;000900372025
20262150028710016;21/05/2026 00:00:00;7941,24;;;0,00;;;0,00;44905200;EQUIPAMENTOS E MATERIAL PERMANENTE;32593430000150;SECRETARIA MUNICIPAL DE SAUDE;7941,24;SECRETARIA MUNICIPAL DE SAUDE                                                                                                                                                                                                                                ;SAUDE - 10;ASSISTENCIA HOSPITALAR E AMBULATORIAL - 302;TRANSFERENCIA DE RECURSOS DO SISTEMA UNICO DE SAUDE - SUS - BLOCO DE MANUTENCAO DAS ACOES E SERVICOS PUBLICOS DE SAUDE - 107;M. CARREGA COMRCIO DE PRODUTOS HOSPITALARES LTDA;DESPESA COM AQUISICAO DE MATERIAL PERMANENTE DESTINADO AO CENTRO DE REFERENCIA EM DIAGNOSTICO E TERAPEUTICA - CRDT EM CUMPRIMENTO A ACAO CIVIL PUBLICA 0011940-33.2014.5.18.0005 PROPOSTA PELO MPT - CONFORME DFD 97 (4733138), ETP (4733143), PARECER 195/2024-GERPSR - ITENS:6, 8, 33 E 62                    .                                                                           06 - APARELHO ASPIRADOR SECRECAO - MARCA: NEVONI                            COD:430390...............01CJ.............390,00.....................390,00 08 - APARELHO ESTETOSCOPIO ADULTO - MARCA: PREMIUM                          COD:029017...............27UN..............64,12...................1.731,24 33 - APARELHO ELETROCARDIOGRAFO DIGITAL PARA PC, 12 CANAIS SIMULTANEOS,     COMPACTO E PORTATIL - MARCA: CONTEC                                         COD:663573...............01UN...........5.190,00...................5.190,00 62 - SUPORTE HAMPER 0,50X0,90M - MARCA: LIFENOX                             COD:645958...............03UN.............210,00.....................630,00 VALOR TOTAL:.......................................................7.941,24 .                                                                           O PRAZO DE ENTREGA DOS BENS E DE 45 (QUARENTA E CINCO) DIAS CORRIDOS, EM REMESSA UNICA, CONTADOS APOS O RECEBIMENTO DA ORDEM DE ENTREGA OU NOTA DE EMPENHO/AUTORIZAçãO DE FORNECIMENTO E ACOMPANHADOS DOS DOCUMENTOS FISCAIS RESPECTIVOS, DEVE CONTER, OBRIGATORIAMENTE, A ESPECIFICACAO DO ITEM, MARCA DO FABRICANTE E QUANTIDADE ENTREGUE.                                                .                                                                           OS BENS DEVERAO SER ENTREGUES NO ALMOXARIFADO CENTRAL DA SECRETARIA MUNICIPAL DE SAUDE, NO SEGUINTE ENDEREçO: AVENIDA PERIMETRAL NORTE, CONDOMINIO GOIAZEM, BLOCO E, GALPAO 09 E 10, VILA JOAO VAZ, CEP: 74.425-090, GOIANIA.       .                                                                           64 - TRANSFERENCIAS DE RECURSOS DO SUS - ATENCAO ESPECIALIZADA              SOLICITACAO FINANCEIRA: 182294/2026                                         ;Pregão;000900372026
20262150028710017;22/05/2026 00:00:00;3140,65;;;0,00;;;0,00;44905200;EQUIPAMENTOS E MATERIAL PERMANENTE;32593430000150;SECRETARIA MUNICIPAL DE SAUDE;3140,65;SECRETARIA MUNICIPAL DE SAUDE                                                                                                                                                                                                                                ;SAUDE - 10;ASSISTENCIA HOSPITALAR E AMBULATORIAL - 302;TRANSFERENCIA DE RECURSOS DO SISTEMA UNICO DE SAUDE - SUS - BLOCO DE MANUTENCAO DAS ACOES E SERVICOS PUBLICOS DE SAUDE - 107;M. CARREGA COMRCIO DE PRODUTOS HOSPITALARES LTDA;DESPESA COM AQUISICAO DE MATERIAL PERMANENTE DESTINADO AO CENTRO DE REFERENCIA EM DIAGNOSTICO E TERAPEUTICA - CRDT EM CUMPRIMENTO A ACAO CIVIL PUBLICA 0011940-33.2014.5.18.0005 PROPOSTA PELO MPT - CONFORME DFD 97 (4733138), ETP (4733143), PARECER 195/2024-GERPSR - ITENS: 13 E 14                         .                                                                           13 - APARELHO PRESSAO ARTERIAL DIGITAL - MARCA: G TECH                      COD:464384...............05UN.............185,33.....................926,65 14 - APARELHO PRESSAO ARTERIAL ESFIGMOMANOMETRO ADULTO - MARCA: PREMIUM     COD:029025...............27UN..............82,00...................2.214,00 VALOR TOTAL:.......................................................3.140,65 .                                                                           O PRAZO DE ENTREGA DOS BENS E DE 45 (QUARENTA E CINCO) DIAS CORRIDOS, EM REMESSA UNICA, CONTADOS APOS O RECEBIMENTO DA ORDEM DE ENTREGA OU NOTA DE EMPENHO/AUTORIZAçãO DE FORNECIMENTO E ACOMPANHADOS DOS DOCUMENTOS FISCAIS RESPECTIVOS, DEVE CONTER, OBRIGATORIAMENTE, A ESPECIFICACAO DO ITEM, MARCA DO FABRICANTE E QUANTIDADE ENTREGUE.                                                .                                                                           OS BENS DEVERAO SER ENTREGUES NO ALMOXARIFADO CENTRAL DA SECRETARIA MUNICIPAL DE SAUDE, NO SEGUINTE ENDEREçO: AVENIDA PERIMETRAL NORTE, CONDOMINIO GOIAZEM, BLOCO E, GALPAO 09 E 10, VILA JOAO VAZ, CEP: 74.425-090, GOIANIA.       .                                                                           64 - TRANSFERENCIAS DE RECURSOS DO SUS - ATENCAO ESPECIALIZADA              SOLICITACAO FINANCEIRA: 182295/2026                                         ;Pregão;000900372026
20262150028710018;22/05/2026 00:00:00;3775,92;;;0,00;;;0,00;44905200;EQUIPAMENTOS E MATERIAL PERMANENTE;32593430000150;SECRETARIA MUNICIPAL DE SAUDE;3775,92;SECRETARIA MUNICIPAL DE SAUDE                                                                                                                                                                                                                                ;SAUDE - 10;ASSISTENCIA HOSPITALAR E AMBULATORIAL - 302;TRANSFERENCIA DE RECURSOS DO SISTEMA UNICO DE SAUDE - SUS - BLOCO DE MANUTENCAO DAS ACOES E SERVICOS PUBLICOS DE SAUDE - 107;M. CARREGA COMRCIO DE PRODUTOS HOSPITALARES LTDA;DESPESA COM AQUISICAO DE MATERIAL PERMANENTE DESTINADO AO CENTRO DE REFERENCIA EM DIAGNOSTICO E TERAPEUTICA - CRDT EM CUMPRIMENTO A ACAO CIVIL PUBLICA 0011940-33.2014.5.18.0005 PROPOSTA PELO MPT - CONFORME DFD 97 (4733138), ETP (4733143), PARECER 195/2024-GERPSR - ITEM:23                                .                                                                           23 - BISTURI TERMO-CAUTERIO ELETRICO - MARCA: EMAI                          COD:065420...............01UN...........3.775,92...................3.775,92 VALOR TOTAL:.......................................................3.775,92 .                                                                           O PRAZO DE ENTREGA DOS BENS E DE 45 (QUARENTA E CINCO) DIAS CORRIDOS, EM REMESSA UNICA, CONTADOS APOS O RECEBIMENTO DA ORDEM DE ENTREGA OU NOTA DE EMPENHO/AUTORIZAçãO DE FORNECIMENTO E ACOMPANHADOS DOS DOCUMENTOS FISCAIS RESPECTIVOS, DEVE CONTER, OBRIGATORIAMENTE, A ESPECIFICACAO DO ITEM, MARCA DO FABRICANTE E QUANTIDADE ENTREGUE.                                                .                                                                           OS BENS DEVERAO SER ENTREGUES NO ALMOXARIFADO CENTRAL DA SECRETARIA MUNICIPAL DE SAUDE, NO SEGUINTE ENDEREçO: AVENIDA PERIMETRAL NORTE, CONDOMINIO GOIAZEM, BLOCO E, GALPAO 09 E 10, VILA JOAO VAZ, CEP: 74.425-090, GOIANIA.       .                                                                           64 - TRANSFERENCIAS DE RECURSOS DO SUS - ATENCAO ESPECIALIZADA              SOLICITACAO FINANCEIRA: 182296/2026                                         ;Pregão;000900372026
20262150028710019;22/05/2026 00:00:00;4800,00;;;0,00;;;0,00;44905200;EQUIPAMENTOS E MATERIAL PERMANENTE;32593430000150;SECRETARIA MUNICIPAL DE SAUDE;4800,00;SECRETARIA MUNICIPAL DE SAUDE                                                                                                                                                                                                                                ;SAUDE - 10;ASSISTENCIA HOSPITALAR E AMBULATORIAL - 302;TRANSFERENCIA DE RECURSOS DO SISTEMA UNICO DE SAUDE - SUS - BLOCO DE MANUTENCAO DAS ACOES E SERVICOS PUBLICOS DE SAUDE - 107;M. CARREGA COMRCIO DE PRODUTOS HOSPITALARES LTDA;DESPESA COM AQUISICAO DE MATERIAL PERMANENTE DESTINADO AO CENTRO DE REFERENCIA EM DIAGNOSTICO E TERAPEUTICA - CRDT EM CUMPRIMENTO A ACAO CIVIL PUBLICA 0011940-33.2014.5.18.0005 PROPOSTA PELO MPT - CONFORME DFD 97 (4733138), ETP (4733143), PARECER 195/2024-GERPSR - ITEM: 29                               .                                                                           29 - CADEIRA RODA ADULTO ACO DOBRAVEL FREIO BILATERAL PEDAL FIXO CURVIN     MARCA: PROLIFE                                                              COD:231053...............06UN.............800,00...................4.800,00 VALOR TOTAL:.......................................................4.800,00 .                                                                           O PRAZO DE ENTREGA DOS BENS E DE 45 (QUARENTA E CINCO) DIAS CORRIDOS, EM REMESSA UNICA, CONTADOS APOS O RECEBIMENTO DA ORDEM DE ENTREGA OU NOTA DE EMPENHO/AUTORIZAçãO DE FORNECIMENTO E ACOMPANHADOS DOS DOCUMENTOS FISCAIS RESPECTIVOS, DEVE CONTER, OBRIGATORIAMENTE, A ESPECIFICACAO DO ITEM, MARCA DO FABRICANTE E QUANTIDADE ENTREGUE.                                                .                                                                           OS BENS DEVERAO SER ENTREGUES NO ALMOXARIFADO CENTRAL DA SECRETARIA MUNICIPAL DE SAUDE, NO SEGUINTE ENDEREçO: AVENIDA PERIMETRAL NORTE, CONDOMINIO GOIAZEM, BLOCO E, GALPAO 09 E 10, VILA JOAO VAZ, CEP: 74.425-090, GOIANIA.       .                                                                           64 - TRANSFERENCIAS DE RECURSOS DO SUS - ATENCAO ESPECIALIZADA              SOLICITACAO FINANCEIRA: 182297/2026                                         ;Pregão;000900372026
20262150028710020;22/05/2026 00:00:00;12738,00;;;0,00;;;0,00;44905200;EQUIPAMENTOS E MATERIAL PERMANENTE;47094421000192;SECRETARIA MUNICIPAL DE SAUDE;12738,00;SECRETARIA MUNICIPAL DE SAUDE                                                                                                                                                                                                                                ;SAUDE - 10;ASSISTENCIA HOSPITALAR E AMBULATORIAL - 302;TRANSFERENCIA DE RECURSOS DO SISTEMA UNICO DE SAUDE - SUS - BLOCO DE MANUTENCAO DAS ACOES E SERVICOS PUBLICOS DE SAUDE - 107;SETEFARMA INDUSTRIA, COMERCIO, IMPORTACAO E EXPORTACAO DE PR;DESPESA COM AQUISICAO DE MATERIAL PERMANENTE DESTINADO AO CENTRO DE REFERENCIA EM DIAGNOSTICO E TERAPEUTICA - CRDT EM CUMPRIMENTO A ACAO CIVIL PUBLICA 0011940-33.2014.5.18.0005 PROPOSTA PELO MPT - CONFORME DFD 97 (4733138), ETP (4733143), PARECER 195/2024-GERPSR - ITENS: 10,48 E 49                      .                                                                           10 - APARELHO NEGATOSCOPIO 1 CORPO PAREDE - MARCA: PROPRIA                  COD:238201...............25UN.............362,00...................9.050,00 48 - MESA ACO ACO AUXILIAR, 40X60X80CM - MARCA: PROPRIA                     COD:149500...............10UN.............340,00...................3.400,00 49 - MESA ACO ACO MAYO BANDEJA INOX - MARCA: PROPRIA                        COD:156655...............02UN.............144,00.....................288,00 VALOR TOTAL:......................................................12.738,00 .                                                                           O PRAZO DE ENTREGA DOS BENS E DE 45 (QUARENTA E CINCO) DIAS CORRIDOS, EM REMESSA UNICA, CONTADOS APOS O RECEBIMENTO DA ORDEM DE ENTREGA OU NOTA DE EMPENHO/AUTORIZAçãO DE FORNECIMENTO E ACOMPANHADOS DOS DOCUMENTOS FISCAIS RESPECTIVOS, DEVE CONTER, OBRIGATORIAMENTE, A ESPECIFICACAO DO ITEM, MARCA DO FABRICANTE E QUANTIDADE ENTREGUE.                                                .                                                                           OS BENS DEVERAO SER ENTREGUES NO ALMOXARIFADO CENTRAL DA SECRETARIA MUNICIPAL DE SAUDE, NO SEGUINTE ENDEREçO: AVENIDA PERIMETRAL NORTE, CONDOMINIO GOIAZEM, BLOCO E, GALPAO 09 E 10, VILA JOAO VAZ, CEP: 74.425-090, GOIANIA.       .                                                                           64 - TRANSFERENCIAS DE RECURSOS DO SUS - ATENCAO ESPECIALIZADA              SOLICITACAO FINANCEIRA: 182299/2026                                         ;Pregão;000900372025
20262150028710021;22/05/2026 00:00:00;3570,00;;;0,00;;;0,00;44905200;EQUIPAMENTOS E MATERIAL PERMANENTE;47094421000192;SECRETARIA MUNICIPAL DE SAUDE;3570,00;SECRETARIA MUNICIPAL DE SAUDE                                                                                                                                                                                                                                ;SAUDE - 10;ASSISTENCIA HOSPITALAR E AMBULATORIAL - 302;TRANSFERENCIA DE RECURSOS DO SISTEMA UNICO DE SAUDE - SUS - BLOCO DE MANUTENCAO DAS ACOES E SERVICOS PUBLICOS DE SAUDE - 107;SETEFARMA INDUSTRIA, COMERCIO, IMPORTACAO E EXPORTACAO DE PR;DESPESA COM AQUISICAO DE MATERIAL PERMANENTE DESTINADO AO CENTRO DE REFERENCIA EM DIAGNOSTICO E TERAPEUTICA - CRDT EM CUMPRIMENTO A ACAO CIVIL PUBLICA 0011940-33.2014.5.18.0005 PROPOSTA PELO MPT - CONFORME DFD 97 (4733138), ETP (4733143), PARECER 195/2024-GERPSR - ITEM: 34                               .                                                                           34 - ESCADA ACO 2 DEGRAUS - MARCA: PROPRIA                                  COD:165077...............30UN.............119,00...................3.570,00 VALOR TOTAL:.......................................................3.570,00 .                                                                           O PRAZO DE ENTREGA DOS BENS E DE 45 (QUARENTA E CINCO) DIAS CORRIDOS, EM REMESSA UNICA, CONTADOS APOS O RECEBIMENTO DA ORDEM DE ENTREGA OU NOTA DE EMPENHO/AUTORIZAçãO DE FORNECIMENTO E ACOMPANHADOS DOS DOCUMENTOS FISCAIS RESPECTIVOS, DEVE CONTER, OBRIGATORIAMENTE, A ESPECIFICACAO DO ITEM, MARCA DO FABRICANTE E QUANTIDADE ENTREGUE.                                                .                                                                           OS BENS DEVERAO SER ENTREGUES NO ALMOXARIFADO CENTRAL DA SECRETARIA MUNICIPAL DE SAUDE, NO SEGUINTE ENDEREçO: AVENIDA PERIMETRAL NORTE, CONDOMINIO GOIAZEM, BLOCO E, GALPAO 09 E 10, VILA JOAO VAZ, CEP: 74.425-090, GOIANIA.       .                                                                           64 - TRANSFERENCIAS DE RECURSOS DO SUS - ATENCAO ESPECIALIZADA              SOLICITACAO FINANCEIRA: 182300/2026                                         ;Pregão;000900372025
20262150028710022;22/05/2026 00:00:00;8393,94;;;0,00;;;0,00;44905200;EQUIPAMENTOS E MATERIAL PERMANENTE;32597474000159;SECRETARIA MUNICIPAL DE SAUDE;8393,94;SECRETARIA MUNICIPAL DE SAUDE                                                                                                                                                                                                                                ;SAUDE - 10;ASSISTENCIA HOSPITALAR E AMBULATORIAL - 302;TRANSFERENCIA DE RECURSOS DO SISTEMA UNICO DE SAUDE - SUS - BLOCO DE MANUTENCAO DAS ACOES E SERVICOS PUBLICOS DE SAUDE - 107;STOKMETAL INDUSTRIA E COMERCIO LTDA;DESPESA COM AQUISICAO DE MATERIAL PERMANENTE DESTINADO AO CENTRO DE REFERENCIA EM DIAGNOSTICO E TERAPEUTICA - CRDT EM CUMPRIMENTO A ACAO CIVIL PUBLICA 0011940-33.2014.5.18.0005 PROPOSTA PELO MPT - CONFORME DFD 97 (4733138), ETP (4733143), PARECER 195/2024-GERPSR                                          .                                                                           25 - CADEIRA FIXA COLETA SANGUE - MARCA: METALIC MEDICAL                    COD:156663...............02UN.............699,47...................1.398,94 45 - MACA CAMA C/COLCHONETE - MARCA: METALIC MEDICAL                        COD:163589...............05UN...........1.399,00...................1.399,00 VALOR TOTAL:.......................................................8.393,94 .                                                                           O PRAZO DE ENTREGA DOS BENS E DE 45 (QUARENTA E CINCO) DIAS CORRIDOS, EM REMESSA UNICA, CONTADOS APOS O RECEBIMENTO DA ORDEM DE ENTREGA OU NOTA DE EMPENHO/AUTORIZAçãO DE FORNECIMENTO E ACOMPANHADOS DOS DOCUMENTOS FISCAIS RESPECTIVOS, DEVE CONTER, OBRIGATORIAMENTE, A ESPECIFICACAO DO ITEM, MARCA DO FABRICANTE E QUANTIDADE ENTREGUE.                                                .                                                                           OS BENS DEVERAO SER ENTREGUES NO ALMOXARIFADO CENTRAL DA SECRETARIA MUNICIPAL DE SAUDE, NO SEGUINTE ENDEREçO: AVENIDA PERIMETRAL NORTE, CONDOMINIO GOIAZEM, BLOCO E, GALPAO 09 E 10, VILA JOAO VAZ, CEP: 74.425-090, GOIANIA.       .                                                                           64 - TRANSFERENCIAS DE RECURSOS DO SUS - ATENCAO ESPECIALIZADA              SOLICITACAO FINANCEIRA: 182301/2026                                         ;Pregão;000900372025
20262150028710023;22/05/2026 00:00:00;8850,00;;;0,00;;;0,00;44905200;EQUIPAMENTOS E MATERIAL PERMANENTE;42753718000107;SECRETARIA MUNICIPAL DE SAUDE;8850,00;SECRETARIA MUNICIPAL DE SAUDE                                                                                                                                                                                                                                ;SAUDE - 10;ASSISTENCIA HOSPITALAR E AMBULATORIAL - 302;TRANSFERENCIA DE RECURSOS DO SISTEMA UNICO DE SAUDE - SUS - BLOCO DE MANUTENCAO DAS ACOES E SERVICOS PUBLICOS DE SAUDE - 107;CASTRO EQUIPAMENTOS LTDA;DESPESA COM AQUISICAO DE MATERIAL PERMANENTE DESTINADO AO CENTRO DE REFERENCIA EM DIAGNOSTICO E TERAPEUTICA - CRDT EM CUMPRIMENTO A ACAO CIVIL PUBLICA 0011940-33.2014.5.18.0005 PROPOSTA PELO MPT - CONFORME DFD 97 (4733138), ETP (4733143), PARECER 195/2024-GERPSR                                          .                                                                           05 - APARELHO AR CONDICIONADO AIR SPLIT PAREDE 24000BTUS - MARCA: MARA      COD:448338...............02UN...........4.425,00...................4.425,00 VALOR TOTAL:.......................................................8.850,00 .                                                                           O PRAZO DE ENTREGA DOS BENS E DE 45 (QUARENTA E CINCO) DIAS CORRIDOS, EM REMESSA UNICA, CONTADOS APOS O RECEBIMENTO DA ORDEM DE ENTREGA OU NOTA DE EMPENHO/AUTORIZAçãO DE FORNECIMENTO E ACOMPANHADOS DOS DOCUMENTOS FISCAIS RESPECTIVOS, DEVE CONTER, OBRIGATORIAMENTE, A ESPECIFICACAO DO ITEM, MARCA DO FABRICANTE E QUANTIDADE ENTREGUE.                                                .                                                                           OS BENS DEVERAO SER ENTREGUES NO ALMOXARIFADO CENTRAL DA SECRETARIA MUNICIPAL DE SAUDE, NO SEGUINTE ENDEREçO: AVENIDA PERIMETRAL NORTE, CONDOMINIO GOIAZEM, BLOCO E, GALPAO 09 E 10, VILA JOAO VAZ, CEP: 74.425-090, GOIANIA.       .                                                                           64 - TRANSFERENCIAS DE RECURSOS DO SUS - ATENCAO ESPECIALIZADA              SOLICITACAO FINANCEIRA: 182302/2026                                         ;Pregão;000900372026
20262150028710024;22/05/2026 00:00:00;10250,00;;;0,00;;;0,00;44905200;EQUIPAMENTOS E MATERIAL PERMANENTE;58701548000149;SECRETARIA MUNICIPAL DE SAUDE;10250,00;SECRETARIA MUNICIPAL DE SAUDE                                                                                                                                                                                                                                ;SAUDE - 10;ASSISTENCIA HOSPITALAR E AMBULATORIAL - 302;TRANSFERENCIA DE RECURSOS DO SISTEMA UNICO DE SAUDE - SUS - BLOCO DE MANUTENCAO DAS ACOES E SERVICOS PUBLICOS DE SAUDE - 107;REI LICITACOES E LOGISTICA LTDA;DESPESA COM AQUISICAO DE MATERIAL PERMANENTE DESTINADO AO CENTRO DE REFERENCIA EM DIAGNOSTICO E TERAPEUTICA - CRDT EM CUMPRIMENTO A ACAO CIVIL PUBLICA 0011940-33.2014.5.18.0005 PROPOSTA PELO MPT - CONFORME DFD 97 (4733138), ETP (4733143), PARECER 195/2024-GERPSR - ITEM: 17                               .                                                                           17 - ARMARIO MADEIRA 2 PORTAS 1,10X0,80X0,50M - MARCA: MARANELLO            COD:271160...............25UN.............410,00..................10.250,00 VALOR TOTAL:......................................................10.250,00 .                                                                           O PRAZO DE ENTREGA DOS BENS E DE 45 (QUARENTA E CINCO) DIAS CORRIDOS, EM REMESSA UNICA, CONTADOS APOS O RECEBIMENTO DA ORDEM DE ENTREGA OU NOTA DE EMPENHO/AUTORIZAçãO DE FORNECIMENTO E ACOMPANHADOS DOS DOCUMENTOS FISCAIS RESPECTIVOS, DEVE CONTER, OBRIGATORIAMENTE, A ESPECIFICACAO DO ITEM, MARCA DO FABRICANTE E QUANTIDADE ENTREGUE.                                                .                                                                           OS BENS DEVERAO SER ENTREGUES NO ALMOXARIFADO CENTRAL DA SECRETARIA MUNICIPAL DE SAUDE, NO SEGUINTE ENDEREçO: AVENIDA PERIMETRAL NORTE, CONDOMINIO GOIAZEM, BLOCO E, GALPAO 09 E 10, VILA JOAO VAZ, CEP: 74.425-090, GOIANIA.       .                                                                           64 - TRANSFERENCIAS DE RECURSOS DO SUS - ATENCAO ESPECIALIZADA              SOLICITACAO FINANCEIRA: 182303/2026                                         ;Pregão;000900372025
20262150028710025;22/05/2026 00:00:00;8870,00;;;0,00;;;0,00;44905200;EQUIPAMENTOS E MATERIAL PERMANENTE;58701548000149;SECRETARIA MUNICIPAL DE SAUDE;8870,00;SECRETARIA MUNICIPAL DE SAUDE                                                                                                                                                                                                                                ;SAUDE - 10;ASSISTENCIA HOSPITALAR E AMBULATORIAL - 302;TRANSFERENCIA DE RECURSOS DO SISTEMA UNICO DE SAUDE - SUS - BLOCO DE MANUTENCAO DAS ACOES E SERVICOS PUBLICOS DE SAUDE - 107;REI LICITACOES E LOGISTICA LTDA;DESPESA COM AQUISICAO DE MATERIAL PERMANENTE DESTINADO AO CENTRO DE REFERENCIA EM DIAGNOSTICO E TERAPEUTICA - CRDT EM CUMPRIMENTO A ACAO CIVIL PUBLICA 0011940-33.2014.5.18.0005 PROPOSTA PELO MPT - CONFORME DFD 97 (4733138), ETP (4733143), PARECER 195/2024-GERPSR - ITEM: 52                               .                                                                           52 - MESA MADEIRA TIPO L 1,40MX60CM - MARCA: MARANELLO                      COD:390593...............05UN...........1.774,00...................8.870,00 VALOR TOTAL:.......................................................8.870,00 .                                                                           O PRAZO DE ENTREGA DOS BENS E DE 45 (QUARENTA E CINCO) DIAS CORRIDOS, EM REMESSA UNICA, CONTADOS APOS O RECEBIMENTO DA ORDEM DE ENTREGA OU NOTA DE EMPENHO/AUTORIZAçãO DE FORNECIMENTO E ACOMPANHADOS DOS DOCUMENTOS FISCAIS RESPECTIVOS, DEVE CONTER, OBRIGATORIAMENTE, A ESPECIFICACAO DO ITEM, MARCA DO FABRICANTE E QUANTIDADE ENTREGUE.                                                .                                                                           OS BENS DEVERAO SER ENTREGUES NO ALMOXARIFADO CENTRAL DA SECRETARIA MUNICIPAL DE SAUDE, NO SEGUINTE ENDEREçO: AVENIDA PERIMETRAL NORTE, CONDOMINIO GOIAZEM, BLOCO E, GALPAO 09 E 10, VILA JOAO VAZ, CEP: 74.425-090, GOIANIA.       .                                                                           64 - TRANSFERENCIAS DE RECURSOS DO SUS - ATENCAO ESPECIALIZADA              SOLICITACAO FINANCEIRA: 182304/2026                                         ;Pregão;000900372025
20262150028710026;22/05/2026 00:00:00;48000,00;;;0,00;;;0,00;44905200;EQUIPAMENTOS E MATERIAL PERMANENTE;31408827000162;SECRETARIA MUNICIPAL DE SAUDE;48000,00;SECRETARIA MUNICIPAL DE SAUDE                                                                                                                                                                                                                                ;SAUDE - 10;ASSISTENCIA HOSPITALAR E AMBULATORIAL - 302;TRANSFERENCIA DE RECURSOS DO SISTEMA UNICO DE SAUDE - SUS - BLOCO DE MANUTENCAO DAS ACOES E SERVICOS PUBLICOS DE SAUDE - 107;FLEX MOBILY SOLUCOES PARA ESCRITORIO LTDA;DESPESA COM AQUISICAO DE MATERIAL PERMANENTE DESTINADO AO CENTRO DE REFERENCIA EM DIAGNOSTICO E TERAPEUTICA - CRDT EM CUMPRIMENTO A ACAO CIVIL PUBLICA 0011940-33.2014.5.18.0005 PROPOSTA PELO MPT - CONFORME DFD 97 (4733138), ETP (4733143), PARECER 195/2024-GERPSR                                          .                                                                           18 - ARMARIO MADEIRA 2 PORTAS ALTO 1,60X0,80X0,50M - MARCA:MOTIVA           COD:292524...............30UN...........1.600,00..................48.000,00 VALOR TOTAL:......................................................48.000,00 .                                                                           O PRAZO DE ENTREGA DOS BENS E DE 45 (QUARENTA E CINCO) DIAS CORRIDOS, EM REMESSA UNICA, CONTADOS APOS O RECEBIMENTO DA ORDEM DE ENTREGA OU NOTA DE EMPENHO/AUTORIZAçãO DE FORNECIMENTO E ACOMPANHADOS DOS DOCUMENTOS FISCAIS RESPECTIVOS, DEVE CONTER, OBRIGATORIAMENTE, A ESPECIFICACAO DO ITEM, MARCA DO FABRICANTE E QUANTIDADE ENTREGUE.                                                .                                                                           OS BENS DEVERAO SER ENTREGUES NO ALMOXARIFADO CENTRAL DA SECRETARIA MUNICIPAL DE SAUDE, NO SEGUINTE ENDEREçO: AVENIDA PERIMETRAL NORTE, CONDOMINIO GOIAZEM, BLOCO E, GALPAO 09 E 10, VILA JOAO VAZ, CEP: 74.425-090, GOIANIA.       .                                                                           64 - TRANSFERENCIAS DE RECURSOS DO SUS - ATENCAO ESPECIALIZADA              SOLICITACAO FINANCEIRA: 182305/2026                                         ;Pregão;000900372025
20262150028710027;22/05/2026 00:00:00;6670,00;;;0,00;;;0,00;44905200;EQUIPAMENTOS E MATERIAL PERMANENTE;59603835000189;SECRETARIA MUNICIPAL DE SAUDE;6670,00;SECRETARIA MUNICIPAL DE SAUDE                                                                                                                                                                                                                                ;SAUDE - 10;ASSISTENCIA HOSPITALAR E AMBULATORIAL - 302;TRANSFERENCIA DE RECURSOS DO SISTEMA UNICO DE SAUDE - SUS - BLOCO DE MANUTENCAO DAS ACOES E SERVICOS PUBLICOS DE SAUDE - 107;MG GROUP CORPORATE LIMITADA;DESPESA COM AQUISICAO DE MATERIAL PERMANENTE DESTINADO AO CENTRO DE REFERENCIA EM DIAGNOSTICO E TERAPEUTICA - CRDT EM CUMPRIMENTO A ACAO CIVIL PUBLICA 0011940-33.2014.5.18.0005 PROPOSTA PELO MPT - CONFORME DFD 97 (4733138), ETP (4733143), PARECER 195/2024-GERPSR                                          .                                                                           28 - CADEIRA GIRATORIA ERGONOMICA ALTA - MARCA: PLAXMETAL                   COD:653098...............10UN.............667,00...................6.670,00 VALOR TOTAL:.......................................................6.670,00 .                                                                           O PRAZO DE ENTREGA DOS BENS E DE 45 (QUARENTA E CINCO) DIAS CORRIDOS, EM REMESSA UNICA, CONTADOS APOS O RECEBIMENTO DA ORDEM DE ENTREGA OU NOTA DE EMPENHO/AUTORIZAçãO DE FORNECIMENTO E ACOMPANHADOS DOS DOCUMENTOS FISCAIS RESPECTIVOS, DEVE CONTER, OBRIGATORIAMENTE, A ESPECIFICACAO DO ITEM, MARCA DO FABRICANTE E QUANTIDADE ENTREGUE.                                                .                                                                           OS BENS DEVERAO SER ENTREGUES NO ALMOXARIFADO CENTRAL DA SECRETARIA MUNICIPAL DE SAUDE, NO SEGUINTE ENDEREçO: AVENIDA PERIMETRAL NORTE, CONDOMINIO GOIAZEM, BLOCO E, GALPAO 09 E 10, VILA JOAO VAZ, CEP: 74.425-090, GOIANIA.       .                                                                           64 - TRANSFERENCIAS DE RECURSOS DO SUS - ATENCAO ESPECIALIZADA              SOLICITACAO FINANCEIRA: 182306/2026                                         ;Pregão;000900372025
20262150028710028;22/05/2026 00:00:00;5510,00;;;0,00;;;0,00;44905200;EQUIPAMENTOS E MATERIAL PERMANENTE;54469120000161;SECRETARIA MUNICIPAL DE SAUDE;5510,00;SECRETARIA MUNICIPAL DE SAUDE                                                                                                                                                                                                                                ;SAUDE - 10;ASSISTENCIA HOSPITALAR E AMBULATORIAL - 302;TRANSFERENCIA DE RECURSOS DO SISTEMA UNICO DE SAUDE - SUS - BLOCO DE MANUTENCAO DAS ACOES E SERVICOS PUBLICOS DE SAUDE - 107;RJN COMERCIO DE MAQUINAS, APARELHOS E EQUIPAMENTOS LTDA;DESPESA COM AQUISICAO DE MATERIAL PERMANENTE DESTINADO AO CENTRO DE REFERENCIA EM DIAGNOSTICO E TERAPEUTICA - CRDT EM CUMPRIMENTO A ACAO CIVIL PUBLICA 0011940-33.2014.5.18.0005 PROPOSTA PELO MPT - CONFORME DFD 97 (4733138), ETP (4733143), PARECER 195/2024-GERPSR                                          .                                                                           31 - CARRO EMERGENCIA - MARCA: KSS                                          COD:377961...............01UN...........5.510,00...................5.510,00 VALOR TOTAL:.......................................................5.510,00 .                                                                           O PRAZO DE ENTREGA DOS BENS E DE 45 (QUARENTA E CINCO) DIAS CORRIDOS, EM REMESSA UNICA, CONTADOS APOS O RECEBIMENTO DA ORDEM DE ENTREGA OU NOTA DE EMPENHO/AUTORIZAçãO DE FORNECIMENTO E ACOMPANHADOS DOS DOCUMENTOS FISCAIS RESPECTIVOS, DEVE CONTER, OBRIGATORIAMENTE, A ESPECIFICACAO DO ITEM, MARCA DO FABRICANTE E QUANTIDADE ENTREGUE.                                                .                                                                           OS BENS DEVERAO SER ENTREGUES NO ALMOXARIFADO CENTRAL DA SECRETARIA MUNICIPAL DE SAUDE, NO SEGUINTE ENDEREçO: AVENIDA PERIMETRAL NORTE, CONDOMINIO GOIAZEM, BLOCO E, GALPAO 09 E 10, VILA JOAO VAZ, CEP: 74.425-090, GOIANIA.       .                                                                           64 - TRANSFERENCIAS DE RECURSOS DO SUS - ATENCAO ESPECIALIZADA              SOLICITACAO FINANCEIRA: 182307/2026                                         ;Pregão;000900372025
20262150028710029;22/05/2026 00:00:00;22000,00;;;0,00;;;0,00;44905200;EQUIPAMENTOS E MATERIAL PERMANENTE;24912303000149;SECRETARIA MUNICIPAL DE SAUDE;22000,00;SECRETARIA MUNICIPAL DE SAUDE                                                                                                                                                                                                                                ;SAUDE - 10;ASSISTENCIA HOSPITALAR E AMBULATORIAL - 302;TRANSFERENCIA DE RECURSOS DO SISTEMA UNICO DE SAUDE - SUS - BLOCO DE MANUTENCAO DAS ACOES E SERVICOS PUBLICOS DE SAUDE - 107;M V R DE SOUZA COMERCIO ATACADISTA LTDA;DESPESA COM AQUISICAO DE MATERIAL PERMANENTE DESTINADO AO CENTRO DE REFERENCIA EM DIAGNOSTICO E TERAPEUTICA - CRDT EM CUMPRIMENTO A ACAO CIVIL PUBLICA 0011940-33.2014.5.18.0005 PROPOSTA PELO MPT - CONFORME DFD 97 (4733138), ETP (4733143), PARECER 195/2024-GERPSR                                          .                                                                           32 - DESFIBRILADOR CARDIOVERSOR, PORTATIL BIFASICO, SEMI AUTOMATICO         MARCA: CMOSDRAKE                                                            COD:612600...............01UN..........22.000,00..................22.000,00 VALOR TOTAL:......................................................22.000,00 .                                                                           O PRAZO DE ENTREGA DOS BENS E DE 45 (QUARENTA E CINCO) DIAS CORRIDOS, EM REMESSA UNICA, CONTADOS APOS O RECEBIMENTO DA ORDEM DE ENTREGA OU NOTA DE EMPENHO/AUTORIZAçãO DE FORNECIMENTO E ACOMPANHADOS DOS DOCUMENTOS FISCAIS RESPECTIVOS, DEVE CONTER, OBRIGATORIAMENTE, A ESPECIFICACAO DO ITEM, MARCA DO FABRICANTE E QUANTIDADE ENTREGUE.                                                .                                                                           OS BENS DEVERAO SER ENTREGUES NO ALMOXARIFADO CENTRAL DA SECRETARIA MUNICIPAL DE SAUDE, NO SEGUINTE ENDEREçO: AVENIDA PERIMETRAL NORTE, CONDOMINIO GOIAZEM, BLOCO E, GALPAO 09 E 10, VILA JOAO VAZ, CEP: 74.425-090, GOIANIA.       .                                                                           64 - TRANSFERENCIAS DE RECURSOS DO SUS - ATENCAO ESPECIALIZADA              SOLICITACAO FINANCEIRA: 182308/2026                                         ;Pregão;000900372025
20262150028710030;22/05/2026 00:00:00;6605,40;;;0,00;;;0,00;44905200;EQUIPAMENTOS E MATERIAL PERMANENTE;32893283000134;SECRETARIA MUNICIPAL DE SAUDE;6605,40;SECRETARIA MUNICIPAL DE SAUDE                                                                                                                                                                                                                                ;SAUDE - 10;ASSISTENCIA HOSPITALAR E AMBULATORIAL - 302;TRANSFERENCIA DE RECURSOS DO SISTEMA UNICO DE SAUDE - SUS - BLOCO DE MANUTENCAO DAS ACOES E SERVICOS PUBLICOS DE SAUDE - 107;MARTINS HOSPITALAR INDUSTRIA E COMERCIO EIRELI;DESPESA COM AQUISICAO DE MATERIAL PERMANENTE DESTINADO AO CENTRO DE REFERENCIA EM DIAGNOSTICO E TERAPEUTICA - CRDT EM CUMPRIMENTO A ACAO CIVIL PUBLICA 0011940-33.2014.5.18.0005 PROPOSTA PELO MPT - CONFORME DFD 97 (4733138), ETP (4733143), PARECER 195/2024-GERPSR                                          .                                                                           41 - GAVETEIRO MADEIRA VOLANTE 3 GAVETAS - MARCA: CASA MARTINS IN           COD:599816...............10UN.............660,54...................6.605,40 VALOR TOTAL:.......................................................6.605,40 .                                                                           O PRAZO DE ENTREGA DOS BENS E DE 45 (QUARENTA E CINCO) DIAS CORRIDOS, EM REMESSA UNICA, CONTADOS APOS O RECEBIMENTO DA ORDEM DE ENTREGA OU NOTA DE EMPENHO/AUTORIZAçãO DE FORNECIMENTO E ACOMPANHADOS DOS DOCUMENTOS FISCAIS RESPECTIVOS, DEVE CONTER, OBRIGATORIAMENTE, A ESPECIFICACAO DO ITEM, MARCA DO FABRICANTE E QUANTIDADE ENTREGUE.                                                .                                                                           OS BENS DEVERAO SER ENTREGUES NO ALMOXARIFADO CENTRAL DA SECRETARIA MUNICIPAL DE SAUDE, NO SEGUINTE ENDEREçO: AVENIDA PERIMETRAL NORTE, CONDOMINIO GOIAZEM, BLOCO E, GALPAO 09 E 10, VILA JOAO VAZ, CEP: 74.425-090, GOIANIA.       .                                                                           64 - TRANSFERENCIAS DE RECURSOS DO SUS - ATENCAO ESPECIALIZADA              SOLICITACAO FINANCEIRA: 182309/2026                                         ;Pregão;000900372025
20262150028710031;22/05/2026 00:00:00;5995,00;;;0,00;;;0,00;44905200;EQUIPAMENTOS E MATERIAL PERMANENTE;57838852000170;SECRETARIA MUNICIPAL DE SAUDE;5995,00;SECRETARIA MUNICIPAL DE SAUDE                                                                                                                                                                                                                                ;SAUDE - 10;ASSISTENCIA HOSPITALAR E AMBULATORIAL - 302;TRANSFERENCIA DE RECURSOS DO SISTEMA UNICO DE SAUDE - SUS - BLOCO DE MANUTENCAO DAS ACOES E SERVICOS PUBLICOS DE SAUDE - 107;HIGH COMERCIO DE ARTIGOS DESCARTAVEIS LTDA;DESPESA COM AQUISICAO DE MATERIAL PERMANENTE DESTINADO AO CENTRO DE REFERENCIA EM DIAGNOSTICO E TERAPEUTICA - CRDT EM CUMPRIMENTO A ACAO CIVIL PUBLICA 0011940-33.2014.5.18.0005 PROPOSTA PELO MPT - CONFORME DFD 97 (4733138), ETP (4733143), PARECER 195/2024-GERPSR                                          .                                                                           43 - LIXEIRA ACO INOXIDAVEL C/PEDAL 12 L - MARCA: MOR AGATA                 COD:573710...............50UN.............119,90...................5.995,00 VALOR TOTAL:.......................................................5.995,00 .                                                                           O PRAZO DE ENTREGA DOS BENS E DE 45 (QUARENTA E CINCO) DIAS CORRIDOS, EM REMESSA UNICA, CONTADOS APOS O RECEBIMENTO DA ORDEM DE ENTREGA OU NOTA DE EMPENHO/AUTORIZAçãO DE FORNECIMENTO E ACOMPANHADOS DOS DOCUMENTOS FISCAIS RESPECTIVOS, DEVE CONTER, OBRIGATORIAMENTE, A ESPECIFICACAO DO ITEM, MARCA DO FABRICANTE E QUANTIDADE ENTREGUE.                                                .                                                                           OS BENS DEVERAO SER ENTREGUES NO ALMOXARIFADO CENTRAL DA SECRETARIA MUNICIPAL DE SAUDE, NO SEGUINTE ENDEREçO: AVENIDA PERIMETRAL NORTE, CONDOMINIO GOIAZEM, BLOCO E, GALPAO 09 E 10, VILA JOAO VAZ, CEP: 74.425-090, GOIANIA.       .                                                                           64 - TRANSFERENCIAS DE RECURSOS DO SUS - ATENCAO ESPECIALIZADA              SOLICITACAO FINANCEIRA: 182310/2026                                         ;Pregão;000900372025
20262150028710032;22/05/2026 00:00:00;26024,35;;;0,00;;;0,00;44905200;EQUIPAMENTOS E MATERIAL PERMANENTE;19639940000315;SECRETARIA MUNICIPAL DE SAUDE;26024,35;SECRETARIA MUNICIPAL DE SAUDE                                                                                                                                                                                                                                ;SAUDE - 10;ASSISTENCIA HOSPITALAR E AMBULATORIAL - 302;TRANSFERENCIA DE RECURSOS DO SISTEMA UNICO DE SAUDE - SUS - BLOCO DE MANUTENCAO DAS ACOES E SERVICOS PUBLICOS DE SAUDE - 107;TCJM DISTRIBUIDORA E IMPORTADORA LTDA;EM, BLOCO E, GALPAO 09 E 10, VILA JOAO VAZ, CEP: 74.425-090, GOIANIA.       .                                                                           64 - TRANSFERENCIAS DE RECURSOS DO SUS - ATENCAO ESPECIALIZADA              SOLICITACAO FINANCEIRA: 182311/2026                                         DESPESA COM AQUISICAO DE MATERIAL PERMANENTE DESTINADO AO CENTRO DE REFERENCIA EM DIAGNOSTICO E TERAPEUTICA - CRDT EM CUMPRIMENTO A ACAO CIVIL PUBLICA 0011940-33.2014.5.18.0005 PROPOSTA PELO MPT - CONFORME DFD 97 (4733138), ETP (4733143), PARECER 195/2024-GERPSR                                          .                                                                           46 - MACA TRANSPORTE TRANSPORTE - MARCA: ALP                                COD:453498...............11UN...........2.365,85..................26.024,35 VALOR TOTAL:......................................................26.024,35 .                                                                           O PRAZO DE ENTREGA DOS BENS E DE 45 (QUARENTA E CINCO) DIAS CORRIDOS, EM REMESSA UNICA, CONTADOS APOS O RECEBIMENTO DA ORDEM DE ENTREGA OU NOTA DE EMPENHO/AUTORIZAçãO DE FORNECIMENTO E ACOMPANHADOS DOS DOCUMENTOS FISCAIS RESPECTIVOS, DEVE CONTER, OBRIGATORIAMENTE, A ESPECIFICACAO DO ITEM, MARCA DO FABRICANTE E QUANTIDADE ENTREGUE.                                                .                                                                           OS BENS DEVERAO SER ENTREGUES NO ALMOXARIFADO CENTRAL DA SECRETARIA MUNICIPAL DE SAUDE, NO SEGUINTE ENDEREçO: AVENIDA PERIMETRAL NORTE, CONDOMINIO GOIAZ;Pregão;000900372025
20262150028710033;22/05/2026 00:00:00;599,90;;;0,00;;;0,00;44905200;EQUIPAMENTOS E MATERIAL PERMANENTE;41932099000147;SECRETARIA MUNICIPAL DE SAUDE;599,90;SECRETARIA MUNICIPAL DE SAUDE                                                                                                                                                                                                                                ;SAUDE - 10;ASSISTENCIA HOSPITALAR E AMBULATORIAL - 302;TRANSFERENCIA DE RECURSOS DO SISTEMA UNICO DE SAUDE - SUS - BLOCO DE MANUTENCAO DAS ACOES E SERVICOS PUBLICOS DE SAUDE - 107;PMI BRASIL IMPORTADORA E EXPORTADORA DE PRODUTOS PARA SAUDE;011940-33.2014.5.18.0005 PROPOSTA PELO MPT - CONFORME DFD 97 (4733138), ETP (4733143), PARECER 195/2024-GERPSR                                          .                                                                           47 - MARTELO BORRACHA NEUROLOGICO - MARCA: MD                               COD:473022...............10UN..............59,99.....................599,90 VALOR TOTAL:.........................................................599,90 .                                                                           O PRAZO DE ENTREGA DOS BENS E DE 45 (QUARENTA E CINCO) DIAS CORRIDOS, EM REMESSA UNICA, CONTADOS APOS O RECEBIMENTO DA ORDEM DE ENTREGA OU NOTA DE EMPENHO/AUTORIZAçãO DE FORNECIMENTO E ACOMPANHADOS DOS DOCUMENTOS FISCAIS RESPECTIVOS, DEVE CONTER, OBRIGATORIAMENTE, A ESPECIFICACAO DO ITEM, MARCA DO FABRICANTE E QUANTIDADE ENTREGUE.                                                .                                                                           OS BENS DEVERAO SER ENTREGUES NO ALMOXARIFADO CENTRAL DA SECRETARIA MUNICIPAL DE SAUDE, NO SEGUINTE ENDEREçO: AVENIDA PERIMETRAL NORTE, CONDOMINIO GOIAZEM, BLOCO E, GALPAO 09 E 10, VILA JOAO VAZ, CEP: 74.425-090, GOIANIA.       .                                                                           64 - TRANSFERENCIAS DE RECURSOS DO SUS - ATENCAO ESPECIALIZADA              SOLICITACAO FINANCEIRA: 182312/2026                                         DESPESA COM AQUISICAO DE MATERIAL PERMANENTE DESTINADO AO CENTRO DE REFERENCIA EM DIAGNOSTICO E TERAPEUTICA - CRDT EM CUMPRIMENTO A ACAO CIVIL PUBLICA 0;Pregão;000900372025
20262150028710034;22/05/2026 00:00:00;44955,00;;;0,00;;;0,00;44905200;EQUIPAMENTOS E MATERIAL PERMANENTE;61331581000139;SECRETARIA MUNICIPAL DE SAUDE;44955,00;SECRETARIA MUNICIPAL DE SAUDE                                                                                                                                                                                                                                ;SAUDE - 10;ASSISTENCIA HOSPITALAR E AMBULATORIAL - 302;TRANSFERENCIA DE RECURSOS DO SISTEMA UNICO DE SAUDE - SUS - BLOCO DE MANUTENCAO DAS ACOES E SERVICOS PUBLICOS DE SAUDE - 107;2WE CORPORATIVOS LTDA;DESPESA COM AQUISICAO DE MATERIAL PERMANENTE DESTINADO AO CENTRO DE REFERENCIA EM DIAGNOSTICO E TERAPEUTICA - CRDT EM CUMPRIMENTO A ACAO CIVIL PUBLICA 0011940-33.2014.5.18.0005 PROPOSTA PELO MPT - CONFORME DFD 97 (4733138), ETP (4733143), PARECER 195/2024-GERPSR - ITEM: 50                               .                                                                           50 - MESA MADEIRA 2 GAVETAS 120X60X74CM - MARCA: MARZO VITORINO             COD:169625...............45UN.............999,00..................44.955,00 VALOR TOTAL:......................................................44.955,00 .                                                                           O PRAZO DE ENTREGA DOS BENS E DE 45 (QUARENTA E CINCO) DIAS CORRIDOS, EM REMESSA UNICA, CONTADOS APOS O RECEBIMENTO DA ORDEM DE ENTREGA OU NOTA DE EMPENHO/AUTORIZAçãO DE FORNECIMENTO E ACOMPANHADOS DOS DOCUMENTOS FISCAIS RESPECTIVOS, DEVE CONTER, OBRIGATORIAMENTE, A ESPECIFICACAO DO ITEM, MARCA DO FABRICANTE E QUANTIDADE ENTREGUE.                                                .                                                                           OS BENS DEVERAO SER ENTREGUES NO ALMOXARIFADO CENTRAL DA SECRETARIA MUNICIPAL DE SAUDE, NO SEGUINTE ENDEREçO: AVENIDA PERIMETRAL NORTE, CONDOMINIO GOIAZEM, BLOCO E, GALPAO 09 E 10, VILA JOAO VAZ, CEP: 74.425-090, GOIANIA.       .                                                                           64 - TRANSFERENCIAS DE RECURSOS DO SUS - ATENCAO ESPECIALIZADA              SOLICITACAO FINANCEIRA: 182313/2026                                         ;Pregão;000900372025
20262150028710035;22/05/2026 00:00:00;6000,00;;;0,00;;;0,00;44905200;EQUIPAMENTOS E MATERIAL PERMANENTE;61331581000139;SECRETARIA MUNICIPAL DE SAUDE;6000,00;SECRETARIA MUNICIPAL DE SAUDE                                                                                                                                                                                                                                ;SAUDE - 10;ASSISTENCIA HOSPITALAR E AMBULATORIAL - 302;TRANSFERENCIA DE RECURSOS DO SISTEMA UNICO DE SAUDE - SUS - BLOCO DE MANUTENCAO DAS ACOES E SERVICOS PUBLICOS DE SAUDE - 107;2WE CORPORATIVOS LTDA;DESPESA COM AQUISICAO DE MATERIAL PERMANENTE DESTINADO AO CENTRO DE REFERENCIA EM DIAGNOSTICO E TERAPEUTICA - CRDT EM CUMPRIMENTO A ACAO CIVIL PUBLICA 0011940-33.2014.5.18.0005 PROPOSTA PELO MPT - CONFORME DFD 97 (4733138), ETP (4733143), PARECER 195/2024-GERPSR - ITEM: 57                               .                                                                           57 - PRATELEIRA ACO 6 DIVISORIAS - MARCA: NOBRE                             COD:233587...............20UN.............300,00...................6.000,00 VALOR TOTAL:.......................................................6.000,00 .                                                                           O PRAZO DE ENTREGA DOS BENS E DE 45 (QUARENTA E CINCO) DIAS CORRIDOS, EM REMESSA UNICA, CONTADOS APOS O RECEBIMENTO DA ORDEM DE ENTREGA OU NOTA DE EMPENHO/AUTORIZAçãO DE FORNECIMENTO E ACOMPANHADOS DOS DOCUMENTOS FISCAIS RESPECTIVOS, DEVE CONTER, OBRIGATORIAMENTE, A ESPECIFICACAO DO ITEM, MARCA DO FABRICANTE E QUANTIDADE ENTREGUE.                                                .                                                                           OS BENS DEVERAO SER ENTREGUES NO ALMOXARIFADO CENTRAL DA SECRETARIA MUNICIPAL DE SAUDE, NO SEGUINTE ENDEREçO: AVENIDA PERIMETRAL NORTE, CONDOMINIO GOIAZEM, BLOCO E, GALPAO 09 E 10, VILA JOAO VAZ, CEP: 74.425-090, GOIANIA.       .                                                                           64 - TRANSFERENCIAS DE RECURSOS DO SUS - ATENCAO ESPECIALIZADA              SOLICITACAO FINANCEIRA: 182314/2026                                         ;Pregão;000900372025
20262150028710036;22/05/2026 00:00:00;181524,00;;;0,00;;;0,00;44905200;EQUIPAMENTOS E MATERIAL PERMANENTE;24675507000103;SECRETARIA MUNICIPAL DE SAUDE;181524,00;SECRETARIA MUNICIPAL DE SAUDE                                                                                                                                                                                                                                ;SAUDE - 10;ASSISTENCIA HOSPITALAR E AMBULATORIAL - 302;TRANSFERENCIA DE RECURSOS DO SISTEMA UNICO DE SAUDE - SUS - BLOCO DE MANUTENCAO DAS ACOES E SERVICOS PUBLICOS DE SAUDE - 107;MICROFORT INFORMTICA LTDA;"DESPESA COM AQUISICAO DE MATERIAL PERMANENTE DESTINADO AO CENTRO DE REFERENCIA EM DIAGNOSTICO E TERAPEUTICA - CRDT EM CUMPRIMENTO A ACAO CIVIL PUBLICA 0011940-33.2014.5.18.0005 PROPOSTA PELO MPT - CONFORME DFD 97 (4733138), ETP (4733143), PARECER 195/2024-GERPSR                                          .                                                                           54 - MICROCOMPUTADOR PADRAO - MARCA: POSITIVO                               COD:258563...............48UN...........3.280,89.................157.482,72 55 - MONITOR VIDEO 20"" LED - MARCA: PC FORT                                 COD:577790...............48UN.............500,86..................24.041,28 VALOR TOTAL:.....................................................181.524,00 .                                                                           O PRAZO DE ENTREGA DOS BENS E DE 45 (QUARENTA E CINCO) DIAS CORRIDOS, EM REMESSA UNICA, CONTADOS APOS O RECEBIMENTO DA ORDEM DE ENTREGA OU NOTA DE EMPENHO/AUTORIZAçãO DE FORNECIMENTO E ACOMPANHADOS DOS DOCUMENTOS FISCAIS RESPECTIVOS, DEVE CONTER, OBRIGATORIAMENTE, A ESPECIFICACAO DO ITEM, MARCA DO FABRICANTE E QUANTIDADE ENTREGUE.                                                .                                                                           OS BENS DEVERAO SER ENTREGUES NO ALMOXARIFADO CENTRAL DA SECRETARIA MUNICIPAL DE SAUDE, NO SEGUINTE ENDEREçO: AVENIDA PERIMETRAL NORTE, CONDOMINIO GOIAZEM, BLOCO E, GALPAO 09 E 10, VILA JOAO VAZ, CEP: 74.425-090, GOIANIA.       .                                                                           64 - TRANSFERENCIAS DE RECURSOS DO SUS - ATENCAO ESPECIALIZADA              SOLICITACAO FINANCEIRA: 182315/2026                                         ";Pregão;000900372025
20262150028710037;22/05/2026 00:00:00;11750,00;;;0,00;;;0,00;44905200;EQUIPAMENTOS E MATERIAL PERMANENTE;32691514000127;SECRETARIA MUNICIPAL DE SAUDE;11750,00;SECRETARIA MUNICIPAL DE SAUDE                                                                                                                                                                                                                                ;SAUDE - 10;ASSISTENCIA HOSPITALAR E AMBULATORIAL - 302;TRANSFERENCIA DE RECURSOS DO SISTEMA UNICO DE SAUDE - SUS - BLOCO DE MANUTENCAO DAS ACOES E SERVICOS PUBLICOS DE SAUDE - 107;2M COMRCIO DE ELETROELETRNICOS LTDA;DESPESA COM AQUISICAO DE MATERIAL PERMANENTE DESTINADO AO CENTRO DE REFERENCIA EM DIAGNOSTICO E TERAPEUTICA - CRDT EM CUMPRIMENTO A ACAO CIVIL PUBLICA 0011940-33.2014.5.18.0005 PROPOSTA PELO MPT - CONFORME DFD 97 (4733138), ETP (4733143), PARECER 195/2024-GERPSR                                          .                                                                           59 - REFRIGERADOR 2 PORTAS - MARCA: MIDEA                                   COD:357677...............05UN...........2.350,00..................11.750,00 VALOR TOTAL:......................................................11.750,00 .                                                                           O PRAZO DE ENTREGA DOS BENS E DE 45 (QUARENTA E CINCO) DIAS CORRIDOS, EM REMESSA UNICA, CONTADOS APOS O RECEBIMENTO DA ORDEM DE ENTREGA OU NOTA DE EMPENHO/AUTORIZAçãO DE FORNECIMENTO E ACOMPANHADOS DOS DOCUMENTOS FISCAIS RESPECTIVOS, DEVE CONTER, OBRIGATORIAMENTE, A ESPECIFICACAO DO ITEM, MARCA DO FABRICANTE E QUANTIDADE ENTREGUE.                                                .                                                                           OS BENS DEVERAO SER ENTREGUES NO ALMOXARIFADO CENTRAL DA SECRETARIA MUNICIPAL DE SAUDE, NO SEGUINTE ENDEREçO: AVENIDA PERIMETRAL NORTE, CONDOMINIO GOIAZEM, BLOCO E, GALPAO 09 E 10, VILA JOAO VAZ, CEP: 74.425-090, GOIANIA.       .                                                                           64 - TRANSFERENCIAS DE RECURSOS DO SUS - ATENCAO ESPECIALIZADA              SOLICITACAO FINANCEIRA: 182316/2026                                         ;Pregão;000900372025
20262150028710038;22/05/2026 00:00:00;945,00;;;0,00;;;0,00;44905200;EQUIPAMENTOS E MATERIAL PERMANENTE;47646580000152;SECRETARIA MUNICIPAL DE SAUDE;945,00;SECRETARIA MUNICIPAL DE SAUDE                                                                                                                                                                                                                                ;SAUDE - 10;ASSISTENCIA HOSPITALAR E AMBULATORIAL - 302;TRANSFERENCIA DE RECURSOS DO SISTEMA UNICO DE SAUDE - SUS - BLOCO DE MANUTENCAO DAS ACOES E SERVICOS PUBLICOS DE SAUDE - 107;FRANCIELE ELETRO LTDA;DESPESA COM AQUISICAO DE MATERIAL PERMANENTE DESTINADO AO CENTRO DE REFERENCIA EM DIAGNOSTICO E TERAPEUTICA - CRDT EM CUMPRIMENTO A ACAO CIVIL PUBLICA 0011940-33.2014.5.18.0005 PROPOSTA PELO MPT - CONFORME DFD 97 (4733138), ETP (4733143), PARECER 195/2024-GERPSR                                          .                                                                           60 - REFRIGERADOR FRIGOBAR - MARCA: HQ                                      COD:233811...............01UN.............945,00.....................945,00 VALOR TOTAL:.........................................................945,00 .                                                                           O PRAZO DE ENTREGA DOS BENS E DE 45 (QUARENTA E CINCO) DIAS CORRIDOS, EM REMESSA UNICA, CONTADOS APOS O RECEBIMENTO DA ORDEM DE ENTREGA OU NOTA DE EMPENHO/AUTORIZAçãO DE FORNECIMENTO E ACOMPANHADOS DOS DOCUMENTOS FISCAIS RESPECTIVOS, DEVE CONTER, OBRIGATORIAMENTE, A ESPECIFICACAO DO ITEM, MARCA DO FABRICANTE E QUANTIDADE ENTREGUE.                                                .                                                                           OS BENS DEVERAO SER ENTREGUES NO ALMOXARIFADO CENTRAL DA SECRETARIA MUNICIPAL DE SAUDE, NO SEGUINTE ENDEREçO: AVENIDA PERIMETRAL NORTE, CONDOMINIO GOIAZEM, BLOCO E, GALPAO 09 E 10, VILA JOAO VAZ, CEP: 74.425-090, GOIANIA.       .                                                                           64 - TRANSFERENCIAS DE RECURSOS DO SUS - ATENCAO ESPECIALIZADA              SOLICITACAO FINANCEIRA: 182317/2026                                         ;Pregão;000900372025
20262150031910013;05/05/2026 00:00:00;5760,00;;;0,00;;;0,00;33903000;MATERIAL DE CONSUMO;26457348000104;SECRETARIA MUNICIPAL DE SAUDE;0,00;SECRETARIA MUNICIPAL DE SAUDE                                                                                                                                                                                                                                ;SAUDE - 10;SUPORTE PROFILATICO E TERAPEUTICO - 303;TRANSFERENCIA DE RECURSOS DO SISTEMA UNICO DE SAUDE - SUS - BLOCO DE MANUTENCAO DAS ACOES E SERVICOS PUBLICOS DE SAUDE - 107;C. A HOSPITALAR EIRELI;"PARCELA PODERA SER ADIANTADA, CONFORME AS NECESSIDADES DA SMS-GO.           .                                                                           LOCAL DA ENTREGA:ALMOXARIFADO CENTRAL SMS, AV.PERIMETRAL NORTE COND.        GOIAZEM, BL.E, GALPOES 09/10, VL.JOAO VAZ, CEP:74.425-090, GO/GO.           FONES:62-3524-3401/3407, HORARIO:08:00 AS 17:00.                            .                                                                           13 - TRANSFERENCIAS DE RECURSOS DO SUS - ASSITENCIA FARMACEUTICA            SOLICITACAO FINANCEIRA: 177094/2026                                         TAMBEM DEVERA SER ENTREGUE 15 DIAS, APOS O ENVIO DA INTIMACAO. A SEGUNDA    DO ITEM, MARCA DO FABRICANTE E QUANTIDADE ENTREGUE; A SEGUNDA PARCELA       TOS FISCAIS RESPECTIVOS, DEVE CONTER, OBRIGATORIAMENTE, A ESPECIFICACAO     OU NOTA DE EMPENHO/AUTORIZACAO DE FORNECIMENTO, ACOMPANHADOS DOS DOCUMEN    OITENTA) DIAS, CONTADOS APOS O RECEBIMENTO DA PRIMEIRA ORDEM DE ENTREGA     (QUINZE) DIAS A PARTIR DA INTIMACAO E A SEGUNDA PARCELA EM 180 ( CENTO E    A ENTREGA DOS BENS SERA EM DUAS PARCELAS, SENDO A PRIMEIRA EM ATE 15        .                                                                           VALOR TOTAL:.....................................................5.760,00   COD:588679............1.200FR..............04,80.................5.760,00   01 (ITEM R02) - AGUA DESTILADA FRASCO FR C/500ML - MARCA: EQUIPLEX          .                                                                           CONF. TERMO DE HOMOLOGACAO DO PREGAO ELETRONICO NR 90010/2026               DE SAUDE DA SMS - SCC:813410                                                DESPESA COM AQUISICAO DE MEDICAMENTOS PARA ABASTECIMENTO DAS UNIDADES       ";Pregão;000900102026
20262150031910014;05/05/2026 00:00:00;5400,00;0192522026;23/07/2026 00:00:00;5400,00;;;0,00;33903000;MATERIAL DE CONSUMO;16699864000183;SECRETARIA MUNICIPAL DE SAUDE;0,00;SECRETARIA MUNICIPAL DE SAUDE                                                                                                                                                                                                                                ;SAUDE - 10;SUPORTE PROFILATICO E TERAPEUTICO - 303;TRANSFERENCIA DE RECURSOS DO SISTEMA UNICO DE SAUDE - SUS - BLOCO DE MANUTENCAO DAS ACOES E SERVICOS PUBLICOS DE SAUDE - 107;SANTE MEDICA HOSPITALAR LTDA;REEMPENHO DE DESPESA COM AQUISICAO DE MEDICAMENTOS ATRAVES DO 1 PEDIDO FILH O ATA DE REGISTRO DE PREÇOS NR 050/2025, PREGAO ELETRONICO NR 90001/2025    PARA PAGAMENTO DA NF 11711 (26/01/26) CONFORME TERMO DE ATESTO 10047915 (29/04/26), PEDIDO DE COMPRA: 543/2025, SCC: 790754                             .                                                                           VALOR TOTAL:......................................................5.400,00  .                                                                           13 - TRANSFERENCIAS DE RECURSOS DO SUS - ASSISTENCIA FARMACEUTICA           SOLICITACAO FINANCEIRA: 182241/2026                                         ;Pregão;000900012025
20262150032510006;05/05/2026 00:00:00;1895,00;0192502026;23/07/2026 00:00:00;1895,00;;;0,00;33909200;DESPESAS DE EXERCICIOS ANTERIORES;16699864000183;SECRETARIA MUNICIPAL DE SAUDE;0,00;SECRETARIA MUNICIPAL DE SAUDE                                                                                                                                                                                                                                ;SAUDE - 10;SUPORTE PROFILATICO E TERAPEUTICO - 303;TRANSFERENCIA DE RECURSOS DO SISTEMA UNICO DE SAUDE - SUS - BLOCO DE MANUTENCAO DAS ACOES E SERVICOS PUBLICOS DE SAUDE - 107;SANTE MEDICA HOSPITALAR LTDA;REEMPENHO DE DESPESA COM AQUISICAO DE MEDICAMENTOS ATRAVES DO 1 PEDIDO FILHOATA DE REGISTRO DE PRECOS NR 050/2025, PREGAO ELETRONICO NR 90001/2025      PARA PAGAMENTO DA NF 10960 (03/12/25) CONFORME TERMO DE ATESTO 10047915 (29/04/26), PEDIDO DE COMPRA: 543/2025, SCC: 790754                             .                                                                           VALOR TOTAL:......................................................1.895,00  .                                                                           13 - TRANSFERENCIAS DE RECURSOS DO SUS - ASSISTENCIA FARMACEUTICA           SOLICITACAO FINANCEIRA: 182242/2026                                         ;Pregão;000900012025
20262150035410013;04/05/2026 00:00:00;1660,00;;;0,00;;;0,00;33903000;MATERIAL DE CONSUMO;53710803000104;SECRETARIA MUNICIPAL DE SAUDE;1660,00;SECRETARIA MUNICIPAL DE SAUDE                                                                                                                                                                                                                                ;SAUDE - 10;VIGILANCIA EPIDEMIOLOGICA - 305;TRANSFERENCIA DE RECURSOS DO SISTEMA UNICO DE SAUDE - SUS - BLOCO DE MANUTENCAO DAS ACOES E SERVICOS PUBLICOS DE SAUDE - 107;STP COMERCIAL LTDA;COD06157-3..............5.00 PT................62,0000...............310,00 PRAZO DE ENTREGA SERA EM REMESSA UNICA, NAO SUPERIOR A 15 DIAS CONTADOS APOSO RECEBIMENTO DA ORDEM DE ENTREGA OU NOTA DE EMPENHO/AUTORIZACAO DE FORNECI-MENTO, ACOMPANHADOS DOS DOCUMENTOS FISCAIS RESPECTIVOS,QUE DEVEM CONTEROBRI GATORIAMENTE,A ESPECIFICACAO DO ITEM,MARCA DO FABRICANTE E QUANTIDADE ENTRE-GUE, AS ENTREGAS DEVERAO SER EFETUADAS MEDIANTE AGENDAMENTO PREVIO, ATRAVES DO E-MAIL CIAD.GOIANIA@BRANETLOGISTICA.COM.BR, MAIORES INFORMACOES PELOS TE LEFONES:(62)3524-3404/3407, ENTREGUES NO ALMOXARIFADO CENTRAL DA SMS,AV.PE- RIMETRAL NORTE,COND.GOIAZEM, BL.E, GALPAO 09/10, VL.JOAO VAZ,CEP74.445190,  GOIANIA/GO,DEMAIS ESCLARECIMENTOS ESTUDO TECNICO PRELIMINAR -RETIFICACAO 2- GEREMO(8235948), TERMO DE REFERENCIA 8236907 E ANEXOS SEI 25.29.000032486-2..                                                                           62 - TRANSFERENCIAS DE RECURSOS DO SUS - VIGILANCIA EM SAUDE                2-RATICIDA BLOCO PARAFINADO BL C/20,0G FOR-RAT                              COD73683-0..............300.00 BL..............1,0000................300,00 3-RATICIDA ISCA PELETIZADA SACHE FOR-RAT                                    COD73882-4...............1.000,00 UN...........0,6000................600,00 4-RATICIDA ISCA PELETIZADA FRESCA (SOFT BAIT)SACHE KOLBIRAT                 COD73682-1...............500,00 UN.............0,9000................450,00 VALOR TOTAL........................................................1.660.00 .                                                                           DESPESA COM AQUISICAO DE RATICIDAS, VISANDO O ABASTECIMENTO DA DIRETORIA DE VIGILANCIA EM ZOONOSES DA SECRETARIA MUNICIPAL DE SAUDE DE GOIANIA MEMORANDO131 DIRZOO - PARECER 305 GERPSR-AVISO 94 DISPENSA ELETRONICA - DESPACHO 1034GERCOM - AQUISICAO ESTIMADA PARA 12 MESESS SCC 804232 SOLICITACAO FINANCEIRA180096 - 2026. REEMPENHO CONFORME ANULACAO 07/1(S/REGISTRO ID-COLARE).      .                                                                           1-RATICIDA PO RATOZAN                                                       ;Dispensa de Licitação;000000402026
20262150035410014;04/05/2026 00:00:00;2011,60;;;0,00;;;0,00;33903000;MATERIAL DE CONSUMO;20198502000186;SECRETARIA MUNICIPAL DE SAUDE;0,00;SECRETARIA MUNICIPAL DE SAUDE                                                                                                                                                                                                                                ;SAUDE - 10;VIGILANCIA EPIDEMIOLOGICA - 305;TRANSFERENCIA DE RECURSOS DO SISTEMA UNICO DE SAUDE - SUS - BLOCO DE MANUTENCAO DAS ACOES E SERVICOS PUBLICOS DE SAUDE - 107;VIVA LABORATRIO DE ANALYSYS LTDA;DESPESA COM MATERIAL PERMANENTE PARA MONITORAR AMOSTRAS DE AGUA PARA        CONSUMO HUMANO CONFORME A DIRETRIZ NACIONAL DO PLANO DE AMOSTRAGEM DA       VIGILANCIA DA QUALIDADE DA AGUA DVSA DFD 69 - ETP 8001366 - DESPACHO        69 DVFAIS - AVISO DISPENSA ELETRONICA 02- DESPACHO 99 E 122 GERCOM -        ITEM 01 E 02 SCC:804411 SOLICITACAO FINANCEIRA 179853 - 2026                .                                                                           1-REAGENTE DPD PO P/ ANALISE DE CLORO RESIDUAL LIVRE SACHE LAB LAC          COD68203-9...............2.000,00 UN...........0,9000.............1.800,00  2-REAGENTE SPADNS P/ FLUORETO FR C/500, 0 ML LAB LAC                        COD50206-5...............4,00 FR..............52,9000...............211,60  VALOR TOTAL.......................................................2.011,60  .                                                                           SERA EM REMESSA UNICA, NO PRAZO NAO SUPERIOR A 15 (QUINZE) DIAS UTEIS,      CONTADOS APOS O RECEBIMENTO DA ORDEM DE ENTREGA OU NOTA DE EMPENHO/AUTO     RIZACAO DE FORNECIMENTO, ACOMPANHADOS DOS DOCUMENTOS FISCAIS RESPECTIVOS,   DEVE CONTER, OBRIGATORIAMENTE, A ESPECIFICACAO DO ITEM, MARCA DO FABRI      CANTE E QUANTIDADE ENTREGUE, BEM COMO O SEU ACONDICIONAMENTO,AGENDAR A      ENTREGA PELO ENDERECO DE EMAIL  CIAD.GOIANIA@BRANETOLGISTICA.COM.BR,        ENTREGA NO ALMOXARIFADO CENTRAL SMS:AV.PERIMETRAL NORTE, CONDOMINIO         GOIAZEM, BLOCO E, GALPAO 09/10, VL.JOAO VAZ, CEP: 74.445-190, GOIANIA/GO,   DOCUMENTO DE FORMALIZACAO DE DEMANDA - DFD 69 (8001272)MANDA - DFD 69       (8001272)-GERCLS, ESTUDO TECNICO PRELIMINAR - ETP 8001366 GERCLS, TERMO     DE REFERENCIA 8449963-GEREMO, E ANEXOS PROCESSO SEI NR 25290000358848.      .                                                                           62 - TRANSFERENCIAS DE RECURSOS DO SUS - VIGILANCIA EM SAUDE                ;Dispensa de Licitação;000000532026
20262150035410015;20/05/2026 00:00:00;60000,00;0134222026;21/05/2026 00:00:00;30000,00;202621500354100150001;27/05/2026 00:00:00;30000,00;33903000;MATERIAL DE CONSUMO;03370573000103;SECRETARIA MUNICIPAL DE SAUDE;0,00;SECRETARIA MUNICIPAL DE SAUDE                                                                                                                                                                                                                                ;SAUDE - 10;VIGILANCIA EPIDEMIOLOGICA - 305;TRANSFERENCIA DE RECURSOS DO SISTEMA UNICO DE SAUDE - SUS - BLOCO DE MANUTENCAO DAS ACOES E SERVICOS PUBLICOS DE SAUDE - 107;J. T. INDUSTRIA E COMERCIO DE CAFES LTDA;DESPESA COM AQUISICAO DE CAFE EM PO CONFORME TERMO DE HOMOLOGACAO           DO PREGAO ELETRONICO 90023/2025SCC:803406PEDIDO DE COMPRA: 112/2025,        SCC: 803406, 15000PCT - MINUTA 987 - EDITAL RETIFICADA PE Nº 90023/2025     (7896203)TERMO DE REFERENCIA - RETIFICADO Nº 3 - (6955020) ESTUDO           TECNICO PRELIMINAR - ETP -RETIFICADO Nº 2 - (6954427)                       .                                                                           01 - CAFE TORRADO PO PT C/500G - MARCA: AROMA DE OURO                       COD:017299............3.000PT.............20,00.................60.000,00   VALOR TOTAL:....................................................60.000,00   .                                                                           OBS: O FORNECIMENTO DEVERA SER EFETUADO C/ PRAZO NAO SUP. A 20 DIAS         CORRIDOS CONFORME TERMO DE REFERENCIA (6955020) CONTADOS A PARTIR DO        RECEBIMENTO DA NOTA DE EMPENHO,ENTREGA EM PERFEITAS CONDICOES C/A DEVIDA    NOTA FISCAL, DETALHANDO MARCA/FABRICANTE/MODELO/TIPO/PROCEDENCIA. DEMAIS    ESCLARECIMENTOS CONF.PARECER 60/2026,MINUTA 987 - EDITAL RETIFICADA         PE90023/2025,PROCESSO SEI: 25.29.000009297-0 E DOCUMENTOS EM ANEXO          .                                                                           LOCAL DA ENTREGA:ALMOXARIFADO CENTRAL SMS, AV.PERIMETRAL NORTE COND.        GOIAZEM, BL.E, GALPOES 09/10, VL.JOAO VAZ, CEP:74.425-090, GO/GO.           FONES:62-3524-3401/3407, HORARIO:08:00 AS 17:00                             .                                                                           62 - TRANSFERENCIA DE RECURSOS DO SUS - VIGILANCIA EM SAUDE                 SOLICITACAO FINANCEIRA: 179505/2026                                         ;Pregão;000900232025
20262150036410026;20/05/2026 00:00:00;100000,00;0134642026;22/05/2026 00:00:00;247,60;202621500364100260002;25/05/2026 00:00:00;247,60;33903900;OUTROS SERVICOS DE TERCEIROS - PESSOA JURIDICA;01543032000104;SECRETARIA MUNICIPAL DE SAUDE;0,00;SECRETARIA MUNICIPAL DE SAUDE                                                                                                                                                                                                                                ;SAUDE - 10;VIGILANCIA EPIDEMIOLOGICA - 305;TRANSFERENCIA DE RECURSOS DO SISTEMA UNICO DE SAUDE - SUS - BLOCO DE MANUTENCAO DAS ACOES E SERVICOS PUBLICOS DE SAUDE - 107;EQUATORIAL GOIAS DISTRIBUIDORA DE ENERGIA SA;DESPESA COM PAGAMENTO DE TARIFAS REFERENTES AO FORNECIMENTO E DISTRIBUICAO DE ENERGIA ELETRICA PARA UNIDADES DE SAUDE DESTA SECRETARIA                  VALOR REFERENTE A ABRIL A JUNHO/2026, SCC: 577716, PEDIDO DE COMPRA 116/2021.                                                                           VALOR TOTAL:....................................................100.000,00  .                                                                           62 - TRANSFERENCIAS DE RECURSOS DO SUS - VIGILANCIA EM SAUDE                SOLICITACAO FINANCEIRA: 182828/2026                                         ;Pregão;000000202022
20262150036410026;20/05/2026 00:00:00;100000,00;0134652026;22/05/2026 00:00:00;14343,59;202621500364100260001;25/05/2026 00:00:00;14343,59;33903900;OUTROS SERVICOS DE TERCEIROS - PESSOA JURIDICA;01543032000104;SECRETARIA MUNICIPAL DE SAUDE;0,00;SECRETARIA MUNICIPAL DE SAUDE                                                                                                                                                                                                                                ;SAUDE - 10;VIGILANCIA EPIDEMIOLOGICA - 305;TRANSFERENCIA DE RECURSOS DO SISTEMA UNICO DE SAUDE - SUS - BLOCO DE MANUTENCAO DAS ACOES E SERVICOS PUBLICOS DE SAUDE - 107;EQUATORIAL GOIAS DISTRIBUIDORA DE ENERGIA SA;DESPESA COM PAGAMENTO DE TARIFAS REFERENTES AO FORNECIMENTO E DISTRIBUICAO DE ENERGIA ELETRICA PARA UNIDADES DE SAUDE DESTA SECRETARIA                  VALOR REFERENTE A ABRIL A JUNHO/2026, SCC: 577716, PEDIDO DE COMPRA 116/2021.                                                                           VALOR TOTAL:....................................................100.000,00  .                                                                           62 - TRANSFERENCIAS DE RECURSOS DO SUS - VIGILANCIA EM SAUDE                SOLICITACAO FINANCEIRA: 182828/2026                                         ;Pregão;000000202022
20262150036410026;20/05/2026 00:00:00;100000,00;0157952026;18/06/2026 00:00:00;11421,87;202621500364100260004;24/06/2026 00:00:00;11421,87;33903900;OUTROS SERVICOS DE TERCEIROS - PESSOA JURIDICA;01543032000104;SECRETARIA MUNICIPAL DE SAUDE;0,00;SECRETARIA MUNICIPAL DE SAUDE                                                                                                                                                                                                                                ;SAUDE - 10;VIGILANCIA EPIDEMIOLOGICA - 305;TRANSFERENCIA DE RECURSOS DO SISTEMA UNICO DE SAUDE - SUS - BLOCO DE MANUTENCAO DAS ACOES E SERVICOS PUBLICOS DE SAUDE - 107;EQUATORIAL GOIAS DISTRIBUIDORA DE ENERGIA SA;DESPESA COM PAGAMENTO DE TARIFAS REFERENTES AO FORNECIMENTO E DISTRIBUICAO DE ENERGIA ELETRICA PARA UNIDADES DE SAUDE DESTA SECRETARIA                  VALOR REFERENTE A ABRIL A JUNHO/2026, SCC: 577716, PEDIDO DE COMPRA 116/2021.                                                                           VALOR TOTAL:....................................................100.000,00  .                                                                           62 - TRANSFERENCIAS DE RECURSOS DO SUS - VIGILANCIA EM SAUDE                SOLICITACAO FINANCEIRA: 182828/2026                                         ;Pregão;000000202022
20262150036410026;20/05/2026 00:00:00;100000,00;0157972026;18/06/2026 00:00:00;253,29;202621500364100260003;24/06/2026 00:00:00;253,29;33903900;OUTROS SERVICOS DE TERCEIROS - PESSOA JURIDICA;01543032000104;SECRETARIA MUNICIPAL DE SAUDE;0,00;SECRETARIA MUNICIPAL DE SAUDE                                                                                                                                                                                                                                ;SAUDE - 10;VIGILANCIA EPIDEMIOLOGICA - 305;TRANSFERENCIA DE RECURSOS DO SISTEMA UNICO DE SAUDE - SUS - BLOCO DE MANUTENCAO DAS ACOES E SERVICOS PUBLICOS DE SAUDE - 107;EQUATORIAL GOIAS DISTRIBUIDORA DE ENERGIA SA;DESPESA COM PAGAMENTO DE TARIFAS REFERENTES AO FORNECIMENTO E DISTRIBUICAO DE ENERGIA ELETRICA PARA UNIDADES DE SAUDE DESTA SECRETARIA                  VALOR REFERENTE A ABRIL A JUNHO/2026, SCC: 577716, PEDIDO DE COMPRA 116/2021.                                                                           VALOR TOTAL:....................................................100.000,00  .                                                                           62 - TRANSFERENCIAS DE RECURSOS DO SUS - VIGILANCIA EM SAUDE                SOLICITACAO FINANCEIRA: 182828/2026                                         ;Pregão;000000202022
20262150036410026;20/05/2026 00:00:00;100000,00;0183262026;14/07/2026 00:00:00;11962,43;;;0,00;33903900;OUTROS SERVICOS DE TERCEIROS - PESSOA JURIDICA;01543032000104;SECRETARIA MUNICIPAL DE SAUDE;0,00;SECRETARIA MUNICIPAL DE SAUDE                                                                                                                                                                                                                                ;SAUDE - 10;VIGILANCIA EPIDEMIOLOGICA - 305;TRANSFERENCIA DE RECURSOS DO SISTEMA UNICO DE SAUDE - SUS - BLOCO DE MANUTENCAO DAS ACOES E SERVICOS PUBLICOS DE SAUDE - 107;EQUATORIAL GOIAS DISTRIBUIDORA DE ENERGIA SA;DESPESA COM PAGAMENTO DE TARIFAS REFERENTES AO FORNECIMENTO E DISTRIBUICAO DE ENERGIA ELETRICA PARA UNIDADES DE SAUDE DESTA SECRETARIA                  VALOR REFERENTE A ABRIL A JUNHO/2026, SCC: 577716, PEDIDO DE COMPRA 116/2021.                                                                           VALOR TOTAL:....................................................100.000,00  .                                                                           62 - TRANSFERENCIAS DE RECURSOS DO SUS - VIGILANCIA EM SAUDE                SOLICITACAO FINANCEIRA: 182828/2026                                         ;Pregão;000000202022
20262150036410026;20/05/2026 00:00:00;100000,00;0183292026;14/07/2026 00:00:00;262,90;;;0,00;33903900;OUTROS SERVICOS DE TERCEIROS - PESSOA JURIDICA;01543032000104;SECRETARIA MUNICIPAL DE SAUDE;0,00;SECRETARIA MUNICIPAL DE SAUDE                                                                                                                                                                                                                                ;SAUDE - 10;VIGILANCIA EPIDEMIOLOGICA - 305;TRANSFERENCIA DE RECURSOS DO SISTEMA UNICO DE SAUDE - SUS - BLOCO DE MANUTENCAO DAS ACOES E SERVICOS PUBLICOS DE SAUDE - 107;EQUATORIAL GOIAS DISTRIBUIDORA DE ENERGIA SA;DESPESA COM PAGAMENTO DE TARIFAS REFERENTES AO FORNECIMENTO E DISTRIBUICAO DE ENERGIA ELETRICA PARA UNIDADES DE SAUDE DESTA SECRETARIA                  VALOR REFERENTE A ABRIL A JUNHO/2026, SCC: 577716, PEDIDO DE COMPRA 116/2021.                                                                           VALOR TOTAL:....................................................100.000,00  .                                                                           62 - TRANSFERENCIAS DE RECURSOS DO SUS - VIGILANCIA EM SAUDE                SOLICITACAO FINANCEIRA: 182828/2026                                         ;Pregão;000000202022
20262150036430025;05/05/2026 00:00:00;29289,00;;;0,00;;;0,00;33903900;OUTROS SERVICOS DE TERCEIROS - PESSOA JURIDICA;13861119000109;SECRETARIA MUNICIPAL DE SAUDE;29289,00;SECRETARIA MUNICIPAL DE SAUDE                                                                                                                                                                                                                                ;SAUDE - 10;VIGILANCIA EPIDEMIOLOGICA - 305;TRANSFERENCIA DE RECURSOS DO SISTEMA UNICO DE SAUDE - SUS - BLOCO DE MANUTENCAO DAS ACOES E SERVICOS PUBLICOS DE SAUDE - 107;ROMILDA SILVERIO DE BARROS SANTOS ME;DESPESA COM 2 TERMO ADITIVO PARA RENOVACAO DO CONTRATO NO 160/2024 COM      EMPRESA ROMILDA SILVERIO DE BARROS SANTOS POR MAIS 12 MESES ENTRE 29/04/    2026 E 28/04/2027, MEMORANDO 18 DIRZOO - PEDIDO DE COMPRAS 110/2026         SCC 742679-2 DESPACHO 131 GERCOM - REFERENTE MAIO/JUN/JUL/2026              .                                                                           VALOR EMPENHADO DE 05/2026 A 07/2026 COM MENSAIS DE:............9.763,00    VALOR TOTAL:...................................................29.289,00    .                                                                           62 - TRANSFERENCIAS DE RECURSOS DO SUS - VIGILANCIA EM SAUDE                SOLICITACAO FINANCEIRA: 179887/2026                                         ;Pregão;000000312023
20262150037610010;18/05/2026 00:00:00;7275,00;0140532026;27/05/2026 00:00:00;7275,00;202621500376100100001;29/05/2026 00:00:00;7275,00;33909200;DESPESAS DE EXERCICIOS ANTERIORES;08675055000103;SECRETARIA MUNICIPAL DE SAUDE;0,00;SECRETARIA MUNICIPAL DE SAUDE                                                                                                                                                                                                                                ;SAUDE - 10;VIGILANCIA EPIDEMIOLOGICA - 305;TAXA PELO EXERCICIO DO PODER DE POLICIA - 106;FULL PROPAGANDA LTDA;DESPESA COM CAMPANHA PUBLICITARIA ALUSIVA AO DEZEMBRO VERMELHO 2025, MES DA CONSCIENTIZACAO E COMBATE AO HIV/AIDS E OUTRAS INFECCOES SEXUALMENTE TRANSMISSIVEIS (ISTS)                                                              CONFORME TERMO DE ATESTO 10205369, NF 1049, SCC: 488217-8                   .                                                                           VALOR TOTAL:......................................................7.275,00  .                                                                           15 - VIGILANCIA SANITARIA - SOLICITACAO FINANCEIRA: 182823/2026             ;Concorrência para Compras e Serviços;000000012019
20262150041230001;27/05/2026 00:00:00;1000000,00;0147362026;03/06/2026 00:00:00;522482,59;202621500412300010001;03/06/2026 00:00:00;522482,59;33909200;DESPESAS DE EXERCICIOS ANTERIORES;00360305000104;SECRETARIA MUNICIPAL DE SAUDE;0,00;SECRETARIA MUNICIPAL DE SAUDE                                                                                                                                                                                                                                ;SAUDE - 10;ASSISTENCIA HOSPITALAR E AMBULATORIAL - 302;TRANSFERENCIAS DE CONVENIOS - ESTADO/SAUDE - 225;CAIXA ECONOMICA FEDERAL;DESPESA COM TERMO DE AJUSTE PARA A QUITACAO DE DIVIDAS PARA O PAGAMENTO DOS SERVICOS PRESTADOS DE ANESTESIOLOGIA, SERVICOS DE TERCEIROS, PRESTADOS DE ACORDO COM VALORES BRUTOS POR PRODUÇÃO - SGIF                                 REFERENCIA: JUNHO/2023 E JULHO/2023, SERVICOS DE TERCEIROS - SGIF, PARCELA: 14ª,PAGAMENTO VIA OP LISTA(CPF/CNPJ : 00360305/0001-04)                     .                                                                           VALOR TOTAL:..................................................1.000.000,00  .                                                                           541 - TRANFERENCIAS DE CONVENIO - ESTADO/SAUDE                              SOLICITACAO FINANCEIRA: 183072/2026                                         ;Não se aplica (Ex.: Despesas com Pessoal);000000000000
20262150041230001;27/05/2026 00:00:00;1000000,00;0147382026;03/06/2026 00:00:00;477517,41;202621500412300010002;03/06/2026 00:00:00;477517,41;33909200;DESPESAS DE EXERCICIOS ANTERIORES;00360305000104;SECRETARIA MUNICIPAL DE SAUDE;0,00;SECRETARIA MUNICIPAL DE SAUDE                                                                                                                                                                                                                                ;SAUDE - 10;ASSISTENCIA HOSPITALAR E AMBULATORIAL - 302;TRANSFERENCIAS DE CONVENIOS - ESTADO/SAUDE - 225;CAIXA ECONOMICA FEDERAL;DESPESA COM TERMO DE AJUSTE PARA A QUITACAO DE DIVIDAS PARA O PAGAMENTO DOS SERVICOS PRESTADOS DE ANESTESIOLOGIA, SERVICOS DE TERCEIROS, PRESTADOS DE ACORDO COM VALORES BRUTOS POR PRODUÇÃO - SGIF                                 REFERENCIA: JUNHO/2023 E JULHO/2023, SERVICOS DE TERCEIROS - SGIF, PARCELA: 14ª,PAGAMENTO VIA OP LISTA(CPF/CNPJ : 00360305/0001-04)                     .                                                                           VALOR TOTAL:..................................................1.000.000,00  .                                                                           541 - TRANFERENCIAS DE CONVENIO - ESTADO/SAUDE                              SOLICITACAO FINANCEIRA: 183072/2026                                         ;Não se aplica (Ex.: Despesas com Pessoal);000000000000
20262150043110034;20/05/2026 00:00:00;487524,40;;;0,00;;;0,00;33903000;MATERIAL DE CONSUMO;04369147000104;SECRETARIA MUNICIPAL DE SAUDE;0,00;SECRETARIA MUNICIPAL DE SAUDE                                                                                                                                                                                                                                ;SAUDE - 10;ASSISTENCIA HOSPITALAR E AMBULATORIAL - 302;TRANSFERENCIA DE RECURSOS DO SISTEMA UNICO DE SAUDE - SUS / ESTADOS - 231;ABA MED SA;"DESPESA COM MATERIAL CLINICO HOSPITALAR - 1  PEDIDO FILHO DA ATA            NR 013/2026 - PREGAO ELETRONICO NR 90056/2025 MEMORANDO 60 GEREMO           PARECER 57 GERPSR - JUSTIFICATIVA DO PRECO REFERENCIAL 77 GERCOM            DESPACHO 124 PRECEL. SCC800326 - SOLICITACAO FINANCEIRA 179077 - 2026       .                                                                           ITEM 1-SERINGA DESCARTAVEL 3ML S/AGULHA C/ DISPOSITIVO SEGURANCA UN         C/3,0 ML SR                                                                 COD54629-1..............402.000,00 UN.........0,2900............116.580,00  ITEM 2-SERINGA DESCARTAVEL S/AGULHA 5ML C/ DISP.SEGURANCA UN C/5,0 ML SR    COD54630-5..............356.160,00 UN.........0,3400............121.094,40  ITEM 3-SERINGA DESCARTAVEL S/AGULHA 10ML C/DISP.DE SEGURANCA UN C/10,0      ML SR                                                                       COD54631-3...............275.000,00 UN..........0,4700..........129.250,00  ITEM 4-SERINGA DESCARTAVEL 20ML S/ AGULHA C/ DISP.DE SEGURANCA SR           COD06379-7...............201.000,00 UN..........0,6000..........120.600,00  VALOR TOTAL:....................................................487.524,40  .                                                                           PRAZO DE ENTREGA DOS BENS SERA EFETUADO NO PRAZO NAO SUPERIOR A 15 DIAS     CORRIDOS, CONTADOS APOS O RECEBIMENTO DA ORDEM DE ENTREGA OU NOTA DE EMPE   NHO/AUTORIZACAO DE FORNECIMENTO, ACOMPANHADOS DOS DOCUMENTOS FISCAIS RESPE  CTIVOS, DEVE CONTER, OBRIGATORIAMENTE, A ESPECIFICACAO DO ITEM, MARCA DO    FABRICANTE E QUANTIDADE ENTREGUE;OS BENS DEVERAO SER ENTREGUES NO ALMOXARI  FADO CENTRAL DA SECRETARIA MUNICIPAL DE SAUDE DE GOIANIA,  SEDIADO NA AVE   NIDA PERIMETRAL NORTE NR 2.859, VILA JOAO VAZ, CONDOMINIO GOYAZEM BLOCO E   GALPOES DE 06 A 10, CEP 74.445-190, GOIANIA/GO,  AGENDAMENTO PREVIO,        ATRAVES DO E-MAIL: CIAD.GOIANIA@BRANETLOGISTICA.COM.BR .DEMAIS ESCLARECI    MENTOS MEMO NR 60/2026 - GEREMO/SAUDE, PE90056/2025, ARP Nº 013/2026,       PARECER 57/2026-GERPSR/SAUDE E ANEXOS SEI 26.29.000003694-3                 .                                                                           231 - TRANSFERENCIA DE RECURSOS DO SISTEMA UNICO DE SAUDE - SUS / ESTADOS   13 - ASSISTENCIA FARMACIA BASICA                                            ";Pregão;000900562025
20262150044210009;18/05/2026 00:00:00;50000,00;;;0,00;;;0,00;33903900;OUTROS SERVICOS DE TERCEIROS - PESSOA JURIDICA;03904616000185;SECRETARIA MUNICIPAL DE SAUDE;0,00;SECRETARIA MUNICIPAL DE SAUDE                                                                                                                                                                                                                                ;SAUDE - 10;ASSISTENCIA HOSPITALAR E AMBULATORIAL - 302;EMENDAS PARLAMENTARES INDIVIDUAIS - TRANSFERENCIA ESPECIAL (INCISO II DO ART. 1 EC/105/2019) - ESTADOS - 237;ASSOCIACAO GRUPO AIDS APOIO VIDA E ESPERANCA;DESPESA REFERENTE AO REPASSE DE VERBAS PROVENIENTE DA EMENDA PARLAMENTAR NR 628/2023 DE AUTORIA DA DEPUTADA ESTADUAL DELEGADA ADRIANA ACCORSI NA MODALIDADE FUNDO A FUNDO (FES/FMS)                                                 OBS.: VALOR CONFORME INFORMADO NA ORDEM DE PAGAMENTO EMITIDA NO DIA 05/12/2023 PELA SECRETARIA ESTADUAL DE SAÚDE - PROCESSO/SES Nº 202300010002810      .                                                                           VALOR TOTAL:.....................................................50.000,00  .                                                                           636 - TRANSFERENCIA COM FINALIDADE DEFINIDA                                 SOLICITACAO FINANCEIRA: 182560/2026                                         ;Outros (Convênios, ajustes, similares, etc.);000003922023
20262150044510011;25/05/2026 00:00:00;200000,00;;;0,00;;;0,00;33903900;OUTROS SERVICOS DE TERCEIROS - PESSOA JURIDICA;02917870000155;SECRETARIA MUNICIPAL DE SAUDE;0,00;SECRETARIA MUNICIPAL DE SAUDE                                                                                                                                                                                                                                ;SAUDE - 10;ASSISTENCIA HOSPITALAR E AMBULATORIAL - 302;EMENDA PARLAMENTARES DE BANCADA (ART. 1° DA EC Nº 100/2019 E § 12 DO ART. 165 DA CF/88) - 282;ASSOCIACAO DOS DEFICIENTES FISICOS DO ESTADO DE GOIAS;DESPESA COM TERMO DE COMPROMISSO - TRANSFERENCIAS DO FUNDO NACIONAL DE SAUDE/FNS, EMENDA BANCADA ESTADUAL P/ CUSTEIO DOS SERVICOS DE ATENCAO ESPECIALIZADA A SAUDE / BENEFICIARIO: ADFEGO                                           INDICAÇÃO DE RECURSOS EMENDA 7110006: PORTARIA GM/MS NR. 3.666, DE 30/04/24 PARLAMENTAR: FLÁVIA MORAES - CONTA DÉBITO C/C: 22.991-1 - INTRA: 13168      .                                                                           VALOR TOTAL:....................................................200.000,00  .                                                                           636 - TRANSFERENCIA COM FINALIDADE DEFINIDA                                 SOLICITACAO FINANCEIRA: 180900/2026                                         ;Outros (Convênios, ajustes, similares, etc.);000008532026
-------------------------------------------;;0;;;0;;;0;;;;;0;;;;;;;;
Total Empenhado;;80941845,72;;;0;;;0;;;;;0;;;;;;;;
Total Liquidado ;;47540662,06;;;0;;;0;;;;;0;;;;;;;;
Total Pago;;42416875,73;;;0;;;0;;;;;0;;;;;;;;
