Empenho;DataEmpenho;VlEmpenhado;Liquidacao;DataLiquidacao;VlLiquidado;OrdemPagamento;DataPagamento;VlPago;NaturezaDespesa;DsNaturezadaDespesa;CNPJ;NmOrgao;VlAnulado;UnidadeOrcamentaria;Funcao;SubFuncao;FonteRecurso;NmFavorecido;Objeto;Modalidade;NumeroLicitacao
20262150000610014;23/04/2026 00:00:00;15797,40;0110492026;24/04/2026 00:00:00;5382,50;202621500006100140001;24/04/2026 00:00:00;5382,50;31909200;DESPESAS DE EXERCICIOS ANTERIORES;02529964000157;SECRETARIA MUNICIPAL DE SAUDE;0,00;SECRETARIA MUNICIPAL DE SAUDE                                                                                                                                                                                                                                ;SAUDE - 10;ADMINISTRACAO GERAL - 122;RECEITAS DE IMPOSTOS E DE TRANSFERENCIAS DE IMPOSTOS - SAUDE - 102;SECRETARIA DA SAUDE DO ESTADO DE GOIAS;DESPESA COM PAGAMENTO POR RESSARCIMENTO FUNCIONAL A SECRETARIA DE ESTADO DA SAUDE PELA CESSAO DA SERVIDORA NUBIA APARECIDA DA SILVA A ESTE MUNICIPIO EM EXERCICIO NA SMS VALORES REFERENTES AO PERIODO DE NOVEMBRO E DEZEMBRO/25 CONFORME DESPACHO 1010/2026-GERFOL (VENCIMENTO GUIA: 30/04/2026) SOLICITACAO FINANCEIRA 182059 - 2026.                                                     .                                                                           .                                                                           VALOR TOTAL........................................................15.797,40.                                                                           527 - TRANSFERENCIAS DE IMPOSTOS/SAUDE                                      ;Não se aplica (Ex.: Despesas com Pessoal);000000000000
20262150000610014;23/04/2026 00:00:00;15797,40;0110502026;24/04/2026 00:00:00;10414,90;202621500006100140002;24/04/2026 00:00:00;10414,90;31909200;DESPESAS DE EXERCICIOS ANTERIORES;02529964000157;SECRETARIA MUNICIPAL DE SAUDE;0,00;SECRETARIA MUNICIPAL DE SAUDE                                                                                                                                                                                                                                ;SAUDE - 10;ADMINISTRACAO GERAL - 122;RECEITAS DE IMPOSTOS E DE TRANSFERENCIAS DE IMPOSTOS - SAUDE - 102;SECRETARIA DA SAUDE DO ESTADO DE GOIAS;DESPESA COM PAGAMENTO POR RESSARCIMENTO FUNCIONAL A SECRETARIA DE ESTADO DA SAUDE PELA CESSAO DA SERVIDORA NUBIA APARECIDA DA SILVA A ESTE MUNICIPIO EM EXERCICIO NA SMS VALORES REFERENTES AO PERIODO DE NOVEMBRO E DEZEMBRO/25 CONFORME DESPACHO 1010/2026-GERFOL (VENCIMENTO GUIA: 30/04/2026) SOLICITACAO FINANCEIRA 182059 - 2026.                                                     .                                                                           .                                                                           VALOR TOTAL........................................................15.797,40.                                                                           527 - TRANSFERENCIAS DE IMPOSTOS/SAUDE                                      ;Não se aplica (Ex.: Despesas com Pessoal);000000000000
20262150000830003;23/04/2026 00:00:00;68266,19;0110432026;24/04/2026 00:00:00;4793,94;202621500008300030001;24/04/2026 00:00:00;4793,94;31909600;RESSARCIMENTO DE DESPESAS DE PESSOAL REQUISITADO;02529964000157;SECRETARIA MUNICIPAL DE SAUDE;0,00;SECRETARIA MUNICIPAL DE SAUDE                                                                                                                                                                                                                                ;SAUDE - 10;ADMINISTRACAO GERAL - 122;RECEITAS DE IMPOSTOS E DE TRANSFERENCIAS DE IMPOSTOS - SAUDE - 102;SECRETARIA DA SAUDE DO ESTADO DE GOIAS;"SAUDE PELA CESSAO DA SERVIDORA NUBIA APARECIDA DA SILVA A ESTE MUNICIPIO EM EXERCICIO NA SMS,VALORES REFERENTES AO PERIODO DE JANEIRO E DEZEMBRO/2026 INCLUINDO 13º SALARIO CONFORME DESPACHO 1013/2026-GERFOL SOLICITACAO FINANCEI-RA 182060 - 2026.                                                           .                                                                           VALOR PARCELAS DE   ABR-20.689,13; MAI-5.286,34; JUN-5.286,34; JUL-5.286,34;AGO-5.286,34;  SET - 5.286,34;  OUT-5.286,34; NOV-5.286,34;  DEZ - 10.572,68VALOR TOTAL........................................................68.266,19.                                                                           527 - TRANSFERENCIAS DE IMPOSTOS/SAUDE                                      DESPESA COM PAGAMENTO POR RESSARCIMENTO FUNCIONAL A SECRETARIA DE ESTADO DA ";Não se aplica (Ex.: Despesas com Pessoal);000000000000
20262150000830003;23/04/2026 00:00:00;68266,19;0110442026;24/04/2026 00:00:00;5322,51;202621500008300030002;24/04/2026 00:00:00;5322,51;31909600;RESSARCIMENTO DE DESPESAS DE PESSOAL REQUISITADO;02529964000157;SECRETARIA MUNICIPAL DE SAUDE;0,00;SECRETARIA MUNICIPAL DE SAUDE                                                                                                                                                                                                                                ;SAUDE - 10;ADMINISTRACAO GERAL - 122;RECEITAS DE IMPOSTOS E DE TRANSFERENCIAS DE IMPOSTOS - SAUDE - 102;SECRETARIA DA SAUDE DO ESTADO DE GOIAS;"SAUDE PELA CESSAO DA SERVIDORA NUBIA APARECIDA DA SILVA A ESTE MUNICIPIO EM EXERCICIO NA SMS,VALORES REFERENTES AO PERIODO DE JANEIRO E DEZEMBRO/2026 INCLUINDO 13º SALARIO CONFORME DESPACHO 1013/2026-GERFOL SOLICITACAO FINANCEI-RA 182060 - 2026.                                                           .                                                                           VALOR PARCELAS DE   ABR-20.689,13; MAI-5.286,34; JUN-5.286,34; JUL-5.286,34;AGO-5.286,34;  SET - 5.286,34;  OUT-5.286,34; NOV-5.286,34;  DEZ - 10.572,68VALOR TOTAL........................................................68.266,19.                                                                           527 - TRANSFERENCIAS DE IMPOSTOS/SAUDE                                      DESPESA COM PAGAMENTO POR RESSARCIMENTO FUNCIONAL A SECRETARIA DE ESTADO DA ";Não se aplica (Ex.: Despesas com Pessoal);000000000000
20262150000830003;23/04/2026 00:00:00;68266,19;0110452026;24/04/2026 00:00:00;5286,34;202621500008300030003;24/04/2026 00:00:00;5286,34;31909600;RESSARCIMENTO DE DESPESAS DE PESSOAL REQUISITADO;02529964000157;SECRETARIA MUNICIPAL DE SAUDE;0,00;SECRETARIA MUNICIPAL DE SAUDE                                                                                                                                                                                                                                ;SAUDE - 10;ADMINISTRACAO GERAL - 122;RECEITAS DE IMPOSTOS E DE TRANSFERENCIAS DE IMPOSTOS - SAUDE - 102;SECRETARIA DA SAUDE DO ESTADO DE GOIAS;"SAUDE PELA CESSAO DA SERVIDORA NUBIA APARECIDA DA SILVA A ESTE MUNICIPIO EM EXERCICIO NA SMS,VALORES REFERENTES AO PERIODO DE JANEIRO E DEZEMBRO/2026 INCLUINDO 13º SALARIO CONFORME DESPACHO 1013/2026-GERFOL SOLICITACAO FINANCEI-RA 182060 - 2026.                                                           .                                                                           VALOR PARCELAS DE   ABR-20.689,13; MAI-5.286,34; JUN-5.286,34; JUL-5.286,34;AGO-5.286,34;  SET - 5.286,34;  OUT-5.286,34; NOV-5.286,34;  DEZ - 10.572,68VALOR TOTAL........................................................68.266,19.                                                                           527 - TRANSFERENCIAS DE IMPOSTOS/SAUDE                                      DESPESA COM PAGAMENTO POR RESSARCIMENTO FUNCIONAL A SECRETARIA DE ESTADO DA ";Não se aplica (Ex.: Despesas com Pessoal);000000000000
20262150000830003;23/04/2026 00:00:00;68266,19;0133002026;20/05/2026 00:00:00;5578,31;202621500008300030004;21/05/2026 00:00:00;5578,31;31909600;RESSARCIMENTO DE DESPESAS DE PESSOAL REQUISITADO;02529964000157;SECRETARIA MUNICIPAL DE SAUDE;0,00;SECRETARIA MUNICIPAL DE SAUDE                                                                                                                                                                                                                                ;SAUDE - 10;ADMINISTRACAO GERAL - 122;RECEITAS DE IMPOSTOS E DE TRANSFERENCIAS DE IMPOSTOS - SAUDE - 102;SECRETARIA DA SAUDE DO ESTADO DE GOIAS;"SAUDE PELA CESSAO DA SERVIDORA NUBIA APARECIDA DA SILVA A ESTE MUNICIPIO EM EXERCICIO NA SMS,VALORES REFERENTES AO PERIODO DE JANEIRO E DEZEMBRO/2026 INCLUINDO 13º SALARIO CONFORME DESPACHO 1013/2026-GERFOL SOLICITACAO FINANCEI-RA 182060 - 2026.                                                           .                                                                           VALOR PARCELAS DE   ABR-20.689,13; MAI-5.286,34; JUN-5.286,34; JUL-5.286,34;AGO-5.286,34;  SET - 5.286,34;  OUT-5.286,34; NOV-5.286,34;  DEZ - 10.572,68VALOR TOTAL........................................................68.266,19.                                                                           527 - TRANSFERENCIAS DE IMPOSTOS/SAUDE                                      DESPESA COM PAGAMENTO POR RESSARCIMENTO FUNCIONAL A SECRETARIA DE ESTADO DA ";Não se aplica (Ex.: Despesas com Pessoal);000000000000
20262150001910037;10/04/2026 00:00:00;79992,89;0096672026;14/04/2026 00:00:00;79992,89;202621500019100370001;14/04/2026 00:00:00;79992,89;33903900;OUTROS SERVICOS DE TERCEIROS - PESSOA JURIDICA;45349461000102;SECRETARIA MUNICIPAL DE SAUDE;0,00;SECRETARIA MUNICIPAL DE SAUDE                                                                                                                                                                                                                                ;SAUDE - 10;ADMINISTRACAO GERAL - 122;TRANSFERENCIA DE RECURSOS DO SISTEMA UNICO DE SAUDE - SUS - BLOCO DE MANUTENCAO DAS ACOES E SERVICOS PUBLICOS DE SAUDE - 107;ASSOCIACAO HOSPITALAR BENEFICENTE DO BRASIL;DESPESA COM 2  ADITIVO DO TERMO DE COLABORACAO PARA A GESTAO PARA O GERENCIAMENTO, OPERACIONALIZACAO, EXECUCAO DAS ACOES E SERVICOS DE SAUDE, PARA O PLENO FUNCIONAMENTO DA MATERNIDADE NASCER CIDADAO - SCC: 783073-2              HOSPITAL E MATERNIDADE NASCER CIDADAO/ 2  ADITIVO DO TERMO DE COLABORACAO EMERGENCIAL NR. 041/2025 - PISO DA ENFERMAGEM DO MÊS DE MARÇO/2026            .                                                                           VALOR TOTAL:.....................................................79.992,89  .                                                                           97 - ASSISTENCIA FINANCEIRA PARA COMPLEMENTACAO PISO - ENFERMAGEM           SOLICITACAO FINANCEIRA: 181802/2026                                         ;Outros (Convênios, ajustes, similares, etc.);000000012025
20262150001910039;13/04/2026 00:00:00;283087,55;0096682026;14/04/2026 00:00:00;283087,55;202621500019100390001;15/04/2026 00:00:00;283087,55;33903900;OUTROS SERVICOS DE TERCEIROS - PESSOA JURIDICA;37678845000140;SECRETARIA MUNICIPAL DE SAUDE;0,00;SECRETARIA MUNICIPAL DE SAUDE                                                                                                                                                                                                                                ;SAUDE - 10;ADMINISTRACAO GERAL - 122;TRANSFERENCIA DE RECURSOS DO SISTEMA UNICO DE SAUDE - SUS - BLOCO DE MANUTENCAO DAS ACOES E SERVICOS PUBLICOS DE SAUDE - 107;INSTITUTO PATRIS;DESPESA COM 1 ADITIVO DO TERMO DE COLABORACAO PARA A GESTAO PARA O GERENCIAMENTO, OPERACIONALIZACAO, EXECUCAO DAS ACOES E SERVICOS DE SAUDE, PARA O PLENO FUNCIONAMENTO DA MATERNIDADE DONA IRIS                                    HOSPITAL E MATERNIDADE DONA IRIS/ 1 ADITIVO DO TERMO DE COLABORACAO EMERGEN CIAL NR. 043/2025 - PISO DA ENFERMAGEM DO MES DE MARCO/2026 - SCC: 783111-1 .                                                                           VALOR TOTAL:....................................................283.087,55  .                                                                           97 - ASSISTENCIA FINANCEIRA PARA COMPLEMENTACAO PISO - ENFERMAGEM           SOLICITACAO FINANCEIRA: 181804/2026                                         ;Outros (Convênios, ajustes, similares, etc.);000000012025
20262150001930023;10/04/2026 00:00:00;127164,39;0119812026;06/05/2026 00:00:00;39634,11;202621500019300230001;06/05/2026 00:00:00;39634,11;33903900;OUTROS SERVICOS DE TERCEIROS - PESSOA JURIDICA;01957797000182;SECRETARIA MUNICIPAL DE SAUDE;0,00;SECRETARIA MUNICIPAL DE SAUDE                                                                                                                                                                                                                                ;SAUDE - 10;ADMINISTRACAO GERAL - 122;TRANSFERENCIA DE RECURSOS DO SISTEMA UNICO DE SAUDE - SUS - BLOCO DE MANUTENCAO DAS ACOES E SERVICOS PUBLICOS DE SAUDE - 107;CLINICA DE DOENCAS RENAIS LTDA;DESPESA COM REPASSE FINANCEIRO COMPLEMENTAR DECORRENTE DA ASSISTENCIA FINANCEIRA DA UNIAO E DESTINADA AO PISO SALARIAL DE ENFERMAGEM AS INSTITUICOES    FILANTROPICAS DE GOIANIA                                                    VALOR ESTIMADO RELATIVO AO PERIODO DE ABRIL A JUNHO/2026 CONFORME INFORMADO NO DESPACHO DIRPS                                                           .                                                                           VALOR EMPENHADO DE 05/2026 A 07/2026 COM MENSAIS DE:.............42.388,13  VALOR TOTAL:....................................................127.164,39  .                                                                           97 - ASSISTENCIA FINANCEIRA PARA COMPLEMENTACAO PISO - ENFERMAGEM           SOLICITACAO FINANCEIRA: 181735/2026                                         ;Outros (Convênios, ajustes, similares, etc.);000000922025
20262150001930023;10/04/2026 00:00:00;127164,39;0152292026;11/06/2026 00:00:00;42950,00;202621500019300230002;16/06/2026 00:00:00;42950,00;33903900;OUTROS SERVICOS DE TERCEIROS - PESSOA JURIDICA;01957797000182;SECRETARIA MUNICIPAL DE SAUDE;0,00;SECRETARIA MUNICIPAL DE SAUDE                                                                                                                                                                                                                                ;SAUDE - 10;ADMINISTRACAO GERAL - 122;TRANSFERENCIA DE RECURSOS DO SISTEMA UNICO DE SAUDE - SUS - BLOCO DE MANUTENCAO DAS ACOES E SERVICOS PUBLICOS DE SAUDE - 107;CLINICA DE DOENCAS RENAIS LTDA;DESPESA COM REPASSE FINANCEIRO COMPLEMENTAR DECORRENTE DA ASSISTENCIA FINANCEIRA DA UNIAO E DESTINADA AO PISO SALARIAL DE ENFERMAGEM AS INSTITUICOES    FILANTROPICAS DE GOIANIA                                                    VALOR ESTIMADO RELATIVO AO PERIODO DE ABRIL A JUNHO/2026 CONFORME INFORMADO NO DESPACHO DIRPS                                                           .                                                                           VALOR EMPENHADO DE 05/2026 A 07/2026 COM MENSAIS DE:.............42.388,13  VALOR TOTAL:....................................................127.164,39  .                                                                           97 - ASSISTENCIA FINANCEIRA PARA COMPLEMENTACAO PISO - ENFERMAGEM           SOLICITACAO FINANCEIRA: 181735/2026                                         ;Outros (Convênios, ajustes, similares, etc.);000000922025
20262150001930023;10/04/2026 00:00:00;127164,39;0176542026;06/07/2026 00:00:00;40299,62;202621500019300230003;06/07/2026 00:00:00;40299,62;33903900;OUTROS SERVICOS DE TERCEIROS - PESSOA JURIDICA;01957797000182;SECRETARIA MUNICIPAL DE SAUDE;0,00;SECRETARIA MUNICIPAL DE SAUDE                                                                                                                                                                                                                                ;SAUDE - 10;ADMINISTRACAO GERAL - 122;TRANSFERENCIA DE RECURSOS DO SISTEMA UNICO DE SAUDE - SUS - BLOCO DE MANUTENCAO DAS ACOES E SERVICOS PUBLICOS DE SAUDE - 107;CLINICA DE DOENCAS RENAIS LTDA;DESPESA COM REPASSE FINANCEIRO COMPLEMENTAR DECORRENTE DA ASSISTENCIA FINANCEIRA DA UNIAO E DESTINADA AO PISO SALARIAL DE ENFERMAGEM AS INSTITUICOES    FILANTROPICAS DE GOIANIA                                                    VALOR ESTIMADO RELATIVO AO PERIODO DE ABRIL A JUNHO/2026 CONFORME INFORMADO NO DESPACHO DIRPS                                                           .                                                                           VALOR EMPENHADO DE 05/2026 A 07/2026 COM MENSAIS DE:.............42.388,13  VALOR TOTAL:....................................................127.164,39  .                                                                           97 - ASSISTENCIA FINANCEIRA PARA COMPLEMENTACAO PISO - ENFERMAGEM           SOLICITACAO FINANCEIRA: 181735/2026                                         ;Outros (Convênios, ajustes, similares, etc.);000000922025
20262150001930024;10/04/2026 00:00:00;42940,80;0152282026;11/06/2026 00:00:00;28443,95;202621500019300240001;16/06/2026 00:00:00;28443,95;33903900;OUTROS SERVICOS DE TERCEIROS - PESSOA JURIDICA;01590900000107;SECRETARIA MUNICIPAL DE SAUDE;0,00;SECRETARIA MUNICIPAL DE SAUDE                                                                                                                                                                                                                                ;SAUDE - 10;ADMINISTRACAO GERAL - 122;TRANSFERENCIA DE RECURSOS DO SISTEMA UNICO DE SAUDE - SUS - BLOCO DE MANUTENCAO DAS ACOES E SERVICOS PUBLICOS DE SAUDE - 107;HOSPITAL UROLOGICO DE GOIANIA LTDA;SOLICITACAO FINANCEIRA: 181743/2026                                         97 - ASSISTENCIA FINANCEIRA PARA COMPLEMENTACAO PISO - ENFERMAGEM           .                                                                           VALOR TOTAL:.....................................................42.970,80  VALOR EMPENHADO DE 05/2026 A 07/2026 COM MENSAIS DE:.............14.313,60  .                                                                           NO DESPACHO DIRPS                                                           VALOR ESTIMADO RELATIVO AO PERIODO DE ABRIL A JUNHO/2026 CONFORME INFORMADO FILANTROPICAS DE GOIANIA                                                    EIRA DA UNIAO E DESTINADA AO PISO SALARIAL DE ENFERMAGEM AS INSTITUICOES    DESPESA COM REPASSE FINANCEIRO COMPLEMENTAR DECORRENTE DA ASSISTENCIA FINANC;Outros (Convênios, ajustes, similares, etc.);000000952025
20262150001930025;10/04/2026 00:00:00;131334,81;0120432026;06/05/2026 00:00:00;35509,69;202621500019300250001;06/05/2026 00:00:00;35509,69;33903900;OUTROS SERVICOS DE TERCEIROS - PESSOA JURIDICA;01552868000167;SECRETARIA MUNICIPAL DE SAUDE;0,00;SECRETARIA MUNICIPAL DE SAUDE                                                                                                                                                                                                                                ;SAUDE - 10;ADMINISTRACAO GERAL - 122;TRANSFERENCIA DE RECURSOS DO SISTEMA UNICO DE SAUDE - SUS - BLOCO DE MANUTENCAO DAS ACOES E SERVICOS PUBLICOS DE SAUDE - 107;HOSPITAL SANTA LUCIA LTDA;DESPESA COM REPASSE FINANCEIRO COMPLEMENTAR DECORRENTE DA ASSISTENCIA FINANCEIRA DA UNIAO E DESTINADA AO PISO SALARIAL DE ENFERMAGEM AS INSTITUICOES    FILANTROPICAS DE GOIANIA                                                    VALOR ESTIMADO RELATIVO AO PERIODO DE ABRIL A JUNHO/2026 CONFORME INFORMADO NO DESPACHO DIRPS                                                           .                                                                           VALOR EMPENHADO DE 05/2026 A 07/2026 COM MENSAIS DE:.............43.778,27  VALOR TOTAL:....................................................131.334,81  .                                                                           97 - ASSISTENCIA FINANCEIRA PARA COMPLEMENTACAO PISO - ENFERMAGEM           SOLICITACAO FINANCEIRA: 181742/2026                                         ;Outros (Convênios, ajustes, similares, etc.);000002372025
20262150001930025;10/04/2026 00:00:00;131334,81;0152342026;11/06/2026 00:00:00;34583,85;202621500019300250002;12/06/2026 00:00:00;34583,85;33903900;OUTROS SERVICOS DE TERCEIROS - PESSOA JURIDICA;01552868000167;SECRETARIA MUNICIPAL DE SAUDE;0,00;SECRETARIA MUNICIPAL DE SAUDE                                                                                                                                                                                                                                ;SAUDE - 10;ADMINISTRACAO GERAL - 122;TRANSFERENCIA DE RECURSOS DO SISTEMA UNICO DE SAUDE - SUS - BLOCO DE MANUTENCAO DAS ACOES E SERVICOS PUBLICOS DE SAUDE - 107;HOSPITAL SANTA LUCIA LTDA;DESPESA COM REPASSE FINANCEIRO COMPLEMENTAR DECORRENTE DA ASSISTENCIA FINANCEIRA DA UNIAO E DESTINADA AO PISO SALARIAL DE ENFERMAGEM AS INSTITUICOES    FILANTROPICAS DE GOIANIA                                                    VALOR ESTIMADO RELATIVO AO PERIODO DE ABRIL A JUNHO/2026 CONFORME INFORMADO NO DESPACHO DIRPS                                                           .                                                                           VALOR EMPENHADO DE 05/2026 A 07/2026 COM MENSAIS DE:.............43.778,27  VALOR TOTAL:....................................................131.334,81  .                                                                           97 - ASSISTENCIA FINANCEIRA PARA COMPLEMENTACAO PISO - ENFERMAGEM           SOLICITACAO FINANCEIRA: 181742/2026                                         ;Outros (Convênios, ajustes, similares, etc.);000002372025
20262150001930025;10/04/2026 00:00:00;131334,81;0176502026;06/07/2026 00:00:00;36936,58;202621500019300250003;06/07/2026 00:00:00;36936,58;33903900;OUTROS SERVICOS DE TERCEIROS - PESSOA JURIDICA;01552868000167;SECRETARIA MUNICIPAL DE SAUDE;0,00;SECRETARIA MUNICIPAL DE SAUDE                                                                                                                                                                                                                                ;SAUDE - 10;ADMINISTRACAO GERAL - 122;TRANSFERENCIA DE RECURSOS DO SISTEMA UNICO DE SAUDE - SUS - BLOCO DE MANUTENCAO DAS ACOES E SERVICOS PUBLICOS DE SAUDE - 107;HOSPITAL SANTA LUCIA LTDA;DESPESA COM REPASSE FINANCEIRO COMPLEMENTAR DECORRENTE DA ASSISTENCIA FINANCEIRA DA UNIAO E DESTINADA AO PISO SALARIAL DE ENFERMAGEM AS INSTITUICOES    FILANTROPICAS DE GOIANIA                                                    VALOR ESTIMADO RELATIVO AO PERIODO DE ABRIL A JUNHO/2026 CONFORME INFORMADO NO DESPACHO DIRPS                                                           .                                                                           VALOR EMPENHADO DE 05/2026 A 07/2026 COM MENSAIS DE:.............43.778,27  VALOR TOTAL:....................................................131.334,81  .                                                                           97 - ASSISTENCIA FINANCEIRA PARA COMPLEMENTACAO PISO - ENFERMAGEM           SOLICITACAO FINANCEIRA: 181742/2026                                         ;Outros (Convênios, ajustes, similares, etc.);000002372025
20262150001930026;10/04/2026 00:00:00;2511978,66;0120782026;06/05/2026 00:00:00;768572,25;202621500019300260001;06/05/2026 00:00:00;768572,25;33903900;OUTROS SERVICOS DE TERCEIROS - PESSOA JURIDICA;01619790000150;SECRETARIA MUNICIPAL DE SAUDE;0,00;SECRETARIA MUNICIPAL DE SAUDE                                                                                                                                                                                                                                ;SAUDE - 10;ADMINISTRACAO GERAL - 122;TRANSFERENCIA DE RECURSOS DO SISTEMA UNICO DE SAUDE - SUS - BLOCO DE MANUTENCAO DAS ACOES E SERVICOS PUBLICOS DE SAUDE - 107;SANTA CASA DE MISERICORDIA DE GOIANIA;DESPESA COM REPASSE FINANCEIRO COMPLEMENTAR DECORRENTE DA ASSISTENCIA FINANCEIRA DA UNIAO E DESTINADA AO PISO SALARIAL DE ENFERMAGEM AS INSTITUICOES    FILANTROPICAS DE GOIANIA                                                    VALOR ESTIMADO RELATIVO AO PERIODO DE ABRIL A JUNHO/2026 CONFORME INFORMADO NO DESPACHO DIRPS                                                           .                                                                           VALOR EMPENHADO DE 05/2026 A 07/2026 COM MENSAIS DE:............837.326,22  VALOR TOTAL:..................................................2.511.978,66  .                                                                           97 - ASSISTENCIA FINANCEIRA PARA COMPLEMENTACAO PISO - ENFERMAGEM           SOLICITACAO FINANCEIRA: 181747/2026                                         ;Outros (Convênios, ajustes, similares, etc.);000000812025
20262150001930026;10/04/2026 00:00:00;2511978,66;0152162026;11/06/2026 00:00:00;464742,94;202621500019300260002;16/06/2026 00:00:00;464742,94;33903900;OUTROS SERVICOS DE TERCEIROS - PESSOA JURIDICA;01619790000150;SECRETARIA MUNICIPAL DE SAUDE;0,00;SECRETARIA MUNICIPAL DE SAUDE                                                                                                                                                                                                                                ;SAUDE - 10;ADMINISTRACAO GERAL - 122;TRANSFERENCIA DE RECURSOS DO SISTEMA UNICO DE SAUDE - SUS - BLOCO DE MANUTENCAO DAS ACOES E SERVICOS PUBLICOS DE SAUDE - 107;SANTA CASA DE MISERICORDIA DE GOIANIA;DESPESA COM REPASSE FINANCEIRO COMPLEMENTAR DECORRENTE DA ASSISTENCIA FINANCEIRA DA UNIAO E DESTINADA AO PISO SALARIAL DE ENFERMAGEM AS INSTITUICOES    FILANTROPICAS DE GOIANIA                                                    VALOR ESTIMADO RELATIVO AO PERIODO DE ABRIL A JUNHO/2026 CONFORME INFORMADO NO DESPACHO DIRPS                                                           .                                                                           VALOR EMPENHADO DE 05/2026 A 07/2026 COM MENSAIS DE:............837.326,22  VALOR TOTAL:..................................................2.511.978,66  .                                                                           97 - ASSISTENCIA FINANCEIRA PARA COMPLEMENTACAO PISO - ENFERMAGEM           SOLICITACAO FINANCEIRA: 181747/2026                                         ;Outros (Convênios, ajustes, similares, etc.);000000812025
20262150001930026;10/04/2026 00:00:00;2511978,66;0176492026;06/07/2026 00:00:00;699349,75;202621500019300260003;06/07/2026 00:00:00;699349,75;33903900;OUTROS SERVICOS DE TERCEIROS - PESSOA JURIDICA;01619790000150;SECRETARIA MUNICIPAL DE SAUDE;0,00;SECRETARIA MUNICIPAL DE SAUDE                                                                                                                                                                                                                                ;SAUDE - 10;ADMINISTRACAO GERAL - 122;TRANSFERENCIA DE RECURSOS DO SISTEMA UNICO DE SAUDE - SUS - BLOCO DE MANUTENCAO DAS ACOES E SERVICOS PUBLICOS DE SAUDE - 107;SANTA CASA DE MISERICORDIA DE GOIANIA;DESPESA COM REPASSE FINANCEIRO COMPLEMENTAR DECORRENTE DA ASSISTENCIA FINANCEIRA DA UNIAO E DESTINADA AO PISO SALARIAL DE ENFERMAGEM AS INSTITUICOES    FILANTROPICAS DE GOIANIA                                                    VALOR ESTIMADO RELATIVO AO PERIODO DE ABRIL A JUNHO/2026 CONFORME INFORMADO NO DESPACHO DIRPS                                                           .                                                                           VALOR EMPENHADO DE 05/2026 A 07/2026 COM MENSAIS DE:............837.326,22  VALOR TOTAL:..................................................2.511.978,66  .                                                                           97 - ASSISTENCIA FINANCEIRA PARA COMPLEMENTACAO PISO - ENFERMAGEM           SOLICITACAO FINANCEIRA: 181747/2026                                         ;Outros (Convênios, ajustes, similares, etc.);000000812025
20262150001930027;10/04/2026 00:00:00;14666,94;0120912026;06/05/2026 00:00:00;4444,53;202621500019300270001;06/05/2026 00:00:00;0,00;33903900;OUTROS SERVICOS DE TERCEIROS - PESSOA JURIDICA;01531714000199;SECRETARIA MUNICIPAL DE SAUDE;0,00;SECRETARIA MUNICIPAL DE SAUDE                                                                                                                                                                                                                                ;SAUDE - 10;ADMINISTRACAO GERAL - 122;TRANSFERENCIA DE RECURSOS DO SISTEMA UNICO DE SAUDE - SUS - BLOCO DE MANUTENCAO DAS ACOES E SERVICOS PUBLICOS DE SAUDE - 107;S R HOSPITALAR LTDA;DESPESA COM REPASSE FINANCEIRO COMPLEMENTAR DECORRENTE DA ASSISTENCIA FINANCEIRA DA UNIAO E DESTINADA AO PISO SALARIAL DE ENFERMAGEM AS INSTITUICOES    FILANTROPICAS DE GOIANIA                                                    VALOR ESTIMADO RELATIVO AO PERIODO DE ABRIL A JUNHO/2026 CONFORME INFORMADO NO DESPACHO DIRPS                                                           .                                                                           VALOR EMPENHADO DE 05/2026 A 07/2026 COM MENSAIS DE:..............4.888,98  VALOR TOTAL:.....................................................14.666,94  .                                                                           97 - ASSISTENCIA FINANCEIRA PARA COMPLEMENTACAO PISO - ENFERMAGEM           SOLICITACAO FINANCEIRA: 181748/2026                                         ;Outros (Convênios, ajustes, similares, etc.);000000932025
20262150001930027;10/04/2026 00:00:00;14666,94;0120912026;06/05/2026 00:00:00;4444,53;202621500019300270002;29/05/2026 00:00:00;0,00;33903900;OUTROS SERVICOS DE TERCEIROS - PESSOA JURIDICA;01531714000199;SECRETARIA MUNICIPAL DE SAUDE;0,00;SECRETARIA MUNICIPAL DE SAUDE                                                                                                                                                                                                                                ;SAUDE - 10;ADMINISTRACAO GERAL - 122;TRANSFERENCIA DE RECURSOS DO SISTEMA UNICO DE SAUDE - SUS - BLOCO DE MANUTENCAO DAS ACOES E SERVICOS PUBLICOS DE SAUDE - 107;S R HOSPITALAR LTDA;DESPESA COM REPASSE FINANCEIRO COMPLEMENTAR DECORRENTE DA ASSISTENCIA FINANCEIRA DA UNIAO E DESTINADA AO PISO SALARIAL DE ENFERMAGEM AS INSTITUICOES    FILANTROPICAS DE GOIANIA                                                    VALOR ESTIMADO RELATIVO AO PERIODO DE ABRIL A JUNHO/2026 CONFORME INFORMADO NO DESPACHO DIRPS                                                           .                                                                           VALOR EMPENHADO DE 05/2026 A 07/2026 COM MENSAIS DE:..............4.888,98  VALOR TOTAL:.....................................................14.666,94  .                                                                           97 - ASSISTENCIA FINANCEIRA PARA COMPLEMENTACAO PISO - ENFERMAGEM           SOLICITACAO FINANCEIRA: 181748/2026                                         ;Outros (Convênios, ajustes, similares, etc.);000000932025
20262150001930027;10/04/2026 00:00:00;14666,94;0120912026;06/05/2026 00:00:00;4444,53;202621500019300270003;01/06/2026 00:00:00;4444,53;33903900;OUTROS SERVICOS DE TERCEIROS - PESSOA JURIDICA;01531714000199;SECRETARIA MUNICIPAL DE SAUDE;0,00;SECRETARIA MUNICIPAL DE SAUDE                                                                                                                                                                                                                                ;SAUDE - 10;ADMINISTRACAO GERAL - 122;TRANSFERENCIA DE RECURSOS DO SISTEMA UNICO DE SAUDE - SUS - BLOCO DE MANUTENCAO DAS ACOES E SERVICOS PUBLICOS DE SAUDE - 107;S R HOSPITALAR LTDA;DESPESA COM REPASSE FINANCEIRO COMPLEMENTAR DECORRENTE DA ASSISTENCIA FINANCEIRA DA UNIAO E DESTINADA AO PISO SALARIAL DE ENFERMAGEM AS INSTITUICOES    FILANTROPICAS DE GOIANIA                                                    VALOR ESTIMADO RELATIVO AO PERIODO DE ABRIL A JUNHO/2026 CONFORME INFORMADO NO DESPACHO DIRPS                                                           .                                                                           VALOR EMPENHADO DE 05/2026 A 07/2026 COM MENSAIS DE:..............4.888,98  VALOR TOTAL:.....................................................14.666,94  .                                                                           97 - ASSISTENCIA FINANCEIRA PARA COMPLEMENTACAO PISO - ENFERMAGEM           SOLICITACAO FINANCEIRA: 181748/2026                                         ;Outros (Convênios, ajustes, similares, etc.);000000932025
20262150001930027;10/04/2026 00:00:00;14666,94;0152252026;11/06/2026 00:00:00;4145,46;202621500019300270004;16/06/2026 00:00:00;0,00;33903900;OUTROS SERVICOS DE TERCEIROS - PESSOA JURIDICA;01531714000199;SECRETARIA MUNICIPAL DE SAUDE;0,00;SECRETARIA MUNICIPAL DE SAUDE                                                                                                                                                                                                                                ;SAUDE - 10;ADMINISTRACAO GERAL - 122;TRANSFERENCIA DE RECURSOS DO SISTEMA UNICO DE SAUDE - SUS - BLOCO DE MANUTENCAO DAS ACOES E SERVICOS PUBLICOS DE SAUDE - 107;S R HOSPITALAR LTDA;DESPESA COM REPASSE FINANCEIRO COMPLEMENTAR DECORRENTE DA ASSISTENCIA FINANCEIRA DA UNIAO E DESTINADA AO PISO SALARIAL DE ENFERMAGEM AS INSTITUICOES    FILANTROPICAS DE GOIANIA                                                    VALOR ESTIMADO RELATIVO AO PERIODO DE ABRIL A JUNHO/2026 CONFORME INFORMADO NO DESPACHO DIRPS                                                           .                                                                           VALOR EMPENHADO DE 05/2026 A 07/2026 COM MENSAIS DE:..............4.888,98  VALOR TOTAL:.....................................................14.666,94  .                                                                           97 - ASSISTENCIA FINANCEIRA PARA COMPLEMENTACAO PISO - ENFERMAGEM           SOLICITACAO FINANCEIRA: 181748/2026                                         ;Outros (Convênios, ajustes, similares, etc.);000000932025
20262150001930027;10/04/2026 00:00:00;14666,94;0152252026;11/06/2026 00:00:00;4145,46;202621500019300270005;18/06/2026 00:00:00;4145,46;33903900;OUTROS SERVICOS DE TERCEIROS - PESSOA JURIDICA;01531714000199;SECRETARIA MUNICIPAL DE SAUDE;0,00;SECRETARIA MUNICIPAL DE SAUDE                                                                                                                                                                                                                                ;SAUDE - 10;ADMINISTRACAO GERAL - 122;TRANSFERENCIA DE RECURSOS DO SISTEMA UNICO DE SAUDE - SUS - BLOCO DE MANUTENCAO DAS ACOES E SERVICOS PUBLICOS DE SAUDE - 107;S R HOSPITALAR LTDA;DESPESA COM REPASSE FINANCEIRO COMPLEMENTAR DECORRENTE DA ASSISTENCIA FINANCEIRA DA UNIAO E DESTINADA AO PISO SALARIAL DE ENFERMAGEM AS INSTITUICOES    FILANTROPICAS DE GOIANIA                                                    VALOR ESTIMADO RELATIVO AO PERIODO DE ABRIL A JUNHO/2026 CONFORME INFORMADO NO DESPACHO DIRPS                                                           .                                                                           VALOR EMPENHADO DE 05/2026 A 07/2026 COM MENSAIS DE:..............4.888,98  VALOR TOTAL:.....................................................14.666,94  .                                                                           97 - ASSISTENCIA FINANCEIRA PARA COMPLEMENTACAO PISO - ENFERMAGEM           SOLICITACAO FINANCEIRA: 181748/2026                                         ;Outros (Convênios, ajustes, similares, etc.);000000932025
20262150001930027;10/04/2026 00:00:00;14666,94;0176462026;06/07/2026 00:00:00;4145,46;202621500019300270006;06/07/2026 00:00:00;4145,46;33903900;OUTROS SERVICOS DE TERCEIROS - PESSOA JURIDICA;01531714000199;SECRETARIA MUNICIPAL DE SAUDE;0,00;SECRETARIA MUNICIPAL DE SAUDE                                                                                                                                                                                                                                ;SAUDE - 10;ADMINISTRACAO GERAL - 122;TRANSFERENCIA DE RECURSOS DO SISTEMA UNICO DE SAUDE - SUS - BLOCO DE MANUTENCAO DAS ACOES E SERVICOS PUBLICOS DE SAUDE - 107;S R HOSPITALAR LTDA;DESPESA COM REPASSE FINANCEIRO COMPLEMENTAR DECORRENTE DA ASSISTENCIA FINANCEIRA DA UNIAO E DESTINADA AO PISO SALARIAL DE ENFERMAGEM AS INSTITUICOES    FILANTROPICAS DE GOIANIA                                                    VALOR ESTIMADO RELATIVO AO PERIODO DE ABRIL A JUNHO/2026 CONFORME INFORMADO NO DESPACHO DIRPS                                                           .                                                                           VALOR EMPENHADO DE 05/2026 A 07/2026 COM MENSAIS DE:..............4.888,98  VALOR TOTAL:.....................................................14.666,94  .                                                                           97 - ASSISTENCIA FINANCEIRA PARA COMPLEMENTACAO PISO - ENFERMAGEM           SOLICITACAO FINANCEIRA: 181748/2026                                         ;Outros (Convênios, ajustes, similares, etc.);000000932025
20262150001930028;10/04/2026 00:00:00;1920520,50;0120022026;06/05/2026 00:00:00;554476,86;202621500019300280001;06/05/2026 00:00:00;554476,86;33903900;OUTROS SERVICOS DE TERCEIROS - PESSOA JURIDICA;01081470000190;SECRETARIA MUNICIPAL DE SAUDE;0,00;SECRETARIA MUNICIPAL DE SAUDE                                                                                                                                                                                                                                ;SAUDE - 10;ADMINISTRACAO GERAL - 122;TRANSFERENCIA DE RECURSOS DO SISTEMA UNICO DE SAUDE - SUS - BLOCO DE MANUTENCAO DAS ACOES E SERVICOS PUBLICOS DE SAUDE - 107;HOSPITAL RUY AZEREDO LTDA;DESPESA COM REPASSE FINANCEIRO COMPLEMENTAR DECORRENTE DA ASSISTENCIA FINANCEIRA DA UNIAO E DESTINADA AO PISO SALARIAL DE ENFERMAGEM AS INSTITUICOES    FILANTROPICAS DE GOIANIA                                                    VALOR ESTIMADO RELATIVO AO PERIODO DE ABRIL A JUNHO/2026 CONFORME INFORMADO NO DESPACHO DIRPS                                                           .                                                                           VALOR EMPENHADO DE 05/2026 A 07/2026 COM MENSAIS DE:............640.173,50  VALOR TOTAL:..................................................1.920.520,50  .                                                                           97 - ASSISTENCIA FINANCEIRA PARA COMPLEMENTACAO PISO - ENFERMAGEM           SOLICITACAO FINANCEIRA: 181741/2026                                         ;Outros (Convênios, ajustes, similares, etc.);000000942025
20262150001930028;10/04/2026 00:00:00;1920520,50;0152042026;11/06/2026 00:00:00;522554,91;202621500019300280002;16/06/2026 00:00:00;522554,91;33903900;OUTROS SERVICOS DE TERCEIROS - PESSOA JURIDICA;01081470000190;SECRETARIA MUNICIPAL DE SAUDE;0,00;SECRETARIA MUNICIPAL DE SAUDE                                                                                                                                                                                                                                ;SAUDE - 10;ADMINISTRACAO GERAL - 122;TRANSFERENCIA DE RECURSOS DO SISTEMA UNICO DE SAUDE - SUS - BLOCO DE MANUTENCAO DAS ACOES E SERVICOS PUBLICOS DE SAUDE - 107;HOSPITAL RUY AZEREDO LTDA;DESPESA COM REPASSE FINANCEIRO COMPLEMENTAR DECORRENTE DA ASSISTENCIA FINANCEIRA DA UNIAO E DESTINADA AO PISO SALARIAL DE ENFERMAGEM AS INSTITUICOES    FILANTROPICAS DE GOIANIA                                                    VALOR ESTIMADO RELATIVO AO PERIODO DE ABRIL A JUNHO/2026 CONFORME INFORMADO NO DESPACHO DIRPS                                                           .                                                                           VALOR EMPENHADO DE 05/2026 A 07/2026 COM MENSAIS DE:............640.173,50  VALOR TOTAL:..................................................1.920.520,50  .                                                                           97 - ASSISTENCIA FINANCEIRA PARA COMPLEMENTACAO PISO - ENFERMAGEM           SOLICITACAO FINANCEIRA: 181741/2026                                         ;Outros (Convênios, ajustes, similares, etc.);000000942025
20262150001930028;10/04/2026 00:00:00;1920520,50;0176552026;06/07/2026 00:00:00;542139,69;202621500019300280003;06/07/2026 00:00:00;542139,69;33903900;OUTROS SERVICOS DE TERCEIROS - PESSOA JURIDICA;01081470000190;SECRETARIA MUNICIPAL DE SAUDE;0,00;SECRETARIA MUNICIPAL DE SAUDE                                                                                                                                                                                                                                ;SAUDE - 10;ADMINISTRACAO GERAL - 122;TRANSFERENCIA DE RECURSOS DO SISTEMA UNICO DE SAUDE - SUS - BLOCO DE MANUTENCAO DAS ACOES E SERVICOS PUBLICOS DE SAUDE - 107;HOSPITAL RUY AZEREDO LTDA;DESPESA COM REPASSE FINANCEIRO COMPLEMENTAR DECORRENTE DA ASSISTENCIA FINANCEIRA DA UNIAO E DESTINADA AO PISO SALARIAL DE ENFERMAGEM AS INSTITUICOES    FILANTROPICAS DE GOIANIA                                                    VALOR ESTIMADO RELATIVO AO PERIODO DE ABRIL A JUNHO/2026 CONFORME INFORMADO NO DESPACHO DIRPS                                                           .                                                                           VALOR EMPENHADO DE 05/2026 A 07/2026 COM MENSAIS DE:............640.173,50  VALOR TOTAL:..................................................1.920.520,50  .                                                                           97 - ASSISTENCIA FINANCEIRA PARA COMPLEMENTACAO PISO - ENFERMAGEM           SOLICITACAO FINANCEIRA: 181741/2026                                         ;Outros (Convênios, ajustes, similares, etc.);000000942025
20262150001930029;10/04/2026 00:00:00;137824,38;0120712026;06/05/2026 00:00:00;39791,68;202621500019300290001;06/05/2026 00:00:00;39791,68;33903900;OUTROS SERVICOS DE TERCEIROS - PESSOA JURIDICA;02043906000119;SECRETARIA MUNICIPAL DE SAUDE;0,00;SECRETARIA MUNICIPAL DE SAUDE                                                                                                                                                                                                                                ;SAUDE - 10;ADMINISTRACAO GERAL - 122;TRANSFERENCIA DE RECURSOS DO SISTEMA UNICO DE SAUDE - SUS - BLOCO DE MANUTENCAO DAS ACOES E SERVICOS PUBLICOS DE SAUDE - 107;RENALCLINICA CLINICA DE NEFROLOGIA LTDA;DESPESA COM REPASSE FINANCEIRO COMPLEMENTAR DECORRENTE DA ASSISTENCIA FINANCEIRA DA UNIAO E DESTINADA AO PISO SALARIAL DE ENFERMAGEM AS INSTITUICOES    FILANTROPICAS DE GOIANIA                                                    VALOR ESTIMADO RELATIVO AO PERIODO DE ABRIL A JUNHO/2026 CONFORME INFORMADO NO DESPACHO DIRPS                                                           .                                                                           VALOR EMPENHADO DE 05/2026 A 07/2026 COM MENSAIS DE:.............45.941,46  VALOR TOTAL:....................................................137.824,38  .                                                                           97 - ASSISTENCIA FINANCEIRA PARA COMPLEMENTACAO PISO - ENFERMAGEM           SOLICITACAO FINANCEIRA: 181746/2026                                         ;Outros (Convênios, ajustes, similares, etc.);000000022025
20262150001930029;10/04/2026 00:00:00;137824,38;0152062026;11/06/2026 00:00:00;32256,03;202621500019300290002;16/06/2026 00:00:00;32256,03;33903900;OUTROS SERVICOS DE TERCEIROS - PESSOA JURIDICA;02043906000119;SECRETARIA MUNICIPAL DE SAUDE;0,00;SECRETARIA MUNICIPAL DE SAUDE                                                                                                                                                                                                                                ;SAUDE - 10;ADMINISTRACAO GERAL - 122;TRANSFERENCIA DE RECURSOS DO SISTEMA UNICO DE SAUDE - SUS - BLOCO DE MANUTENCAO DAS ACOES E SERVICOS PUBLICOS DE SAUDE - 107;RENALCLINICA CLINICA DE NEFROLOGIA LTDA;DESPESA COM REPASSE FINANCEIRO COMPLEMENTAR DECORRENTE DA ASSISTENCIA FINANCEIRA DA UNIAO E DESTINADA AO PISO SALARIAL DE ENFERMAGEM AS INSTITUICOES    FILANTROPICAS DE GOIANIA                                                    VALOR ESTIMADO RELATIVO AO PERIODO DE ABRIL A JUNHO/2026 CONFORME INFORMADO NO DESPACHO DIRPS                                                           .                                                                           VALOR EMPENHADO DE 05/2026 A 07/2026 COM MENSAIS DE:.............45.941,46  VALOR TOTAL:....................................................137.824,38  .                                                                           97 - ASSISTENCIA FINANCEIRA PARA COMPLEMENTACAO PISO - ENFERMAGEM           SOLICITACAO FINANCEIRA: 181746/2026                                         ;Outros (Convênios, ajustes, similares, etc.);000000022025
20262150001930029;10/04/2026 00:00:00;137824,38;0176522026;06/07/2026 00:00:00;32256,03;202621500019300290003;06/07/2026 00:00:00;32256,03;33903900;OUTROS SERVICOS DE TERCEIROS - PESSOA JURIDICA;02043906000119;SECRETARIA MUNICIPAL DE SAUDE;0,00;SECRETARIA MUNICIPAL DE SAUDE                                                                                                                                                                                                                                ;SAUDE - 10;ADMINISTRACAO GERAL - 122;TRANSFERENCIA DE RECURSOS DO SISTEMA UNICO DE SAUDE - SUS - BLOCO DE MANUTENCAO DAS ACOES E SERVICOS PUBLICOS DE SAUDE - 107;RENALCLINICA CLINICA DE NEFROLOGIA LTDA;DESPESA COM REPASSE FINANCEIRO COMPLEMENTAR DECORRENTE DA ASSISTENCIA FINANCEIRA DA UNIAO E DESTINADA AO PISO SALARIAL DE ENFERMAGEM AS INSTITUICOES    FILANTROPICAS DE GOIANIA                                                    VALOR ESTIMADO RELATIVO AO PERIODO DE ABRIL A JUNHO/2026 CONFORME INFORMADO NO DESPACHO DIRPS                                                           .                                                                           VALOR EMPENHADO DE 05/2026 A 07/2026 COM MENSAIS DE:.............45.941,46  VALOR TOTAL:....................................................137.824,38  .                                                                           97 - ASSISTENCIA FINANCEIRA PARA COMPLEMENTACAO PISO - ENFERMAGEM           SOLICITACAO FINANCEIRA: 181746/2026                                         ;Outros (Convênios, ajustes, similares, etc.);000000022025
20262150001930030;10/04/2026 00:00:00;260246,28;0120012026;06/05/2026 00:00:00;72290,63;202621500019300300001;06/05/2026 00:00:00;72290,63;33903900;OUTROS SERVICOS DE TERCEIROS - PESSOA JURIDICA;02600740000194;SECRETARIA MUNICIPAL DE SAUDE;0,00;SECRETARIA MUNICIPAL DE SAUDE                                                                                                                                                                                                                                ;SAUDE - 10;ADMINISTRACAO GERAL - 122;TRANSFERENCIA DE RECURSOS DO SISTEMA UNICO DE SAUDE - SUS - BLOCO DE MANUTENCAO DAS ACOES E SERVICOS PUBLICOS DE SAUDE - 107;FUNDACAO BANCO DE OLHOS DE GOIAS;DESPESA COM REPASSE FINANCEIRO COMPLEMENTAR DECORRENTE DA ASSISTENCIA FINANCEIRA DA UNIAO E DESTINADA AO PISO SALARIAL DE ENFERMAGEM AS INSTITUICOES    FILANTROPICAS DE GOIANIA                                                    VALOR ESTIMADO RELATIVO AO PERIODO DE ABRIL A JUNHO/2026 CONFORME INFORMADO NO DESPACHO DIRPS                                                           .                                                                           VALOR EMPENHADO DE 05/2026 A 07/2026 COM MENSAIS DE:.............86.748,76  VALOR TOTAL:....................................................260.246,28  .                                                                           97 - ASSISTENCIA FINANCEIRA PARA COMPLEMENTACAO PISO - ENFERMAGEM           SOLICITACAO FINANCEIRA: 181740/2026                                         ;Outros (Convênios, ajustes, similares, etc.);000000912025
20262150001930030;10/04/2026 00:00:00;260246,28;0152272026;11/06/2026 00:00:00;65418,63;202621500019300300002;16/06/2026 00:00:00;65418,63;33903900;OUTROS SERVICOS DE TERCEIROS - PESSOA JURIDICA;02600740000194;SECRETARIA MUNICIPAL DE SAUDE;0,00;SECRETARIA MUNICIPAL DE SAUDE                                                                                                                                                                                                                                ;SAUDE - 10;ADMINISTRACAO GERAL - 122;TRANSFERENCIA DE RECURSOS DO SISTEMA UNICO DE SAUDE - SUS - BLOCO DE MANUTENCAO DAS ACOES E SERVICOS PUBLICOS DE SAUDE - 107;FUNDACAO BANCO DE OLHOS DE GOIAS;DESPESA COM REPASSE FINANCEIRO COMPLEMENTAR DECORRENTE DA ASSISTENCIA FINANCEIRA DA UNIAO E DESTINADA AO PISO SALARIAL DE ENFERMAGEM AS INSTITUICOES    FILANTROPICAS DE GOIANIA                                                    VALOR ESTIMADO RELATIVO AO PERIODO DE ABRIL A JUNHO/2026 CONFORME INFORMADO NO DESPACHO DIRPS                                                           .                                                                           VALOR EMPENHADO DE 05/2026 A 07/2026 COM MENSAIS DE:.............86.748,76  VALOR TOTAL:....................................................260.246,28  .                                                                           97 - ASSISTENCIA FINANCEIRA PARA COMPLEMENTACAO PISO - ENFERMAGEM           SOLICITACAO FINANCEIRA: 181740/2026                                         ;Outros (Convênios, ajustes, similares, etc.);000000912025
20262150001930030;10/04/2026 00:00:00;260246,28;0176482026;06/07/2026 00:00:00;65825,63;202621500019300300003;06/07/2026 00:00:00;65825,63;33903900;OUTROS SERVICOS DE TERCEIROS - PESSOA JURIDICA;02600740000194;SECRETARIA MUNICIPAL DE SAUDE;0,00;SECRETARIA MUNICIPAL DE SAUDE                                                                                                                                                                                                                                ;SAUDE - 10;ADMINISTRACAO GERAL - 122;TRANSFERENCIA DE RECURSOS DO SISTEMA UNICO DE SAUDE - SUS - BLOCO DE MANUTENCAO DAS ACOES E SERVICOS PUBLICOS DE SAUDE - 107;FUNDACAO BANCO DE OLHOS DE GOIAS;DESPESA COM REPASSE FINANCEIRO COMPLEMENTAR DECORRENTE DA ASSISTENCIA FINANCEIRA DA UNIAO E DESTINADA AO PISO SALARIAL DE ENFERMAGEM AS INSTITUICOES    FILANTROPICAS DE GOIANIA                                                    VALOR ESTIMADO RELATIVO AO PERIODO DE ABRIL A JUNHO/2026 CONFORME INFORMADO NO DESPACHO DIRPS                                                           .                                                                           VALOR EMPENHADO DE 05/2026 A 07/2026 COM MENSAIS DE:.............86.748,76  VALOR TOTAL:....................................................260.246,28  .                                                                           97 - ASSISTENCIA FINANCEIRA PARA COMPLEMENTACAO PISO - ENFERMAGEM           SOLICITACAO FINANCEIRA: 181740/2026                                         ;Outros (Convênios, ajustes, similares, etc.);000000912025
20262150001930031;10/04/2026 00:00:00;1511830,38;0119532026;06/05/2026 00:00:00;466922,37;202621500019300310001;06/05/2026 00:00:00;466922,37;33903900;OUTROS SERVICOS DE TERCEIROS - PESSOA JURIDICA;01585595000157;SECRETARIA MUNICIPAL DE SAUDE;0,00;SECRETARIA MUNICIPAL DE SAUDE                                                                                                                                                                                                                                ;SAUDE - 10;ADMINISTRACAO GERAL - 122;TRANSFERENCIA DE RECURSOS DO SISTEMA UNICO DE SAUDE - SUS - BLOCO DE MANUTENCAO DAS ACOES E SERVICOS PUBLICOS DE SAUDE - 107;ASSOCIACAO DE COMBATE AO CANCER EM GOIAS;DESPESA COM REPASSE FINANCEIRO COMPLEMENTAR DECORRENTE DA ASSISTENCIA FINANCEIRA DA UNIAO E DESTINADA AO PISO SALARIAL DE ENFERMAGEM AS INSTITUICOES    FILANTROPICAS DE GOIANIA                                                    VALOR ESTIMADO RELATIVO AO PERIODO DE ABRIL A JUNHO/2026 CONFORME INFORMADO NO DESPACHO DIRPS                                                           .                                                                           VALOR EMPENHADO DE 05/2026 A 07/2026 COM MENSAIS DE:............503.943,46  VALOR TOTAL:..................................................1.511.830,38  .                                                                           97 - ASSISTENCIA FINANCEIRA PARA COMPLEMENTACAO PISO - ENFERMAGEM           SOLICITACAO FINANCEIRA: 181737/2026                                         ;Outros (Convênios, ajustes, similares, etc.);000001322025
20262150001930031;10/04/2026 00:00:00;1511830,38;0152322026;11/06/2026 00:00:00;427096,87;202621500019300310002;16/06/2026 00:00:00;427096,87;33903900;OUTROS SERVICOS DE TERCEIROS - PESSOA JURIDICA;01585595000157;SECRETARIA MUNICIPAL DE SAUDE;0,00;SECRETARIA MUNICIPAL DE SAUDE                                                                                                                                                                                                                                ;SAUDE - 10;ADMINISTRACAO GERAL - 122;TRANSFERENCIA DE RECURSOS DO SISTEMA UNICO DE SAUDE - SUS - BLOCO DE MANUTENCAO DAS ACOES E SERVICOS PUBLICOS DE SAUDE - 107;ASSOCIACAO DE COMBATE AO CANCER EM GOIAS;DESPESA COM REPASSE FINANCEIRO COMPLEMENTAR DECORRENTE DA ASSISTENCIA FINANCEIRA DA UNIAO E DESTINADA AO PISO SALARIAL DE ENFERMAGEM AS INSTITUICOES    FILANTROPICAS DE GOIANIA                                                    VALOR ESTIMADO RELATIVO AO PERIODO DE ABRIL A JUNHO/2026 CONFORME INFORMADO NO DESPACHO DIRPS                                                           .                                                                           VALOR EMPENHADO DE 05/2026 A 07/2026 COM MENSAIS DE:............503.943,46  VALOR TOTAL:..................................................1.511.830,38  .                                                                           97 - ASSISTENCIA FINANCEIRA PARA COMPLEMENTACAO PISO - ENFERMAGEM           SOLICITACAO FINANCEIRA: 181737/2026                                         ;Outros (Convênios, ajustes, similares, etc.);000001322025
20262150001930031;10/04/2026 00:00:00;1511830,38;0176432026;06/07/2026 00:00:00;449926,43;202621500019300310003;06/07/2026 00:00:00;449926,43;33903900;OUTROS SERVICOS DE TERCEIROS - PESSOA JURIDICA;01585595000157;SECRETARIA MUNICIPAL DE SAUDE;0,00;SECRETARIA MUNICIPAL DE SAUDE                                                                                                                                                                                                                                ;SAUDE - 10;ADMINISTRACAO GERAL - 122;TRANSFERENCIA DE RECURSOS DO SISTEMA UNICO DE SAUDE - SUS - BLOCO DE MANUTENCAO DAS ACOES E SERVICOS PUBLICOS DE SAUDE - 107;ASSOCIACAO DE COMBATE AO CANCER EM GOIAS;DESPESA COM REPASSE FINANCEIRO COMPLEMENTAR DECORRENTE DA ASSISTENCIA FINANCEIRA DA UNIAO E DESTINADA AO PISO SALARIAL DE ENFERMAGEM AS INSTITUICOES    FILANTROPICAS DE GOIANIA                                                    VALOR ESTIMADO RELATIVO AO PERIODO DE ABRIL A JUNHO/2026 CONFORME INFORMADO NO DESPACHO DIRPS                                                           .                                                                           VALOR EMPENHADO DE 05/2026 A 07/2026 COM MENSAIS DE:............503.943,46  VALOR TOTAL:..................................................1.511.830,38  .                                                                           97 - ASSISTENCIA FINANCEIRA PARA COMPLEMENTACAO PISO - ENFERMAGEM           SOLICITACAO FINANCEIRA: 181737/2026                                         ;Outros (Convênios, ajustes, similares, etc.);000001322025
20262150001930032;10/04/2026 00:00:00;154005,45;0119862026;06/05/2026 00:00:00;56162,24;202621500019300320001;06/05/2026 00:00:00;56162,24;33903900;OUTROS SERVICOS DE TERCEIROS - PESSOA JURIDICA;00602238000197;SECRETARIA MUNICIPAL DE SAUDE;0,00;SECRETARIA MUNICIPAL DE SAUDE                                                                                                                                                                                                                                ;SAUDE - 10;ADMINISTRACAO GERAL - 122;TRANSFERENCIA DE RECURSOS DO SISTEMA UNICO DE SAUDE - SUS - BLOCO DE MANUTENCAO DAS ACOES E SERVICOS PUBLICOS DE SAUDE - 107;DAVITA SERVICOS DE NEFROLOGIA BUENO LTDA;DESPESA COM REPASSE FINANCEIRO COMPLEMENTAR DECORRENTE DA ASSISTENCIA FINANCEIRA DA UNIAO E DESTINADA AO PISO SALARIAL DE ENFERMAGEM AS INSTITUICOES    FILANTROPICAS DE GOIANIA                                                    VALOR ESTIMADO RELATIVO AO PERIODO DE ABRIL A JUNHO/2026 CONFORME INFORMADO NO DESPACHO DIRPS                                                           .                                                                           VALOR EMPENHADO DE 05/2026 A 07/2026 COM MENSAIS DE:.............51.335,15  VALOR TOTAL:....................................................154.005,45  .                                                                           97 - ASSISTENCIA FINANCEIRA PARA COMPLEMENTACAO PISO - ENFERMAGEM           SOLICITACAO FINANCEIRA: 181736/2026                                         ;Outros (Convênios, ajustes, similares, etc.);000001472025
20262150001930032;10/04/2026 00:00:00;154005,45;0152312026;11/06/2026 00:00:00;57996,37;202621500019300320002;16/06/2026 00:00:00;57996,37;33903900;OUTROS SERVICOS DE TERCEIROS - PESSOA JURIDICA;00602238000197;SECRETARIA MUNICIPAL DE SAUDE;0,00;SECRETARIA MUNICIPAL DE SAUDE                                                                                                                                                                                                                                ;SAUDE - 10;ADMINISTRACAO GERAL - 122;TRANSFERENCIA DE RECURSOS DO SISTEMA UNICO DE SAUDE - SUS - BLOCO DE MANUTENCAO DAS ACOES E SERVICOS PUBLICOS DE SAUDE - 107;DAVITA SERVICOS DE NEFROLOGIA BUENO LTDA;DESPESA COM REPASSE FINANCEIRO COMPLEMENTAR DECORRENTE DA ASSISTENCIA FINANCEIRA DA UNIAO E DESTINADA AO PISO SALARIAL DE ENFERMAGEM AS INSTITUICOES    FILANTROPICAS DE GOIANIA                                                    VALOR ESTIMADO RELATIVO AO PERIODO DE ABRIL A JUNHO/2026 CONFORME INFORMADO NO DESPACHO DIRPS                                                           .                                                                           VALOR EMPENHADO DE 05/2026 A 07/2026 COM MENSAIS DE:.............51.335,15  VALOR TOTAL:....................................................154.005,45  .                                                                           97 - ASSISTENCIA FINANCEIRA PARA COMPLEMENTACAO PISO - ENFERMAGEM           SOLICITACAO FINANCEIRA: 181736/2026                                         ;Outros (Convênios, ajustes, similares, etc.);000001472025
20262150001930033;10/04/2026 00:00:00;336083,82;0120002026;06/05/2026 00:00:00;112919,82;202621500019300330001;06/05/2026 00:00:00;112919,82;33903900;OUTROS SERVICOS DE TERCEIROS - PESSOA JURIDICA;04529890000184;SECRETARIA MUNICIPAL DE SAUDE;0,00;SECRETARIA MUNICIPAL DE SAUDE                                                                                                                                                                                                                                ;SAUDE - 10;ADMINISTRACAO GERAL - 122;TRANSFERENCIA DE RECURSOS DO SISTEMA UNICO DE SAUDE - SUS - BLOCO DE MANUTENCAO DAS ACOES E SERVICOS PUBLICOS DE SAUDE - 107;DAVITA SERVICOS DE NEFROLOGIA JARDIM AMERICA LTDA;DESPESA COM REPASSE FINANCEIRO COMPLEMENTAR DECORRENTE DA ASSISTENCIA FINANCEIRA DA UNIAO E DESTINADA AO PISO SALARIAL DE ENFERMAGEM AS INSTITUICOES    FILANTROPICAS DE GOIANIA                                                    VALOR ESTIMADO RELATIVO AO PERIODO DE ABRIL A JUNHO/2026 CONFORME INFORMADO NO DESPACHO DIRPS                                                           .                                                                           VALOR EMPENHADO DE 05/2026 A 07/2026 COM MENSAIS DE:............112.027,94  VALOR TOTAL:....................................................336.083,82  .                                                                           97 - ASSISTENCIA FINANCEIRA PARA COMPLEMENTACAO PISO - ENFERMAGEM           SOLICITACAO FINANCEIRA: 181739/2026                                         ;Outros (Convênios, ajustes, similares, etc.);000000832025
20262150001930033;10/04/2026 00:00:00;336083,82;0152182026;11/06/2026 00:00:00;116796,48;202621500019300330002;16/06/2026 00:00:00;116796,48;33903900;OUTROS SERVICOS DE TERCEIROS - PESSOA JURIDICA;04529890000184;SECRETARIA MUNICIPAL DE SAUDE;0,00;SECRETARIA MUNICIPAL DE SAUDE                                                                                                                                                                                                                                ;SAUDE - 10;ADMINISTRACAO GERAL - 122;TRANSFERENCIA DE RECURSOS DO SISTEMA UNICO DE SAUDE - SUS - BLOCO DE MANUTENCAO DAS ACOES E SERVICOS PUBLICOS DE SAUDE - 107;DAVITA SERVICOS DE NEFROLOGIA JARDIM AMERICA LTDA;DESPESA COM REPASSE FINANCEIRO COMPLEMENTAR DECORRENTE DA ASSISTENCIA FINANCEIRA DA UNIAO E DESTINADA AO PISO SALARIAL DE ENFERMAGEM AS INSTITUICOES    FILANTROPICAS DE GOIANIA                                                    VALOR ESTIMADO RELATIVO AO PERIODO DE ABRIL A JUNHO/2026 CONFORME INFORMADO NO DESPACHO DIRPS                                                           .                                                                           VALOR EMPENHADO DE 05/2026 A 07/2026 COM MENSAIS DE:............112.027,94  VALOR TOTAL:....................................................336.083,82  .                                                                           97 - ASSISTENCIA FINANCEIRA PARA COMPLEMENTACAO PISO - ENFERMAGEM           SOLICITACAO FINANCEIRA: 181739/2026                                         ;Outros (Convênios, ajustes, similares, etc.);000000832025
20262150001930034;10/04/2026 00:00:00;273388,68;0119982026;06/05/2026 00:00:00;88742,01;202621500019300340001;06/05/2026 00:00:00;88742,01;33903900;OUTROS SERVICOS DE TERCEIROS - PESSOA JURIDICA;01004795000179;SECRETARIA MUNICIPAL DE SAUDE;0,00;SECRETARIA MUNICIPAL DE SAUDE                                                                                                                                                                                                                                ;SAUDE - 10;ADMINISTRACAO GERAL - 122;TRANSFERENCIA DE RECURSOS DO SISTEMA UNICO DE SAUDE - SUS - BLOCO DE MANUTENCAO DAS ACOES E SERVICOS PUBLICOS DE SAUDE - 107;DAVITA SERVICOS DE NEFROLOGIA GOIANIA LTDA.;DESPESA COM REPASSE FINANCEIRO COMPLEMENTAR DECORRENTE DA ASSISTENCIA FINANCEIRA DA UNIAO E DESTINADA AO PISO SALARIAL DE ENFERMAGEM AS INSTITUICOES    FILANTROPICAS DE GOIANIA                                                    VALOR ESTIMADO RELATIVO AO PERIODO DE ABRIL A JUNHO/2026 CONFORME INFORMADO NO DESPACHO DIRPS                                                           .                                                                           VALOR EMPENHADO DE 05/2026 A 07/2026 COM MENSAIS DE:.............91.129,56  VALOR TOTAL:....................................................273.388,68  .                                                                           97 - ASSISTENCIA FINANCEIRA PARA COMPLEMENTACAO PISO - ENFERMAGEM           SOLICITACAO FINANCEIRA: 181738/2026                                         ;Outros (Convênios, ajustes, similares, etc.);000001482025
20262150001930034;10/04/2026 00:00:00;273388,68;0152302026;11/06/2026 00:00:00;86497,26;202621500019300340002;16/06/2026 00:00:00;86497,26;33903900;OUTROS SERVICOS DE TERCEIROS - PESSOA JURIDICA;01004795000179;SECRETARIA MUNICIPAL DE SAUDE;0,00;SECRETARIA MUNICIPAL DE SAUDE                                                                                                                                                                                                                                ;SAUDE - 10;ADMINISTRACAO GERAL - 122;TRANSFERENCIA DE RECURSOS DO SISTEMA UNICO DE SAUDE - SUS - BLOCO DE MANUTENCAO DAS ACOES E SERVICOS PUBLICOS DE SAUDE - 107;DAVITA SERVICOS DE NEFROLOGIA GOIANIA LTDA.;DESPESA COM REPASSE FINANCEIRO COMPLEMENTAR DECORRENTE DA ASSISTENCIA FINANCEIRA DA UNIAO E DESTINADA AO PISO SALARIAL DE ENFERMAGEM AS INSTITUICOES    FILANTROPICAS DE GOIANIA                                                    VALOR ESTIMADO RELATIVO AO PERIODO DE ABRIL A JUNHO/2026 CONFORME INFORMADO NO DESPACHO DIRPS                                                           .                                                                           VALOR EMPENHADO DE 05/2026 A 07/2026 COM MENSAIS DE:.............91.129,56  VALOR TOTAL:....................................................273.388,68  .                                                                           97 - ASSISTENCIA FINANCEIRA PARA COMPLEMENTACAO PISO - ENFERMAGEM           SOLICITACAO FINANCEIRA: 181738/2026                                         ;Outros (Convênios, ajustes, similares, etc.);000001482025
20262150001930034;10/04/2026 00:00:00;273388,68;0176512026;06/07/2026 00:00:00;87305,89;202621500019300340003;06/07/2026 00:00:00;87305,89;33903900;OUTROS SERVICOS DE TERCEIROS - PESSOA JURIDICA;01004795000179;SECRETARIA MUNICIPAL DE SAUDE;0,00;SECRETARIA MUNICIPAL DE SAUDE                                                                                                                                                                                                                                ;SAUDE - 10;ADMINISTRACAO GERAL - 122;TRANSFERENCIA DE RECURSOS DO SISTEMA UNICO DE SAUDE - SUS - BLOCO DE MANUTENCAO DAS ACOES E SERVICOS PUBLICOS DE SAUDE - 107;DAVITA SERVICOS DE NEFROLOGIA GOIANIA LTDA.;DESPESA COM REPASSE FINANCEIRO COMPLEMENTAR DECORRENTE DA ASSISTENCIA FINANCEIRA DA UNIAO E DESTINADA AO PISO SALARIAL DE ENFERMAGEM AS INSTITUICOES    FILANTROPICAS DE GOIANIA                                                    VALOR ESTIMADO RELATIVO AO PERIODO DE ABRIL A JUNHO/2026 CONFORME INFORMADO NO DESPACHO DIRPS                                                           .                                                                           VALOR EMPENHADO DE 05/2026 A 07/2026 COM MENSAIS DE:.............91.129,56  VALOR TOTAL:....................................................273.388,68  .                                                                           97 - ASSISTENCIA FINANCEIRA PARA COMPLEMENTACAO PISO - ENFERMAGEM           SOLICITACAO FINANCEIRA: 181738/2026                                         ;Outros (Convênios, ajustes, similares, etc.);000001482025
20262150001930035;10/04/2026 00:00:00;110157,81;;;0,00;;;0,00;33903900;OUTROS SERVICOS DE TERCEIROS - PESSOA JURIDICA;37623352000103;SECRETARIA MUNICIPAL DE SAUDE;110157,81;SECRETARIA MUNICIPAL DE SAUDE                                                                                                                                                                                                                                ;SAUDE - 10;ADMINISTRACAO GERAL - 122;TRANSFERENCIA DE RECURSOS DO SISTEMA UNICO DE SAUDE - SUS - BLOCO DE MANUTENCAO DAS ACOES E SERVICOS PUBLICOS DE SAUDE - 107;FUNDO MUNICIPAL DE SAUDE  S M S;DESPESA COM REPASSE FINANCEIRO COMPLEMENTAR DECORRENTE DA ASSISTENCIA FINANCEIRA DA UNIAO E DESTINADA AO PISO SALARIAL DE ENFERMAGEM AS INSTITUICOES    FILANTROPICAS DE GOIANIA                                                    VALOR ESTIMADO RELATIVO AO PERIODO DE ABRIL A JUNHO/2026 CONFORME INFORMADO NO DESPACHO DIRPS                                                           .                                                                           VALOR EMPENHADO DE 05/2026 A 07/2026 COM MENSAIS DE:.............36.719,27  VALOR TOTAL:....................................................110.157,81  .                                                                           97 - ASSISTENCIA FINANCEIRA PARA COMPLEMENTACAO PISO - ENFERMAGEM           SOLICITACAO FINANCEIRA: 181745/2026                                         ;Outros (Convênios, ajustes, similares, etc.);000000602025
20262150001930036;10/04/2026 00:00:00;267602,10;0120982026;06/05/2026 00:00:00;72083,65;202621500019300360001;07/05/2026 00:00:00;72083,65;33903900;OUTROS SERVICOS DE TERCEIROS - PESSOA JURIDICA;01525849000141;SECRETARIA MUNICIPAL DE SAUDE;0,00;SECRETARIA MUNICIPAL DE SAUDE                                                                                                                                                                                                                                ;SAUDE - 10;ADMINISTRACAO GERAL - 122;TRANSFERENCIA DE RECURSOS DO SISTEMA UNICO DE SAUDE - SUS - BLOCO DE MANUTENCAO DAS ACOES E SERVICOS PUBLICOS DE SAUDE - 107;MATERNIDADE E HOSPITAL SAO JUDAS TADEU LTDA;DESPESA COM REPASSE FINANCEIRO COMPLEMENTAR DECORRENTE DA ASSISTENCIA FINANCEIRA DA UNIAO E DESTINADA AO PISO SALARIAL DE ENFERMAGEM AS INSTITUICOES    FILANTROPICAS DE GOIANIA                                                    VALOR ESTIMADO RELATIVO AO PERIODO DE ABRIL A JUNHO/2026 CONFORME INFORMADO NO DESPACHO DIRPS                                                           .                                                                           VALOR EMPENHADO DE 05/2026 A 07/2026 COM MENSAIS DE:.............89.200,70  VALOR TOTAL:....................................................267.602,10  .                                                                           97 - ASSISTENCIA FINANCEIRA PARA COMPLEMENTACAO PISO - ENFERMAGEM           SOLICITACAO FINANCEIRA: 181744/2026                                         ;Outros (Convênios, ajustes, similares, etc.);000000822025
20262150001930036;10/04/2026 00:00:00;267602,10;0152142026;11/06/2026 00:00:00;70419,92;202621500019300360002;16/06/2026 00:00:00;70419,92;33903900;OUTROS SERVICOS DE TERCEIROS - PESSOA JURIDICA;01525849000141;SECRETARIA MUNICIPAL DE SAUDE;0,00;SECRETARIA MUNICIPAL DE SAUDE                                                                                                                                                                                                                                ;SAUDE - 10;ADMINISTRACAO GERAL - 122;TRANSFERENCIA DE RECURSOS DO SISTEMA UNICO DE SAUDE - SUS - BLOCO DE MANUTENCAO DAS ACOES E SERVICOS PUBLICOS DE SAUDE - 107;MATERNIDADE E HOSPITAL SAO JUDAS TADEU LTDA;DESPESA COM REPASSE FINANCEIRO COMPLEMENTAR DECORRENTE DA ASSISTENCIA FINANCEIRA DA UNIAO E DESTINADA AO PISO SALARIAL DE ENFERMAGEM AS INSTITUICOES    FILANTROPICAS DE GOIANIA                                                    VALOR ESTIMADO RELATIVO AO PERIODO DE ABRIL A JUNHO/2026 CONFORME INFORMADO NO DESPACHO DIRPS                                                           .                                                                           VALOR EMPENHADO DE 05/2026 A 07/2026 COM MENSAIS DE:.............89.200,70  VALOR TOTAL:....................................................267.602,10  .                                                                           97 - ASSISTENCIA FINANCEIRA PARA COMPLEMENTACAO PISO - ENFERMAGEM           SOLICITACAO FINANCEIRA: 181744/2026                                         ;Outros (Convênios, ajustes, similares, etc.);000000822025
20262150001930036;10/04/2026 00:00:00;267602,10;0176562026;06/07/2026 00:00:00;68101,92;202621500019300360003;06/07/2026 00:00:00;68101,92;33903900;OUTROS SERVICOS DE TERCEIROS - PESSOA JURIDICA;01525849000141;SECRETARIA MUNICIPAL DE SAUDE;0,00;SECRETARIA MUNICIPAL DE SAUDE                                                                                                                                                                                                                                ;SAUDE - 10;ADMINISTRACAO GERAL - 122;TRANSFERENCIA DE RECURSOS DO SISTEMA UNICO DE SAUDE - SUS - BLOCO DE MANUTENCAO DAS ACOES E SERVICOS PUBLICOS DE SAUDE - 107;MATERNIDADE E HOSPITAL SAO JUDAS TADEU LTDA;DESPESA COM REPASSE FINANCEIRO COMPLEMENTAR DECORRENTE DA ASSISTENCIA FINANCEIRA DA UNIAO E DESTINADA AO PISO SALARIAL DE ENFERMAGEM AS INSTITUICOES    FILANTROPICAS DE GOIANIA                                                    VALOR ESTIMADO RELATIVO AO PERIODO DE ABRIL A JUNHO/2026 CONFORME INFORMADO NO DESPACHO DIRPS                                                           .                                                                           VALOR EMPENHADO DE 05/2026 A 07/2026 COM MENSAIS DE:.............89.200,70  VALOR TOTAL:....................................................267.602,10  .                                                                           97 - ASSISTENCIA FINANCEIRA PARA COMPLEMENTACAO PISO - ENFERMAGEM           SOLICITACAO FINANCEIRA: 181744/2026                                         ;Outros (Convênios, ajustes, similares, etc.);000000822025
20262150001930038;10/04/2026 00:00:00;91327,50;0119632026;06/05/2026 00:00:00;46925,00;202621500019300380001;06/05/2026 00:00:00;46925,00;33903900;OUTROS SERVICOS DE TERCEIROS - PESSOA JURIDICA;02778769000160;SECRETARIA MUNICIPAL DE SAUDE;0,00;SECRETARIA MUNICIPAL DE SAUDE                                                                                                                                                                                                                                ;SAUDE - 10;ADMINISTRACAO GERAL - 122;TRANSFERENCIA DE RECURSOS DO SISTEMA UNICO DE SAUDE - SUS - BLOCO DE MANUTENCAO DAS ACOES E SERVICOS PUBLICOS DE SAUDE - 107;CEMPRE III CENTRO DE MEDICINA INTEGRADA LTDA;DESPESA COM REPASSE FINANCEIRO COMPLEMENTAR DECORRENTE DA ASSISTENCIA FINANCEIRA DA UNIAO E DESTINADA AO PISO SALARIAL DE ENFERMAGEM AS INSTITUICOES    FILANTROPICAS DE GOIANIA                                                    VALOR ESTIMADO RELATIVO AO PERIODO DE ABRIL A JUNHO/2026 CONFORME INFORMADO NO DESPACHO DIRPS                                                           .                                                                           VALOR EMPENHADO DE 05/2026 A 07/2026 COM MENSAIS DE:.............30.442,50  VALOR TOTAL:.....................................................91.327,50  .                                                                           97 - ASSISTENCIA FINANCEIRA PARA COMPLEMENTACAO PISO - ENFERMAGEM           SOLICITACAO FINANCEIRA: 181734/2026                                         ;Outros (Convênios, ajustes, similares, etc.);000000842025
20262150001930038;10/04/2026 00:00:00;91327,50;0152262026;11/06/2026 00:00:00;42950,00;202621500019300380002;16/06/2026 00:00:00;42950,00;33903900;OUTROS SERVICOS DE TERCEIROS - PESSOA JURIDICA;02778769000160;SECRETARIA MUNICIPAL DE SAUDE;0,00;SECRETARIA MUNICIPAL DE SAUDE                                                                                                                                                                                                                                ;SAUDE - 10;ADMINISTRACAO GERAL - 122;TRANSFERENCIA DE RECURSOS DO SISTEMA UNICO DE SAUDE - SUS - BLOCO DE MANUTENCAO DAS ACOES E SERVICOS PUBLICOS DE SAUDE - 107;CEMPRE III CENTRO DE MEDICINA INTEGRADA LTDA;DESPESA COM REPASSE FINANCEIRO COMPLEMENTAR DECORRENTE DA ASSISTENCIA FINANCEIRA DA UNIAO E DESTINADA AO PISO SALARIAL DE ENFERMAGEM AS INSTITUICOES    FILANTROPICAS DE GOIANIA                                                    VALOR ESTIMADO RELATIVO AO PERIODO DE ABRIL A JUNHO/2026 CONFORME INFORMADO NO DESPACHO DIRPS                                                           .                                                                           VALOR EMPENHADO DE 05/2026 A 07/2026 COM MENSAIS DE:.............30.442,50  VALOR TOTAL:.....................................................91.327,50  .                                                                           97 - ASSISTENCIA FINANCEIRA PARA COMPLEMENTACAO PISO - ENFERMAGEM           SOLICITACAO FINANCEIRA: 181734/2026                                         ;Outros (Convênios, ajustes, similares, etc.);000000842025
20262150001930040;14/04/2026 00:00:00;110157,81;0120692026;06/05/2026 00:00:00;30599,39;202621500019300400001;06/05/2026 00:00:00;30599,39;33903900;OUTROS SERVICOS DE TERCEIROS - PESSOA JURIDICA;01588128000180;SECRETARIA MUNICIPAL DE SAUDE;0,00;SECRETARIA MUNICIPAL DE SAUDE                                                                                                                                                                                                                                ;SAUDE - 10;ADMINISTRACAO GERAL - 122;TRANSFERENCIA DE RECURSOS DO SISTEMA UNICO DE SAUDE - SUS - BLOCO DE MANUTENCAO DAS ACOES E SERVICOS PUBLICOS DE SAUDE - 107;PRONTO SOCORRO PARA QUEIMADURAS LTDA;DESPESA COM REPASSE FINANCEIRO COMPLEMENTAR DECORRENTE DA ASSISTENCIA FINANCEIRA DA UNIAO E DESTINADA AO PISO SALARIAL DE ENFERMAGEM AS INSTITUICOES    FILANTROPICAS DE GOIANIA                                                    VALOR ESTIMADO RELATIVO AO PERIODO DE ABRIL A JUNHO/2026 CONFORME INFORMADO NO DESPACHO DIRPS                                                           .                                                                           VALOR EMPENHADO DE 05/2026 A 07/2026 COM MENSAIS DE:.............36.719,27  VALOR TOTAL:....................................................110.157,81  .                                                                           97 - ASSISTENCIA FINANCEIRA PARA COMPLEMENTACAO PISO - ENFERMAGEM           SOLICITACAO FINANCEIRA: 181745/2026                                         ;Outros (Convênios, ajustes, similares, etc.);000000602025
20262150001930040;14/04/2026 00:00:00;110157,81;0152112026;11/06/2026 00:00:00;29210,56;202621500019300400002;16/06/2026 00:00:00;29210,56;33903900;OUTROS SERVICOS DE TERCEIROS - PESSOA JURIDICA;01588128000180;SECRETARIA MUNICIPAL DE SAUDE;0,00;SECRETARIA MUNICIPAL DE SAUDE                                                                                                                                                                                                                                ;SAUDE - 10;ADMINISTRACAO GERAL - 122;TRANSFERENCIA DE RECURSOS DO SISTEMA UNICO DE SAUDE - SUS - BLOCO DE MANUTENCAO DAS ACOES E SERVICOS PUBLICOS DE SAUDE - 107;PRONTO SOCORRO PARA QUEIMADURAS LTDA;DESPESA COM REPASSE FINANCEIRO COMPLEMENTAR DECORRENTE DA ASSISTENCIA FINANCEIRA DA UNIAO E DESTINADA AO PISO SALARIAL DE ENFERMAGEM AS INSTITUICOES    FILANTROPICAS DE GOIANIA                                                    VALOR ESTIMADO RELATIVO AO PERIODO DE ABRIL A JUNHO/2026 CONFORME INFORMADO NO DESPACHO DIRPS                                                           .                                                                           VALOR EMPENHADO DE 05/2026 A 07/2026 COM MENSAIS DE:.............36.719,27  VALOR TOTAL:....................................................110.157,81  .                                                                           97 - ASSISTENCIA FINANCEIRA PARA COMPLEMENTACAO PISO - ENFERMAGEM           SOLICITACAO FINANCEIRA: 181745/2026                                         ;Outros (Convênios, ajustes, similares, etc.);000000602025
20262150001930040;14/04/2026 00:00:00;110157,81;0176532026;06/07/2026 00:00:00;30482,94;202621500019300400003;06/07/2026 00:00:00;30482,94;33903900;OUTROS SERVICOS DE TERCEIROS - PESSOA JURIDICA;01588128000180;SECRETARIA MUNICIPAL DE SAUDE;0,00;SECRETARIA MUNICIPAL DE SAUDE                                                                                                                                                                                                                                ;SAUDE - 10;ADMINISTRACAO GERAL - 122;TRANSFERENCIA DE RECURSOS DO SISTEMA UNICO DE SAUDE - SUS - BLOCO DE MANUTENCAO DAS ACOES E SERVICOS PUBLICOS DE SAUDE - 107;PRONTO SOCORRO PARA QUEIMADURAS LTDA;DESPESA COM REPASSE FINANCEIRO COMPLEMENTAR DECORRENTE DA ASSISTENCIA FINANCEIRA DA UNIAO E DESTINADA AO PISO SALARIAL DE ENFERMAGEM AS INSTITUICOES    FILANTROPICAS DE GOIANIA                                                    VALOR ESTIMADO RELATIVO AO PERIODO DE ABRIL A JUNHO/2026 CONFORME INFORMADO NO DESPACHO DIRPS                                                           .                                                                           VALOR EMPENHADO DE 05/2026 A 07/2026 COM MENSAIS DE:.............36.719,27  VALOR TOTAL:....................................................110.157,81  .                                                                           97 - ASSISTENCIA FINANCEIRA PARA COMPLEMENTACAO PISO - ENFERMAGEM           SOLICITACAO FINANCEIRA: 181745/2026                                         ;Outros (Convênios, ajustes, similares, etc.);000000602025
20262150002710008;06/04/2026 00:00:00;447689,04;0087312026;06/04/2026 00:00:00;242188,65;202621500027100080002;07/04/2026 00:00:00;242188,65;33909200;DESPESAS DE EXERCICIOS ANTERIORES;01411347000190;SECRETARIA MUNICIPAL DE SAUDE;0,00;SECRETARIA MUNICIPAL DE SAUDE                                                                                                                                                                                                                                ;SAUDE - 10;ADMINISTRACAO GERAL - 122;RECEITAS DE IMPOSTOS E DE TRANSFERENCIAS DE IMPOSTOS - SAUDE - 102;COOPERATIVA DOS MEDICOS ANESTESIOLOGISTAS DE GOIAS;DESPESA COM CONTRATO NR. 196/2022 REFERENTE A PRESTACAO DE SERVICOS DE ANESTESIOLOGIA AOS PACIENTES INTERNADOS EM UNIDADES DE SAUDE DE URGENCIA E EMERGENCIA DO MUNICIPIO DE GOIANIA                                                CONFORME TERMO DE AJUSTE DE PARA QUITACAO DE DIVIDAS, VALORES ESTIMADOS PARAA PARCELA 12 - REFERENTE AO CONTRATO NR. 196/2022 (COMPETENCIAS DE 04/2022 A07/2022) - SCC: 577147-1                                                    .                                                                           VALOR TOTAL:....................................................447.689,04  .                                                                           527 - TRANSFERENCIAS DE IMPOSTOS/SAUDE - SOLICITACAO FINANCEIRA: 181099/2026;Dispensa de Licitação;000000072022
20262150002710008;06/04/2026 00:00:00;447689,04;0087322026;06/04/2026 00:00:00;205500,39;202621500027100080001;07/04/2026 00:00:00;205500,39;33909200;DESPESAS DE EXERCICIOS ANTERIORES;01411347000190;SECRETARIA MUNICIPAL DE SAUDE;0,00;SECRETARIA MUNICIPAL DE SAUDE                                                                                                                                                                                                                                ;SAUDE - 10;ADMINISTRACAO GERAL - 122;RECEITAS DE IMPOSTOS E DE TRANSFERENCIAS DE IMPOSTOS - SAUDE - 102;COOPERATIVA DOS MEDICOS ANESTESIOLOGISTAS DE GOIAS;DESPESA COM CONTRATO NR. 196/2022 REFERENTE A PRESTACAO DE SERVICOS DE ANESTESIOLOGIA AOS PACIENTES INTERNADOS EM UNIDADES DE SAUDE DE URGENCIA E EMERGENCIA DO MUNICIPIO DE GOIANIA                                                CONFORME TERMO DE AJUSTE DE PARA QUITACAO DE DIVIDAS, VALORES ESTIMADOS PARAA PARCELA 12 - REFERENTE AO CONTRATO NR. 196/2022 (COMPETENCIAS DE 04/2022 A07/2022) - SCC: 577147-1                                                    .                                                                           VALOR TOTAL:....................................................447.689,04  .                                                                           527 - TRANSFERENCIAS DE IMPOSTOS/SAUDE - SOLICITACAO FINANCEIRA: 181099/2026;Dispensa de Licitação;000000072022
20262150002710009;06/04/2026 00:00:00;512227,20;0087352026;06/04/2026 00:00:00;261418,61;202621500027100090002;07/04/2026 00:00:00;261418,61;33909200;DESPESAS DE EXERCICIOS ANTERIORES;01411347000190;SECRETARIA MUNICIPAL DE SAUDE;0,00;SECRETARIA MUNICIPAL DE SAUDE                                                                                                                                                                                                                                ;SAUDE - 10;ADMINISTRACAO GERAL - 122;RECEITAS DE IMPOSTOS E DE TRANSFERENCIAS DE IMPOSTOS - SAUDE - 102;COOPERATIVA DOS MEDICOS ANESTESIOLOGISTAS DE GOIAS;DESPESA COM CONTRATO NR. 196/2022 REFERENTE A PRESTACAO DE SERVICOS DE ANESTESIOLOGIA AOS PACIENTES INTERNADOS EM UNIDADES DE SAUDE DE URGENCIA E EMERGENCIA DO MUNICIPIO DE GOIANIA                                                CONFORME TERMO DE AJUSTE DE PARA QUITACAO DE DIVIDAS, VALORES ESTIMADOS PARAA PARCELA 12 - REFERENTE AO CONTRATO NR. 196/2022 (COMPETÊNCIAS DE 06/2022  E 07/2022) - SCC: 577147                                                    .                                                                           VALOR TOTAL:....................................................512.227,20  .                                                                           527 - TRANSFERENCIAS DE IMPOSTOS/SAUDE - SOLICITACAO FINANCEIRA: 181098/2026;Dispensa de Licitação;000000072022
20262150002710009;06/04/2026 00:00:00;512227,20;0087362026;06/04/2026 00:00:00;250808,59;202621500027100090001;07/04/2026 00:00:00;250808,59;33909200;DESPESAS DE EXERCICIOS ANTERIORES;01411347000190;SECRETARIA MUNICIPAL DE SAUDE;0,00;SECRETARIA MUNICIPAL DE SAUDE                                                                                                                                                                                                                                ;SAUDE - 10;ADMINISTRACAO GERAL - 122;RECEITAS DE IMPOSTOS E DE TRANSFERENCIAS DE IMPOSTOS - SAUDE - 102;COOPERATIVA DOS MEDICOS ANESTESIOLOGISTAS DE GOIAS;DESPESA COM CONTRATO NR. 196/2022 REFERENTE A PRESTACAO DE SERVICOS DE ANESTESIOLOGIA AOS PACIENTES INTERNADOS EM UNIDADES DE SAUDE DE URGENCIA E EMERGENCIA DO MUNICIPIO DE GOIANIA                                                CONFORME TERMO DE AJUSTE DE PARA QUITACAO DE DIVIDAS, VALORES ESTIMADOS PARAA PARCELA 12 - REFERENTE AO CONTRATO NR. 196/2022 (COMPETÊNCIAS DE 06/2022  E 07/2022) - SCC: 577147                                                    .                                                                           VALOR TOTAL:....................................................512.227,20  .                                                                           527 - TRANSFERENCIAS DE IMPOSTOS/SAUDE - SOLICITACAO FINANCEIRA: 181098/2026;Dispensa de Licitação;000000072022
20262150002710010;28/04/2026 00:00:00;1000000,00;0113292026;28/04/2026 00:00:00;700000,00;202621500027100100001;05/05/2026 00:00:00;700000,00;33909200;DESPESAS DE EXERCICIOS ANTERIORES;01585595000157;SECRETARIA MUNICIPAL DE SAUDE;0,00;SECRETARIA MUNICIPAL DE SAUDE                                                                                                                                                                                                                                ;SAUDE - 10;ADMINISTRACAO GERAL - 122;RECEITAS DE IMPOSTOS E DE TRANSFERENCIAS DE IMPOSTOS - SAUDE - 102;ASSOCIACAO DE COMBATE AO CANCER EM GOIAS;DESPESA COM TERMO DE COMPROMISSO NR. 175/2024 PARA O REPASSE DE EMENDA PARLAMENTAR FEDERAL INDIVIDUAL NR. 186354 DA DEPUTADA FEDERAL ADRIANA ACCORSI -  PORTARIA GM/MS 2.505/2023 - CRONOGRAMA(ACORDO)                              OBS.: RECURSOS DE INCENTIVO FINANCEIRO EMERGENCIAL PARA CUSTEIO E ATENCAO   ESPECIALIAZADA - PROPOSTA NR 186354 - PARCELA 01/02(R$ 700.000,00) E PARCELA02/02(R$300.000,00)                                                         .                                                                           VALOR TOTAL:..................................................1.000.000,00  .                                                                           527 - TRANSFERENCIAS DE IMPOSTOS/SAUDE - SOLICITACAO FINANCEIRA: 182145/2026;Não se aplica (Ex.: Despesas com Pessoal);000000000000
20262150002710010;28/04/2026 00:00:00;1000000,00;0113312026;28/04/2026 00:00:00;300000,00;202621500027100100002;05/05/2026 00:00:00;300000,00;33909200;DESPESAS DE EXERCICIOS ANTERIORES;01585595000157;SECRETARIA MUNICIPAL DE SAUDE;0,00;SECRETARIA MUNICIPAL DE SAUDE                                                                                                                                                                                                                                ;SAUDE - 10;ADMINISTRACAO GERAL - 122;RECEITAS DE IMPOSTOS E DE TRANSFERENCIAS DE IMPOSTOS - SAUDE - 102;ASSOCIACAO DE COMBATE AO CANCER EM GOIAS;DESPESA COM TERMO DE COMPROMISSO NR. 175/2024 PARA O REPASSE DE EMENDA PARLAMENTAR FEDERAL INDIVIDUAL NR. 186354 DA DEPUTADA FEDERAL ADRIANA ACCORSI -  PORTARIA GM/MS 2.505/2023 - CRONOGRAMA(ACORDO)                              OBS.: RECURSOS DE INCENTIVO FINANCEIRO EMERGENCIAL PARA CUSTEIO E ATENCAO   ESPECIALIAZADA - PROPOSTA NR 186354 - PARCELA 01/02(R$ 700.000,00) E PARCELA02/02(R$300.000,00)                                                         .                                                                           VALOR TOTAL:..................................................1.000.000,00  .                                                                           527 - TRANSFERENCIAS DE IMPOSTOS/SAUDE - SOLICITACAO FINANCEIRA: 182145/2026;Não se aplica (Ex.: Despesas com Pessoal);000000000000
20262150007410006;23/04/2026 00:00:00;5950,80;;;0,00;;;0,00;33903000;MATERIAL DE CONSUMO;12991532000117;SECRETARIA MUNICIPAL DE SAUDE;5950,80;SECRETARIA MUNICIPAL DE SAUDE                                                                                                                                                                                                                                ;SAUDE - 10;ATENCAO BASICA - 301;TRANSFERENCIA DE RECURSOS DO SISTEMA UNICO DE SAUDE - SUS / ESTADOS - 131;JUARES LIMA DOS SANTOS;REEMPENHO DE DESPESA COM AQUISICAO DE MATERIAIS ODONTOLOGICOS - PREGAO ELE- TRONICO Nº 90008/2024- ADESAO DE ATA Nº 073/2024 CONFORME NOTA FISCAL 2105(27/11/2025) - PEDIDO DE COMPRAS 303/2025 - SCC 785955 SOLICITACAO FINANCEIRA:182046 - 2026.                                                              .                                                                           VALOR TOTAL.........................................................5.950,80.                                                                           8 - PISO DE ATENCAO BASICA - PAB                                            ;Pregão;000900082024
20262150007410007;23/04/2026 00:00:00;16920,00;0163532026;24/06/2026 00:00:00;16920,00;202621500074100070001;26/06/2026 00:00:00;16920,00;33903000;MATERIAL DE CONSUMO;15104655000187;SECRETARIA MUNICIPAL DE SAUDE;0,00;SECRETARIA MUNICIPAL DE SAUDE                                                                                                                                                                                                                                ;SAUDE - 10;ATENCAO BASICA - 301;TRANSFERENCIA DE RECURSOS DO SISTEMA UNICO DE SAUDE - SUS / ESTADOS - 131;JC COMERCIO E EMPREENDIMENTOS  LTDA;DO FILHO DA ARP Nº 002/2025 DO PREGÃO ELETRÔNICO Nº 90025/2024 MEMORANDO 173GEREMO - PARECER 193 GERPSR - DESPACHO 381 PRECEL - PEDIDO DE COMPRAS 214/2026-SCC 813860 -SOLICITACAO FINANCEIRA 182054 - 2026.                        .                                                                           1-CAIXA ISOPOR EMBALAGEM UN C/7,0 L KNAUF                                   COD35124-5...............150,00 UN.............12,8000..............1.920,002-CAIXA PLASTICA ORGANIZADORA 9 L RISCHIOTO                                 COD59864-0...............750,00 UN.............20.0000.............15.000,00VALOR TOTAL........................................................16.920,00.                                                                           O PRAZO DE ENTREGA DOS BENS E DE 20 DIAS UTEIS, CONTADOS APóS O RECEBIMENTO DA ORDEM DE ENTREGA OU NOTA DE EMPENHO/AUTORIZACAO DE FORNECIMENTO E ACOMPA-NHADOS DOS DOCUMENTOS FISCAIS RESPECTIVOS, DEVE CONTER, OBRIGATORIAMENTE, A ESPECIFICAçãO DO ITEM, MARCA DO FABRICANTE E QUANTIDADE ENTREGUE,DEVERAO SEREFETUADAS MEDIANTE AGENDAMENTO PREVIO, ATRAVES DO E-MAIL:                   CIAD.GOIANIA@BRANETLOGISTICA.COM.BR, OS BENS DEVERAO SER ENTREGUES NO ALMOXARIFADO CENTRAL DA SECRETARIA MUNICIPAL DE SAUDE, NO SEGUINTE ENDERECO: AVENIDA PERIMETRAL NORTE, CONDOMINIO GOIAZEM, BLOCO E, GALPAO:09 E 10, VILA JOAO VAZ, CEP: 74.425-090, GOIANIA-GO.DEMAIS ESCLARECIMENTOS MEM.173(9680325)GEREMO, EDITAL PE 90025/2024(9680922)GEREMO E ANEXOS SEI 26.29.000010396-9.     .                                                                           8 - PISO DE ATENCAO BASICA - PAB                                            DESPESA COM MATERIAL DE CONSUMO DIVERSOS PARA ABASTECIMENTO DA SMS - 2º PEDI;Pregão;000900252024
20262150007410008;24/04/2026 00:00:00;7443,50;;;0,00;;;0,00;33903000;MATERIAL DE CONSUMO;29774797000166;SECRETARIA MUNICIPAL DE SAUDE;0,00;SECRETARIA MUNICIPAL DE SAUDE                                                                                                                                                                                                                                ;SAUDE - 10;ATENCAO BASICA - 301;TRANSFERENCIA DE RECURSOS DO SISTEMA UNICO DE SAUDE - SUS / ESTADOS - 131;VULPIX EMPREENDIMENTOS LTDA;DESPESA COM MATERIAL DE CONSUMO DIVERSOS PARA ABASTECIMENTO DA SMS - 2º PEDIDO FILHO DA ATA Nº 003/2025 DO PREGAO ELETRONICO Nº 90025/2024 MEMORANDO 175GEREMO - PARECER 192 GERPSR - DESPACHO 396 PRECEL - PEDIDO DE COMPRAS 213/2026, SOLICITACAO FINANCEIRA  182103 - 2026.                                  .                                                                           1-CAIXA ISOPOR EMBALAGEM UN C/12,0L KNAUF                                   COD21018-8...............150,00 UN.............23,1200..............3.468,002-CAIXA ORGANIZADORA POLIPROPILENO 38L RISCHIOTO                            COD65177-0...............50,00 UN..............79,5100..............3.975,50VALOR TOTAL.........................................................7.443,50.                                                                           O PRAZO DE ENTREGA DOS BENS E DE 20 DIAS UTEIS,  CONTADOS APOS O RECEBIMENTODA ORDEM DE ENTREGA OU NOTA DE EMPENHO/AUTORIZACAO DE FORNECIMENTO E ACOMPA-NHADOS DOS DOCUMENTOS FISCAIS RESPECTIVOS, DEVE CONTER, OBRIGATORIAMENTE, A ESPECIFICACAO DO ITEM,MARCA DO FABRICANTE,QUANTIDADE ENTREGUE, ENTREGA COM AGENDAMENTO PREVIO PELO EMAIL CIAD.GOIANIA@BRANETLOGISTICA.COM.BR, OS BENS DEVERAO SER ENTREGUES NO ALMOXARIFADO CENTRAL/SMS,ENDERECO:AV.PERIMETRAL NORTECOND.GOIAZEM, BLOCO E, GALPAO 09 E 10, VILA JOAO VAZ, CEP: 74.425-090, GOIANIA-GO. DEMAIS ESCLARECIMENTOS MEMORANDO 175 (9682599)GEREMO, EDITAL PE 90025/2024 (9682667)GEREMO, E ANEXOS SEI 26.29.000010420-5.                      .                                                                           8 - PISO DE ATENCAO BASICA - PAB                                            ;Pregão;000900252024
20262150007410009;28/04/2026 00:00:00;641600,00;0113872026;29/04/2026 00:00:00;641600,00;202621500074100090001;30/04/2026 00:00:00;0,00;33903000;MATERIAL DE CONSUMO;56795674000184;SECRETARIA MUNICIPAL DE SAUDE;0,00;SECRETARIA MUNICIPAL DE SAUDE                                                                                                                                                                                                                                ;SAUDE - 10;ATENCAO BASICA - 301;TRANSFERENCIA DE RECURSOS DO SISTEMA UNICO DE SAUDE - SUS / ESTADOS - 131;G.O MEDICAL LTDA;TRONICO Nº 90001/2025, ATA DE REGISTRO DE PRECOS Nº 054/2025 PARA ABASTECIMENTO DAS UNIDADES DE SAUDE DA SMS CONF. DESPACHO 279/2025-GEREMO, PARECER 357/2025-GERPSR, PEDIDO DE COMPRA 685/2025 - 25.29.000042617-7 PROGRAMA GOIAS EMCRESCIMENTO E PORTARIA NR. 4075/2025 SOLICITACAO FINANCEIRA  182200 - 2026..                                                                           1-CLORETO SODIO 0,9 %SOLUCAO INJETAVEL SISTEMA FECHADO FR C/500,0ML FARMARIN.                                                                           COD01222-0...............160.000,00 FR..........4,0100............641.600,00VALOR TOTAL.......................................................641.600,00.                                                                           O FORNECIMENTO DEVERA SER EFETUADO, COM PRAZO DE ENTREGA NAO SUPERIOR A 20  DIAS CONTADOS A PARTIR DO RECEBIMENTO DA NOTA DE EMPENHO/AUTORIZACAO DE FOR-NECIMENTO E ACOMPANHADOS DOS DOCUMENTOS FISCAIS RESPECTIVOS,DEVE CONTER,OBRIGATORIAMENTE, A ESPECIFICACAO DO ITEM,MARCA DO FABRICANTE, QUANTIDADE ENTRE-GUE, ENTREGA COM AGENDAMENTO ATRAVES DO EMAIL:                              CIAD.GOIANIA@BRANETLOGISTICA.COM.BR, CONTATOS(62)3524-3401/3407, HORARIO DAS08H00MIN AS 17H00MIN, ENTREGA NO ALMOXARIFADO CENTRAL DA SMS, AV.PERIMETRAL NORTE COND.GOIAZEM, BLOCO E, GALPAO 09 E 10, VILA JOAO VAZ, CEP: 74.445-190,GOIANIA - GOIAS.DEMAIS ESCLARECIMENTOS MEMORANDO 279 (8684006)GEREMO, EDITAL(8684017)GEREMO E ANEXOS SEI 25.29.000045963-6.                             .                                                                           8 - PISO DE ATENCAO BASICA - PAB                                            DESPESA COM AQUISICAO DE MEDICAMENTOS ATRAVES DO 4º PEDIDO FILHO, PREGAO ELE;Pregão;000900012025
20262150007410009;28/04/2026 00:00:00;641600,00;0113872026;29/04/2026 00:00:00;641600,00;202621500074100090002;11/05/2026 00:00:00;641600,00;33903000;MATERIAL DE CONSUMO;56795674000184;SECRETARIA MUNICIPAL DE SAUDE;0,00;SECRETARIA MUNICIPAL DE SAUDE                                                                                                                                                                                                                                ;SAUDE - 10;ATENCAO BASICA - 301;TRANSFERENCIA DE RECURSOS DO SISTEMA UNICO DE SAUDE - SUS / ESTADOS - 131;G.O MEDICAL LTDA;TRONICO Nº 90001/2025, ATA DE REGISTRO DE PRECOS Nº 054/2025 PARA ABASTECIMENTO DAS UNIDADES DE SAUDE DA SMS CONF. DESPACHO 279/2025-GEREMO, PARECER 357/2025-GERPSR, PEDIDO DE COMPRA 685/2025 - 25.29.000042617-7 PROGRAMA GOIAS EMCRESCIMENTO E PORTARIA NR. 4075/2025 SOLICITACAO FINANCEIRA  182200 - 2026..                                                                           1-CLORETO SODIO 0,9 %SOLUCAO INJETAVEL SISTEMA FECHADO FR C/500,0ML FARMARIN.                                                                           COD01222-0...............160.000,00 FR..........4,0100............641.600,00VALOR TOTAL.......................................................641.600,00.                                                                           O FORNECIMENTO DEVERA SER EFETUADO, COM PRAZO DE ENTREGA NAO SUPERIOR A 20  DIAS CONTADOS A PARTIR DO RECEBIMENTO DA NOTA DE EMPENHO/AUTORIZACAO DE FOR-NECIMENTO E ACOMPANHADOS DOS DOCUMENTOS FISCAIS RESPECTIVOS,DEVE CONTER,OBRIGATORIAMENTE, A ESPECIFICACAO DO ITEM,MARCA DO FABRICANTE, QUANTIDADE ENTRE-GUE, ENTREGA COM AGENDAMENTO ATRAVES DO EMAIL:                              CIAD.GOIANIA@BRANETLOGISTICA.COM.BR, CONTATOS(62)3524-3401/3407, HORARIO DAS08H00MIN AS 17H00MIN, ENTREGA NO ALMOXARIFADO CENTRAL DA SMS, AV.PERIMETRAL NORTE COND.GOIAZEM, BLOCO E, GALPAO 09 E 10, VILA JOAO VAZ, CEP: 74.445-190,GOIANIA - GOIAS.DEMAIS ESCLARECIMENTOS MEMORANDO 279 (8684006)GEREMO, EDITAL(8684017)GEREMO E ANEXOS SEI 25.29.000045963-6.                             .                                                                           8 - PISO DE ATENCAO BASICA - PAB                                            DESPESA COM AQUISICAO DE MEDICAMENTOS ATRAVES DO 4º PEDIDO FILHO, PREGAO ELE;Pregão;000900012025
20262150007410010;28/04/2026 00:00:00;173460,00;0113972026;29/04/2026 00:00:00;173460,00;202621500074100100002;11/05/2026 00:00:00;173460,00;33903000;MATERIAL DE CONSUMO;17174657000844;SECRETARIA MUNICIPAL DE SAUDE;0,00;SECRETARIA MUNICIPAL DE SAUDE                                                                                                                                                                                                                                ;SAUDE - 10;ATENCAO BASICA - 301;TRANSFERENCIA DE RECURSOS DO SISTEMA UNICO DE SAUDE - SUS / ESTADOS - 131;HYPOFARMA INSTITUTO DE HYPODERMIA E FARMACIA LTDA;DE FORNECIMENTO E ACOMPANHADOS DOS DOCUMENTOS FISCAIS RESPECTIVOS, DEVE CON-PERIMETRAL NORTE, COND.GOIAZEM, BLOCO E, GALPAO 09 E 10, VILA JOAO VAZ, CEP:74.445-190, GOIANIA - GOIAS. TELEFONES: (62) 3524-3401 / 3524-3407, NO HORA RIO DAS 08H00MIN àS 17H00MIN. DEMAIS ESCLARECIMENTOS MEMORANDO 277 (8682398)GEREMO, EDITAL (8682425)GEREMO E ANEXOS SEI 25.29.000045935-0.              .                                                                           8 - PISO DE ATENCAO BASICA - PAB                                            TER, OBRIGATORIAMENTE, A ESPECIFICACAO DO ITEM, MARCA DO FABRICANTE E QUANTIDADE ENTREGUE, ENTREGA COM AGENDAMENTO ATRAVES DO EMAIL:                    CIAD.GOIANIA@BRANETLOGISTICA.COM.BR, NO ALMOXARIFADO CENTRAL DA SMS, NA AV. DESPESA C/ AQUISICAO DE MEDICAMENTOS ATRAVES DO 1º PEDIDO FILHO,ATA DE REGISTRO DE PRECOS Nº 046/2025, PREGAO ELETRONICO Nº 90001/2025 CONF.MEMORANDO N.277/2025-GEREMO, PARECER N.356/2025, PEDIDO DE COMPRA N.684/2025 - 25.29.000042617-7 - PROGRAMA GOIAS EM CRESCIMENTO - PORTARIA NR. 4075/2025.          SOLICITACAO FINANCEIRA 182202 - 2026. SCC 800300.                           .                                                                           ITEM 1- DIPIRONA SODICA 500MG/ML INJETAVEL AMPOLA FR C/2,0ML,HYPOFARMA      COD03415-0..............354.000,00 FR..........0,4900.............173.460,00VALOR TOTAL:......................................................173.460.00.                                                                           O FORNECIMENTO DEVERA SER EFETUADO, COM PRAZO DE ENTREGA NAO SUPERIOR A 20 (VINTE) DIAS, CONTADOS A PARTIR DO RECEBIMENTO DA NOTA DE EMPENHO/AUTORIZACAO;Pregão;000900012025
20262150007410010;28/04/2026 00:00:00;173460,00;0113972026;29/04/2026 00:00:00;173460,00;202621500074100100001;30/04/2026 00:00:00;0,00;33903000;MATERIAL DE CONSUMO;17174657000844;SECRETARIA MUNICIPAL DE SAUDE;0,00;SECRETARIA MUNICIPAL DE SAUDE                                                                                                                                                                                                                                ;SAUDE - 10;ATENCAO BASICA - 301;TRANSFERENCIA DE RECURSOS DO SISTEMA UNICO DE SAUDE - SUS / ESTADOS - 131;HYPOFARMA INSTITUTO DE HYPODERMIA E FARMACIA LTDA;DE FORNECIMENTO E ACOMPANHADOS DOS DOCUMENTOS FISCAIS RESPECTIVOS, DEVE CON-PERIMETRAL NORTE, COND.GOIAZEM, BLOCO E, GALPAO 09 E 10, VILA JOAO VAZ, CEP:74.445-190, GOIANIA - GOIAS. TELEFONES: (62) 3524-3401 / 3524-3407, NO HORA RIO DAS 08H00MIN àS 17H00MIN. DEMAIS ESCLARECIMENTOS MEMORANDO 277 (8682398)GEREMO, EDITAL (8682425)GEREMO E ANEXOS SEI 25.29.000045935-0.              .                                                                           8 - PISO DE ATENCAO BASICA - PAB                                            TER, OBRIGATORIAMENTE, A ESPECIFICACAO DO ITEM, MARCA DO FABRICANTE E QUANTIDADE ENTREGUE, ENTREGA COM AGENDAMENTO ATRAVES DO EMAIL:                    CIAD.GOIANIA@BRANETLOGISTICA.COM.BR, NO ALMOXARIFADO CENTRAL DA SMS, NA AV. DESPESA C/ AQUISICAO DE MEDICAMENTOS ATRAVES DO 1º PEDIDO FILHO,ATA DE REGISTRO DE PRECOS Nº 046/2025, PREGAO ELETRONICO Nº 90001/2025 CONF.MEMORANDO N.277/2025-GEREMO, PARECER N.356/2025, PEDIDO DE COMPRA N.684/2025 - 25.29.000042617-7 - PROGRAMA GOIAS EM CRESCIMENTO - PORTARIA NR. 4075/2025.          SOLICITACAO FINANCEIRA 182202 - 2026. SCC 800300.                           .                                                                           ITEM 1- DIPIRONA SODICA 500MG/ML INJETAVEL AMPOLA FR C/2,0ML,HYPOFARMA      COD03415-0..............354.000,00 FR..........0,4900.............173.460,00VALOR TOTAL:......................................................173.460.00.                                                                           O FORNECIMENTO DEVERA SER EFETUADO, COM PRAZO DE ENTREGA NAO SUPERIOR A 20 (VINTE) DIAS, CONTADOS A PARTIR DO RECEBIMENTO DA NOTA DE EMPENHO/AUTORIZACAO;Pregão;000900012025
20262150008410035;06/04/2026 00:00:00;4100,00;0092372026;09/04/2026 00:00:00;1100,00;202621500084100350001;14/04/2026 00:00:00;1100,00;33903600;OUTROS SERVICOS DE TERCEIROS - PESSOA FISICA;00026377730144;SECRETARIA MUNICIPAL DE SAUDE;0,00;SECRETARIA MUNICIPAL DE SAUDE                                                                                                                                                                                                                                ;SAUDE - 10;ATENCAO BASICA - 301;TRANSFERENCIA DE RECURSOS DO SISTEMA UNICO DE SAUDE - SUS - BLOCO DE MANUTENCAO DAS ACOES E SERVICOS PUBLICOS DE SAUDE - 107;JOAO FRANCISCO PEREIRA MARTINS;3 TERMO ADITIVO AO CONTRATO DE LOCACAO DO IMOVEL - CENTRO DE SAUDE DA FAMIL IA ELDORADO OESTE - SITUADO NA RUA ELO22 QD.22 LT.35 PARQUE ELDORADO OESTE GOIANIA - SCC: 643034-3                                                      REFERENTE AO PERIODO DE 09/02 A 30/04/2026 - SCC 643034-3- DESPACHO 538/26 GERINF - PEDIDO DE COMPRA 673/2025                                           .                                                                           VALOR TOTAL:......................................................4.100,00  .                                                                           8 - TRANSFERENCIA DE RECURSOS DO SUS - ATENCAO PRIMARIA                     SOLICITACAO FINANCEIRA: 177658/2026                                         ;Dispensa de Licitação;000000012023
20262150008410035;06/04/2026 00:00:00;4100,00;0092402026;09/04/2026 00:00:00;1500,00;202621500084100350002;14/04/2026 00:00:00;1500,00;33903600;OUTROS SERVICOS DE TERCEIROS - PESSOA FISICA;00026377730144;SECRETARIA MUNICIPAL DE SAUDE;0,00;SECRETARIA MUNICIPAL DE SAUDE                                                                                                                                                                                                                                ;SAUDE - 10;ATENCAO BASICA - 301;TRANSFERENCIA DE RECURSOS DO SISTEMA UNICO DE SAUDE - SUS - BLOCO DE MANUTENCAO DAS ACOES E SERVICOS PUBLICOS DE SAUDE - 107;JOAO FRANCISCO PEREIRA MARTINS;3 TERMO ADITIVO AO CONTRATO DE LOCACAO DO IMOVEL - CENTRO DE SAUDE DA FAMIL IA ELDORADO OESTE - SITUADO NA RUA ELO22 QD.22 LT.35 PARQUE ELDORADO OESTE GOIANIA - SCC: 643034-3                                                      REFERENTE AO PERIODO DE 09/02 A 30/04/2026 - SCC 643034-3- DESPACHO 538/26 GERINF - PEDIDO DE COMPRA 673/2025                                           .                                                                           VALOR TOTAL:......................................................4.100,00  .                                                                           8 - TRANSFERENCIA DE RECURSOS DO SUS - ATENCAO PRIMARIA                     SOLICITACAO FINANCEIRA: 177658/2026                                         ;Dispensa de Licitação;000000012023
20262150008410035;06/04/2026 00:00:00;4100,00;0115482026;29/04/2026 00:00:00;1500,00;202621500084100350003;08/05/2026 00:00:00;1500,00;33903600;OUTROS SERVICOS DE TERCEIROS - PESSOA FISICA;00026377730144;SECRETARIA MUNICIPAL DE SAUDE;0,00;SECRETARIA MUNICIPAL DE SAUDE                                                                                                                                                                                                                                ;SAUDE - 10;ATENCAO BASICA - 301;TRANSFERENCIA DE RECURSOS DO SISTEMA UNICO DE SAUDE - SUS - BLOCO DE MANUTENCAO DAS ACOES E SERVICOS PUBLICOS DE SAUDE - 107;JOAO FRANCISCO PEREIRA MARTINS;3 TERMO ADITIVO AO CONTRATO DE LOCACAO DO IMOVEL - CENTRO DE SAUDE DA FAMIL IA ELDORADO OESTE - SITUADO NA RUA ELO22 QD.22 LT.35 PARQUE ELDORADO OESTE GOIANIA - SCC: 643034-3                                                      REFERENTE AO PERIODO DE 09/02 A 30/04/2026 - SCC 643034-3- DESPACHO 538/26 GERINF - PEDIDO DE COMPRA 673/2025                                           .                                                                           VALOR TOTAL:......................................................4.100,00  .                                                                           8 - TRANSFERENCIA DE RECURSOS DO SUS - ATENCAO PRIMARIA                     SOLICITACAO FINANCEIRA: 177658/2026                                         ;Dispensa de Licitação;000000012023
20262150008410036;06/04/2026 00:00:00;4100,00;0092382026;09/04/2026 00:00:00;1100,00;202621500084100360001;14/04/2026 00:00:00;1100,00;33903600;OUTROS SERVICOS DE TERCEIROS - PESSOA FISICA;00079488196149;SECRETARIA MUNICIPAL DE SAUDE;0,00;SECRETARIA MUNICIPAL DE SAUDE                                                                                                                                                                                                                                ;SAUDE - 10;ATENCAO BASICA - 301;TRANSFERENCIA DE RECURSOS DO SISTEMA UNICO DE SAUDE - SUS - BLOCO DE MANUTENCAO DAS ACOES E SERVICOS PUBLICOS DE SAUDE - 107;VANUSA DA SILVA MARTINS;3 TERMO ADITIVO AO CONTRATO DE LOCACAO DO IMOVEL - CENTRO DE SAUDE DA FAMIL IA ELDORADO OESTE - SITUADO NA RUA ELO22 QD.22 LT.35 PARQUE ELDORADO OESTE GOIANIA - SCC:643034-3                                                       REFERENTE AO PERIODO DE 09/02 A 30/04/2026 - SCC 643034-3- DESPACHO 538/26 GERINF - PEDIDO DE COMPRA 673/2025                                           .                                                                           VALOR TOTAL:......................................................4.100,00  .                                                                           8 - TRANSFERENCIA DE RECURSOS DO SUS - ATENCAO PRIMARIA                     SOLICITACAO FINANCEIRA: 177659/2026                                         ;Dispensa de Licitação;000000012023
20262150008410036;06/04/2026 00:00:00;4100,00;0092392026;09/04/2026 00:00:00;1500,00;202621500084100360002;14/04/2026 00:00:00;1500,00;33903600;OUTROS SERVICOS DE TERCEIROS - PESSOA FISICA;00079488196149;SECRETARIA MUNICIPAL DE SAUDE;0,00;SECRETARIA MUNICIPAL DE SAUDE                                                                                                                                                                                                                                ;SAUDE - 10;ATENCAO BASICA - 301;TRANSFERENCIA DE RECURSOS DO SISTEMA UNICO DE SAUDE - SUS - BLOCO DE MANUTENCAO DAS ACOES E SERVICOS PUBLICOS DE SAUDE - 107;VANUSA DA SILVA MARTINS;3 TERMO ADITIVO AO CONTRATO DE LOCACAO DO IMOVEL - CENTRO DE SAUDE DA FAMIL IA ELDORADO OESTE - SITUADO NA RUA ELO22 QD.22 LT.35 PARQUE ELDORADO OESTE GOIANIA - SCC:643034-3                                                       REFERENTE AO PERIODO DE 09/02 A 30/04/2026 - SCC 643034-3- DESPACHO 538/26 GERINF - PEDIDO DE COMPRA 673/2025                                           .                                                                           VALOR TOTAL:......................................................4.100,00  .                                                                           8 - TRANSFERENCIA DE RECURSOS DO SUS - ATENCAO PRIMARIA                     SOLICITACAO FINANCEIRA: 177659/2026                                         ;Dispensa de Licitação;000000012023
20262150008410036;06/04/2026 00:00:00;4100,00;0115492026;29/04/2026 00:00:00;1500,00;202621500084100360003;08/05/2026 00:00:00;1500,00;33903600;OUTROS SERVICOS DE TERCEIROS - PESSOA FISICA;00079488196149;SECRETARIA MUNICIPAL DE SAUDE;0,00;SECRETARIA MUNICIPAL DE SAUDE                                                                                                                                                                                                                                ;SAUDE - 10;ATENCAO BASICA - 301;TRANSFERENCIA DE RECURSOS DO SISTEMA UNICO DE SAUDE - SUS - BLOCO DE MANUTENCAO DAS ACOES E SERVICOS PUBLICOS DE SAUDE - 107;VANUSA DA SILVA MARTINS;3 TERMO ADITIVO AO CONTRATO DE LOCACAO DO IMOVEL - CENTRO DE SAUDE DA FAMIL IA ELDORADO OESTE - SITUADO NA RUA ELO22 QD.22 LT.35 PARQUE ELDORADO OESTE GOIANIA - SCC:643034-3                                                       REFERENTE AO PERIODO DE 09/02 A 30/04/2026 - SCC 643034-3- DESPACHO 538/26 GERINF - PEDIDO DE COMPRA 673/2025                                           .                                                                           VALOR TOTAL:......................................................4.100,00  .                                                                           8 - TRANSFERENCIA DE RECURSOS DO SUS - ATENCAO PRIMARIA                     SOLICITACAO FINANCEIRA: 177659/2026                                         ;Dispensa de Licitação;000000012023
20262150008430037;08/04/2026 00:00:00;6012,40;0115572026;29/04/2026 00:00:00;1717,83;202621500084300370001;08/05/2026 00:00:00;1717,83;33903600;OUTROS SERVICOS DE TERCEIROS - PESSOA FISICA;00079052860106;SECRETARIA MUNICIPAL DE SAUDE;0,00;SECRETARIA MUNICIPAL DE SAUDE                                                                                                                                                                                                                                ;SAUDE - 10;ATENCAO BASICA - 301;TRANSFERENCIA DE RECURSOS DO SISTEMA UNICO DE SAUDE - SUS - BLOCO DE MANUTENCAO DAS ACOES E SERVICOS PUBLICOS DE SAUDE - 107;GIRLENE DUARTE DE ARAUJO;DESPESA COM CONTRATO DE LOCACAO NR 194/2019 DO IMOVEL ONDE FUNCIONA O CENTRODE SAUDE DA FAMILIA VILA PEDROSO                                            VALORES RELATIVOS A ABRIL A 15/07/2026, CONFORME DESPACHO NR 229/2026-GERINF, PEDIDO DE COMPRAS NR 224/2025, SCC: 470954-6                              .                                                                           VALOR EMPENHADO DE 04/2026 A 06/2026 COM MENSAIS DE:..............1.717,83  VALOR TOTAL:......................................................6.012,40  .                                                                           8 - TRANSFERENCIA DE RECURSOS DO SUS - ATENCAO PRIMARIA                     SOLICITACAO FINANCEIRA: 181596/2026                                         ;Dispensa de Licitação;000016592019
20262150008430037;08/04/2026 00:00:00;6012,40;0140262026;26/05/2026 00:00:00;1717,83;202621500084300370002;08/06/2026 00:00:00;1717,83;33903600;OUTROS SERVICOS DE TERCEIROS - PESSOA FISICA;00079052860106;SECRETARIA MUNICIPAL DE SAUDE;0,00;SECRETARIA MUNICIPAL DE SAUDE                                                                                                                                                                                                                                ;SAUDE - 10;ATENCAO BASICA - 301;TRANSFERENCIA DE RECURSOS DO SISTEMA UNICO DE SAUDE - SUS - BLOCO DE MANUTENCAO DAS ACOES E SERVICOS PUBLICOS DE SAUDE - 107;GIRLENE DUARTE DE ARAUJO;DESPESA COM CONTRATO DE LOCACAO NR 194/2019 DO IMOVEL ONDE FUNCIONA O CENTRODE SAUDE DA FAMILIA VILA PEDROSO                                            VALORES RELATIVOS A ABRIL A 15/07/2026, CONFORME DESPACHO NR 229/2026-GERINF, PEDIDO DE COMPRAS NR 224/2025, SCC: 470954-6                              .                                                                           VALOR EMPENHADO DE 04/2026 A 06/2026 COM MENSAIS DE:..............1.717,83  VALOR TOTAL:......................................................6.012,40  .                                                                           8 - TRANSFERENCIA DE RECURSOS DO SUS - ATENCAO PRIMARIA                     SOLICITACAO FINANCEIRA: 181596/2026                                         ;Dispensa de Licitação;000016592019
20262150008430037;08/04/2026 00:00:00;6012,40;0171352026;30/06/2026 00:00:00;1717,83;202621500084300370003;06/07/2026 00:00:00;1717,83;33903600;OUTROS SERVICOS DE TERCEIROS - PESSOA FISICA;00079052860106;SECRETARIA MUNICIPAL DE SAUDE;0,00;SECRETARIA MUNICIPAL DE SAUDE                                                                                                                                                                                                                                ;SAUDE - 10;ATENCAO BASICA - 301;TRANSFERENCIA DE RECURSOS DO SISTEMA UNICO DE SAUDE - SUS - BLOCO DE MANUTENCAO DAS ACOES E SERVICOS PUBLICOS DE SAUDE - 107;GIRLENE DUARTE DE ARAUJO;DESPESA COM CONTRATO DE LOCACAO NR 194/2019 DO IMOVEL ONDE FUNCIONA O CENTRODE SAUDE DA FAMILIA VILA PEDROSO                                            VALORES RELATIVOS A ABRIL A 15/07/2026, CONFORME DESPACHO NR 229/2026-GERINF, PEDIDO DE COMPRAS NR 224/2025, SCC: 470954-6                              .                                                                           VALOR EMPENHADO DE 04/2026 A 06/2026 COM MENSAIS DE:..............1.717,83  VALOR TOTAL:......................................................6.012,40  .                                                                           8 - TRANSFERENCIA DE RECURSOS DO SUS - ATENCAO PRIMARIA                     SOLICITACAO FINANCEIRA: 181596/2026                                         ;Dispensa de Licitação;000016592019
20262150008430038;10/04/2026 00:00:00;4522,07;0116152026;30/04/2026 00:00:00;2339,00;202621500084300380001;08/05/2026 00:00:00;2339,00;33903600;OUTROS SERVICOS DE TERCEIROS - PESSOA FISICA;00080632637153;SECRETARIA MUNICIPAL DE SAUDE;0,00;SECRETARIA MUNICIPAL DE SAUDE                                                                                                                                                                                                                                ;SAUDE - 10;ATENCAO BASICA - 301;TRANSFERENCIA DE RECURSOS DO SISTEMA UNICO DE SAUDE - SUS - BLOCO DE MANUTENCAO DAS ACOES E SERVICOS PUBLICOS DE SAUDE - 107;FLAVIA ABALEM THOMAZ DE SOUZA;DESPESA COM CONTRATO DE LOCACAO NR 1493/2025 DO IMOVEL ONDE FUNCIONA A FARMACIA DE INSUMOS E MEDICAMENTOS ESPECIAIS                                     VALORES RELATIVOS A ABRIL A 28/05/2026, CONFORME DESPACHO NR 224/2026-GERINFPEDIDO DE COMPRAS NR 118/2025, SCC: 776468                                  .                                                                           VALOR EMPENHADO DE 04/2026  COM MENSAL DE:........................2.339,00  VALOR EMPENHADO DE 05/2026  COM MENSAL DE:........................2.183,07  VALOR TOTAL:......................................................4.522,07  .                                                                           8 - TRANSFERENCIA DE RECURSOS DO SUS - ATENCAO PRIMARIA                     SOLICITACAO FINANCEIRA: 181602/2026                                         ;Inexigibilidade de Licitação;000001182025
20262150008430038;10/04/2026 00:00:00;4522,07;0139202026;26/05/2026 00:00:00;2183,07;202621500084300380002;08/06/2026 00:00:00;2183,07;33903600;OUTROS SERVICOS DE TERCEIROS - PESSOA FISICA;00080632637153;SECRETARIA MUNICIPAL DE SAUDE;0,00;SECRETARIA MUNICIPAL DE SAUDE                                                                                                                                                                                                                                ;SAUDE - 10;ATENCAO BASICA - 301;TRANSFERENCIA DE RECURSOS DO SISTEMA UNICO DE SAUDE - SUS - BLOCO DE MANUTENCAO DAS ACOES E SERVICOS PUBLICOS DE SAUDE - 107;FLAVIA ABALEM THOMAZ DE SOUZA;DESPESA COM CONTRATO DE LOCACAO NR 1493/2025 DO IMOVEL ONDE FUNCIONA A FARMACIA DE INSUMOS E MEDICAMENTOS ESPECIAIS                                     VALORES RELATIVOS A ABRIL A 28/05/2026, CONFORME DESPACHO NR 224/2026-GERINFPEDIDO DE COMPRAS NR 118/2025, SCC: 776468                                  .                                                                           VALOR EMPENHADO DE 04/2026  COM MENSAL DE:........................2.339,00  VALOR EMPENHADO DE 05/2026  COM MENSAL DE:........................2.183,07  VALOR TOTAL:......................................................4.522,07  .                                                                           8 - TRANSFERENCIA DE RECURSOS DO SUS - ATENCAO PRIMARIA                     SOLICITACAO FINANCEIRA: 181602/2026                                         ;Inexigibilidade de Licitação;000001182025
20262150008430039;10/04/2026 00:00:00;4522,07;0116172026;30/04/2026 00:00:00;2339,00;202621500084300390001;08/05/2026 00:00:00;2339,00;33903600;OUTROS SERVICOS DE TERCEIROS - PESSOA FISICA;00083367721115;SECRETARIA MUNICIPAL DE SAUDE;0,00;SECRETARIA MUNICIPAL DE SAUDE                                                                                                                                                                                                                                ;SAUDE - 10;ATENCAO BASICA - 301;TRANSFERENCIA DE RECURSOS DO SISTEMA UNICO DE SAUDE - SUS - BLOCO DE MANUTENCAO DAS ACOES E SERVICOS PUBLICOS DE SAUDE - 107;ANTONIO CLAUDIO ABALEM THOMAZ DE SOUZA;DESPESA COM CONTRATO DE LOCACAO NR 1493/2025 DO IMOVEL ONDE FUNCIONA A FARMACIA DE INSUMOS E MEDICAMENTOS ESPECIAIS                                     VALORES RELATIVOS A ABRIL A 28/05/2026, CONFORME DESPACHO NR 224/2026-GERINFPEDIDO DE COMPRAS NR 118/2025, SCC: 776468                                  .                                                                           VALOR EMPENHADO DE 04/2026  COM MENSAL DE:........................2.339,00  VALOR EMPENHADO DE 05/2026  COM MENSAL DE:........................2.183,07  VALOR TOTAL:......................................................4.522,07  .                                                                           8 - TRANSFERENCIA DE RECURSOS DO SUS - ATENCAO PRIMARIA                     SOLICITACAO FINANCEIRA: 181603/2026                                         ;Inexigibilidade de Licitação;000001182025
20262150008430039;10/04/2026 00:00:00;4522,07;0139262026;26/05/2026 00:00:00;2183,07;202621500084300390002;08/06/2026 00:00:00;2183,07;33903600;OUTROS SERVICOS DE TERCEIROS - PESSOA FISICA;00083367721115;SECRETARIA MUNICIPAL DE SAUDE;0,00;SECRETARIA MUNICIPAL DE SAUDE                                                                                                                                                                                                                                ;SAUDE - 10;ATENCAO BASICA - 301;TRANSFERENCIA DE RECURSOS DO SISTEMA UNICO DE SAUDE - SUS - BLOCO DE MANUTENCAO DAS ACOES E SERVICOS PUBLICOS DE SAUDE - 107;ANTONIO CLAUDIO ABALEM THOMAZ DE SOUZA;DESPESA COM CONTRATO DE LOCACAO NR 1493/2025 DO IMOVEL ONDE FUNCIONA A FARMACIA DE INSUMOS E MEDICAMENTOS ESPECIAIS                                     VALORES RELATIVOS A ABRIL A 28/05/2026, CONFORME DESPACHO NR 224/2026-GERINFPEDIDO DE COMPRAS NR 118/2025, SCC: 776468                                  .                                                                           VALOR EMPENHADO DE 04/2026  COM MENSAL DE:........................2.339,00  VALOR EMPENHADO DE 05/2026  COM MENSAL DE:........................2.183,07  VALOR TOTAL:......................................................4.522,07  .                                                                           8 - TRANSFERENCIA DE RECURSOS DO SUS - ATENCAO PRIMARIA                     SOLICITACAO FINANCEIRA: 181603/2026                                         ;Inexigibilidade de Licitação;000001182025
20262150008430040;10/04/2026 00:00:00;4522,07;0116162026;30/04/2026 00:00:00;2339,00;202621500084300400001;08/05/2026 00:00:00;2339,00;33903600;OUTROS SERVICOS DE TERCEIROS - PESSOA FISICA;00081804105104;SECRETARIA MUNICIPAL DE SAUDE;0,00;SECRETARIA MUNICIPAL DE SAUDE                                                                                                                                                                                                                                ;SAUDE - 10;ATENCAO BASICA - 301;TRANSFERENCIA DE RECURSOS DO SISTEMA UNICO DE SAUDE - SUS - BLOCO DE MANUTENCAO DAS ACOES E SERVICOS PUBLICOS DE SAUDE - 107;LUCIANA ABALEM THOMAZ DE SOUZA;DESPESA COM CONTRATO DE LOCACAO NR 1493/2025 DO IMOVEL ONDE FUNCIONA A FARMACIA DE INSUMOS E MEDICAMENTOS ESPECIAIS                                     VALORES RELATIVOS A ABRIL A 28/05/2026, CONFORME DESPACHO NR 224/2026-GERINFPEDIDO DE COMPRAS NR 118/2025, SCC: 776468                                  .                                                                           VALOR EMPENHADO DE 04/2026  COM MENSAL DE:........................2.339,00  VALOR EMPENHADO DE 05/2026  COM MENSAL DE:........................2.183,07  VALOR TOTAL:......................................................4.522,07  .                                                                           8 - TRANSFERENCIA DE RECURSOS DO SUS - ATENCAO PRIMARIA                     SOLICITACAO FINANCEIRA: 181605/2026                                         ;Inexigibilidade de Licitação;000001182025
20262150008430040;10/04/2026 00:00:00;4522,07;0139172026;26/05/2026 00:00:00;2183,07;202621500084300400002;08/06/2026 00:00:00;2183,07;33903600;OUTROS SERVICOS DE TERCEIROS - PESSOA FISICA;00081804105104;SECRETARIA MUNICIPAL DE SAUDE;0,00;SECRETARIA MUNICIPAL DE SAUDE                                                                                                                                                                                                                                ;SAUDE - 10;ATENCAO BASICA - 301;TRANSFERENCIA DE RECURSOS DO SISTEMA UNICO DE SAUDE - SUS - BLOCO DE MANUTENCAO DAS ACOES E SERVICOS PUBLICOS DE SAUDE - 107;LUCIANA ABALEM THOMAZ DE SOUZA;DESPESA COM CONTRATO DE LOCACAO NR 1493/2025 DO IMOVEL ONDE FUNCIONA A FARMACIA DE INSUMOS E MEDICAMENTOS ESPECIAIS                                     VALORES RELATIVOS A ABRIL A 28/05/2026, CONFORME DESPACHO NR 224/2026-GERINFPEDIDO DE COMPRAS NR 118/2025, SCC: 776468                                  .                                                                           VALOR EMPENHADO DE 04/2026  COM MENSAL DE:........................2.339,00  VALOR EMPENHADO DE 05/2026  COM MENSAL DE:........................2.183,07  VALOR TOTAL:......................................................4.522,07  .                                                                           8 - TRANSFERENCIA DE RECURSOS DO SUS - ATENCAO PRIMARIA                     SOLICITACAO FINANCEIRA: 181605/2026                                         ;Inexigibilidade de Licitação;000001182025
20262150008430041;15/04/2026 00:00:00;2575,63;;;0,00;;;0,00;33903600;OUTROS SERVICOS DE TERCEIROS - PESSOA FISICA;00080632637153;SECRETARIA MUNICIPAL DE SAUDE;2575,63;SECRETARIA MUNICIPAL DE SAUDE                                                                                                                                                                                                                                ;SAUDE - 10;ATENCAO BASICA - 301;TRANSFERENCIA DE RECURSOS DO SISTEMA UNICO DE SAUDE - SUS - BLOCO DE MANUTENCAO DAS ACOES E SERVICOS PUBLICOS DE SAUDE - 107;FLAVIA ABALEM THOMAZ DE SOUZA;DESPESA COM CONTRATO DE LOCACAO NR 1493/2025 DO IMOVEL ONDE FUNCIONA A FARMACIA DE INSUMOS E MEDICAMENTOS ESPECIAIS                                     VALORES RELATIVOS A 29/05/2026 A JUNHO/2026, CONFORME DESPACHO Nº 327/2026-GERINF, PEDIDO DE COMPRAS Nº 248/2026, SCC: 776468-1                         .                                                                           VALOR EMPENHADO DE 05/2026  COM MENSAL DE:..........................160,98  VALOR EMPENHADO DE 06/2026  COM MENSAL DE:........................2.414,65  VALOR TOTAL:......................................................2.575,63  .                                                                           8 - TRANSFERENCIA DE RECURSOS DO SUS - ATENCAO PRIMARIA                     SOLICITACAO FINANCEIRA: 181788/2026                                         ;Inexigibilidade de Licitação;000001182025
20262150008430042;15/04/2026 00:00:00;2575,63;;;0,00;;;0,00;33903600;OUTROS SERVICOS DE TERCEIROS - PESSOA FISICA;00081804105104;SECRETARIA MUNICIPAL DE SAUDE;2575,63;SECRETARIA MUNICIPAL DE SAUDE                                                                                                                                                                                                                                ;SAUDE - 10;ATENCAO BASICA - 301;TRANSFERENCIA DE RECURSOS DO SISTEMA UNICO DE SAUDE - SUS - BLOCO DE MANUTENCAO DAS ACOES E SERVICOS PUBLICOS DE SAUDE - 107;LUCIANA ABALEM THOMAZ DE SOUZA;DESPESA COM CONTRATO DE LOCACAO NR 1493/2025 DO IMOVEL ONDE FUNCIONA A FARMACIA DE INSUMOS E MEDICAMENTOS ESPECIAIS                                     VALORES RELATIVOS A 29/05/2026 A JUNHO/2026, CONFORME DESPACHO Nº 327/2026-GERINF, PEDIDO DE COMPRAS Nº 248/2026, SCC: 776468-1                         .                                                                           VALOR EMPENHADO DE 05/2026  COM MENSAL DE:..........................160,98  VALOR EMPENHADO DE 06/2026  COM MENSAL DE:........................2.414,65  VALOR TOTAL:......................................................2.575,63  .                                                                           8 - TRANSFERENCIA DE RECURSOS DO SUS - ATENCAO PRIMARIA                     SOLICITACAO FINANCEIRA: 181789/2026                                         ;Inexigibilidade de Licitação;000001182025
20262150008430043;15/04/2026 00:00:00;2575,61;;;0,00;;;0,00;33903600;OUTROS SERVICOS DE TERCEIROS - PESSOA FISICA;00083367721115;SECRETARIA MUNICIPAL DE SAUDE;2575,61;SECRETARIA MUNICIPAL DE SAUDE                                                                                                                                                                                                                                ;SAUDE - 10;ATENCAO BASICA - 301;TRANSFERENCIA DE RECURSOS DO SISTEMA UNICO DE SAUDE - SUS - BLOCO DE MANUTENCAO DAS ACOES E SERVICOS PUBLICOS DE SAUDE - 107;ANTONIO CLAUDIO ABALEM THOMAZ DE SOUZA;DESPESA COM CONTRATO DE LOCACAO NR 1493/2025 DO IMOVEL ONDE FUNCIONA A FARMACIA DE INSUMOS E MEDICAMENTOS ESPECIAIS                                     VALORES RELATIVOS A 29/05/2026 A JUNHO/2026, CONFORME DESPACHO Nº 327/2026-GERINF, PEDIDO DE COMPRAS Nº 248/2026, SCC: 776468-1                         .                                                                           VALOR EMPENHADO DE 05/2026  COM MENSAL DE:..........................160,97  VALOR EMPENHADO DE 06/2026  COM MENSAL DE:........................2.414,64  VALOR TOTAL:......................................................2.575,61  .                                                                           8 - TRANSFERENCIA DE RECURSOS DO SUS - ATENCAO PRIMARIA                     SOLICITACAO FINANCEIRA: 181790/2026                                         ;Inexigibilidade de Licitação;000001182025
20262150008430044;24/04/2026 00:00:00;4294,58;;;0,00;;;0,00;33903600;OUTROS SERVICOS DE TERCEIROS - PESSOA FISICA;00079052860106;SECRETARIA MUNICIPAL DE SAUDE;4294,58;SECRETARIA MUNICIPAL DE SAUDE                                                                                                                                                                                                                                ;SAUDE - 10;ATENCAO BASICA - 301;TRANSFERENCIA DE RECURSOS DO SISTEMA UNICO DE SAUDE - SUS - BLOCO DE MANUTENCAO DAS ACOES E SERVICOS PUBLICOS DE SAUDE - 107;GIRLENE DUARTE DE ARAUJO;DESPESA COM CONTRATO DE LOCACAO Nº 194/2019 DO IMOVEL ONDE FUNCIONA O CENTRODE SAUDE DA FAMILIA VILA PEDROSO VALORES RELATIVOS A 16/07/2026 A SETEMBRO/2026, CONFORME DESPACHO Nº 307/2026-GERINF PEDIDO DE COMPRAS Nº 232/2026, SCC: 470954-7 / SOLICITACAO FINANCEIRA 182040 - 2026.                          .                                                                           VALORES MENSAIS...JUL - 858,92.........AGO - 1.717,83.........SET - 1.717,838 - TRANSFERENCIA DE RECURSOS DO SUS - ATENCAO PRIMARIA                     .                                                                           VALOR TOTAL........................................................ 4.294,58.                                                                           ;Dispensa de Licitação;000016592019
20262150008810019;06/04/2026 00:00:00;73980,30;0117312026;04/05/2026 00:00:00;56498,62;202621500088100190001;27/05/2026 00:00:00;56498,62;33903900;OUTROS SERVICOS DE TERCEIROS - PESSOA JURIDICA;03883919000169;SECRETARIA MUNICIPAL DE SAUDE;0,00;SECRETARIA MUNICIPAL DE SAUDE                                                                                                                                                                                                                                ;SAUDE - 10;ATENCAO BASICA - 301;TRANSFERENCIA DE RECURSOS DO SISTEMA UNICO DE SAUDE - SUS - BLOCO DE MANUTENCAO DAS ACOES E SERVICOS PUBLICOS DE SAUDE - 107;DESPRAG DEDETIZADORA LTDA;.                                                                           VALOR TOTAL:.....................................................73.980,30  .                                                                           8 - TRANSFERENCIA DE RECURSOS DO SUS - ATENCAO PRIMARIA                     SOLICITACAO FINANCEIRA: 181305/2026                                         DESPESA COM PRESTACAO DE SERVICOS DE CONTROLE DE PRAGAS NAS UNIDADES DA SMS VALORES RELATIVOS A JUNHO/2026 CONF. DESPACHO 20/2026-GERADM, SCC: 786943, PEDIDO DE COMPRA: 273/2025                                                   ;Pregão;000000092023
20262150008830020;08/04/2026 00:00:00;27900,00;0170652026;29/06/2026 00:00:00;3000,00;;;0,00;33903900;OUTROS SERVICOS DE TERCEIROS - PESSOA JURIDICA;07119310000179;SECRETARIA MUNICIPAL DE SAUDE;0,00;SECRETARIA MUNICIPAL DE SAUDE                                                                                                                                                                                                                                ;SAUDE - 10;ATENCAO BASICA - 301;TRANSFERENCIA DE RECURSOS DO SISTEMA UNICO DE SAUDE - SUS - BLOCO DE MANUTENCAO DAS ACOES E SERVICOS PUBLICOS DE SAUDE - 107;MATA PRAGAS CONTROLE DE PRAGAS LTDA;DESPESA COM CONTRATO NR 638/2023 PARA PRESTACAO DE SERVICOS DE LIMPEZA DE FOSSAS SEPTICAS PARA ATENDIMENTO DAS DEMANDAS DA SMS                          VALOR REFERENTE A ABRIL A JUNHO/2026, CONF. DESPACHO NR 12/2026-GERADM, SCC:669769-3,PEDIDO DE COMPRA: 427/2024                                         .                                                                           VALOR EMPENHADO DE 04/2026 A 06/2026 COM MENSAIS DE:..............9.300,00  VALOR TOTAL:.....................................................27.900,00  .                                                                           8 - TRANSFERENCIA DE RECURSOS DO SUS - ATENCAO PRIMARIA                     SOLICITACAO FINANCEIRA: 181613/2026                                         ;Pregão;000000032023
20262150008830020;08/04/2026 00:00:00;27900,00;0170782026;29/06/2026 00:00:00;10000,00;;;0,00;33903900;OUTROS SERVICOS DE TERCEIROS - PESSOA JURIDICA;07119310000179;SECRETARIA MUNICIPAL DE SAUDE;0,00;SECRETARIA MUNICIPAL DE SAUDE                                                                                                                                                                                                                                ;SAUDE - 10;ATENCAO BASICA - 301;TRANSFERENCIA DE RECURSOS DO SISTEMA UNICO DE SAUDE - SUS - BLOCO DE MANUTENCAO DAS ACOES E SERVICOS PUBLICOS DE SAUDE - 107;MATA PRAGAS CONTROLE DE PRAGAS LTDA;DESPESA COM CONTRATO NR 638/2023 PARA PRESTACAO DE SERVICOS DE LIMPEZA DE FOSSAS SEPTICAS PARA ATENDIMENTO DAS DEMANDAS DA SMS                          VALOR REFERENTE A ABRIL A JUNHO/2026, CONF. DESPACHO NR 12/2026-GERADM, SCC:669769-3,PEDIDO DE COMPRA: 427/2024                                         .                                                                           VALOR EMPENHADO DE 04/2026 A 06/2026 COM MENSAIS DE:..............9.300,00  VALOR TOTAL:.....................................................27.900,00  .                                                                           8 - TRANSFERENCIA DE RECURSOS DO SUS - ATENCAO PRIMARIA                     SOLICITACAO FINANCEIRA: 181613/2026                                         ;Pregão;000000032023
20262150008830020;08/04/2026 00:00:00;27900,00;0171152026;29/06/2026 00:00:00;9913,55;;;0,00;33903900;OUTROS SERVICOS DE TERCEIROS - PESSOA JURIDICA;07119310000179;SECRETARIA MUNICIPAL DE SAUDE;0,00;SECRETARIA MUNICIPAL DE SAUDE                                                                                                                                                                                                                                ;SAUDE - 10;ATENCAO BASICA - 301;TRANSFERENCIA DE RECURSOS DO SISTEMA UNICO DE SAUDE - SUS - BLOCO DE MANUTENCAO DAS ACOES E SERVICOS PUBLICOS DE SAUDE - 107;MATA PRAGAS CONTROLE DE PRAGAS LTDA;DESPESA COM CONTRATO NR 638/2023 PARA PRESTACAO DE SERVICOS DE LIMPEZA DE FOSSAS SEPTICAS PARA ATENDIMENTO DAS DEMANDAS DA SMS                          VALOR REFERENTE A ABRIL A JUNHO/2026, CONF. DESPACHO NR 12/2026-GERADM, SCC:669769-3,PEDIDO DE COMPRA: 427/2024                                         .                                                                           VALOR EMPENHADO DE 04/2026 A 06/2026 COM MENSAIS DE:..............9.300,00  VALOR TOTAL:.....................................................27.900,00  .                                                                           8 - TRANSFERENCIA DE RECURSOS DO SUS - ATENCAO PRIMARIA                     SOLICITACAO FINANCEIRA: 181613/2026                                         ;Pregão;000000032023
20262150010710044;06/04/2026 00:00:00;557280,00;0093282026;09/04/2026 00:00:00;557280,00;202621500107100440001;22/04/2026 00:00:00;557280,00;33909200;DESPESAS DE EXERCICIOS ANTERIORES;16699864000183;SECRETARIA MUNICIPAL DE SAUDE;0,00;SECRETARIA MUNICIPAL DE SAUDE                                                                                                                                                                                                                                ;SAUDE - 10;ATENCAO BASICA - 301;TRANSFERENCIA DE RECURSOS DO SISTEMA UNICO DE SAUDE - SUS - BLOCO DE MANUTENCAO DAS ACOES E SERVICOS PUBLICOS DE SAUDE - 107;SANTE MEDICA HOSPITALAR LTDA;REEMPENHO DE DESPESA COM AQUISICAO DE DIETAS ESPECIAIS E FORMULAS INFANTIS  ATRAVES DO 2 PEDIDO FILHO, ATA DE REGISTRO DE PRECOS NR 029/2025, PREGAO EL ETRONICO Nº 90006/2025                                                      PARA PAGAMENTO DAS NFS 10515 E 10446 CONFORME TERMO DE ATESTO 9079310, PEDIDO DE COMPRA: 545/2025, SCC: 790762                                          .                                                                           VALOR TOTAL:.....................................................557.280,00 .                                                                           8 - TRANSFERENCIA DE RECURSOS DO SUS - ATENCAO PRIMARIA                     SOLICITACAO FINANCEIRA: 181528/2026                                         ;Pregão;000900062025
20262150010710045;10/04/2026 00:00:00;10867,50;;;0,00;;;0,00;33909200;DESPESAS DE EXERCICIOS ANTERIORES;34180445000112;SECRETARIA MUNICIPAL DE SAUDE;10867,50;SECRETARIA MUNICIPAL DE SAUDE                                                                                                                                                                                                                                ;SAUDE - 10;ATENCAO BASICA - 301;TRANSFERENCIA DE RECURSOS DO SISTEMA UNICO DE SAUDE - SUS - BLOCO DE MANUTENCAO DAS ACOES E SERVICOS PUBLICOS DE SAUDE - 107;DISMATH DISTRIB. MAT. MEDICO E HOSPITALAR LTDA;REEMPENHO DE DESPESA COM AQUISICAO DE INSUMOS MEDICO-HOSPITALARES EM CARATEREMERGENCIAL P/ ABASTECIMENTO DA SMS POR 180 DIAS P/ PAGAMENTO DA NOTA FISCAL4078,PED.DE COMPRA 490/2024, SCC772306 SOLICITACAO FINANCEIRA 181777-2026.  .                                                                           .                                                                           VALOR TOTAL........................................................10.867,50.                                                                           8 - TRANSFERENCIA DE RECURSOS DO SUS - ATENCAO PRIMARIA                     ;Outros (Convênios, ajustes, similares, etc.);000002882025
20262150010710046;15/04/2026 00:00:00;18112,50;0099692026;16/04/2026 00:00:00;18112,50;202621500107100460001;23/04/2026 00:00:00;18112,50;33909200;DESPESAS DE EXERCICIOS ANTERIORES;34180445000112;SECRETARIA MUNICIPAL DE SAUDE;0,00;SECRETARIA MUNICIPAL DE SAUDE                                                                                                                                                                                                                                ;SAUDE - 10;ATENCAO BASICA - 301;TRANSFERENCIA DE RECURSOS DO SISTEMA UNICO DE SAUDE - SUS - BLOCO DE MANUTENCAO DAS ACOES E SERVICOS PUBLICOS DE SAUDE - 107;DISMATH DISTRIB. MAT. MEDICO E HOSPITALAR LTDA;REEMPENHO DE DESPESA COM AQUISICAO DE INSUMOS MEDICO-HOSPITALARES EM CARATEREMERGENCIAL PARA ABASTECIMENTO DA SMS POR 180 DIAS                          PARA PAGAMENTO DA NOTA FISCAL 4078, PEDIDO DE COMPRA 490/2024, SCC: 772306  .                                                                           VALOR TOTAL:.....................................................18.112,50  .                                                                           8 - TRANSFERENCIA DE RECURSOS DO SUS - ATENCAO PRIMARIA                     SOLICITACAO FINANCEIRA: 181841/2026                                         ;Outros (Convênios, ajustes, similares, etc.);000002882025
20262150010710047;15/04/2026 00:00:00;1472,85;0113122026;28/04/2026 00:00:00;1472,85;202621500107100470001;27/05/2026 00:00:00;1472,85;33909200;DESPESAS DE EXERCICIOS ANTERIORES;41836567000180;SECRETARIA MUNICIPAL DE SAUDE;0,00;SECRETARIA MUNICIPAL DE SAUDE                                                                                                                                                                                                                                ;SAUDE - 10;ATENCAO BASICA - 301;TRANSFERENCIA DE RECURSOS DO SISTEMA UNICO DE SAUDE - SUS - BLOCO DE MANUTENCAO DAS ACOES E SERVICOS PUBLICOS DE SAUDE - 107;KANIA COMERCIO DE PRODUTOS HOSPITALARES LTDA;REEMPENHO DE DESPESA COM AQUISICAO DE INSUMOS MEDICO-HOSPITALARES EM CARATEREMERGENCIAL PARA ABASTECIMENTO DA SMS                                       PARA PAGAMENTO DA NOTA FISCAL 2296 (07/04/2025), SCC: 772357, PEDIDO DE COMPRA: 490/2024,TERMO DE ATESTO 8964074 (05/01/2026)                           .                                                                           VALOR TOTAL:......................................................1.472,85  .                                                                           8 - TRANSFERENCIA DE RECURSOS DO SUS - ATENCAO PRIMARIA                     SOLICITACAO FINANCEIRA: 181862/2026                                         ;Outros (Convênios, ajustes, similares, etc.);000002882024
20262150010710048;22/04/2026 00:00:00;860481,20;0110252026;24/04/2026 00:00:00;860481,20;202621500107100480001;28/04/2026 00:00:00;860481,20;33909200;DESPESAS DE EXERCICIOS ANTERIORES;60665981000975;SECRETARIA MUNICIPAL DE SAUDE;0,00;SECRETARIA MUNICIPAL DE SAUDE                                                                                                                                                                                                                                ;SAUDE - 10;ATENCAO BASICA - 301;TRANSFERENCIA DE RECURSOS DO SISTEMA UNICO DE SAUDE - SUS - BLOCO DE MANUTENCAO DAS ACOES E SERVICOS PUBLICOS DE SAUDE - 107;UNIAO QUIMICA FARMACEUTICO NACIONAL;REEMPENHO DE DESPESA COM AQUISICACAO DE MEDICAMENTOS, ATRAVES DO 2º PED. FI-LHO PREGAO ELETRONICO Nº90029/2024, ATA DE REGISTRO DE PRECOS Nº093/2024,SCC781305,PEDIDO DE COMPRA 287/2024, PAGAMENTO NF 995238 (26/07/25), 993922 (22/07/25), 993282 (18/07/25), 994148 (23/07/25), 993281(18/07/25), 993246 (18/07/25),993862 (22/07/25)E 994070(22/07/25),TERMO DE ATESTO 7694841(14/08/25)SOLICITACAO FINANCEIRA 180902 - 2026.                                       .                                                                           VALOR TOTAL.......................................................860.481,20.                                                                           8 - TRANSFERENCIA DE RECURSOS DO SUS - ATENCAO PRIMARIA                     ;Pregão;000900292024
20262150010710049;23/04/2026 00:00:00;164072,40;0105292026;23/04/2026 00:00:00;143473,00;202621500107100490002;28/04/2026 00:00:00;143473,00;33909200;DESPESAS DE EXERCICIOS ANTERIORES;28857335000140;SECRETARIA MUNICIPAL DE SAUDE;0,00;SECRETARIA MUNICIPAL DE SAUDE                                                                                                                                                                                                                                ;SAUDE - 10;ATENCAO BASICA - 301;TRANSFERENCIA DE RECURSOS DO SISTEMA UNICO DE SAUDE - SUS - BLOCO DE MANUTENCAO DAS ACOES E SERVICOS PUBLICOS DE SAUDE - 107;MAXIMA DENTAL IMPORTACAO EXP E COM DE PROD ODONTOLOGICOS;REEMPENHO DE DESPESA COM AQUISICAO COM MATERIAL ODONTOLOGICO,PREGAO ELETRONICO 008/2024-SRP, ATA REGISTRO DE PRECO 066/2024, TERMO DE ATESTO 9942042 (16/04/26), SCC 786790, PEDIDO DE COMPRA 306/2025 NFS 28810 (22/09/25), 28813 (22/09/25), 28814(22/09/25), 28971(25/09/25), 28969(25/09/25),29205(30/09/25)29206(30/09/25), 31724(03/12/25), 31725(03/12/25), 28970(25/09/25) SOLICITA-CAO FINANCEIRA 182037 - 2026.                                               .                                                                           VALOT TOTAL.......................................................164.072,40.                                                                           8 - TRANSFERENCIA DE RECURSOS DO SUS - ATENCAO PRIMARIA                     ;Pregão;000900082024
20262150010710049;23/04/2026 00:00:00;164072,40;0105362026;23/04/2026 00:00:00;20599,40;202621500107100490001;28/04/2026 00:00:00;20599,40;33909200;DESPESAS DE EXERCICIOS ANTERIORES;28857335000140;SECRETARIA MUNICIPAL DE SAUDE;0,00;SECRETARIA MUNICIPAL DE SAUDE                                                                                                                                                                                                                                ;SAUDE - 10;ATENCAO BASICA - 301;TRANSFERENCIA DE RECURSOS DO SISTEMA UNICO DE SAUDE - SUS - BLOCO DE MANUTENCAO DAS ACOES E SERVICOS PUBLICOS DE SAUDE - 107;MAXIMA DENTAL IMPORTACAO EXP E COM DE PROD ODONTOLOGICOS;REEMPENHO DE DESPESA COM AQUISICAO COM MATERIAL ODONTOLOGICO,PREGAO ELETRONICO 008/2024-SRP, ATA REGISTRO DE PRECO 066/2024, TERMO DE ATESTO 9942042 (16/04/26), SCC 786790, PEDIDO DE COMPRA 306/2025 NFS 28810 (22/09/25), 28813 (22/09/25), 28814(22/09/25), 28971(25/09/25), 28969(25/09/25),29205(30/09/25)29206(30/09/25), 31724(03/12/25), 31725(03/12/25), 28970(25/09/25) SOLICITA-CAO FINANCEIRA 182037 - 2026.                                               .                                                                           VALOT TOTAL.......................................................164.072,40.                                                                           8 - TRANSFERENCIA DE RECURSOS DO SUS - ATENCAO PRIMARIA                     ;Pregão;000900082024
20262150010710050;28/04/2026 00:00:00;346300,75;0113252026;28/04/2026 00:00:00;152223,20;202621500107100500001;03/06/2026 00:00:00;152223,20;33909200;DESPESAS DE EXERCICIOS ANTERIORES;03477309000165;SECRETARIA MUNICIPAL DE SAUDE;0,00;SECRETARIA MUNICIPAL DE SAUDE                                                                                                                                                                                                                                ;SAUDE - 10;ATENCAO BASICA - 301;TRANSFERENCIA DE RECURSOS DO SISTEMA UNICO DE SAUDE - SUS - BLOCO DE MANUTENCAO DAS ACOES E SERVICOS PUBLICOS DE SAUDE - 107;DATAPLEX TECNOLOGIA E GESTAO LTDA;REEMPENHO DE DESPESA COM EMPRESA PARA PRESTACAO DE SERVICO DE GERENCIAMENTO ELETRONICO E CONTROLE DE ABASTECIMENTO DE COMBUSTIVEIS ATRAVES DE SISTEMA   INFORMATIZADO E INTEGRADO PARA PAGAMENTO DA NOTA FISCAL 6585, 6707 E 148,   SCC754545, PEDIDO DE COMPRA 38/2024 SOLICITACAO FINANCEIRA 182179 - 2026.   .                                                                           .                                                                           VALOR TOTAL.......................................................346.300,75.                                                                           8 - TRANSFERENCIA DE RECURSOS DO SUS - ATENCAO PRIMARIA                     ;Pregão;000000392023
20262150010710050;28/04/2026 00:00:00;346300,75;0113262026;28/04/2026 00:00:00;137991,57;202621500107100500003;03/06/2026 00:00:00;137991,57;33909200;DESPESAS DE EXERCICIOS ANTERIORES;03477309000165;SECRETARIA MUNICIPAL DE SAUDE;0,00;SECRETARIA MUNICIPAL DE SAUDE                                                                                                                                                                                                                                ;SAUDE - 10;ATENCAO BASICA - 301;TRANSFERENCIA DE RECURSOS DO SISTEMA UNICO DE SAUDE - SUS - BLOCO DE MANUTENCAO DAS ACOES E SERVICOS PUBLICOS DE SAUDE - 107;DATAPLEX TECNOLOGIA E GESTAO LTDA;REEMPENHO DE DESPESA COM EMPRESA PARA PRESTACAO DE SERVICO DE GERENCIAMENTO ELETRONICO E CONTROLE DE ABASTECIMENTO DE COMBUSTIVEIS ATRAVES DE SISTEMA   INFORMATIZADO E INTEGRADO PARA PAGAMENTO DA NOTA FISCAL 6585, 6707 E 148,   SCC754545, PEDIDO DE COMPRA 38/2024 SOLICITACAO FINANCEIRA 182179 - 2026.   .                                                                           .                                                                           VALOR TOTAL.......................................................346.300,75.                                                                           8 - TRANSFERENCIA DE RECURSOS DO SUS - ATENCAO PRIMARIA                     ;Pregão;000000392023
20262150010710050;28/04/2026 00:00:00;346300,75;0113272026;28/04/2026 00:00:00;56085,98;202621500107100500002;03/06/2026 00:00:00;56085,98;33909200;DESPESAS DE EXERCICIOS ANTERIORES;03477309000165;SECRETARIA MUNICIPAL DE SAUDE;0,00;SECRETARIA MUNICIPAL DE SAUDE                                                                                                                                                                                                                                ;SAUDE - 10;ATENCAO BASICA - 301;TRANSFERENCIA DE RECURSOS DO SISTEMA UNICO DE SAUDE - SUS - BLOCO DE MANUTENCAO DAS ACOES E SERVICOS PUBLICOS DE SAUDE - 107;DATAPLEX TECNOLOGIA E GESTAO LTDA;REEMPENHO DE DESPESA COM EMPRESA PARA PRESTACAO DE SERVICO DE GERENCIAMENTO ELETRONICO E CONTROLE DE ABASTECIMENTO DE COMBUSTIVEIS ATRAVES DE SISTEMA   INFORMATIZADO E INTEGRADO PARA PAGAMENTO DA NOTA FISCAL 6585, 6707 E 148,   SCC754545, PEDIDO DE COMPRA 38/2024 SOLICITACAO FINANCEIRA 182179 - 2026.   .                                                                           .                                                                           VALOR TOTAL.......................................................346.300,75.                                                                           8 - TRANSFERENCIA DE RECURSOS DO SUS - ATENCAO PRIMARIA                     ;Pregão;000000392023
20262150010710051;28/04/2026 00:00:00;47150,23;0114012026;29/04/2026 00:00:00;47150,23;202621500107100510001;27/05/2026 00:00:00;47150,23;33909200;DESPESAS DE EXERCICIOS ANTERIORES;07847837000110;SECRETARIA MUNICIPAL DE SAUDE;0,00;SECRETARIA MUNICIPAL DE SAUDE                                                                                                                                                                                                                                ;SAUDE - 10;ATENCAO BASICA - 301;TRANSFERENCIA DE RECURSOS DO SISTEMA UNICO DE SAUDE - SUS - BLOCO DE MANUTENCAO DAS ACOES E SERVICOS PUBLICOS DE SAUDE - 107;CIENTIFICA MEDICA HOSPITALAR LTDA;REEMPENHO DE DESPESA COM AQUISICAO DE INSUMOS MEDICO-HOSPITALARES EM CARATEREMERGENCIAL P/ ABASTECIMENTO DA SMS POR 180 DIAS PARA PAGAMENTO DA NOTA FIS-CAL 306407, 306451, 306452, 306582, 308148 E 306185, SCC: 772276, PEDIDO DE COMPRA: 4908/2024 SOLICITACAO FINANCEIRA 182194 - 2026.                     .                                                                           VALOR TOTAL........................................................47.150,23.                                                                           8 - TRANSFERENCIA DE RECURSOS DO SUS - ATENCAO PRIMARIA                     ;Outros (Convênios, ajustes, similares, etc.);000002882024
20262150010710052;28/04/2026 00:00:00;9520,00;0161102026;23/06/2026 00:00:00;9520,00;202621500107100520001;24/06/2026 00:00:00;9520,00;33909200;DESPESAS DE EXERCICIOS ANTERIORES;61485900001132;SECRETARIA MUNICIPAL DE SAUDE;0,00;SECRETARIA MUNICIPAL DE SAUDE                                                                                                                                                                                                                                ;SAUDE - 10;ATENCAO BASICA - 301;TRANSFERENCIA DE RECURSOS DO SISTEMA UNICO DE SAUDE - SUS - BLOCO DE MANUTENCAO DAS ACOES E SERVICOS PUBLICOS DE SAUDE - 107;SG TECNOLOGIA CLINICA LTDA;REEMPENHO DE DESPESA COM AQUISICAO DE INSUMOS MEDICO-HOSPITALARES EM CARATEREMERGENCIAL PARA ABASTECIMENTO DA SMS POR 180 DIAS PARA PAGAMENTO DA NOTA FISCAL 1829, SCC: 772268, PEDIDO DE COMPRA: 490/2024, TERMO DE ATESTO 7504118 SOLICITACAO FINANCEIRA 182199 - 2026.                                       .                                                                           VALOR TOTAL.........................................................9.520,00.                                                                           8 - TRANSFERENCIA DE RECURSOS DO SUS - ATENCAO PRIMARIA                     ;Outros (Convênios, ajustes, similares, etc.);000002882024
20262150013410021;06/04/2026 00:00:00;4296,52;;;0,00;;;0,00;44905200;EQUIPAMENTOS E MATERIAL PERMANENTE;61925686000116;SECRETARIA MUNICIPAL DE SAUDE;4296,52;SECRETARIA MUNICIPAL DE SAUDE                                                                                                                                                                                                                                ;SAUDE - 10;ATENCAO BASICA - 301;TRANSFERENCIA DE RECURSOS DO SISTEMA UNICO DE SAUDE - SUS - BLOCO DE MANUTENCAO DAS ACOES E SERVICOS PUBLICOS DE SAUDE - 107;OSMAR ALESSANDRO GARGANTINE DE QUEIROZ;DESPESA COM MATERIAL PERMANENTE PARA MONITORAR AMOSTRAS DE AGUA PARA CONSUMOHUMANO CONFORME A DIRETRIZ NACIONAL DO PLANO DE AMOSTRAGEM DA VIGILANCIA DA QUALIDADE DA AGUA DVSA DFD 69 - ETP 8001366 - DESPACHO 69 DVFAIS - AVISO DISPENSA ELETRONICA 02- DESPACHO 99 E 122 GERCOM - ITEM 04 SCC804844 SOLICITA- CAO FINANCEIRA 180233 - 2026.                                               .                                                                           4-APARELHO DIGITAL COLORIMETRO ANALISE CLORO AKSO                           COD73898-0..............1,00UN.................4.296,5200...........4.296,52VALOR TOTAL.........................................................4.296,52.                                                                           SERA EM REMESSA UNICA, NO PRAZO NAO SUPERIOR A 15 (QUINZE) DIAS UTEIS, CONTADOS APOS O RECEBIMENTO DA ORDEM DE ENTREGA OU NOTA DE EMPENHO/AUTORIZACAO DEFORNECIMENTO, ACOMPANHADOS DOS DOCUMENTOS FISCAIS RESPECTIVOS, DEVE CONTER, OBRIGATORIAMENTE, A ESPECIFICACAO DO ITEM, MARCA DO FABRICANTE E QUANTIDADE ENTREGUE, BEM COMO O SEU ACONDICIONAMENTO,AGENDAR A ENTREGA PELO ENDERECO DEEMAIL  CIAD.GOIANIA@BRANETOLGISTICA.COM.BR, ENTREGA NO ALMOXARIFADO CENTRAL SMS:AV.PERIMETRAL NORTE, CONDOMINIO GOIAZEM, BLOCO E, GALPAO 09/10, VL.JOAO VAZ, CEP: 74.445-190, GOIANIA/GO,DOCUMENTO DE FORMALIZAçãO DE DEMANDA - DFD 69 (8001272)MANDA - DFD 69 (8001272)-GERCLS, ESTUDO TECNICO PRELIMINAR - ETP8001366 GERCLS, TERMO DE REFERENCIA 8449963-GEREMO, E ANEXOS PROCESSO SEI NR25290000358848.                                                             .                                                                           8 - TRANSFERENCIA DE RECURSOS DO SUS - ATENCAO PRIMARIA                     ;Dispensa de Licitação;000000532026
20262150013410022;06/04/2026 00:00:00;3611,71;;;0,00;;;0,00;44905200;EQUIPAMENTOS E MATERIAL PERMANENTE;61403106000120;SECRETARIA MUNICIPAL DE SAUDE;3611,71;SECRETARIA MUNICIPAL DE SAUDE                                                                                                                                                                                                                                ;SAUDE - 10;ATENCAO BASICA - 301;TRANSFERENCIA DE RECURSOS DO SISTEMA UNICO DE SAUDE - SUS - BLOCO DE MANUTENCAO DAS ACOES E SERVICOS PUBLICOS DE SAUDE - 107;INOVALAB ARTIGOS LABORATORIAIS LTDA;DESPESA COM MATERIAL PERMANENTE PARA MONITORAR AMOSTRAS DE AGUA PARA CONSUMOHUMANO CONFORME A DIRETRIZ NACIONAL DO PLANO DE AMOSTRAGEM DA VIGILANCIA DA QUALIDADE DA AGUA DVSA DFD 69 - ETP 8001366 - DESPACHO 69 DVFAIS - AVISO DISPENSA ELETRONICA 02- DESP.99 E 122 GERCOM - ITEM 03 / SCC804780 SOLICITACAO FINANCEIRA 180230 - 2026.                                                   .                                                                           03-APARELHO DIGITAL COLORIMETRO ANALISE FLUOR DELLAB DLD-FL                 COD73897-2...............1,00UN................3.611,7100...........3.611,71VALOR TOTAL.........................................................3.611,71.                                                                           SERA EM REMESSA UNICA, NO PRAZO NAO SUPERIOR A 15 (QUINZE) DIAS UTEIS, CONTADOS APOS O RECEBIMENTO DA ORDEM DE ENTREGA OU NOTA DE EMPENHO/AUTORIZACAO DEFORNECIMENTO, ACOMPANHADOS DOS DOCUMENTOS FISCAIS RESPECTIVOS, DEVE CONTER, OBRIGATORIAMENTE, A ESPECIFICACAO DO ITEM, MARCA DO FABRICANTE E QUANTIDADE ENTREGUE, BEM COMO O SEU ACONDICIONAMENTO,AGENDAR A ENTREGA PELO ENDERECO DEEMAIL  CIAD.GOIANIA@BRANETOLGISTICA.COM.BR, ENTREGA NO ALMOXARIFADO CENTRAL SMS:AV.PERIMETRAL NORTE, CONDOMINIO GOIAZEM, BLOCO E, GALPAO 09/10, VL.JOAO VAZ, CEP: 74.445-190, GOIANIA/GO,DOCUMENTO DE FORMALIZAçãO DE DEMANDA - DFD 69 (8001272)MANDA - DFD 69 (8001272)-GERCLS, ESTUDO TECNICO PRELIMINAR - ETP8001366 GERCLS, TERMO DE REFERENCIA 8449963-GEREMO, E ANEXOS PROCESSO SEI NR25290000358848.                                                             .                                                                           8 - TRANSFERENCIA DE RECURSOS DO SUS - ATENCAO PRIMARIA                     ;Dispensa de Licitação;000000532026
20262150013410023;06/04/2026 00:00:00;38999,75;;;0,00;;;0,00;44905200;EQUIPAMENTOS E MATERIAL PERMANENTE;46344050000197;SECRETARIA MUNICIPAL DE SAUDE;0,00;SECRETARIA MUNICIPAL DE SAUDE                                                                                                                                                                                                                                ;SAUDE - 10;ATENCAO BASICA - 301;TRANSFERENCIA DE RECURSOS DO SISTEMA UNICO DE SAUDE - SUS - BLOCO DE MANUTENCAO DAS ACOES E SERVICOS PUBLICOS DE SAUDE - 107;SUL AGUA EQUIPAMENTOS LTDA;"DESPESA COM AQUISICAO DE MATERIAL PERMANENTE PARA ABASTECIMENTO DA SMS - PREGAO ELETRONICO Nº90027/2025 - ATA DE REGISTRO DE PRECO Nº024/2025 MEMORANDO 86 GEREMO - PARECER 73 GERPSR - DESPACHO 154 PRECEL E NOVO MAPA DE PRECOS E PRE-EMPENHO - RETIFICADO (9598814), SCC802094(RETIFICADO)GERCC, SOLICITACAO FINANCEIRA 180786 - 2026.                                                   .                                                                           1-COMPRESSOR AR ODONTOLOGICO, ISENTO DE OLEO, 200 L FIAC                    COD71973-0...............5,00 UN...............7.799,9500..........38.999,75VALOR TOTAL........................................................38.999,75.                                                                           O FORNECIMENTO DEVERA SER EFETUADO, COM PRAZO DE ENTREGA NAO SUPERIOR A 20  DIAS,CONTADOS A PARTIR DO RECEBIMENTO DA NOTA DE EMPENHO.AS ENTREGAS DEVERAOSER EFETUADAS MEDIANTE AGENDAMENTO PREVIO, ATRAVES DO E-MAIL:               CIAD.GOIANIA@BRANETOLGISTICA.COM.BR,MAIORES INFORMACOES PELOS TELEFONES:(62)3524-3404/3407.LOCAL DA ENTREGA ALMOXARIFADO CENTRAL DA SMS, AV. PERIMETRAL NORTE CONDOMINIO GOIAZEM, BL.E, GALPAO:09/10,VILA JOAO VAZ, CEP: 74.425-090,GOIANIA-GO.NO ALMOXARIFADO CENTRAL SERA RECEBIDO: PROVISORIAMENTE, A PARTIR DA ENTREGA, PARA EFEITO DE VERIFICACAO DA CONFORMIDADE COM A ESPECIFICACAO. DEFINITIVAMENTE,APOS A VERIFICACAO DA CONFORMIDADE COM A ESPECIFICACAO,E SUACONSEQUENTE ACEITACAO, QUE SE DARA ATE 05(CINCO)DIAS DO RECEBIMENTO PROVISO-RIO.EFETUAR A ENTREGA DO BEM EM PERFEITAS CONDICOES, ACOMPANHADO DA RESPECTIVA NOTA FISCAL CONSTANDO DETALHADAMENTE A MARCA, FABRICANTE, MODELO, TIPO E PROCEDENCIA; COMUNICAR A ADMINISTRACAO, NO PRAZO MAXIMO DE 24 HORAS QUE ANTECEDE A DATA DA ENTREGA, OS MOTIVOS QUE IMPOSSIBILITEM O CUMPRIMENTO DO PRAZOPREVISTO, COM A DEVIDA COMPROVACAO.DEMAIS ESCLARECIMENTOS CONF.MEM.86/2026- GEREMO, MAPA DE PRECOS E PRE-EMPENHO - RETIFICADO (9598814) E ANEXOS SEI NR.26.29.000004010-0.                                                          .                                                                           8 - TRANSFERENCIA DE RECURSOS DO SUS - ATENCAO PRIMARIA                     ";Pregão;000900272024
20262150013410024;09/04/2026 00:00:00;5960,00;;;0,00;;;0,00;44905200;EQUIPAMENTOS E MATERIAL PERMANENTE;55152280000145;SECRETARIA MUNICIPAL DE SAUDE;5960,00;SECRETARIA MUNICIPAL DE SAUDE                                                                                                                                                                                                                                ;SAUDE - 10;ATENCAO BASICA - 301;TRANSFERENCIA DE RECURSOS DO SISTEMA UNICO DE SAUDE - SUS - BLOCO DE MANUTENCAO DAS ACOES E SERVICOS PUBLICOS DE SAUDE - 107;AUTOMEDICAL LTDA;8 - TRANSFERENCIA DE RECURSOS DO SUS - ATENCAO PRIMARIA                     .                                                                           XOS SEI 26.29.000006342-8.                                                  PRELIMINAR - ETP 9401007-GEREMO, TERMO DE REFERêNCIA 9401014 -GEREMO E ANE- CONF.DOCUMENTO DE FORMALIZAçãO DA DEMANDA 23 (9400989)GEREMO, ESTUDO TECNICOBLOCO E GALPOES DE 06 A 10, CEP 74.445-190, GOIANIA-GO.DEMAIS ESCLAREIMENTOSRIFADO CENTRAL DA SMS, NA PERIMETRAL NORTE N.2859, VL.JOAO VAZ, COND.GOYAZEMVIO ATRAVES DO E-MAIL CIAD.GOIANIA@BRANETLOGISTICA.COM.BR,ENTREGA NO ALMOXA-ENTREGUE, BEM COMO O SEU ACONDICIONAMENTO, ENTREGA MEDAINTE AENDAMENTO PRE- OBRIGATORIAMENTE, A ESPECIFICACAO DO ITEM, MARCA DO FABRICANTE E QUANTIDADE FORNECIMENTO, ACOMPANHADOS DOS DOCUMENTOS FISCAIS RESPECTIVOS, DEVE CONTER, DOS APOS O RECEBIMENTO DA ORDEM DE ENTREGA OU NOTA DE EMPENHO/AUTORIZACAO DESERA EM REMESSA UNICA, NO PRAZO NAO SUPERIOR A 10 (DEZ) DIAS CORRIDOS, CONTA.                                                                           VALOR TOTAL.........................................................5.960,00COD56354-4...............20,00 UN..............298,0000.............5.960,001-CAIXA TERMICA POLIETILENO AUTOM ATMCTT15                                  .                                                                           181092 - 2026.                                                              114/2026-GERPSR, PED.COMPRA NR.139/2026-FMS SCC812642 SOLICITACAO FINANCEIRATARIA MUNICIPAL DE SAUDE CONFORME DFD-23, TERMO DE REFERÊNCIA, E PARECER NR.DE LICITACAO,PARA SUPRIR AS NECESSIDADES DOS SERVICOS LABORATORIAIS DA SECREDESPESA COM AQUISICAO DE MATERIAL PERMANENTE, CAIXAS TERMICAS, POR DISPENSA ;Dispensa de Licitação;000000652026
20262150013410025;22/04/2026 00:00:00;23870,00;0106022026;23/04/2026 00:00:00;23870,00;202621500134100250001;27/05/2026 00:00:00;23870,00;44905200;EQUIPAMENTOS E MATERIAL PERMANENTE;30323616000164;SECRETARIA MUNICIPAL DE SAUDE;0,00;SECRETARIA MUNICIPAL DE SAUDE                                                                                                                                                                                                                                ;SAUDE - 10;ATENCAO BASICA - 301;TRANSFERENCIA DE RECURSOS DO SISTEMA UNICO DE SAUDE - SUS - BLOCO DE MANUTENCAO DAS ACOES E SERVICOS PUBLICOS DE SAUDE - 107;QUICKBUM E-COMMERCE LTDA;VALOR TOTAL........................................................23.870,00.                                                                           8 - TRANSFERENCIA DE RECURSOS DO SUS - ATENCAO PRIMARIA                     REEMPENHO COM DESPESA COM MATERIAL PERMANENTE-PREGAO ELETRONICO Nº90027/2024ATA DE REGISTRO DE PRECO Nº027/2025 CONFORME DESPACHO 47 GERSB - NOTA FISCAL4133(12/01/26) E 4134(12/01/26) - PEDIDO DE COMPRAS 686/2025 - SCC 796647  -SOLICITACAO FINANCEIRA 182032 - 2026.                                       .                                                                           ;Pregão;000900272025
20262150014110001;15/04/2026 00:00:00;8700,00;0099192026;16/04/2026 00:00:00;8700,00;202621500141100010001;22/04/2026 00:00:00;8700,00;44909200;DESPESAS DE EXERCICIOS ANTERIORES;08979861000175;SECRETARIA MUNICIPAL DE SAUDE;0,00;SECRETARIA MUNICIPAL DE SAUDE                                                                                                                                                                                                                                ;SAUDE - 10;ATENCAO BASICA - 301;TRANSFERENCIA DE RECURSOS DO SISTEMA UNICO DE SAUDE - SUS - BLOCO DE MANUTENCAO DAS ACOES E SERVICOS PUBLICOS DE SAUDE - 107;BIOTRON EQUIPAMENTOS MEDICOS LTDA;DESPESA COM AQUISICAO DE APARELHO DESTILADOR AGUA AUTOMATICO 2 A 10L ATRAVESDO 1 PEDIDO FILHO- ATA DE REGISTRO DE PRECOS NR 019/2025- PREGAO ELETRONICO NR 90027/2024                                                               PARA PAGAMENTO DA NF 21848 (18/12/2025) CONF. TERMO DE ATESTO 9753678 (26/03/2026) - PEDIDO DE COMPRA NR 679/2025- SCC 796825                           .                                                                           VALOR TOTAL:.......................................................8.700,00 .                                                                           8 - TRANSFERENCIA DE RECURSOS DO SUS - ATENCAO PRIMARIA                     SOLICITACAO FINANCEIRA: 181877/2026                                         ;Pregão;000900272025
20262150017910027;01/04/2026 00:00:00;102240,00;0132102026;20/05/2026 00:00:00;102240,00;202621500179100270001;27/05/2026 00:00:00;102240,00;33903000;MATERIAL DE CONSUMO;40274237000185;SECRETARIA MUNICIPAL DE SAUDE;0,00;SECRETARIA MUNICIPAL DE SAUDE                                                                                                                                                                                                                                ;SAUDE - 10;ASSISTENCIA HOSPITALAR E AMBULATORIAL - 302;TRANSFERENCIA DE RECURSOS DO SISTEMA UNICO DE SAUDE - SUS - BLOCO DE MANUTENCAO DAS ACOES E SERVICOS PUBLICOS DE SAUDE - 107;CLM FARMA COMERCIO E DISTRIBUIDORA DE MEDICAMENTOS LTDA;DESPESA AQUISICAO DE MEDICAMENTOS PARA ABASTECIMENTO DAS UNIDADES DE SAUDE -2º PEDIDO FILHO DA ATA 082/2025 DO PREGAO ELETRONICO 90007/2025             MEMORANDO 107 GEREMO - PARECER 90 GERPSR - DESPACHO 137 GERCOM - DESPACHO 189 PRECEL - PEDIDO DE COMPRAS 113/2026 -AQUISICAO ESTIMADO 07 MESES          .                                                                           01 (ITEM R85) - LIDOCAINA CLORIDRATO 2% GEL TB C/30G - MARCA: CRISTALIA     COD:001775...........18.000TB..............05,68.................102.240,00 VALOR TOTAL:.....................................................102.240,00 .                                                                           OBS: O FORNECIMENTO DEVERA SER EFETUADO C/ PRAZO NAO SUP. A 20 DIAS         CORRIDOS CONFORME TERMO DE REFERENCIA (9308219) CONTADOS A PARTIR DO        RECEBIMENTO DA NOTA DE EMPENHO,ENTREGA EM PERFEITAS CONDICOES C/A DEVIDA    NOTA FISCAL, DETALHANDO MARCA/FABRICANTE/MODELO/TIPO/PROCEDENCIA. DEMAIS    ESCLARECIMENTOS CONFORME MEMO 107/2026, PARECER 90/2026, PE 90007/2025,     ATA 82/2025, PROCESSO SEI: 26.29.000005107-1 E DOCUMENTOS EM ANEXO.         .                                                                           LOCAL DA ENTREGA:ALMOXARIFADO CENTRAL SMS, AV.PERIMETRAL NORTE COND.GOIA    ZEM, BL.E, GALPOES 09/10, VL.JOAO VAZ, CEP:74.425-090, GO/GO. FONES:62-3    524-3401/3407, HORARIO:08:00 AS 17:00.                                      .                                                                           8 - TRANSFERENCIA DE RECURSOS DO SUS - ATENCAO PRIMARIA                     SOLICITACAO FINANCEIRA: 180990/2026                                         ;Pregão;000900072025
20262150017910028;06/04/2026 00:00:00;6264,00;;;0,00;;;0,00;33903000;MATERIAL DE CONSUMO;05997927000161;SECRETARIA MUNICIPAL DE SAUDE;0,00;SECRETARIA MUNICIPAL DE SAUDE                                                                                                                                                                                                                                ;SAUDE - 10;ASSISTENCIA HOSPITALAR E AMBULATORIAL - 302;TRANSFERENCIA DE RECURSOS DO SISTEMA UNICO DE SAUDE - SUS - BLOCO DE MANUTENCAO DAS ACOES E SERVICOS PUBLICOS DE SAUDE - 107;MEDIC STOCK COMERCIO DE MATERIAL MEDICO HOSPITALAR LTDA;DESPESA COM MATERIAL CLINICO HOSPITALAR PARA ABASTECIMENTO DA SMS - 2 PEDID O FILHO DA ATA NR 104/2025, PREGAO ELETRONICO NR 90005/2025                 MEMORANDO 140 GEREMO - PARECER 153 GERPSR - DESPACHO 177 GERCOM - DESPACHO 252 PRECEL - PEDIDO DE COMPRAS 171/2026 - SCC:812481                         .                                                                           01 (ITEM R69) - GEL EXAME ULTRA-SONOGRAFIA E SONAR FR C/100G                MARCA: MULTIGEL                                                             COD:148717............1.400FR..............01,76...................2.464,00 02 (ITEM R106) - SERINGA DESCARTAVEL 1ML AGULHA 13X4,5MM - MARCA: SR        COD:148717...........19.000UN..............00,20...................3.800,00 VALOR TOTAL:.......................................................6.264,00 .                                                                           OBS: O FORNECIMENTO DEVERA SER EFETUADO C/ PRAZO NAO SUP. A 15 DIAS_UTEIS   CONFORME TERMO DE REFERENCIA (9450217) CONTADOS A PARTIR DO                 RECEBIMENTO DA NOTA DE EMPENHO,ENTREGA EM PERFEITAS CONDICOES C/A DEVIDA    NOTA FISCAL, DETALHANDO MARCA/FABRICANTE/MODELO/TIPO/PROCEDENCIA. DEMAIS    ESCLARECIMENTOS CONFORME MEMO 140/2026, PARECER 153/2026, PE 90005/2025,    ATA 104/2025, PROCESSO SEI: 26.29.000007054-8 E DOCUMENTOS EM ANEXO.        .                                                                           LOCAL DA ENTREGA:ALMOXARIFADO CENTRAL SMS, AV.PERIMETRAL NORTE COND.GOIA    ZEM, BL.E, GALPOES 09/10, VL.JOAO VAZ, CEP:74.425-090, GO/GO. FONES:62-3    524-3401/3407, HORARIO:08:00 AS 17:00.                                      .                                                                           8 - TRANSFERENCIA DE RECURSOS DO SUS - ATENCAO PRIMARIA                     SOLICITACAO FINANCEIRA: 180673/2026                                         ;Pregão;000900052025
20262150017910029;13/04/2026 00:00:00;38016,00;0132352026;20/05/2026 00:00:00;38016,00;202621500179100290001;27/05/2026 00:00:00;38016,00;33903000;MATERIAL DE CONSUMO;03225411000173;SECRETARIA MUNICIPAL DE SAUDE;0,00;SECRETARIA MUNICIPAL DE SAUDE                                                                                                                                                                                                                                ;SAUDE - 10;ASSISTENCIA HOSPITALAR E AMBULATORIAL - 302;TRANSFERENCIA DE RECURSOS DO SISTEMA UNICO DE SAUDE - SUS - BLOCO DE MANUTENCAO DAS ACOES E SERVICOS PUBLICOS DE SAUDE - 107;MISSNER E MISSNER LTDA;DESPESA COM MATERIAL CLINICO HOSPITALAR PARA ABASTECIMENTO DA SMS -         1º PED. FILHO DA ATA Nº 106/2025, PREGAO ELETRONICO Nº 90005/2025 MEMO      RANDO 133 GEREMO - PARECER 150 GERPSR - DESPACHO 238 PRECEL - PEDIDO        DE COMPRAS 168/2026 SCC:808815 - SOLICITACAO FINANCEIRA 180463 - 2026.      .                                                                           1-ESPARADRAPO HIPOALERGICO 10MX5CM MISSER                                   COD 39931-0..............9.600,00 UN...........3,9600............38.016,00  VALOR TOTAL......................................................38.016,00  .                                                                           O PRAZO DE ENTREGA DOS BENS SERA EFETUADO NO PRAZO NãO SUPERIOR A 15        DIAS UTEIS CONTADOS APOS O RECEBIMENTO DA ORDEM DE ENTREGA OU NOTA DE       EMPENHO/AUTORIZACAO DE FORNECIMENTO, ACOMPANHADOS DOS DOCUMENTOS FISCAIS    RESPECTIVOS, DEVE CONTER, OBRIGATORIAMENTE, A ESPECIFICACAO DO ITEM,        MARCA DO FABRICANTE E QUANTIDADE ENTREGUE, ENTREGA COM AGENDAMENTO          NO EMAIL:CIAD.GOIANIA@BRANETLOGISTICA.COM.BR, RECEBIMENTO NO ALMOXARIFADO   CENTRAL/SMS AV.PERIMETRAL NORTE, COND.GOIAZEM, BL.E, GALPAO 09/10, VILA     JOAO VAZ, CEP :74.425-090, GOIANIA/GO.DEMAIS ESCLARECIMENTOS MEMORANDO      133 (9412368)GEREMO,EDITAL PE 90005/2025(9412377)TERMO DE REFERENCIA        E ANEXOS SEI26.29.000006508-0.                                              .                                                                           8 - TRANSFERENCIA DE RECURSOS DO SUS - ATENCAO PRIMARIA                     ;Pregão;000900052025
20262150017910030;15/04/2026 00:00:00;8745,00;;;0,00;;;0,00;33903000;MATERIAL DE CONSUMO;43496995000136;SECRETARIA MUNICIPAL DE SAUDE;0,00;SECRETARIA MUNICIPAL DE SAUDE                                                                                                                                                                                                                                ;SAUDE - 10;ASSISTENCIA HOSPITALAR E AMBULATORIAL - 302;TRANSFERENCIA DE RECURSOS DO SISTEMA UNICO DE SAUDE - SUS - BLOCO DE MANUTENCAO DAS ACOES E SERVICOS PUBLICOS DE SAUDE - 107;CIRURGICA SANTA HELENA LTDA;COD:737720..............130UN..............11,98...................1.557,40 02 (ITEM R60) - MASCARA PVC LARINGEA TUBULAR SUPRAGLOTICO NR 3 CRIANCA/     ADOLESCENTE DE 30 A 50 KG - MARCA: TRIFANZ                                  COD:737739..............130UN..............11,98...................1.557,40 03 (ITEM R61) - MASCARA PVC LARINGEA TUBULAR SUPRAGLOTICO NR 4 ADULTA       DE 50 A 70 KG - MARCA: TRIFANZ                                              COD:737747..............230UN..............11,98...................2.775,40 04 (ITEM R62) - MASCARA PVC LARINGEA TUBULAR SUPRAGLOTICO NR 5 ADULTA       DE 70 A 100 KG - MARCA: TRIFANZ                                             COD:737755..............240UN..............11,98...................2.875,20 VALOR TOTAL:.......................................................8.745,00 .                                                                           OBS: O FORNECIMENTO DEVERA SER EFETUADO C/ PRAZO NAO SUP. A 15 DIAS UTEIS   CONFORME TERMO DE REFERENCIA (9534344) CONTADOS A PARTIR DO                 RECEBIMENTO DA NOTA DE EMPENHO,ENTREGA EM PERFEITAS CONDICOES C/A DEVIDA    NOTA FISCAL, DETALHANDO MARCA/FABRICANTE/MODELO/TIPO/PROCEDENCIA. DEMAIS    ESCLARECIMENTOS CONFORME MEMO 153/2026, PARECER 178/2026, PE 90016/2025,    ATA 138/2025, PROCESSO SEI: 26.29.000009265-1 E DOCUMENTOS EM ANEXO.        .                                                                           LOCAL DA ENTREGA:ALMOXARIFADO CENTRAL SMS, AV.PERIMETRAL NORTE COND.GOIA    ZEM, BL.E, GALPOES 09/10, VL.JOAO VAZ, CEP:74.425-090, GO/GO. FONES:62-3    524-3401/3407, HORARIO:08:00 AS 17:00.                                      .                                                                           8 - TRANSFERENCIA DE RECURSOS DO SUS - ATENCAO PRIMARIA                     SOLICITACAO FINANCEIRA: 181810/2026                                         DESPESA COM MATERIAL CLINICO HOSPITALAR PARA ABASTECIMENTO DA SMS - ATA DE REGISTRO DE PRECO NR 138/2025 - PREGAO ELETRONICO NR 900016/2025             MEMORANDO 153 GEREMO - PARECER 178 GERPSR - DESPACHO 208 GERCOM - DESPACHO 332 PRECEL - PEDIDO DE COMPRAS 199/2026 - SCC:813258                         .                                                                           01 (ITEM R59) - MASCARA PVC LARINGEA TUBULAR SUPRAGLOTICO NR 2,5 CRIANCA    DE 20 A 30 KG - MARCA: TRIFANZ                                              ;Pregão;000001782026
20262150017910031;15/04/2026 00:00:00;125949,00;0127882026;14/05/2026 00:00:00;125949,00;202621500179100310001;27/05/2026 00:00:00;125949,00;33903000;MATERIAL DE CONSUMO;10446719000104;SECRETARIA MUNICIPAL DE SAUDE;0,00;SECRETARIA MUNICIPAL DE SAUDE                                                                                                                                                                                                                                ;SAUDE - 10;ASSISTENCIA HOSPITALAR E AMBULATORIAL - 302;TRANSFERENCIA DE RECURSOS DO SISTEMA UNICO DE SAUDE - SUS - BLOCO DE MANUTENCAO DAS ACOES E SERVICOS PUBLICOS DE SAUDE - 107;BIOTEC BIOLOGICA IND. FARMACEUTICA LTDA - EPP;COD:519588............9.600UN..............01,69..................16.224,00 02 (ITEM R33) - CATETER ABOCATH PERIFERICA DISPOSITIVO SEGURANCA NR 24      MARCA: BIODESC/MEDIPLU                                                      COD:519626...........66.500UN..............01,65.................109.725,00 VALOR TOTAL:.....................................................125.949,00 .                                                                           OBS: O FORNECIMENTO DEVERA SER EFETUADO C/ PRAZO NAO SUP. A 15 DIAS         DESPESA COM MATERIAL CLINICO HOSPITALAR PARA ABASTECIMENTO DA SMS - ATA DE REGISTRO DE PRECO NR 016/2026 - PREGAO ELETRONICO NR 90056/2025              MEMORANDO 170 GEREMO - PARECER 189 GERPSR - DESPACHO 236 GERCOM - DESPACHO 319 PRECEL - PEDIDO DE COMPRAS 209/2026                                      .                                                                           01 (ITEM R30) - CATETER ABOCATH PERIFERICA DISPOSITIVO SEGURANCA NR 18      MARCA: BIODESC/MEDIPLU                                                      CORRIDOS CONFORME TERMO DE REFERENCIA (9620697) CONTADOS A PARTIR DO        RECEBIMENTO DA NOTA DE EMPENHO,ENTREGA EM PERFEITAS CONDICOES C/A DEVIDA    NOTA FISCAL, DETALHANDO MARCA/FABRICANTE/MODELO/TIPO/PROCEDENCIA. DEMAIS    ESCLARECIMENTOS CONFORME MEMO 170/2026, PARECER 189/2026, PE 90056/2025,    ATA 16/2026, PROCESSO SEI: 26.29.000009555-9 E DOCUMENTOS EM ANEXO.         .                                                                           LOCAL DA ENTREGA:ALMOXARIFADO CENTRAL SMS, AV.PERIMETRAL NORTE COND.GOIA    ZEM, BL.E, GALPOES 09/10, VL.JOAO VAZ, CEP:74.425-090, GO/GO. FONES:62-3    524-3401/3407, HORARIO:08:00 AS 17:00.                                      .                                                                           8 - TRANSFERENCIA DE RECURSOS DO SUS - ATENCAO PRIMARIA                     SOLICITACAO FINANCEIRA: 181807/2026                                         ;Pregão;000001892026
20262150017910032;15/04/2026 00:00:00;3559,75;;;0,00;;;0,00;33903000;MATERIAL DE CONSUMO;28387424000170;SECRETARIA MUNICIPAL DE SAUDE;3559,75;SECRETARIA MUNICIPAL DE SAUDE                                                                                                                                                                                                                                ;SAUDE - 10;ASSISTENCIA HOSPITALAR E AMBULATORIAL - 302;TRANSFERENCIA DE RECURSOS DO SISTEMA UNICO DE SAUDE - SUS - BLOCO DE MANUTENCAO DAS ACOES E SERVICOS PUBLICOS DE SAUDE - 107;M MED COMERCIAL DE MEDICAMENTOS E PRODUTOS HOSPITALARES;DESPESA COM AQUISICAO DE MEDICAMENTOS PARA ABASTECIMENTO DAS UNIDADES       DE SAUDE DA SMS GOIANIA - 2º PEDIDO FILHO DA ATA Nº 080/2025 DO PREGAO      ELETRONICO NR 90007/2025 MEMORANDO 106 GEREMO - PARECER 89 GERPSR           DESPACHO 142 GERCOM  - DESPACHO 182 PRECEL - AQUISICAO PARA 07 MESES        SCC:803996 SOLICITACAO FINANCEIRA 179951 - 2026.                            .                                                                           1-HIPROMELOSE 5MG/ML 0,5% FR C/10,0 ML OFTALMOPHARMA                        COD64168-5...............250,00 FR.............14,2390............3.559,75  VALOR TOTAL.......................................................3.559,75  .                                                                           O FORNECIMENTO DEVERA SER EFETUADO, COM PRAZO DE ENTREGA NAO SUPERIOR A     20 (VINTE) DIAS, CONTADOS A PARTIR DO RECEBIMENTO DA NOTA DE EMPENHO/AUTO   RIZACAO DE FORNECIMENTO E ACOMPANHADOS DOS DOCUMENTOS FISCAIS RESPECTIVOS,  DEVE CONTER, OBRIGATORIAMENTE, A ESPECIFICACAO DO ITEM,MARCA DO FABRI       CANTE, QUANTIDADE ENTREGUE.ENTREGA AGENDADA PELO EMAIL:                     CIAD.GOIANIA@BRANETLOGISTICA.COM.BR.                                        ENDERECO P/ENTREGA NO ALMOXARIFADO CENTRAL DA SMS, AV.PERIMETRAL NORTE,     CONDOMINIO GOIAZEM, BLOCO E, GALPAO 09 E 10, VILA JOAO VAZ, CEP:            74.445-190, GOIANIA/GO.TELEFONES:(62)3524-3401/3407,DEMAIS ESCLARECI        MENTOS MEMORANDO 106 (9307471)GEREMO,EDITAL (9307489) TERMO DE REFERENCIA   GEREMO, E ANEXOS PROCESSO SEI 26290000050989.                               .                                                                           8 - TRANSFERENCIA DE RECURSOS DO SUS - ATENCAO PRIMARIA                     ;Pregão;000900072025
20262150018010074;01/04/2026 00:00:00;13375,00;0180772026;10/07/2026 00:00:00;13375,00;;;0,00;33903000;MATERIAL DE CONSUMO;01202521000194;SECRETARIA MUNICIPAL DE SAUDE;0,00;SECRETARIA MUNICIPAL DE SAUDE                                                                                                                                                                                                                                ;SAUDE - 10;ASSISTENCIA HOSPITALAR E AMBULATORIAL - 302;TRANSFERENCIA DE RECURSOS DO SISTEMA UNICO DE SAUDE - SUS - BLOCO DE MANUTENCAO DAS ACOES E SERVICOS PUBLICOS DE SAUDE - 107;PLASTIC WAY PRODUTOS PARA SAUDE LTDA;02 (ITEM R30) - ESPACADOR ADMINISTRACAO MEDICAMENTO COM MASCARA INFANTIL    MARCA: AEROWAY                                                              COD:736953..............250UN..............26,50...................6.625,00 VALOR TOTAL:......................................................13.375,00 .                                                                           OBS: O FORNECIMENTO DEVERA SER EFETUADO C/ PRAZO NAO SUP. A 15 DIAS UTEIS   CONFORME TERMO DE REFERENCIA (8776579) CONTADOS A PARTIR DO                 RECEBIMENTO DA NOTA DE EMPENHO,ENTREGA EM PERFEITAS CONDICOES C/A DEVIDA    MS - PREGAO ELETRONICO Nº 90016/2025 - ATA REGISTRO DE PREÇO Nº 133/2025    MEMORANDO 292 GEREMO - PARECER 365 GERPSR - DESPACHO 931 PRECEL             .                                                                           01 (ITEM R29) - ESPACADOR ADMINISTRACAO MEDICAMENTO - MARCA: AEROWAY        COD:513709..............250UN..............27,00...................6.750,00 DESPESA COM AQUISICAO DE MATERIAL CLINICO HOSPITALAR PARA ABASTECIMENTO DA SNOTA FISCAL, DETALHANDO MARCA/FABRICANTE/MODELO/TIPO/PROCEDENCIA. DEMAIS    ESCLARECIMENTOS CONFORME MEMO 292/2026, PARECER 365/2026, PE 90016/2025,    ATA 133/2025, PROCESSO SEI: 25.29.000047148-2 E DOCUMENTOS EM ANEXO.        .                                                                           LOCAL DA ENTREGA:ALMOXARIFADO CENTRAL SMS, AV.PERIMETRAL NORTE COND.GOIA    ZEM, BL.E, GALPOES 09/10, VL.JOAO VAZ, CEP:74.425-090, GO/GO. FONES:62-3    524-3401/3407, HORARIO:08:00 AS 17:00.                                      .                                                                           64 - TRANSFERENCIAS DE RECURSOS DO SUS - ATENCAO ESPECIALIZADA              SOLICITACAO FINANCEIRA: 179494/2026                                         ;Pregão;000900162025
20262150018010075;01/04/2026 00:00:00;17150,00;0145402026;01/06/2026 00:00:00;17150,00;202621500180100750001;11/06/2026 00:00:00;17150,00;33903000;MATERIAL DE CONSUMO;10696932000174;SECRETARIA MUNICIPAL DE SAUDE;0,00;SECRETARIA MUNICIPAL DE SAUDE                                                                                                                                                                                                                                ;SAUDE - 10;ASSISTENCIA HOSPITALAR E AMBULATORIAL - 302;TRANSFERENCIA DE RECURSOS DO SISTEMA UNICO DE SAUDE - SUS - BLOCO DE MANUTENCAO DAS ACOES E SERVICOS PUBLICOS DE SAUDE - 107;TDV COMERCIO DE PRODUTOS;DESPESA COM AQUISICAO COM MATERIAL CLINICO HOSPITALAR - 2º PEDIDO FILHO DA ATA Nº 21/2026, PREGÃO ELETRONICO Nº 90005/2025                              MEMORANDO 174 GEREMO - PARECER 176 GERPSR - DESPACHO 203 GERCOM - DESPACHO 296 PRECEL - PEDIDO DE COMPRAS 197/2026                                      .                                                                           01 (ITEM R19) - CATETER ABOCATH PERIFERICA DISPOSITIVO SEGURANCA NR 22      MARCA: SAFE CATH                                                            COD:519600............9.800UN..............01,75..................17.150,00 VALOR TOTAL:......................................................17.150,00 .                                                                           OBS: O FORNECIMENTO DEVERA SER EFETUADO C/ PRAZO NAO SUP. A 15 DIAS UTEIS   CONFORME TERMO DE REFERENCIA (9559713) CONTADOS A PARTIR DO                 RECEBIMENTO DA NOTA DE EMPENHO,ENTREGA EM PERFEITAS CONDICOES C/A DEVIDA    NOTA FISCAL, DETALHANDO MARCA/FABRICANTE/MODELO/TIPO/PROCEDENCIA. DEMAIS    ESCLARECIMENTOS CONFORME MEMO 161/2026, PARECER 176/2026, PE 90005/2025,    ATA 21/2026, PROCESSO SEI: 26.29.000008647-9 E DOCUMENTOS EM ANEXO.         .                                                                           LOCAL DA ENTREGA:ALMOXARIFADO CENTRAL SMS, AV.PERIMETRAL NORTE COND.GOIA    ZEM, BL.E, GALPOES 09/10, VL.JOAO VAZ, CEP:74.425-090, GO/GO. FONES:62-3    524-3401/3407, HORARIO:08:00 AS 17:00.                                      .                                                                           64 - TRANSFERENCIAS DE RECURSOS DO SUS - ATENCAO ESPECIALIZADA              SOLICITACAO FINANCEIRA: 181123/2026                                         ;Pregão;000900052025
20262150018010076;01/04/2026 00:00:00;16200,00;;;0,00;;;0,00;33903000;MATERIAL DE CONSUMO;16699864000183;SECRETARIA MUNICIPAL DE SAUDE;0,00;SECRETARIA MUNICIPAL DE SAUDE                                                                                                                                                                                                                                ;SAUDE - 10;ASSISTENCIA HOSPITALAR E AMBULATORIAL - 302;TRANSFERENCIA DE RECURSOS DO SISTEMA UNICO DE SAUDE - SUS - BLOCO DE MANUTENCAO DAS ACOES E SERVICOS PUBLICOS DE SAUDE - 107;SANTE MEDICA HOSPITALAR LTDA;DESPESA COM AQUISICAO DE MEDICAMENTOS PARA ABASTECIMENTO DAS UNIDADES DE SAUDE DA SMS - 3º PEDIDO FILHO DA ATA Nº 039/2025 DO PREGAO ELETRONICO Nº 90002/2025                                                                       MEMORANDO 159 GEREMO - PARECER 172 GERPSR - DESPACHO 198 GERCOM - PEDIDO DE COMPRAS 192/2026                                                            .                                                                           01 (ITEM R11) - CITALOPRAM BROMIDRATO 20MG COMPRIMIDO - MARCA: RANBAXY      COD:464120..........180.000UN..............00,09..................16.200,00 VALOR TOTAL:......................................................16.200,00 .                                                                           OBS: O FORNECIMENTO DEVERA SER EFETUADO C/ PRAZO NAO SUP. A 20 DIAS         CORRIDOS CONFORME TERMO DE REFERENCIA (9559497) CONTADOS A PARTIR DO        RECEBIMENTO DA NOTA DE EMPENHO,ENTREGA EM PERFEITAS CONDICOES C/A DEVIDA    NOTA FISCAL, DETALHANDO MARCA/FABRICANTE/MODELO/TIPO/PROCEDENCIA. DEMAIS    ESCLARECIMENTOS CONFORME MEMO 159/2026, PARECER 172/2026, PE 90002/2025,    ATA 39/2025, PROCESSO SEI: 26.29.000008641-0 E DOCUMENTOS EM ANEXO.         .                                                                           LOCAL DA ENTREGA:ALMOXARIFADO CENTRAL SMS, AV.PERIMETRAL NORTE COND.GOIA    ZEM, BL.E, GALPOES 09/10, VL.JOAO VAZ, CEP:74.425-090, GO/GO. FONES:62-3    524-3401/3407, HORARIO:08:00 AS 17:00.                                      .                                                                           64 - TRANSFERENCIAS DE RECURSOS DO SUS - ATENCAO ESPECIALIZADA              SOLICITACAO FINANCEIRA: 180714/2026                                         ;Pregão;000900022025
20262150018010077;01/04/2026 00:00:00;57974,40;0144952026;01/06/2026 00:00:00;57974,40;202621500180100770001;25/06/2026 00:00:00;57974,40;33903000;MATERIAL DE CONSUMO;08778201000126;SECRETARIA MUNICIPAL DE SAUDE;0,00;SECRETARIA MUNICIPAL DE SAUDE                                                                                                                                                                                                                                ;SAUDE - 10;ASSISTENCIA HOSPITALAR E AMBULATORIAL - 302;TRANSFERENCIA DE RECURSOS DO SISTEMA UNICO DE SAUDE - SUS - BLOCO DE MANUTENCAO DAS ACOES E SERVICOS PUBLICOS DE SAUDE - 107;DROGAFONTE;DESPESA COM AQUISICAO DE MEDICAMENTOS PARA ABASTECIMENTO DAS UNIDADES DA SMS3º PEDIDO FILHO DA ATA 034/2025 DO PREGAO ELETRONICO 90002/2025             MEMORANDO 146 GEREMO - PARECER 154 GERPSR - DESPACHO 187 GERCOM - DESPACHO 285 PRECEL - PEDIDO DE COMPRAS 172/2026                                      .                                                                           01 (ITEM R30) - VENLAFAXINA CLORIDRATO 75MG LIBERACAO PROLONGADA CAPSULA    MARCA: GLOBO                                                                COD:395366..........158.400UN..............0,366..................57.974,40 VALOR TOTAL:......................................................57.974,40 .                                                                           OBS: O FORNECIMENTO DEVERA SER EFETUADO C/ PRAZO NAO SUP. A 20 DIAS         CORRIDOS CONFORME TERMO DE REFERENCIA (9504049) CONTADOS A PARTIR DO        RECEBIMENTO DA NOTA DE EMPENHO,ENTREGA EM PERFEITAS CONDICOES C/A DEVIDA    NOTA FISCAL, DETALHANDO MARCA/FABRICANTE/MODELO/TIPO/PROCEDENCIA. DEMAIS    ESCLARECIMENTOS CONFORME MEMO 146/2026, PARECER 154/2026, PE 90002/2025,    ATA 34/2025, PROCESSO SEI: 26.29.000007846-8 E DOCUMENTOS EM ANEXO.         .                                                                           LOCAL DA ENTREGA:ALMOXARIFADO CENTRAL SMS, AV.PERIMETRAL NORTE COND.GOIA    ZEM, BL.E, GALPOES 09/10, VL.JOAO VAZ, CEP:74.425-090, GO/GO. FONES:62-3    524-3401/3407, HORARIO:08:00 AS 17:00.                                      .                                                                           64 - TRANSFERENCIAS DE RECURSOS DO SUS - ATENCAO ESPECIALIZADA              SOLICITACAO FINANCEIRA: 181066/2026                                         ;Pregão;000900022025
20262150018010078;01/04/2026 00:00:00;22455,00;;;0,00;;;0,00;33903000;MATERIAL DE CONSUMO;01784792000103;SECRETARIA MUNICIPAL DE SAUDE;0,00;SECRETARIA MUNICIPAL DE SAUDE                                                                                                                                                                                                                                ;SAUDE - 10;ASSISTENCIA HOSPITALAR E AMBULATORIAL - 302;TRANSFERENCIA DE RECURSOS DO SISTEMA UNICO DE SAUDE - SUS - BLOCO DE MANUTENCAO DAS ACOES E SERVICOS PUBLICOS DE SAUDE - 107;EQUIPLEX;DESPESA COM AQUISICAO DE MEDICAMENTOS PARA ABASTECIMENTO DAS UNIDADES DE SAUDE DA SMS - 1º PEDIDO FILHO DA ATA Nº 006/2026 DO PREGAO ELETRONICO Nº 90056/2025                                                                       MEMORANDO 157 GEREMO - PARECER 169 GERPSR - DESPACHO 194 GERCOM - DESPACHO 268 PRECEL - PEDIDO DE COMPRAS 188/2026                                      .                                                                           01 (ITEM R01) - AGUA DESTILADA FRASCO FR C/10ML - MARCA: EQUIFLEX           COD:034258..........150.000FR.............0,1497..................22.455,00 VALOR TOTAL:......................................................22.455,00 .                                                                           OBS: O FORNECIMENTO DEVERA SER EFETUADO C/ PRAZO NAO SUP. A 15 DIAS         CORRIDOS CONFORME TERMO DE REFERENCIA (9544380) CONTADOS A PARTIR DO        RECEBIMENTO DA NOTA DE EMPENHO,ENTREGA EM PERFEITAS CONDICOES C/A DEVIDA    NOTA FISCAL, DETALHANDO MARCA/FABRICANTE/MODELO/TIPO/PROCEDENCIA. DEMAIS    ESCLARECIMENTOS CONFORME MEMO 157/2026, PARECER 169/2026, PE 90056/2025,    ATA 006/2026, PROCESSO SEI: 26.29.000008412-3 E DOCUMENTOS EM ANEXO.        .                                                                           LOCAL DA ENTREGA:ALMOXARIFADO CENTRAL SMS, AV.PERIMETRAL NORTE COND.GOIA    ZEM, BL.E, GALPOES 09/10, VL.JOAO VAZ, CEP:74.425-090, GO/GO. FONES:62-3    524-3401/3407, HORARIO:08:00 AS 17:00.                                      .                                                                           64 - TRANSFERENCIAS DE RECURSOS DO SUS - ATENCAO ESPECIALIZADA              SOLICITACAO FINANCEIRA: 180721/2026                                         ;Pregão;000900562025
20262150018010079;01/04/2026 00:00:00;28035,00;0157612026;18/06/2026 00:00:00;28035,00;202621500180100790001;26/06/2026 00:00:00;28035,00;33903000;MATERIAL DE CONSUMO;17700763000148;SECRETARIA MUNICIPAL DE SAUDE;0,00;SECRETARIA MUNICIPAL DE SAUDE                                                                                                                                                                                                                                ;SAUDE - 10;ASSISTENCIA HOSPITALAR E AMBULATORIAL - 302;TRANSFERENCIA DE RECURSOS DO SISTEMA UNICO DE SAUDE - SUS - BLOCO DE MANUTENCAO DAS ACOES E SERVICOS PUBLICOS DE SAUDE - 107;MEDFUTURA DISTRIBUIDORA DE MEDICAMENTOS PROD DE SAUDE LTDA;DESPESA COM AQUISICAO DE MEDICAMENTOS PARA ABASTECIMENTO DAS UNIDADES DE SAUDE DA SMS - 1º PEDIDO FILHO DA ATA Nº 043/2025 DO PREGAO ELETRONICO Nº 90002/2025                                                                       MEMORANDO 145 GEREMO - PARECER 155 GERPSR - DESPACHO 254 PRECEL - PEDIDO DE COMPRAS 173/2026                                                            .                                                                           01 (ITEM R22) - FLUOXETINA CLORIDRATO 20MG CAPSULA/COMPRIMIDO               MARCA: TEUTO                                                                COD:401200..........623.000UN.............0,0450..................28.035,00 VALOR TOTAL:......................................................28.035,00 .                                                                           OBS: O FORNECIMENTO DEVERA SER EFETUADO C/ PRAZO NAO SUP. A 20 DIAS         CORRIDOS CONFORME TERMO DE REFERENCIA (9503251) CONTADOS A PARTIR DO        RECEBIMENTO DA NOTA DE EMPENHO,ENTREGA EM PERFEITAS CONDICOES C/A DEVIDA    NOTA FISCAL, DETALHANDO MARCA/FABRICANTE/MODELO/TIPO/PROCEDENCIA. DEMAIS    ESCLARECIMENTOS CONFORME MEMO 145/2026, PARECER 155/2026, PE 90002/2025,    ATA 43/2025, PROCESSO SEI: 26.29.000007835-2 E DOCUMENTOS EM ANEXO.         .                                                                           LOCAL DA ENTREGA:ALMOXARIFADO CENTRAL SMS, AV.PERIMETRAL NORTE COND.GOIA    ZEM, BL.E, GALPOES 09/10, VL.JOAO VAZ, CEP:74.425-090, GO/GO. FONES:62-3    524-3401/3407, HORARIO:08:00 AS 17:00.                                      .                                                                           64 - TRANSFERENCIAS DE RECURSOS DO SUS - ATENCAO ESPECIALIZADA              SOLICITACAO FINANCEIRA: 180708/2026                                         ;Pregão;000900022025
20262150018010080;06/04/2026 00:00:00;1119,96;0175692026;03/07/2026 00:00:00;1119,96;;;0,00;33903000;MATERIAL DE CONSUMO;37954697000140;SECRETARIA MUNICIPAL DE SAUDE;0,00;SECRETARIA MUNICIPAL DE SAUDE                                                                                                                                                                                                                                ;SAUDE - 10;ASSISTENCIA HOSPITALAR E AMBULATORIAL - 302;TRANSFERENCIA DE RECURSOS DO SISTEMA UNICO DE SAUDE - SUS - BLOCO DE MANUTENCAO DAS ACOES E SERVICOS PUBLICOS DE SAUDE - 107;TYR MEDICAL LTDA;"DESPESA COM MATERIAL CLINICO HOSPITALAR PARA ABASTECIMENTO DA SMS - 1ºPEDIDOFILHO DA ATA Nº 147/2025, PE 90016/2025, MEMORANDO 293 GEREMO - PARECER 370 GERPSR - DESPACHO 1068 GERCOM - DESPACHO 912 PRECEL - AQUISICAO ESTIMADO DE 06 MESES PED.COMPRAS 706/2025 SOLICITACAO FINANCEIRA 179983-2026,SCC804054. .                                                                           1-MANTA TERMICA TYR.                                                        COD46927-0...............204,00 UN.............5.4900...............1.119,96VALOR TOTAL.........................................................1.119,96.                                                                           O PRAZO DE ENTREGA DOS BENS SERA EFETUADO NO PRAZO NAO SUPERIOR A 15 DIAS U-TEIS, CONTADOS APóS O RECEBIMENTO DA ORDEM DE ENTREGA OU NOTA DE EMPENHO/AUTTORIZACAO DE FORNECIMENTO,ACOMPANHADOS DOS DOCUMENTOS FISCAIS RESPECTIVOS,DEVE CONTER, OBRIGATORIAMENTE, A ESPECIFICAçãO DO ITEM, MARCA DO FABRICANTE E QUANTIDADE ENTREGUE;  AS ENTREGAS DEVERãO SER EFETUADAS MEDIANTE AGENDAMENTOPREVIO, ATRAVES DO E-MAIL CIAD.GOIANIA@BRANETOLGISTICA.COM.BR, LOCAL DE EN- TREGA NO ALMOXARIFADO CENTRAL SMS, AV.PERIMETRAL NORTE, CONDOMINIO GOIAZEM, BLOCO E, GALPAO 09 E 10, VILA JOAO VAZ, CEP: 74.445-190, GOIANIA, MAIORES INFORMACOES PELOS TELEFONES: (62)3524-3404/3407.DEMAIS ESCLARECIMENTOS MEMORANDO 293 (8771054)GEREMO, EDITAL PE 90016-2025 (8777165)GEREMO E ANEXOS SEI N.25.29.000047149-0.                                                          .                                                                           64 - TRANSFERENCIAS DE RECURSOS DO SUS - ATENCAO ESPECIALIZADA              ";Pregão;000900162025
20262150018010081;06/04/2026 00:00:00;114660,00;0126352026;13/05/2026 00:00:00;114660,00;202621500180100810001;27/05/2026 00:00:00;114660,00;33903000;MATERIAL DE CONSUMO;21681325000157;SECRETARIA MUNICIPAL DE SAUDE;0,00;SECRETARIA MUNICIPAL DE SAUDE                                                                                                                                                                                                                                ;SAUDE - 10;ASSISTENCIA HOSPITALAR E AMBULATORIAL - 302;TRANSFERENCIA DE RECURSOS DO SISTEMA UNICO DE SAUDE - SUS - BLOCO DE MANUTENCAO DAS ACOES E SERVICOS PUBLICOS DE SAUDE - 107;MULTIFARMA COMERCIAL LTDA;DESPESA COM AQUISICAO DE MEDICAMENTOS PARA ABASTECIMETNOS DAS UNIDADES DE SAUDE SMS - 4º PEDIDO FILHO DA ATA Nº 036/2025 DO PREGAO ELETRONICO Nº 90002/2025 - SCC:812553                                                            MEMORANDO 144 GEREMO - PARECER 162 GERPSR - DESPACHO 263 PRECEL - PEDIDO DE COMPRAS 180/2026                                                            .                                                                           01 (ITEM R10) - CARBONATO LITIO 300MG COMPRIMIDO - MARCA: HIPOLABOR         COD:336130..........550.000UN..............0,198.................108.900,00 02 (ITEM R14) - CLONAZEPAM 2,5MG/ML GOTAS FR C/20ML - MARCA: HIPOLABOR      COD:336106............3.000FR..............01,92...................5.760,00 VALOR TOTAL:.....................................................114.660,00 .                                                                           OBS: O FORNECIMENTO DEVERA SER EFETUADO C/ PRAZO NAO SUP. A 20 DIAS         CORRIDOS CONFORME TERMO DE REFERENCIA (9487227) CONTADOS A PARTIR DO        RECEBIMENTO DA NOTA DE EMPENHO,ENTREGA EM PERFEITAS CONDICOES C/A DEVIDA    NOTA FISCAL, DETALHANDO MARCA/FABRICANTE/MODELO/TIPO/PROCEDENCIA. DEMAIS    ESCLARECIMENTOS CONFORME MEMO 144/2026, PARECER 162/2026, PE 90002/2025,    ATA 36/2025, PROCESSO SEI: 26.29.000007617-1 E DOCUMENTOS EM ANEXO.         .                                                                           LOCAL DA ENTREGA:ALMOXARIFADO CENTRAL SMS, AV.PERIMETRAL NORTE COND.GOIA    ZEM, BL.E, GALPOES 09/10, VL.JOAO VAZ, CEP:74.425-090, GO/GO. FONES:62-3    524-3401/3407, HORARIO:08:00 AS 17:00.                                      .                                                                           64 - TRANSFERENCIAS DE RECURSOS DO SUS - ATENCAO ESPECIALIZADA              SOLICITACAO FINANCEIRA: 180715/2026                                         ;Pregão;000900022025
20262150018010082;06/04/2026 00:00:00;7885,00;0127092026;13/05/2026 00:00:00;7885,00;202621500180100820001;27/05/2026 00:00:00;7885,00;33903000;MATERIAL DE CONSUMO;12889035000293;SECRETARIA MUNICIPAL DE SAUDE;0,00;SECRETARIA MUNICIPAL DE SAUDE                                                                                                                                                                                                                                ;SAUDE - 10;ASSISTENCIA HOSPITALAR E AMBULATORIAL - 302;TRANSFERENCIA DE RECURSOS DO SISTEMA UNICO DE SAUDE - SUS - BLOCO DE MANUTENCAO DAS ACOES E SERVICOS PUBLICOS DE SAUDE - 107;INOVAMED HOSPITALAR LTDA;DESPESA COM AQUISICAO DE MEDICAMENTOS PARA ABASTECIMENTO DAS UNIDADES DE SAUDE DA SMS - 3º PEDIDO FILHO DA ATA Nº 049/2025 DO PREGAO ELETRONICO Nº 90001/2025 - SCC:812405                                                          MEMORANDO 155 GEREMO - PARECER 166 GERPSR - DESPACHO 190 GERCOM - DESPACHO 266 PRECEL - PEDIDO DE COMPRAS 183/2026                                      .                                                                           01 (ITEM R34) - EPINEFRINA 1MG INJETAVEL - MARCA: HIPOLABOR                 COD:033863............9.500FR..............00,83...................7.885,00 VALOR TOTAL:.......................................................7.885,00 .                                                                           OBS: O FORNECIMENTO DEVERA SER EFETUADO C/ PRAZO NAO SUP. A 20 DIAS         CORRIDOS CONFORME TERMO DE REFERENCIA (9533706) CONTADOS A PARTIR DO        RECEBIMENTO DA NOTA DE EMPENHO,ENTREGA EM PERFEITAS CONDICOES C/A DEVIDA    NOTA FISCAL, DETALHANDO MARCA/FABRICANTE/MODELO/TIPO/PROCEDENCIA. DEMAIS    ESCLARECIMENTOS CONFORME MEMO 155/2026, PARECER 166/2026, PE 90001/2025,    ATA 49/2025, PROCESSO SEI: 26.29.000008284-8 E DOCUMENTOS EM ANEXO.         .                                                                           LOCAL DA ENTREGA:ALMOXARIFADO CENTRAL SMS, AV.PERIMETRAL NORTE COND.GOIA    ZEM, BL.E, GALPOES 09/10, VL.JOAO VAZ, CEP:74.425-090, GO/GO. FONES:62-3    524-3401/3407, HORARIO:08:00 AS 17:00.                                      .                                                                           64 - TRANSFERENCIAS DE RECURSOS DO SUS - ATENCAO ESPECIALIZADA              SOLICITACAO FINANCEIRA: 180719/2026                                         ;Pregão;000900012025
20262150018010083;06/04/2026 00:00:00;66868,20;0092122026;08/04/2026 00:00:00;66868,20;202621500180100830001;27/04/2026 00:00:00;66868,20;33903000;MATERIAL DE CONSUMO;16699864000183;SECRETARIA MUNICIPAL DE SAUDE;0,00;SECRETARIA MUNICIPAL DE SAUDE                                                                                                                                                                                                                                ;SAUDE - 10;ASSISTENCIA HOSPITALAR E AMBULATORIAL - 302;TRANSFERENCIA DE RECURSOS DO SISTEMA UNICO DE SAUDE - SUS - BLOCO DE MANUTENCAO DAS ACOES E SERVICOS PUBLICOS DE SAUDE - 107;SANTE MEDICA HOSPITALAR LTDA;REEMPENHO COM DESPESA DE AQUISICAO DE MEDICAMENTOS P/ABASTECIMENTO DAS UNIDADES DE SAUDE/SMS - 1ºPEDIDO FILHO ATA Nº 061/2025 PREGÃO ELETRONICO Nº 90007/2025                                                                       CONFORME NOTAS FISCAIS 11443, 11483 E 11611 - TERMO DE ATESTO 9562253 - PEDIDO DE COMPRAS 425/2025 - SCC 787389                                         .                                                                           VALOR TOTAL:......................................................66.868,20 .                                                                           64 - TRANSFERENCIAS DE RECURSOS DO SUS - ATENCAO ESPECIALIZADA              SOLICITACAO FINANCEIRA: 180738/2026                                         ;Pregão;000900072025
20262150018010084;06/04/2026 00:00:00;279000,00;;;0,00;;;0,00;33903000;MATERIAL DE CONSUMO;09034672000192;SECRETARIA MUNICIPAL DE SAUDE;0,00;SECRETARIA MUNICIPAL DE SAUDE                                                                                                                                                                                                                                ;SAUDE - 10;ASSISTENCIA HOSPITALAR E AMBULATORIAL - 302;TRANSFERENCIA DE RECURSOS DO SISTEMA UNICO DE SAUDE - SUS - BLOCO DE MANUTENCAO DAS ACOES E SERVICOS PUBLICOS DE SAUDE - 107;MAEVE PRODUTOS HOSPITALARES LTDA;"DESPESA COM MATERIAL CLINICO HOSPITALAR PARA ABASTECIMENTO DA SMS -4º PEDIDOFILHO DA ATA Nº 094/2026, PREGAO ELETRONICO Nº 90005/2025 MEMORANDO 139 GEREMO - PARECER 160 GERPSR -DESPACHO 253 PRECEL - PEDIDO DE COMPRAS 177/2026  -SCC 812472 - SOLICITACAO FINANCEIRA 180677 - 2026.                          .                                                                           1-SERINGA DESCARTAVEL 3ML S/AGULHA C/DISPOSITIVO SEGURANCA UN C/3,0 ML INJEXCOD54629-1...............900.000,00 UN.........0,3100.............279.000.00VALOR TOTAL.......................................................279.000.00.                                                                           O PRAZO DE ENTREGA DOS BENS SERA EFETUADO NO PRAZO NAO SUPERIOR A 15 DIAS U-TEIS,CONTADOS APOS O RECEBIMENTO DA ORDEM DE ENTREGA OU NOTA DE EMPENHO/AUTORIZACAO DE FORNECIMENTO, ACOMPANHADOS DOS DOCUMENTOS FISCAIS RESPECTIVOS, DEVE CONTER, OBRIGATORIAMENTE, A ESPECIFICACAO DO ITEM, MARCA DO FABRICANTE E QUANTIDADE ENTREGUE; AS ENTREGAS DEVERAO SER EFETUADAS MEDIANTE AGENDAMENTO PREVIO, ATRAVES DO E-MAIL CIAD.GOIANIA@BRANETLOGISTICA.COM.BR, DENTRO DO PRAZO DE VALIDADE CONF.MEMORANDO 139 (9449274)GEREMO, EDITAL PE 90005/2025 (9449286)GEREMO,LOCAL DE ENTREGA ALMOXARIFADO CENTRAL DA SECRETARIA MUNICIPAL DESAUDE, NO SEGUINTE ENDERECO: AVENIDA PERIMETRAL NORTE, CONDOMINIO GOIAZEM,  BLOCO E, GALPAO 09 E 10, VILA JOAO VAZ, CEP: 74.425-090, GOIANIA/GO, DEMAIS ESCLARECIMENTOS MEMORANDO 139-GEREMO,4ºPED.FILHO SEI 2529000000578-3, PE NR.90005/2025 - SRP -ARP Nº 094/2025 E ANEXOS SEI 26.29.000007039-4, MAIORES INFORMACOES PELOS TELEFONES: (62) 3524-3404/3407.                             .                                                                           64 - TRANSFERENCIAS DE RECURSOS DO SUS - ATENCAO ESPECIALIZADA              ";Pregão;000900052025
20262150018010085;06/04/2026 00:00:00;493483,19;0152362026;11/06/2026 00:00:00;493483,19;202621500180100850001;24/06/2026 00:00:00;493483,19;33903000;MATERIAL DE CONSUMO;09034672000192;SECRETARIA MUNICIPAL DE SAUDE;0,00;SECRETARIA MUNICIPAL DE SAUDE                                                                                                                                                                                                                                ;SAUDE - 10;ASSISTENCIA HOSPITALAR E AMBULATORIAL - 302;TRANSFERENCIA DE RECURSOS DO SISTEMA UNICO DE SAUDE - SUS - BLOCO DE MANUTENCAO DAS ACOES E SERVICOS PUBLICOS DE SAUDE - 107;MAEVE PRODUTOS HOSPITALARES LTDA;DESPESA COM AQUISICAO DE MEDICAMENTOS PARA ABASTECIMENTO DAS UNIDADES DE SAUDE DA SMS - 2 PEDIDO FILHO DA ATA NR 033/2025 DO PREGAO ELETRONICO NR 90002 /2025 - SCC:812499                                                          MEMORANDO 143 GEREMO - PARECER 161 GERPSR - DESPACHO 185 GERCOM - DESPACHO 261 PRECEL - PEDIDO DE COMPRAS NR 179/2026.                                  .                                                                           01 (ITEM R01) - ACIDO VALPROICO/VALPROATO DE SODIO 250G CAPSULA/COMPRIMIDO  MARCA: ABBOTT                                                               COD:401234..........200.000UN.............0,1942..................38.840,00 02 (ITEM R02) - ACIDO VALPROICO/VALPROATO DE SODIO 500G CAPSULA/COMPRIMIDO  MARCA: ABBOTT                                                               COD:455148..........850.000UN.............0,5298.................450.330,00 03 (ITEM R03) - ZOLPIDEM HEMITARTARATO 10MG COMPRIMIDO - MARCA: SANDOZ      COD:460591...........39.900UN.............0,1081...................4.313,19 VALOR TOTAL:.....................................................493.483,19 .                                                                           OBS: O FORNECIMENTO DEVERA SER EFETUADO C/ PRAZO NAO SUP. A 20 DIAS         CORRIDOS CONFORME TERMO DE REFERENCIA (9484928) CONTADOS A PARTIR DO        RECEBIMENTO DA NOTA DE EMPENHO,ENTREGA EM PERFEITAS CONDICOES C/A DEVIDA    NOTA FISCAL, DETALHANDO MARCA/FABRICANTE/MODELO/TIPO/PROCEDENCIA. DEMAIS    ESCLARECIMENTOS CONFORME MEMO 143/2026, PARECER 161/2026, PE 90002/2025,    ATA 33/2025, PROCESSO SEI: 26.29.000007568-0 E DOCUMENTOS EM ANEXO.         .                                                                           LOCAL DA ENTREGA:ALMOXARIFADO CENTRAL SMS, AV.PERIMETRAL NORTE COND.GOIA    ZEM, BL.E, GALPOES 09/10, VL.JOAO VAZ, CEP:74.425-090, GO/GO. FONES:62-3    524-3401/3407, HORARIO:08:00 AS 17:00.                                      .                                                                           64 - TRANSFERENCIAS DE RECURSOS DO SUS - ATENCAO ESPECIALIZADA              SOLICITACAO FINANCEIRA: 180706/2026                                         ;Pregão;000900022025
20262150018010086;06/04/2026 00:00:00;1130,94;0175682026;03/07/2026 00:00:00;1130,94;;;0,00;33903000;MATERIAL DE CONSUMO;37954697000140;SECRETARIA MUNICIPAL DE SAUDE;0,00;SECRETARIA MUNICIPAL DE SAUDE                                                                                                                                                                                                                                ;SAUDE - 10;ASSISTENCIA HOSPITALAR E AMBULATORIAL - 302;TRANSFERENCIA DE RECURSOS DO SISTEMA UNICO DE SAUDE - SUS - BLOCO DE MANUTENCAO DAS ACOES E SERVICOS PUBLICOS DE SAUDE - 107;TYR MEDICAL LTDA;DESPESA COM AQUISICAO DE MATERIAL CLINICO HOSPITALAR PARA ABASTECIMENTO DA  SMS - 2 PEDIDO FILHO DA ATA NR 147/2025, PREGAO ELETRONICO NR 90016/2025    MEMORANDO 81 GEREMO - PARECER 116 GERPSR - DESPACHO 205 PRECEL - PEDIDO DE  COMPRAS 142/2026                                                            .                                                                           01 (ITEM R55) - MANTA TERMICA - MARCA: TYR                                  COD:469270..............206UN..............05,49...................1.130,94 VALOR TOTAL:.......................................................1.130,94 .                                                                           OBS: O FORNECIMENTO DEVERA SER EFETUADO C/ PRAZO NAO SUP. A 15 DIAS UTEIS   CONFORME TERMO DE REFERENCIA (9245241) CONTADOS A PARTIR DO                 RECEBIMENTO DA NOTA DE EMPENHO,ENTREGA EM PERFEITAS CONDICOES C/A DEVIDA    NOTA FISCAL, DETALHANDO MARCA/FABRICANTE/MODELO/TIPO/PROCEDENCIA. DEMAIS    ESCLARECIMENTOS CONFORME MEMO 81/2026, PARECER 116/2026, PE 90016/2025,     ATA 147/2025, PROCESSO SEI: 26.29.000003993-4 E DOCUMENTOS EM ANEXO.        .                                                                           LOCAL DA ENTREGA:ALMOXARIFADO CENTRAL SMS, AV.PERIMETRAL NORTE COND.GOIA    ZEM, BL.E, GALPOES 09/10, VL.JOAO VAZ, CEP:74.425-090, GO/GO. FONES:62-3    524-3401/3407, HORARIO:08:00 AS 17:00.                                      .                                                                           64 - TRANSFERENCIAS DE RECURSOS DO SUS - ATENCAO ESPECIALIZADA              SOLICITACAO FINANCEIRA: 180200/2026                                         ;Pregão;000900162025
20262150018010087;06/04/2026 00:00:00;32430,40;0149602026;09/06/2026 00:00:00;32430,40;202621500180100870001;25/06/2026 00:00:00;32430,40;33903000;MATERIAL DE CONSUMO;58950775000108;SECRETARIA MUNICIPAL DE SAUDE;0,00;SECRETARIA MUNICIPAL DE SAUDE                                                                                                                                                                                                                                ;SAUDE - 10;ASSISTENCIA HOSPITALAR E AMBULATORIAL - 302;TRANSFERENCIA DE RECURSOS DO SISTEMA UNICO DE SAUDE - SUS - BLOCO DE MANUTENCAO DAS ACOES E SERVICOS PUBLICOS DE SAUDE - 107;COTACAO COM REPRESENTACAO IMPORTACAO E EXPORTACAO LTDA;DESPESA COM MATERIAL CLINICO HOSPITALAR PARA ABASTECIMENTO DA SMS - 2 PEDID O FILHO DA ATA NR 131/2025, PREGAO ELETRONICO NR 90016/2025                 MEMORANDO 149 GEREMO - PARECER 165 GERPSR - DESPACHO 255 PRECEL - PEDIDO DE COMPRAS 182/2026                                                            .                                                                           01 (ITEM R02) - AMBU SILICONE INFANTIL - MARCA: VITALGOLD                   COD:421596..............112UN.............136,00..................15.232,00 02 (ITEM R03) - AMBU SILICONE NEO NATAL - MARCA: VITALGOLD                  COD:454478..............108UN.............131,00..................14.148,00 03 (ITEM R46) - FIXADOR ADESIVO NASAL ADULTO - MARCA: MDL                   COD:579300............1.240UN..............02,46...................3.050,40 VALOR TOTAL:......................................................32.430,40 .                                                                           OBS: O FORNECIMENTO DEVERA SER EFETUADO C/ PRAZO NAO SUP. A 15 DIAS_UTEIS   CONFORME TERMO DE REFERENCIA (9522345) CONTADOS A PARTIR DO                 RECEBIMENTO DA NOTA DE EMPENHO,ENTREGA EM PERFEITAS CONDICOES C/A DEVIDA    NOTA FISCAL, DETALHANDO MARCA/FABRICANTE/MODELO/TIPO/PROCEDENCIA. DEMAIS    ESCLARECIMENTOS CONFORME MEMO 149/2026, PARECER 165/2026, PE 90016/2025,    ATA 131/2025, PROCESSO SEI: 26.29.000008113-2 E DOCUMENTOS EM ANEXO.        .                                                                           LOCAL DA ENTREGA:ALMOXARIFADO CENTRAL SMS, AV.PERIMETRAL NORTE COND.GOIA    ZEM, BL.E, GALPOES 09/10, VL.JOAO VAZ, CEP:74.425-090, GO/GO. FONES:62-3    524-3401/3407, HORARIO:08:00 AS 17:00.                                      .                                                                           64 - TRANSFERENCIAS DE RECURSOS DO SUS - ATENCAO ESPECIALIZADA              SOLICITACAO FINANCEIRA: 180674/2026                                         ;Pregão;000900162025
20262150018010088;07/04/2026 00:00:00;13375,00;;;0,00;;;0,00;33903000;MATERIAL DE CONSUMO;01202521000194;SECRETARIA MUNICIPAL DE SAUDE;0,00;SECRETARIA MUNICIPAL DE SAUDE                                                                                                                                                                                                                                ;SAUDE - 10;ASSISTENCIA HOSPITALAR E AMBULATORIAL - 302;TRANSFERENCIA DE RECURSOS DO SISTEMA UNICO DE SAUDE - SUS - BLOCO DE MANUTENCAO DAS ACOES E SERVICOS PUBLICOS DE SAUDE - 107;PLASTIC WAY PRODUTOS PARA SAUDE LTDA;DESPESA COM AQUISICAO DE MATERIAL CLINICO HOSPITALAR PARA ABASTECIMENTO DA SMS - 2 PEDIDO FILHO DA ATA NR 133/2025, PREGAO ELETRONICO NR 90016/2025     MEMORANDO 152 GEREMO - PARECER 168 GERPSR - DESPACHO 270 PRECEL - PEDIDO DE COMPRAS 185/2026 - SCC:812600                                               .                                                                           01 (ITEM R30) - ESPACADOR ADMINISTRACAO MEDICAMENTO COM MASCARA INFANTIL    MARCA: AEROWAY                                                              COD:736953..............250UN..............26,50...................6.625,00 02 (ITEM R29) - ESPACADOR ADMINISTRACAO MEDICAMENTO - MARCA: AEROWAY        COD:513709..............250UN..............27,00...................6.750,00 VALOR TOTAL:......................................................13.375,00 .                                                                           OBS: O FORNECIMENTO DEVERA SER EFETUADO C/ PRAZO NAO SUP. A 15 DIAS UTEIS   CONFORME TERMO DE REFERENCIA (9532144) CONTADOS A PARTIR DO                 RECEBIMENTO DA NOTA DE EMPENHO,ENTREGA EM PERFEITAS CONDICOES C/A DEVIDA    NOTA FISCAL, DETALHANDO MARCA/FABRICANTE/MODELO/TIPO/PROCEDENCIA. DEMAIS    ESCLARECIMENTOS CONFORME MEMO 152/2026, PARECER 168/2026, PE 90016/2025,    ATA 133/2025, PROCESSO SEI: 26.29.000008260-0 E DOCUMENTOS EM ANEXO.        .                                                                           LOCAL DA ENTREGA:ALMOXARIFADO CENTRAL SMS, AV.PERIMETRAL NORTE COND.GOIA    SOLICITACAO FINANCEIRA: 180779/2026                                         64 - TRANSFERENCIAS DE RECURSOS DO SUS - ATENCAO ESPECIALIZADA              .                                                                           524-3401/3407, HORARIO:08:00 AS 17:00.                                      ZEM, BL.E, GALPOES 09/10, VL.JOAO VAZ, CEP:74.425-090, GO/GO. FONES:62-3    ;Pregão;000900162025
20262150018010089;08/04/2026 00:00:00;371584,84;;;0,00;;;0,00;33903000;MATERIAL DE CONSUMO;03951140000133;SECRETARIA MUNICIPAL DE SAUDE;371584,84;SECRETARIA MUNICIPAL DE SAUDE                                                                                                                                                                                                                                ;SAUDE - 10;ASSISTENCIA HOSPITALAR E AMBULATORIAL - 302;TRANSFERENCIA DE RECURSOS DO SISTEMA UNICO DE SAUDE - SUS - BLOCO DE MANUTENCAO DAS ACOES E SERVICOS PUBLICOS DE SAUDE - 107;DE PAULI COMERCIO REPRESENTACAO IMPORTACAO E EXPORTACAO LT;DESPESA COM AQUISICAO COM MATERIAL CLINICO HOSPITALAR - 2 PEDIDO FILHO DA A TA NR 132/2025, PREGAO ELETRONICO NR 90016/2025 - SCC:812669                MEMORANDO 156 GEREMO - PARECER 177 E 190 GERPSR - CCG 24 - DESPACHO 292 PRECEL - PEDIDO DE COMPRAS 198/2026                                             .                                                                           01 (ITEM R7) - CANULA PLASTICO GUEDEL NR 0 - MARCA: PROTEC                  COD:345628..............120UN..............03,12.....................374,40 02 (ITEM R8) - CANULA PLASTICO GUEDEL NR 1 - MARCA: PROTEC                  COD:345636..............150UN..............03,12.....................468,00 03 (ITEM R9) - CANULA PLASTICO GUEDEL NR 2 - MARCA: PROTEC                  COD:345652..............116UN..............02,94.....................341,04 04 (ITEM R10) - CANULA PLASTICO GUEDEL NR 3 - MARCA: PROTEC                 COD:345660..............120UN..............03,12.....................374,40 05 (ITEM R11) - CANULA PLASTICO GUEDEL NR 4 - MARCA: PROTEC                 COD:345679..............140UN..............03,12.....................436,80 06 (ITEM R12) - CANULA PLASTICO GUEDEL NR 5 - MARCA: PROTEC                 COD:345687..............130UN..............03,12.....................405,60 07 (ITEM R17) - CANULA PLASTICO TRAQUEOSTOMIA NR 6 - MARCA: VITALGOLD       COD:394335..............130UN..............13,01...................1.691,30 08 (ITEM R18) - CANULA PLASTICO TRAQUEOSTOMIA NR 7 - MARCA: VITALGOLD       COD:469360..............130UN..............13,01...................1.691,30 09 (ITEM R19) - CANULA PLASTICO TRAQUEOSTOMIA NR 7,5 - MARCA: VITALGOLD     COD:469378..............140UN..............13,01...................1.821,40 10 (ITEM R21) - CANULA PLASTICO TRAQUEOSTOMIA NR 8,5 - MARCA: VITALGOLD     COD:415006..............130UN..............13,01...................1.691,30 11 (ITEM R23) - CATETER NASAL OXIGENIO TIPO OCULOS - MARCA: MARK MED        COD:488984............9.000UN..............00,97...................8.730,00 12 (ITEM R79) - SONDA ASPIRACAO TRAQUEAL NR 6 - MARCA: MARK MED             COD:564532............3.300UN..............00,68...................2.244,00 13 (ITEM R107) - SONDA NASOENTERICA NR 12 - MARCA: MARK MED                 COD:545910..............600UN..............08,00...................4.800,00 14 (ITEM R111) - SONDA NASOENTERICA NR 8 - MARCA: MARK MED                  COD:545902..............170UN..............08,29...................1.409,30 15 (ITEM R118) - SONDA URETRAL NR 10 - MARCA: MARK MED                      COD:074535..........121.000UN..............00,55..................66.550,00 16 (ITEM R119) - SONDA URETRAL NR 12 - MARCA: MARK MED                      COD:060844..........480.000UN..............00,58.................278.400,00 17 (ITEM R123) - SONDA URETRAL NR 4 - MARCA: MARK MED                       COD:148571..............240UN..............00,65.....................156,00 VALOR TOTAL:.....................................................371.584,84 .                                                                           OBS: O FORNECIMENTO DEVERA SER EFETUADO C/ PRAZO NAO SUP. A 15 DIAS UTEIS   CONFORME TERMO DE REFERENCIA (9535467) CONTADOS A PARTIR DO                 RECEBIMENTO DA NOTA DE EMPENHO,ENTREGA EM PERFEITAS CONDICOES C/A DEVIDA    NOTA FISCAL, DETALHANDO MARCA/FABRICANTE/MODELO/TIPO/PROCEDENCIA. DEMAIS    ESCLARECIMENTOS CONFORME MEMO 156/2026, PARECER 190/2026, PE 90016/2025,    ATA 132/2025, PROCESSO SEI: 26.29.000008301-1 E DOCUMENTOS EM ANEXO.        .                                                                           LOCAL DA ENTREGA:ALMOXARIFADO CENTRAL SMS, AV.PERIMETRAL NORTE COND.GOIA    ZEM, BL.E, GALPOES 09/10, VL.JOAO VAZ, CEP:74.425-090, GO/GO. FONES:62-3    524-3401/3407, HORARIO:08:00 AS 17:00.                                      .                                                                           64 - TRANSFERENCIAS DE RECURSOS DO SUS - ATENCAO ESPECIALIZADA              SOLICITACAO FINANCEIRA: 181120/2026                                         ;Pregão;000900162026
20262150018010090;08/04/2026 00:00:00;8347,20;;;0,00;;;0,00;33903000;MATERIAL DE CONSUMO;09560857000130;SECRETARIA MUNICIPAL DE SAUDE;0,00;SECRETARIA MUNICIPAL DE SAUDE                                                                                                                                                                                                                                ;SAUDE - 10;ASSISTENCIA HOSPITALAR E AMBULATORIAL - 302;TRANSFERENCIA DE RECURSOS DO SISTEMA UNICO DE SAUDE - SUS - BLOCO DE MANUTENCAO DAS ACOES E SERVICOS PUBLICOS DE SAUDE - 107;STOCK COMERCIAL LTDA;"DESPESA COM AQUISICAO DE MATERIAL DE ESCRITORIO PARA ABASTECIMENTO DA SMS - 1. PED.FILHO DA ATA Nº163/2025, PREGAO ELETRONICO Nº90026/2025 MEMORANDO 136GEREMO - PARECER 151 GERPSR - DESPACHO 211 GERCOM - DESPACHO 293 PRECEL - PEDIDO DE COMPRAS 169/2026 - ITEM 01,04, 05 A 21 E 36 A 39. SCC812685 - SOLICITACAO FINANCEIRA 181160 - 2026.                                             .                                                                           1-COLA PLASTICA GLITER 23 G CADA CORES VARIADAS FUTURO                      COD44021-3..............300,00FR...............0,9000.................270,004-PAPEL CARTAZ AMARELA REIPEL                                               COD06757-1.............100,00 UN...............1,2200.................122,005-PAPEL CARTAZ AZUL REIPEL                                                  COD00974-1..............100,00 UN..............1,2200.................122,006-PAPEL CARTAZ LARANJA REIPEL                                               COD06804-7..............100,00 UN..............1,2200.................122,007-PAPEL CARTAZ MARRON REIPEL                                                COD07538-8...............100,00 UN.............1,2200.................122,008-PAPEL CARTAZ PRETO REIPEL.                                                COD00982-2...............100,00 UN.............1,2200.................122,009-PAPEL CARTAZ ROSA REIPEL                                                  COD06805-5...............100,00 UN.............1,2200.................122,0010-PAPEL CARTAZ FOSCO COR VERDE REIPEL                                      COD71980-3...............100,00 UN.............1,2200.................122,0011-PAPEL CARTAZ VERMELHA REIPEL                                             COD00988-1...............100,00 UN.............1,2200.................122,0012-PAPEL FANTASIA AMARELA VMP                                               COD57020-6...............30.00 UN..............1,0300.................30,90 13- PAPEL FANTASIA AZUL VMP                                                 COD57021-4...............30.00 UN..............1,0300.................30,90 14-PAPEL FANTASIA DOURADA VMP                                               COD57022-2...............30.00 UN..............1,0300.................30,90 15-PAPEL FANTASIA PRATA   VMP                                               COD57024-9...............30.00 UN..............1,0300.................30,90 16-PAPEL FANTASIA VERDE   VMP                                               COD71981-1...............30.00 UN..............1,0300.................30,90 17-PAPEL FANTASIA VERMELHA VMP                                              COD57028-1...............30.00 UN..............1,0300.................30,90 18-PAPEL FANTASIA LARANJA VMP                                               COD57023-0...............30.00 UN..............1,0300.................30,90 19-PAPEL FANTASIA ROSA    VMP                                               COD57025-7...............30.00 UN..............1,0300.................30,90 20-PASTA PAPELAO ELASTICO CORES FRAMA                                       COD15788-0...............2.000,00 UN...........1,8500...............3.700.0021-PASTA SUSPENSA VARETA PLASTICA FRAMA                                     COD01020-0...............2.000,00 UN...........1,7500...............3.500,0036-TINTA REABASTECEDOR PINCEL ATOMICO AZUL RADEX                            COD01042-1...............500,00 UN.............3,8000...............1.900,0037-TINTA REABASTECEDOR PINCEL ATOMICO PRETO RADEX                           COD01040-5...............90,00 UN..............3,8000.................342,0038-TINTA REABASTECEDOR PINCEL ATOMICO VERDE FR C/37,0 ML RADEX              COD01041-3...............90,00 FR..............3,8000.................342.0039-TINTA REABASTECEDOR PINCEL ATOMICO VERMELHA RADEX                        COD01039-1...............150,00 UN.............3,8000................570,00 VALOR TOTAL.........................................................8.347,20.                                                                           O PRAZO DE ENTREGA DOS BENS SERA EFETUADO NO PRAZO NAO SUP. A 15 DIAS UTEIS,CONTADOS APóS O RECEBIMENTO DA ORDEM DE ENTREGA OU NOTA DE EMPENHO/AUTORIZA-CAO DE FORNECIMENTO,ACOMPANHADOS DOS DOCUMENTOS FISCAIS RESPECTIVOS,DEVE CONTER, OBRIGATORIAMENTE, A ESPECIFICACAO DO ITEM, MARCA DO FABRICANTE E QUANTIDADE ENTREGUE;AS ENTREGAS DEVERAO SER EFETUADAS MEDIANTE AGENDAMENTO PRéVIO,ATRAVES DO E-MAIL CIAD.GOIANIA@BRANETLOGISTICA.COM.BR, ENTREGUES NO ALMOXARIFADO CENTRAL DA SMS, AV.PERIMETRAL NORTE, COND.GOIAZEM, BL.E, GALPAO 09/10, VILA JOAO VAZ,CEP:74.425-090, GOIANIA/GO,MAIORES INFORMACOES PELOS TELEFONES(62) 3524-3404/3407.DEMAIS ESCLARECIMENTOS MEMORANDO 136 (9419941)GEREMO,EDITAL PE 90026/2025 (9419967)GEREMO/TERMO DE REFERENCIA, E ANEXOS SEI NR.26.29.000006613-3.                                                               .                                                                           64 - TRANSFERENCIAS DE RECURSOS DO SUS - ATENCAO ESPECIALIZADA              ";Pregão;000900262025
20262150018010091;09/04/2026 00:00:00;2850,00;;;0,00;;;0,00;33903000;MATERIAL DE CONSUMO;09560857000130;SECRETARIA MUNICIPAL DE SAUDE;0,00;SECRETARIA MUNICIPAL DE SAUDE                                                                                                                                                                                                                                ;SAUDE - 10;ASSISTENCIA HOSPITALAR E AMBULATORIAL - 302;TRANSFERENCIA DE RECURSOS DO SISTEMA UNICO DE SAUDE - SUS - BLOCO DE MANUTENCAO DAS ACOES E SERVICOS PUBLICOS DE SAUDE - 107;STOCK COMERCIAL LTDA;"DESPESA COM AQUISICAO C/UTENSILIO DE ESCRITORIO PARA ABASTECIMENTO DA SMS - 1. PED.FILHO DA ATA Nº163/2025, PREGAO ELETRONICO Nº90026/2025 MEMORANDO 136GEREMO - PARECER 151 GERPSR - DESPACHO 211 GERCOM - DESPACHO 293 PRECEL - PEDIDO DE COMPRAS 169/2026 - ITEM 02. SCC812685 -SOLICITACAO FINANCEIRA 181161 - 2026.                                                                    .                                                                           02-GRAMPEADOR ACO MEDIO JOCAR                                               COD16658-8...............150,00 UN.............19,0000..............2.850,00VALOR TOTAL.........................................................2.850,00.                                                                           O PRAZO DE ENTREGA DOS BENS SERA EFETUADO NO PRAZO NAO SUP. A 15 DIAS UTEIS,CONTADOS APOS O RECEBIMENTO DA ORDEM DE ENTREGA OU NOTA DE EMPENHO/AUTORIZA-CAO DE FORNECIMENTO,ACOMPANHADOS DOS DOCUMENTOS FISCAIS RESPECTIVOS,DEVE CONTER, OBRIGATORIAMENTE, A ESPECIFICACAO DO ITEM, MARCA DO FABRICANTE E QUANTIDADE ENTREGUE;AS ENTREGAS DEVERAO SER EFETUADAS MEDIANTE AGENDAMENTO PREVIO,ATRAVES DO E-MAIL CIAD.GOIANIA@BRANETLOGISTICA.COM.BR, ENTREGUES NO ALMOXARIFADO CENTRAL DA SMS, AV.PERIMETRAL NORTE, COND.GOIAZEM, BL.E, GALPAO 09/10, VILA JOAO VAZ,CEP:74.425-090, GOIANIA/GO,MAIORES INFORMACOES PELOS TELEFONES(62) 3524-3404/3407.DEMAIS ESCLARECIMENTOS MEMORANDO 136 (9419941)GEREMO,EDITAL PE 90026/2025 (9419967)GEREMO/TERMO DE REFERENCIA, E ANEXOS SEI NR.26.29.000006613-3.                                                               .                                                                           64 - TRANSFERENCIAS DE RECURSOS DO SUS - ATENCAO ESPECIALIZADA              ";Pregão;000900262025
20262150018010092;09/04/2026 00:00:00;204,00;;;0,00;;;0,00;33903000;MATERIAL DE CONSUMO;09560857000130;SECRETARIA MUNICIPAL DE SAUDE;0,00;SECRETARIA MUNICIPAL DE SAUDE                                                                                                                                                                                                                                ;SAUDE - 10;ASSISTENCIA HOSPITALAR E AMBULATORIAL - 302;TRANSFERENCIA DE RECURSOS DO SISTEMA UNICO DE SAUDE - SUS - BLOCO DE MANUTENCAO DAS ACOES E SERVICOS PUBLICOS DE SAUDE - 107;STOCK COMERCIAL LTDA;"DESPESA COM AQUISICAO DE MATERIAL DE CONSUMO  PARA ABASTECIMENTO DA SMS -   1. PED.FILHO DA ATA Nº163/2025, PREGAO ELETRONICO Nº90026/2025 MEMORANDO 136GEREMO - PARECER 151 GERPSR - DESPACHO 211 GERCOM - DESPACHO 293 PRECEL - PEDIDO DE COMPRAS 169/2026- ITEM 03. SCC812685-SOLICITACAO FINANCEIRA181162 - 2026.                                                                       .                                                                           03-PLACA ISOPOR ISOLANTE 100 X 50 CM X 2 CM ISOMASTER                       COD29698-8...............60,00 UN..............3,4000.................204,00VALOR TOTAL...........................................................204,00.                                                                           O PRAZO DE ENTREGA DOS BENS SERA EFETUADO NO PRAZO NAO SUP. A 15 DIAS UTEIS,CONTADOS APOS O RECEBIMENTO DA ORDEM DE ENTREGA OU NOTA DE EMPENHO/AUTORIZA-CAO DE FORNECIMENTO,ACOMPANHADOS DOS DOCUMENTOS FISCAIS RESPECTIVOS,DEVE CONTER, OBRIGATORIAMENTE, A ESPECIFICACAO DO ITEM, MARCA DO FABRICANTE E QUANTIDADE ENTREGUE;AS ENTREGAS DEVERAO SER EFETUADAS MEDIANTE AGENDAMENTO PREVIO,ATRAVES DO E-MAIL CIAD.GOIANIA@BRANETLOGISTICA.COM.BR, ENTREGUES NO ALMOXARIFADO CENTRAL DA SMS, AV.PERIMETRAL NORTE, COND.GOIAZEM, BL.E, GALPAO 09/10, VILA JOAO VAZ,CEP:74.425-090, GOIANIA/GO,MAIORES INFORMACOES PELOS TELEFONES(62) 3524-3404/3407.DEMAIS ESCLARECIMENTOS MEMORANDO 136 (9419941)GEREMO,EDITAL PE 90026/2025 (9419967)GEREMO/TERMO DE REFERENCIA, E ANEXOS SEI NR.26.29.000006613-3.                                                               .                                                                           64 - TRANSFERENCIAS DE RECURSOS DO SUS - ATENCAO ESPECIALIZADA              ";Pregão;000900262025
20262150018010093;09/04/2026 00:00:00;7580,00;;;0,00;;;0,00;33903000;MATERIAL DE CONSUMO;09560857000130;SECRETARIA MUNICIPAL DE SAUDE;0,00;SECRETARIA MUNICIPAL DE SAUDE                                                                                                                                                                                                                                ;SAUDE - 10;ASSISTENCIA HOSPITALAR E AMBULATORIAL - 302;TRANSFERENCIA DE RECURSOS DO SISTEMA UNICO DE SAUDE - SUS - BLOCO DE MANUTENCAO DAS ACOES E SERVICOS PUBLICOS DE SAUDE - 107;STOCK COMERCIAL LTDA;"COD57125-3...............100,00 FR.............3,4000.................340,0028-TINTA PLASTICA CINZA    FR C/37,0 ML ACRILEX                             COD57086-9...............100,00 FR.............3,4000.................340,0029-TINTA PLASTICA LARANJA  FR C/37,0 ML ACRILEX                             COD57085-0...............100,00 FR.............3,4000.................340,0030-TINTA PLASTICA LILAS    FR C/37,0 ML ACRILEX                             COD57087-7...............100,00 FR.............3,4000.................340,0031-TINTA PLASTICA MARRON   FR C/37,0 ML ACRILEX                             COD57088-5...............100,00 FR.............3,4000.................340,0032-TINTA PLASTICA PRETA    FR C/37,0 ML ACRILEX                             COD57089-3...............100,00 FR.............3,4000.................340,0033-TINTA PLASTICA ROSA     FR C/37,0 ML ACRILEX                             COD71988-9...............100,00 FR.............3,4000.................340,0034-TINTA PLASTICA VERDE    FR C/37,0 ML ACRILEX                             COD71989-7...............100,00 FR.............3,4000.................340,0035-TINTA PLASTICA VERMELHO FR C/37,0 ML ACRILEX                             COD71990-0...............100,00 FR.............3,4000.................340,00VALOR TOTAL.........................................................7.580,00.                                                                           O PRAZO DE ENTREGA DOS BENS SERA EFETUADO NO PRAZO NAO SUP. A 15 DIAS UTEIS,CONTADOS APOS O RECEBIMENTO DA ORDEM DE ENTREGA OU NOTA DE EMPENHO/AUTORIZA-DESPESA C/AQUIS.DE MATERIAL AUDIOVISUAL/DIDAT./COMUNICACAO(TINTAS PLASTICAS)P/ABASTEC.DA SMS-1.PED.FILHO ATA 163/25,PE Nº90026/2025 MEM.136 GEREMO - PA-RECER 151 GERPSR - DESPACHO 211 GERCOM - DESPACHO 293 PRECEL - PEDIDO DE COMPRAS 169/2026 -ITENS 24 A 35 /SCC 812685-SOLICITACAO FINANCEIRA 181163-2026..                                                                           24-TINTA PLASTICA COR AMARELA FR C/37,0 ML ACRILEX                          COD71986-2...............100,00 FR.............3,4000.................340,0025-TINTA PLASTICA AZUL FR C/37,0 ML ACRILEX                                 COD71987-0...............100,00 FR.............3,4000.................340,0026-TINTA PLASTICA BRANCA FR C/37,0 ML ACRILEX                               COD57084-2...............100,00 FR.............3,4000.................340,0027-TINTA PLASTICA CAMURCA. FR C/37,0 ML ACRILEX                             CAO DE FORNECIMENTO,ACOMPANHADOS DOS DOCUMENTOS FISCAIS RESPECTIVOS,DEVE CONTER, OBRIGATORIAMENTE, A ESPECIFICACAO DO ITEM, MARCA DO FABRICANTE E QUANTIDADE ENTREGUE;AS ENTREGAS DEVERAO SER EFETUADAS MEDIANTE AGENDAMENTO PREVIO,ATRAVES DO E-MAIL CIAD.GOIANIA@BRANETLOGISTICA.COM.BR, ENTREGUES NO ALMOXARIFADO CENTRAL DA SMS, AV.PERIMETRAL NORTE, COND.GOIAZEM, BL.E, GALPAO 09/10, VILA JOAO VAZ,CEP:74.425-090, GOIANIA/GO,MAIORES INFORMACOES PELOS TELEFONES(62) 3524-3404/3407.DEMAIS ESCLARECIMENTOS MEMORANDO 136 (9419941)GEREMO,EDITAL PE 90026/2025 (9419967)GEREMO/TERMO DE REFERENCIA, E ANEXOS SEI NR.26.29.000006613-3.                                                               .                                                                           64 - TRANSFERENCIAS DE RECURSOS DO SUS - ATENCAO ESPECIALIZADA              ";Pregão;000900262025
20262150018010094;10/04/2026 00:00:00;1930,00;;;0,00;;;0,00;33903000;MATERIAL DE CONSUMO;03620716000180;SECRETARIA MUNICIPAL DE SAUDE;1930,00;SECRETARIA MUNICIPAL DE SAUDE                                                                                                                                                                                                                                ;SAUDE - 10;ASSISTENCIA HOSPITALAR E AMBULATORIAL - 302;TRANSFERENCIA DE RECURSOS DO SISTEMA UNICO DE SAUDE - SUS - BLOCO DE MANUTENCAO DAS ACOES E SERVICOS PUBLICOS DE SAUDE - 107;CMOS DRAKE DO NORDESTE LTDA;"DESPESA PARA AQUISICAO DE MATERIAL CLINICO HOSPITALAR (CPAP) -   A FIM DE GARANTIR O CUMPRIMENTO DA DECISAO JUDICIAL PROCESSO Nº 5960015-63.2025.8.09.0051 - A FAVOR DE VALDENI FRANCISCO GUIMARAES CONFORME DESPACHO 1103 E 130 GEREMO - PARECER 06 GERPSR - JUSTIFICATIVA 144 GERCOM -DESP.180 GERCOM - PEDIDODE COMPRAS 13/2026. SCC812537 SOLICITACAO FINANCEIRA 180661 - 2026.         .                                                                           1-APARELHO/EQUIPAMENTO PROCESSO JUDICIAIS/MANDADO SEGURANCA/PROCESSO ADMINISTRATIVO CMOS DRAKE.                                                         COD55289-5...............1,00 UN...............1.930,0000...........1.930,00VALOR TOTAL.........................................................1.930,00.                                                                           ENTREGA SERA EM REMESSA UNICA,PRAZO NAO SUP.A 10 DIAS CORRIDOS,CONTADOS APOSO RECEBIMENTO DA ORDEM DE ENTREGA OU NOTA DE EMPENHO/AUTORIZACAO DE FORNECIMMENTO,ACOMPANHADOS DOS DOCUMENTOS FISCAIS RESPECTIVOS, DEVE CONTER, OBRIGATORIAMENTE, A ESPECIFICACAO DO ITEM, MARCA DO FABRICANTE E QUANTIDADE ENTREGUEO SEU ACONDICIONAMENTO;AS ENTREGAS DEVERAO SER EFETUADAS MEDIANTE AGENDAMEN-TO PREVIO, ATRAVES DO E-MAIL CIAD.GOIANIA@BRANETLOGISTICA.COM.BR, ENTREGAS  NO ALMOXARIFADO CENTRAL SMS,AVENIDA PERIMETRAL NORTE, CONDOMINIO GOIAZEM,BLOCO E,GALPAO 06 A 10, VILA JOAO VAZ, CEP: 74.445-190, GOIANIA/GO,DEMAIS ESCLARECMENTOS ANEXO MANDADO 6331454_000333(8676227)STPM,DESP.1103(8770454)GEREMODECISAO (8811210)PJUD, DESPACHO 22931 (8811222)PJUD, TERMO DE REFERENCIA 8946029-GEREMO, E ANEXOS SEI 25.29.000045837-0.                                .                                                                           64 - TRANSFERENCIAS DE RECURSOS DO SUS - ATENCAO ESPECIALIZADA              ";Dispensa de Licitação;000000612026
20262150018010095;10/04/2026 00:00:00;49410,00;0099812026;16/04/2026 00:00:00;49410,00;202621500180100950001;16/04/2026 00:00:00;49410,00;33903000;MATERIAL DE CONSUMO;08778201000126;SECRETARIA MUNICIPAL DE SAUDE;0,00;SECRETARIA MUNICIPAL DE SAUDE                                                                                                                                                                                                                                ;SAUDE - 10;ASSISTENCIA HOSPITALAR E AMBULATORIAL - 302;TRANSFERENCIA DE RECURSOS DO SISTEMA UNICO DE SAUDE - SUS - BLOCO DE MANUTENCAO DAS ACOES E SERVICOS PUBLICOS DE SAUDE - 107;DROGAFONTE;REEMPENHO DE DESPESA COM MEDICAMENTOS VENLAFAXINA CLORIDRATO 75MG - ATA DE  REGISTRO NR 034/2025 - PREGAO ELETRONICO NR 90002/2025-SRP                  CONFORME NOTAS FISCAIS 527108 E 527110 - TERMO DE ATESTO 9547288 - DESPACHO 123 ALMOC - PEDIDO DE COMPRAS 296/2025 - SCC 786901                         .                                                                           VALOR TOTAL:....................................................49.410,00   .                                                                           64 - TRANSFERENCIAS DE RECURSOS DO SUS - ATENCAO ESPECIALIZADA              SOLICITACAO FINANCEIRA: 180115/2026                                         ;Pregão;000900022025
20262150018010096;13/04/2026 00:00:00;12932,00;;;0,00;;;0,00;33903000;MATERIAL DE CONSUMO;09560857000130;SECRETARIA MUNICIPAL DE SAUDE;0,00;SECRETARIA MUNICIPAL DE SAUDE                                                                                                                                                                                                                                ;SAUDE - 10;ASSISTENCIA HOSPITALAR E AMBULATORIAL - 302;TRANSFERENCIA DE RECURSOS DO SISTEMA UNICO DE SAUDE - SUS - BLOCO DE MANUTENCAO DAS ACOES E SERVICOS PUBLICOS DE SAUDE - 107;STOCK COMERCIAL LTDA;DESPESA COM AQUISICAO COM MATERIAL AUDIOVISUAL,DIDATICO E DE COMUNICACAO (PILHAS) PARA ABASTECIMENTO DA SMS - 1 PEDIDO FILHO DA ATA NR 163/2025, PREGAO ELETRONICO NR 90026/2025 - SCC:812685                                       MEMORANDO 136 GEREMO - PARECER 151 GERPSR - DESPACHO 211 GERCOM - DESPACHO 293 PRECEL - PEDIDO DE COMPRAS 169/2026 - ITENS 22 E 23                      .                                                                           22 (ITEM R85) - PILHA ALCALINA AA - MARCA: MAXPRINT                         COD:05920.............6.000UN..............01,49...................8.940,00 23 (ITEM R87) - PILHA ALCALINA C - MARCA: MAXPRINT                          COD:009555..............800UN..............04,99...................3.992,00 VALOR TOTAL:......................................................12.932,00 .                                                                           OBS: O FORNECIMENTO DEVERA SER EFETUADO C/ PRAZO NAO SUP. A 15 DIAS UTEIS   CONFORME TERMO DE REFERENCIA (9419967) CONTADOS A PARTIR DO                 RECEBIMENTO DA NOTA DE EMPENHO,ENTREGA EM PERFEITAS CONDICOES C/A DEVIDA    NOTA FISCAL, DETALHANDO MARCA/FABRICANTE/MODELO/TIPO/PROCEDENCIA. DEMAIS    ESCLARECIMENTOS CONFORME MEMO 136/2026, PARECER 163/2026, PE 90026/2025,    ATA 163/2025, PROCESSO SEI: 26.29.000006613-3 E DOCUMENTOS EM ANEXO.        .                                                                           LOCAL DA ENTREGA:ALMOXARIFADO CENTRAL SMS, AV.PERIMETRAL NORTE COND.GOIA    ZEM, BL.E, GALPOES 09/10, VL.JOAO VAZ, CEP:74.425-090, GO/GO. FONES:62-3    524-3401/3407, HORARIO:08:00 AS 17:00.                                      .                                                                           64 - TRANSFERENCIAS DE RECURSOS DO SUS - ATENCAO ESPECIALIZADA              SOLICITACAO FINANCEIRA: 181764/2026                                         ;Pregão;000900262025
20262150018010097;13/04/2026 00:00:00;30456,00;0151612026;11/06/2026 00:00:00;30451,95;202621500180100970001;24/06/2026 00:00:00;30451,95;33903000;MATERIAL DE CONSUMO;12889035000293;SECRETARIA MUNICIPAL DE SAUDE;0,00;SECRETARIA MUNICIPAL DE SAUDE                                                                                                                                                                                                                                ;SAUDE - 10;ASSISTENCIA HOSPITALAR E AMBULATORIAL - 302;TRANSFERENCIA DE RECURSOS DO SISTEMA UNICO DE SAUDE - SUS - BLOCO DE MANUTENCAO DAS ACOES E SERVICOS PUBLICOS DE SAUDE - 107;INOVAMED HOSPITALAR LTDA;DESPESA DE MATERIAL DE CONSUMO PARA ABASTECIMENTO DA SMS - 1 PEDIDO         FILHO DA ATA NR 023/2025, PREGAO ELETRONICO NR 90005/2025 MEMORANDO         129 GEREMO - PARECER 143 GERPSR - DESPACHO 237 PRECEL - PED. DE             COMPRAS 159/2026 SCC:808963 - SOLICITACAO FINANCEIRA 180461 - 2026          .                                                                           1-FRALDA DESCARTAVEL GERIATRICA P FORTSEC                                   COD47345-6...............22.560,00 UN..........1,3500............30.456,00  VALOR TOTAL......................................................30.456,00  .                                                                           PRAZO DE ENTREGA DOS BENS SERA EFETUADO NO PRAZO NAO SUPERIOR A 15          DIAS UTEIS CONTADOS APOS O RECEBIMENTO DA ORDEM DE ENTREGA OU NOTA          DE EMPENHO/AUTORIZACAO DE FORNECIMENTO,ACOMPANHADOS DOS DOCUMENTOS          FISCAIS RESPECTIVOS,DEVE CONTER, OBRIGATORIAMENTE, A ESPECIFICACAO          DO ITEM, MARCA DO FABRICANTE,QUANTIDADE ENTREGUE,AGENDAR NO EMAIL           CIAD.GOIANIA@BRANETOLGISTICA.COM.BR, ENTREGA NO ALMOXARIFADO CENTRAL        SMS, AV.PERIMETRAL NORTE,COND.GOIAZEM, BL.E,GALPAO 9/10, VL.JOAO VAZ,       GOIANIA/GO.DEMAIS ESCLARECIMENTOS MEMORANDO 129 (9399016)GEREMO             EDITAL PE90005/2025(9399037)TERMO DE REFERENCIA E ANEXOS                    SEI:26.29.000006308-8.                                                      .                                                                           64 - TRANSFERENCIAS DE RECURSOS DO SUS - ATENCAO ESPECIALIZADA              ;Pregão;000900052025
20262150018010098;13/04/2026 00:00:00;798,10;;;0,00;;;0,00;33903000;MATERIAL DE CONSUMO;13712784000122;SECRETARIA MUNICIPAL DE SAUDE;0,00;SECRETARIA MUNICIPAL DE SAUDE                                                                                                                                                                                                                                ;SAUDE - 10;ASSISTENCIA HOSPITALAR E AMBULATORIAL - 302;TRANSFERENCIA DE RECURSOS DO SISTEMA UNICO DE SAUDE - SUS - BLOCO DE MANUTENCAO DAS ACOES E SERVICOS PUBLICOS DE SAUDE - 107;GOIASPAPER DISTRIBUIDORA LTDA;RECEBIMENTO DA NOTA DE EMPENHO,ENTREGA EM PERFEITAS CONDICOES C/A DEVIDA    SOLICITACAO FINANCEIRA: 180820/2026                                         NOTA FISCAL, DETALHANDO MARCA/FABRICANTE/MODELO/TIPO/PROCEDENCIA. DEMAIS    ESCLARECIMENTOS CONFORME MEMO 82/2026, PARECER 99/2026, PE 90026/2025,      COD:064980..............100UN..............01,21.....................121,00 VALOR TOTAL:.........................................................798,10 ATA 156/2025, PROCESSO SEI: 26.29.000003995-0 E DOCUMENTOS EM ANEXO.        .                                                                           LOCAL DA ENTREGA:ALMOXARIFADO CENTRAL SMS, AV.PERIMETRAL NORTE COND.GOIA    ZEM, BL.E, GALPOES 09/10, VL.JOAO VAZ, CEP:74.425-090, GO/GO. FONES:62-3    524-3401/3407, HORARIO:08:00 AS 17:00.                                      .                                                                           64 - TRANSFERENCIAS DE RECURSOS DO SUS - ATENCAO ESPECIALIZADA              DESPESA COM MATERIAL DE UTENSILHOS DE ESCRITORIO PARA ABASTECIMENTO DA SMS -1 PEDIDO FILHO DA ATA NR 156/2025 DO PREGAO ELETRONICO NR 90026/2025        MEMO 92 GEREMO - PARECER 99 GERPSR - DESP. 264 PRECEL - PED. COMPRAS 86/26 -ITENS 40,110 E 111                                                          .                                                                           OBS: O FORNECIMENTO DEVERA SER EFETUADO C/ PRAZO NAO SUP. A 15 DIAS UTEIS   CONFORME TERMO DE REFERENCIA (9419967) CONTADOS A PARTIR DO                 .                                                                           40 (ITEM R47) - GRAMPEADOR ACO PROFISSIONAL - MARCA: RISOVIT                COD:166618...............10UN..............47,79.....................477,90 110 (ITEM R109) - TESOURA ACO PONTA FINA 19CM - MARCA: NOX                  COD:059250...............40UN..............04,98.....................199,20 111 (ITEM R110) - TESOURA ESCOLAR S/PONTA - MARCA: BRW                      ;Pregão;000900262025
20262150018010099;13/04/2026 00:00:00;472,50;;;0,00;;;0,00;33903000;MATERIAL DE CONSUMO;13712784000122;SECRETARIA MUNICIPAL DE SAUDE;0,00;SECRETARIA MUNICIPAL DE SAUDE                                                                                                                                                                                                                                ;SAUDE - 10;ASSISTENCIA HOSPITALAR E AMBULATORIAL - 302;TRANSFERENCIA DE RECURSOS DO SISTEMA UNICO DE SAUDE - SUS - BLOCO DE MANUTENCAO DAS ACOES E SERVICOS PUBLICOS DE SAUDE - 107;GOIASPAPER DISTRIBUIDORA LTDA;VALOR TOTAL:.........................................................472,50 .                                                                           OBS: O FORNECIMENTO DEVERA SER EFETUADO C/ PRAZO NAO SUP. A 15 DIAS UTEIS   CONFORME TERMO DE REFERENCIA (9419967) CONTADOS A PARTIR DO                 RECEBIMENTO DA NOTA DE EMPENHO,ENTREGA EM PERFEITAS CONDICOES C/A DEVIDA    NOTA FISCAL, DETALHANDO MARCA/FABRICANTE/MODELO/TIPO/PROCEDENCIA. DEMAIS    ESCLARECIMENTOS CONFORME MEMO 82/2026, PARECER 99/2026, PE 90026/2025,      ATA 156/2025, PROCESSO SEI: 26.29.000003995-0 E DOCUMENTOS EM ANEXO.        COD:620408...............50UN..............01,05......................52,50 32 (ITEM R33) - E.V.A. 2MM, 40 X 46CM COR VERMELHA - MARCA: IBEL            COD:719790...............50UN..............01,05......................52,50 31 (ITEM R33) - E.V.A. 2MM, 40 X 46CM COR VERDE - MARCA: IBEL               COD:620378...............50UN..............01,05......................52,50 30 (ITEM R33) - E.V.A. 2MM, 40 X 46CM COR ROSA - MARCA: IBEL                COD:620360...............50UN..............01,05......................52,50 29 (ITEM R33) - E.V.A. 2MM, 40 X 46CM COR PRETA - MARCA: IBEL               COD:620351...............50UN..............01,05......................52,50 28 (ITEM R33) - E.V.A. 2MM, 40 X 46CM COR MARROM - MARCA: IBEL              COD:720739...............50UN..............01,05......................52,50 27 (ITEM R33) - E.V.A. 2MM X 40 X 46CM - MARCA: IBEL                        COD:620335...............50UN..............01,05......................52,50 26 (ITEM R33) - E.V.A. 2MM, 40 X 46CM COR BRANCA - MARCA: IBEL              COD:720135...............50UN..............01,05......................52,50 25 (ITEM R33) - E.V.A. 2MM, 40 X 46CM COR AZUL - MARCA: IBEL                COD:620300...............50UN..............01,05......................52,50 24 (ITEM R33) - E.V.A. 2MM, 40 X 46CM COR AMARELA - MARCA: IBEL             .                                                                           ITENS 24 A 32                                                               MEMO 92 GEREMO - PARECER 99 GERPSR - DESP. 264 PRECEL - PED. COMPRAS 86/26 -025                                                                         O DA SMS -1  PEDIDO FILHO DA ATA NR 156/2025 DO PREGAO ELETRONICO NR 90026/2DESPESA COM MATERIAL DE VESTIARIOS, ART. ESPORT E DIVERTI. PARA ABASTECIMENT.                                                                           LOCAL DA ENTREGA:ALMOXARIFADO CENTRAL SMS, AV.PERIMETRAL NORTE COND.GOIA    ZEM, BL.E, GALPOES 09/10, VL.JOAO VAZ, CEP:74.425-090, GO/GO. FONES:62-3    524-3401/3407, HORARIO:08:00 AS 17:00.                                      .                                                                           64 - TRANSFERENCIAS DE RECURSOS DO SUS - ATENCAO ESPECIALIZADA              SOLICITACAO FINANCEIRA: 180819/2026                                         ;Pregão;000900262025
20262150018010100;13/04/2026 00:00:00;1997,50;;;0,00;;;0,00;33903000;MATERIAL DE CONSUMO;13712784000122;SECRETARIA MUNICIPAL DE SAUDE;0,00;SECRETARIA MUNICIPAL DE SAUDE                                                                                                                                                                                                                                ;SAUDE - 10;ASSISTENCIA HOSPITALAR E AMBULATORIAL - 302;TRANSFERENCIA DE RECURSOS DO SISTEMA UNICO DE SAUDE - SUS - BLOCO DE MANUTENCAO DAS ACOES E SERVICOS PUBLICOS DE SAUDE - 107;GOIASPAPER DISTRIBUIDORA LTDA;524-3401/3407, HORARIO:08:00 AS 17:00.                                      .                                                                           64 - TRANSFERENCIAS DE RECURSOS DO SUS - ATENCAO ESPECIALIZADA              SOLICITACAO FINANCEIRA: 180816/2026                                         DESPESA COM MATERIAL PECAS MAQUINA E EQUIPAMENTOS (BATERIA) PARA ABASTECIMENTO DA SMS -1 PEDIDO FILHO DA ATA NR 156/2025 DO PREGAO ELETRONICO NR 90026/ 2025                                                                        MEMO 92 GEREMO - PARECER 99 GERPSR - DESP. 264 PRECEL - PED. COMPRAS 86/26 -ITENS 11 E 12                                                               .                                                                           11 (ITEM R06) - BATERIA 3 V EQUIPAMENTO - MARCA: ELGIN                      COD:402087..............750UN..............00,74.....................555,00 12 (ITEM R08) - BATERIA 9 V - MARCA: ELGIN                                  COD:202207..............250UN..............05,77...................1.442,50 VALOR TOTAL:.......................................................1.997,50 .                                                                           OBS: O FORNECIMENTO DEVERA SER EFETUADO C/ PRAZO NAO SUP. A 15 DIAS UTEIS   CONFORME TERMO DE REFERENCIA (9419967) CONTADOS A PARTIR DO                 RECEBIMENTO DA NOTA DE EMPENHO,ENTREGA EM PERFEITAS CONDICOES C/A DEVIDA    NOTA FISCAL, DETALHANDO MARCA/FABRICANTE/MODELO/TIPO/PROCEDENCIA. DEMAIS    ESCLARECIMENTOS CONFORME MEMO 82/2026, PARECER 99/2026, PE 90026/2025,      ATA 156/2025, PROCESSO SEI: 26.29.000003995-0 E DOCUMENTOS EM ANEXO.        .                                                                           LOCAL DA ENTREGA:ALMOXARIFADO CENTRAL SMS, AV.PERIMETRAL NORTE COND.GOIA    ZEM, BL.E, GALPOES 09/10, VL.JOAO VAZ, CEP:74.425-090, GO/GO. FONES:62-3    ;Pregão;000900262025
20262150018010101;13/04/2026 00:00:00;2115,00;;;0,00;;;0,00;33903000;MATERIAL DE CONSUMO;13712784000122;SECRETARIA MUNICIPAL DE SAUDE;0,00;SECRETARIA MUNICIPAL DE SAUDE                                                                                                                                                                                                                                ;SAUDE - 10;ASSISTENCIA HOSPITALAR E AMBULATORIAL - 302;TRANSFERENCIA DE RECURSOS DO SISTEMA UNICO DE SAUDE - SUS - BLOCO DE MANUTENCAO DAS ACOES E SERVICOS PUBLICOS DE SAUDE - 107;GOIASPAPER DISTRIBUIDORA LTDA;DESPESA COM MATERIAL DE CONSUMO DIVERSO PARA ABASTECIMENTO DA SMS -1 PEDIDO FILHO DA ATA NR 156/2025 DO PREGAO ELETRONICO NR 90026/2025                 MEMO 92 GEREMO - PARECER 99 GERPSR - DESP. 264 PRECEL - PED. COMPRAS 86/26 -ITENS 10 E 45                                                               .                                                                           10 (ITEM R04) - BARBANTE ALGODAO CORDAO RL C/250G - MARCA: JK               COD:069221..............300RL..............06,39...................1.917,00 45 (ITEM R55) - PLACA ISOPOR ISOLANTE 100 X 50CM X 1CM - MARCA: IS O        COD:393932..............100UN..............01,98.....................198,00 VALOR TOTAL:.......................................................2.115,00 .                                                                           OBS: O FORNECIMENTO DEVERA SER EFETUADO C/ PRAZO NAO SUP. A 15 DIAS UTEIS   CONFORME TERMO DE REFERENCIA (9419967) CONTADOS A PARTIR DO                 RECEBIMENTO DA NOTA DE EMPENHO,ENTREGA EM PERFEITAS CONDICOES C/A DEVIDA    NOTA FISCAL, DETALHANDO MARCA/FABRICANTE/MODELO/TIPO/PROCEDENCIA. DEMAIS    ESCLARECIMENTOS CONFORME MEMO 82/2026, PARECER 99/2026, PE 90026/2025,      ATA 156/2025, PROCESSO SEI: 26.29.000003995-0 E DOCUMENTOS EM ANEXO.        .                                                                           LOCAL DA ENTREGA:ALMOXARIFADO CENTRAL SMS, AV.PERIMETRAL NORTE COND.GOIA    ZEM, BL.E, GALPOES 09/10, VL.JOAO VAZ, CEP:74.425-090, GO/GO. FONES:62-3    524-3401/3407, HORARIO:08:00 AS 17:00.                                      .                                                                           64 - TRANSFERENCIAS DE RECURSOS DO SUS - ATENCAO ESPECIALIZADA              SOLICITACAO FINANCEIRA: 180814/2026                                         ;Pregão;000900262025
20262150018010102;13/04/2026 00:00:00;110,80;;;0,00;;;0,00;33903000;MATERIAL DE CONSUMO;13712784000122;SECRETARIA MUNICIPAL DE SAUDE;0,00;SECRETARIA MUNICIPAL DE SAUDE                                                                                                                                                                                                                                ;SAUDE - 10;ASSISTENCIA HOSPITALAR E AMBULATORIAL - 302;TRANSFERENCIA DE RECURSOS DO SISTEMA UNICO DE SAUDE - SUS - BLOCO DE MANUTENCAO DAS ACOES E SERVICOS PUBLICOS DE SAUDE - 107;GOIASPAPER DISTRIBUIDORA LTDA;DESPESA COM MATERIAL AUDIOVISUAL, DIDATICO DE COMUNICACAO PARA ABASTECIMENTODA SMS -1 PEDIDO FILHO DA ATA NR 156/2025 DO PREGAO ELETRONICO NR 90026/2025MEMO 92 GEREMO - PARECER 99 GERPSR - DESP. 264 PRECEL - PED. COMPRAS 86/26 -ITEM 03                                                                     .                                                                           03 (ITEM R03) - BALAO LATEX AZUL NR 7 - MARCA: JOY                          COD:601705...............20PC..............05,54.....................110,80 VALOR TOTAL:.........................................................110,80 .                                                                           OBS: O FORNECIMENTO DEVERA SER EFETUADO C/ PRAZO NAO SUP. A 15 DIAS UTEIS   CONFORME TERMO DE REFERENCIA (9419967) CONTADOS A PARTIR DO                 RECEBIMENTO DA NOTA DE EMPENHO,ENTREGA EM PERFEITAS CONDICOES C/A DEVIDA    NOTA FISCAL, DETALHANDO MARCA/FABRICANTE/MODELO/TIPO/PROCEDENCIA. DEMAIS    ESCLARECIMENTOS CONFORME MEMO 82/2026, PARECER 99/2026, PE 90026/2025,      ATA 156/2025, PROCESSO SEI: 26.29.000003995-0 E DOCUMENTOS EM ANEXO.        .                                                                           LOCAL DA ENTREGA:ALMOXARIFADO CENTRAL SMS, AV.PERIMETRAL NORTE COND.GOIA    ZEM, BL.E, GALPOES 09/10, VL.JOAO VAZ, CEP:74.425-090, GO/GO. FONES:62-3    524-3401/3407, HORARIO:08:00 AS 17:00.                                      .                                                                           64 - TRANSFERENCIAS DE RECURSOS DO SUS - ATENCAO ESPECIALIZADA              SOLICITACAO FINANCEIRA: 180813/2026                                         ;Pregão;000900262025
20262150018010103;13/04/2026 00:00:00;8683,40;;;0,00;;;0,00;33903000;MATERIAL DE CONSUMO;13712784000122;SECRETARIA MUNICIPAL DE SAUDE;0,00;SECRETARIA MUNICIPAL DE SAUDE                                                                                                                                                                                                                                ;SAUDE - 10;ASSISTENCIA HOSPITALAR E AMBULATORIAL - 302;TRANSFERENCIA DE RECURSOS DO SISTEMA UNICO DE SAUDE - SUS - BLOCO DE MANUTENCAO DAS ACOES E SERVICOS PUBLICOS DE SAUDE - 107;GOIASPAPER DISTRIBUIDORA LTDA;COD:569399...............20PC..............05,54.....................110,80 43 (ITEM R52) - BOLA ISOPOR 50 MM - MARCA: IS O                             COD:221317..............100UN..............00,64......................64,00 44 (ITEM R53) - BOLA ISOPOR 75 MM - MARCA: IS O                             COD:219371..............100UN..............00,89......................89,00 75 (ITEM R74) - PAPEL MICRO-ONDULADO ESTAMPADAS - MARCA: REIPEL             COD:413984...............50UN..............02,01.....................100,50 76 (ITEM R74) - PAPEL MICRO-ONDULADO ESTAMPADAS - MARCA: REIPEL             COD:413984...............50UN..............02,01.....................100,50 77 (ITEM R74) - PAPEL MICRO-ONDULADO AMARELA - MARCA: REIPEL                COD:570346...............50UN..............02,01.....................100,50 78 (ITEM R74) - PAPEL MICRO-ONDULADO DOURADO - MARCA: REIPEL                COD:570362...............50UN..............02,01.....................100,50 79 (ITEM R74) - PAPEL MICRO-ONDULADO LILAS - MARCA: REIPEL                  COD:570370...............50UN..............02,01.....................100,50 80 (ITEM R74) - PAPEL MICRO-ONDULADO PRATA - MARCA: REIPEL                  COD:570397...............50UN..............02,01.....................100,50 81 (ITEM R74) - PAPEL MICRO-ONDULADO ROSA - MARCA: REIPEL                   COD:570389...............50UN..............02,01.....................100,50 82 (ITEM R74) - PAPEL MICRO-ONDULADO ROXA - MARCA: REIPEL                   COD:570400...............50UN..............02,01.....................100,50 83 (ITEM R74) - PAPEL MICRO-ONDULADO VERDE - MARCA: REIPEL                  COD:570419...............50UN..............02,01.....................100,50 84 (ITEM R74) - PAPEL MICRO-ONDULADO VERMELHA - MARCA: REIPEL               COD:570427...............50UN..............02,01.....................100,50 99 (ITEM R92) - PINCEL PINTURA CHATO NR 12 - MARCA: LEO E LEO               COD:327859..............120UN..............01,74.....................208,80 100 (ITEM R93) - PINCEL PINTURA CHATO NR 16 - MARCA: LEO E LEO              COD:145815..............120UN..............02,48.....................297,60 101 (ITEM R94) - PINCEL PINTURA CHATO NR 2 - MARCA: LEO E LEO               COD:082210..............120UN..............01,36.....................163,20 102 (ITEM R95) - PINCEL PINTURA CHATO NR 20 - MARCA: LEO E LEO              COD:070173..............120UN..............03,33.....................399,60 04 (ITEM R03) - BALAO BORRACHA BRANCO - MARCA: JOY                          COD:569429...............20PC..............05,54.....................110,80 05 (ITEM R03) - BALAO BORRACHA LARANJA - MARCA: JOY                         COD:569437...............20PC..............05,54.....................110,80 06 (ITEM R03) - BALAO BORRACHA LILAS - MARCA: JOY                           COD:569445...............20PC..............05,54.....................110,80 07 (ITEM R03) - BALAO BORRACHA ROSA FORTE - MARCA: JOY                      COD:569453...............20PC..............05,54.....................110,80 08 (ITEM R03) - BALAO LATEX VERDE NR 7 - MARCA: JOY                         COD:601721...............20PC..............05,54.....................110,80 09 (ITEM R03) - BALAO BORRACHA VERMELHO - MARCA: JOY                        COD:569488...............20PC..............05,54.....................110,80 42 (ITEM R51) - BOLA ISOPOR 100 MM - MARCA: IS O                            COD:221325..............100UN..............01,97.....................197,00 DESPESA COM MATERIAL DE APLICACAO EM OFICINA PARA ABASTECIMENTO DA SMS -1 PEDIDO FILHO DA ATA NR 156/2025 DO PREGAO ELETRONICO NR 90026/2025            MEMO 92 GEREMO - PARECER 99 GERPSR - DESP. 264 PRECEL - PED. COMPRAS 86/26 -ITENS 02,04 A 09, 42 A 44, 75 A 84, 99 A 105 E 112 A 121                    .                                                                           02 (ITEM R03) - BALAO BORRACHA AMARELO - MARCA: JOY                         103 (ITEM R97) - PINCEL PINTURA CHATO NR 4 - MARCA: LEO E LEO               COD:118982..............120UN..............01,45.....................174,00 104 (ITEM R98) - PINCEL PINTURA CHATO NR 6 - MARCA: LEO E LEO               COD:247685..............120UN..............01,49.....................178,80 105 (ITEM R99) - PINCEL PINTURA CHATO NR 8 - MARCA: LEO E LEO               COD:153044..............120UN..............01,59.....................190,80 112 (ITEM R111) - TINTA ACRILICA AMARELO FR C/23ML - MARCA: ACRILEX         COD:720143..............100FR..............04,94.....................494,00 113 (ITEM R111) - TINTA ACRILICA AZUL FR C/23ML - MARCA: ACRILEX            COD:720151..............100FR..............04,94.....................494,00 114 (ITEM R111) - TINTA ACRILICA BRANCA FR C/23ML - MARCA: ACRILEX          COD:570478..............100FR..............04,94.....................494,00 115 (ITEM R111) - TINTA ACRILICA LARANJA FR C/23ML - MARCA: ACRILEX         COD:570486..............100FR..............04,94.....................494,00 116 (ITEM R111) - TINTA ACRILICA MARROM FR C/23ML - MARCA: ACRILEX          COD:570508..............100FR..............04,94.....................494,00 117 (ITEM R111) - TINTA ACRILICA ROSA FR C/23ML - MARCA: ACRILEX            COD:719820..............100FR..............04,94.....................494,00 118 (ITEM R111) - TINTA ACRILICA VERDE FR C/23ML - MARCA: ACRILEX           COD:719838..............100FR..............04,94.....................494,00 119 (ITEM R111) - TINTA ACRILICA VERMELHA FR C/23ML - MARCA: ACRILEX        COD:570567..............100FR..............04,94.....................494,00 120 (ITEM R111) - TINTA ACRILICA VIOLETA FR C/23ML - MARCA: ACRILEX         COD:570575..............100FR..............04,94.....................494,00 121 (ITEM R111) - TINTA ACRILICA PRETA FR C/23ML - MARCA: ACRILEX           COD:570516..............100FR..............04,94.....................494,00 VALOR TOTAL:.......................................................8.683,40 .                                                                           OBS: O FORNECIMENTO DEVERA SER EFETUADO C/ PRAZO NAO SUP. A 15 DIAS UTEIS   CONFORME TERMO DE REFERENCIA (9419967) CONTADOS A PARTIR DO                 RECEBIMENTO DA NOTA DE EMPENHO,ENTREGA EM PERFEITAS CONDICOES C/A DEVIDA    NOTA FISCAL, DETALHANDO MARCA/FABRICANTE/MODELO/TIPO/PROCEDENCIA. DEMAIS    ESCLARECIMENTOS CONFORME MEMO 82/2026, PARECER 99/2026, PE 90026/2025,      ATA 156/2025, PROCESSO SEI: 26.29.000003995-0 E DOCUMENTOS EM ANEXO.        .                                                                           LOCAL DA ENTREGA:ALMOXARIFADO CENTRAL SMS, AV.PERIMETRAL NORTE COND.GOIA    ZEM, BL.E, GALPOES 09/10, VL.JOAO VAZ, CEP:74.425-090, GO/GO. FONES:62-3    524-3401/3407, HORARIO:08:00 AS 17:00.                                      .                                                                           64 - TRANSFERENCIAS DE RECURSOS DO SUS - ATENCAO ESPECIALIZADA              SOLICITACAO FINANCEIRA: 180812/2026                                         ;Pregão;000900262025
20262150018010104;13/04/2026 00:00:00;81442,40;;;0,00;;;0,00;33903000;MATERIAL DE CONSUMO;13712784000122;SECRETARIA MUNICIPAL DE SAUDE;0,00;SECRETARIA MUNICIPAL DE SAUDE                                                                                                                                                                                                                                ;SAUDE - 10;ASSISTENCIA HOSPITALAR E AMBULATORIAL - 302;TRANSFERENCIA DE RECURSOS DO SISTEMA UNICO DE SAUDE - SUS - BLOCO DE MANUTENCAO DAS ACOES E SERVICOS PUBLICOS DE SAUDE - 107;GOIASPAPER DISTRIBUIDORA LTDA;DA ATA NR 156/2025 DO PREGAO ELETRONICO NR 90026/2025                       MEMO 92 GEREMO - PARECER 99 GERPSR - DESP. 264 PRECEL - PED. COMPRAS 86/26  .                                                                           01 (ITEM R01) - APONTADOR LAPIS PLASTICO - MARCA:LEO E LEO                  COD:070602..............850UN..............00,54.....................459,00 13 (ITEM R12) - CADERNO CAPA DURA PUATADO GRANDE - MARCA: JANDAIA           COD:186899............1.500UN..............05,52...................8.280,00 14 (ITEM R13) - CAIXA ARQUIVO PAPELAO - MARCA: BECCUS                       COD:035084..............480UN..............02,69...................1.291,20 15 (ITEM R15) - CANETA ESFEROGRAFICA 1.0 MM AZUL - MARCA: ECONOMIC          COD:702455............6.000UN..............00,44...................2.640,00 16 (ITEM R16) - CANETA ESFEROGRAFICA 1.0 MM VERMELHA - MARCA: ECONOMIC      COD:702463............2.000UN..............00,44.....................880,00 DESPESA COM MATERIAL DE ESCRITORIO PARA ABASTECIMENTO DA SMS -1 PEDIDO FILHO17 (ITEM R17) - CANETA ESFEROGRAFICA PONTA METAL PRETO - MARCA: ECONOMIC    COD:063010..............300UN..............02,38.....................714,00 37 (ITEM R39) - FITA ADESIVA TRANSPARENTE 19MM X 50MM - MARCA: ALLTAPE      COD:144860............1.000UN..............01,28...................1.280,00 38 (ITEM R44) - GIZ CERA GRANDE CX C/12UN - MARCA: PIRA                     COD:065005..............100CX..............02,30.....................230,00 39 (ITEM R45) - GIZ CERA GRANDE AZUL CX C/12UN - MARCA: PIRA                COD:616990..............800CX..............02,99...................2.392,00 41 (ITEM R50) - GRAMPO ACO 26/6 CX C/5000UN - MARCA: BRWPEL                 COD:009318..............400CX..............02,81...................1.124,00 46 (ITEM R58) - LAPIS COR DESENHO CX C/24UN - MARCA: COLORARE               COD:029378..............600CX..............09,28...................5.568,00 47 (ITEM R59) - LAPIS ESCREVER PRETO 6 B - MARCA: LEO E LEO                 COD:268992..............200UN..............00,90.....................180,00 48 (ITEM R60) - LAPIS ESCREVER PRETO N 2 - MARCA: COLORARE                  COD:009490............9.000UN..............00,23...................2.070,00 49 (ITEM R64) - PAPEL CAMURCA AMARELA - MARCA: REIPEL                       COD:067563...............30UN..............01,16......................34,80 50 (ITEM R64) - PAPEL CAMURCA AZUL - MARCA: REIPEL                          COD:058866...............30UN..............01,16......................34,80 51 (ITEM R64) - PAPEL CAMURCA CINZA - MARCA: REIPEL                         COD:148520...............30UN..............01,16......................34,80 52 (ITEM R64) - PAPEL CAMURCA LARANJA - MARCA: REIPEL                       COD:058858...............30UN..............01,16......................34,80 53 (ITEM R64) - PAPEL CAMURCA MARROM - MARCA: REIPEL                        COD:058882...............30UN..............01,16......................34,80 54 (ITEM R64) - PAPEL CAMURCA PRETO - MARCA: REIPEL                         COD:058840...............30UN..............01,16......................34,80 55 (ITEM R64) - PAPEOL CAMURCA ROSA - MARCA: REIPEL                         COD:058874...............30UN..............01,16......................34,80 56 (ITEM R64) - PAPEL CAMURCA ROSA - MARCA: REIPEL                          COD:058874...............30UN..............01,16......................34,80 57 (ITEM R64) - PAPEL CAMURCA VERMELHA - MARCA: REIPEL                      COD:006629............2.000UN..............00,44.....................880,00 18 (ITEM R18) - CANETA HIDROGRAFICA PONTA POROSA 12 JG C/12UN MARCA: BAZZE  COD:059137..............150JG..............02,58.....................387,00 19 (ITEM R19) - CANETA MARCA TEXTO AMARELA - MARCA: BRW                     COD:068748..............800UN..............00,53.....................424,00 20 (ITEM R20) - CARTOLINA BRANCA - MARCA: CHAMEX                            COD:006718..............600UN..............00,89.....................534,00 21 (ITEM R25) - COLA BRANCA PLASTICA - MARCA: PIRA                          COD:034266..............200FR..............07,09...................1.418,00 22 (ITEM R26) - COLA BRANCA PLASTICA UN C/90G - MARCA: PIRA                 COD:063460............1.200UN..............01,26...................1.512,00 23 (ITEM R32) - CORRETIVO LIQUIDO FR C/18ML - MARCA: RADEX                  COD:034410..............700FR..............01,48...................1.036,00 33 (ITEM R34) - ESTILETE LAMINA GRANDE - MARCA: MASTER                      COD:062405...............30UN..............01,19......................35,70 34 (ITEM R35) - EXTRATOR GRAMPO ACO INOXIDAVEL ESPATULA - MARCA: CAVIA      COD:022918..............120UN..............01,29.....................154,80 35 (ITEM R36) - FITA ADESIVA CREPE 48MM X 50M - MARCA: EUROCEL              COD:695610............4.900UN..............07,53..................36.897,00 36 (ITEM R37) - FITA ADESIVA TRANSPARENTE 50MM X 50M - MARCA: EUROCEL       COD:058904...............30UN..............01,16......................34,80 58 (ITEM R69) - PAPEL CELOFANE INCOLOR - MARCA: VMP                         COD:570168...............30UN..............01,39......................41,70 59 (ITEM R69) - PAPEL CELOFANE AMARELA - MARCA: VMP                         COD:570087...............30UN..............01,39......................41,70 60 (ITEM R69) - PAPEL CELOFANE AZUL - MARCA: VMP                            COD:570095...............30UN..............01,39......................41,70 61 (ITEM R69) - PAPEL CELOFANE LARANJA - MARCA: VMP                         COD:570109...............30UN..............01,39......................41,70 62 (ITEM R69) - PAPEL CELOFANE LILAS - MARCA: VMP                           COD:570117...............30UN..............01,39......................41,70 63 (ITEM R69) - PAPEL CELOFANE PINK - MARCA: VMP                            COD:570125...............30UN..............01,39......................41,70 64 (ITEM R69) - PAPEL CELOFANE ROXA - MARCA: VMP                            COD:570133...............30UN..............01,39......................41,70 65 (ITEM R69) - PAPEL CELOFANE VERDE - MARCA: VMP                           COD:570141...............30UN..............01,39......................41,70 66 (ITEM R69) - PAPEL CELOFANE VERMELHA - MARCA: VMP                        COD:570150...............30UN..............01,39......................41,70 67 (ITEM R70) - PAPEL CONTACT DIDATICO TRANSPARENTE - MARCA: POLIFIX        COD:076660...............60RL..............04,99.....................299,40 68 (ITEM R71) - PAPEL CREPOM 0,48X2M AMARELO - MARCA: REIPEL                COD:565300...............50RL..............00,99......................49,50 69 (ITEM R71) - PAPEL CREPOM 0,48X2M AZUL - MARCA: REIPEL                   COD:565334...............50RL..............00,99......................49,50 70 (ITEM R71) - PAPEL CREMPOM 0,48X2M BRANCO - MARCA: REIPEL                COD:565270...............50RL..............00,99......................49,50 71 (ITEM R71) - PAPEL CREPOM ALARAJADO - MARCA: REIPEL                      COD:067938...............50UN..............00,99......................49,50 72 (ITEM R71) - PAPEL CREPOM 0,48X2M ROSA - MARCA: REIPEL                   COD:565326...............50RL..............00,99......................49,50 73 (ITEM R71) - PAPEL CREMPOM 0,48X2M VERDE - MARCA: REIPEL                 COD:565318...............50RL..............00,99......................49,50 74 (ITEM R71) - PAPEL CREPOM 0,48X2M VERMELHO - MARCA: REIPEL               COD:565296...............50RL..............00,99......................49,50 85 (ITEM R77) - PAPEL SEDA AMARELO - MARCA: REIPEL                          COD:075345...............30UN..............00,24.......................7,20 86 (ITEM R77) - PAPEL SEDA AZUL - MARCA: REIPEL                             COD:144851...............30UN..............00,24.......................7,20 87 (ITEM R77) - PAPEL SEDA BRANCO - MARCA: REIPEL                           COD:059021...............30UN..............00,24.......................7,20 88 (ITEM R77) - PAPEL SEDA ALARANJADO - MARCA: REIPEL                       COD:075353...............30UN..............00,24.......................7,20 89 (ITEM R77) - PAPEL SEDA ROSA - MARCA: REIPEL                             COD:067580...............30UN..............00,24.......................7,20 90 (ITEM R77) - PAPEL SEDA ROXA - MARCA: REIPEL                             COD:570320...............30UN..............00,24.......................7,20 91 (ITEM R77) - PAPEL SEDA VERDE - MARCA: REIPEL                            COD:144479...............30UN..............00,24.......................7,20 92 (ITEM R77) - PAPEL SEDA VERMELHO - MARCA: REIPEL                         COD:144835...............30UN..............00,24.......................7,20 93 (ITEM R78) - PASTA AZ VISOR DORSO LARGO GRANDE - MARCA: FRAMA            COD:009997..............210UN..............09,34...................1.961,40 94 (ITEM R79) - PASTA CATOLOGO PLASTICO 50 FOLHAS - MARCA: ACP              COD:027758...............50UN..............10,27.....................513,50 95 (ITEM R82) - PASTA POLIONDA ELASTICO CORES 5CM - MARCA: ALAPLAST         COD:260150..............700UN..............03,89...................2.723,00 96 (ITEM R88) - PINCEL ATOMICO AZUL - MARCA: BRW                            COD:010243..............600UN..............01,11.....................666,00 97 (ITEM R90) - PINCEL ATOMICO VERDE - MARCA: BRW                           COD:010227..............120UN..............01,11.....................133,20 98 (ITEM R91) - PINCEL ATOMICO VERMELHO - MARCA: BRW                        COD:155993..............400UN..............01,11.....................444,00 106 (ITEM R 100) - PINCEL MAGNETICO QUADRO BRANCO AZUL - MARCA: BRW         COD:158356..............300UN..............01,29.....................387,00 107 (ITEM R 101) - PINCEL MAGNETICO QUADRO BRANCO PRETO - MARCA: BRW        COD:158348..............300UN..............01,29.....................387,00 108 (ITEM R 102) - PINCEL MAGNETICO QUADRO BRANCO VERMELHA - MARCA: BRW     COD:153630..............120UN..............01,29.....................154,80 109 (ITEM R 105) - REGUA PLASTICA 30 CM - MARCA: MAXCRIL                    COD:010316..............200UN..............00,99.....................198,00 122 (ITEM R 116) - TINTA GUACHE AMARELA TB C/500ML - MARCA: PIRA            COD:570583...............60TB..............04,99.....................299,40 123 (ITEM R 116) - TINTA GUACHE AZUL TB C/500ML - MARCA: PIRA               COD:029416...............60TB..............04,99.....................299,40 124 (ITEM R 116) - TINTA GUACHE BRANCA TB C/500ML - MARCA: PIRA             COD:029394...............60TB..............04,99.....................299,40 125 (ITEM R 116) - TINTA GUACHE PRETA TB C/500ML - MARCA: PIRA              COD:029386...............60TB..............04,99.....................299,40 126 (ITEM R 116) - TINTA GUACHE ROSA TB C/500ML - MARCA: PIRA               COD:145874...............60TB..............04,99.....................299,40 127 (ITEM R 116) - TINTA GUACHE VERDE TB C/500ML - MARCA: PIRA              COD:029408...............60TB..............04,99.....................299,40 128 (ITEM R 116) - TINTA GUACHE VEMELHA TB C/500ML- MARCA: PIRA             COD:029432...............60TB..............04,99.....................299,40 VALOR TOTAL:......................................................81.442,40 .                                                                           OBS: O FORNECIMENTO DEVERA SER EFETUADO C/ PRAZO NAO SUP. A 15 DIAS UTEIS   CONFORME TERMO DE REFERENCIA (9419967) CONTADOS A PARTIR DO                 RECEBIMENTO DA NOTA DE EMPENHO,ENTREGA EM PERFEITAS CONDICOES C/A DEVIDA    NOTA FISCAL, DETALHANDO MARCA/FABRICANTE/MODELO/TIPO/PROCEDENCIA. DEMAIS    ESCLARECIMENTOS CONFORME MEMO 82/2026, PARECER 99/2026, PE 90026/2025,      ATA 156/2025, PROCESSO SEI: 26.29.000003995-0 E DOCUMENTOS EM ANEXO.        .                                                                           LOCAL DA ENTREGA:ALMOXARIFADO CENTRAL SMS, AV.PERIMETRAL NORTE COND.GOIA    SOLICITACAO FINANCEIRA: 180810/2026                                         64 - TRANSFERENCIAS DE RECURSOS DO SUS - ATENCAO ESPECIALIZADA              .                                                                           524-3401/3407, HORARIO:08:00 AS 17:00.                                      ZEM, BL.E, GALPOES 09/10, VL.JOAO VAZ, CEP:74.425-090, GO/GO. FONES:62-3    ;Pregão;000900262025
20262150018010105;15/04/2026 00:00:00;474720,00;0145262026;01/06/2026 00:00:00;474720,00;202621500180101050001;24/06/2026 00:00:00;474720,00;33903000;MATERIAL DE CONSUMO;16699864000183;SECRETARIA MUNICIPAL DE SAUDE;0,00;SECRETARIA MUNICIPAL DE SAUDE                                                                                                                                                                                                                                ;SAUDE - 10;ASSISTENCIA HOSPITALAR E AMBULATORIAL - 302;TRANSFERENCIA DE RECURSOS DO SISTEMA UNICO DE SAUDE - SUS - BLOCO DE MANUTENCAO DAS ACOES E SERVICOS PUBLICOS DE SAUDE - 107;SANTE MEDICA HOSPITALAR LTDA;DESPESA COM AQUISICAO DE DIETAS ESPECIAIS E FORMULAS INFANTIS PARA ABASTECIMENTO DA SMS -10  PEDIDO FILHO DA ARP NR 029/2025 DO PREGAO ELETRONICO 90006/2025 MEMORANDO 178 GEREMO - PARECER 197 GERPSR - DESPACHO 339 PRECEL - PEDIDO DE COMPRAS 219/2026                                                       .                                                                           01 (ITEM R02) - FORMULA PADRAO PARA NUTRICAO ENTERAL LIQUIDA, POLIMERICA,   NORMOCALORICA (1.2 KCAL/ML), NORMOPROTEICA 100% PROTEINA DE SOJA, COM MIX   DE FIBRAS SOLUVEIS E INSOLUVEIS, ISENTA DE LACTOSE, SACAROSE E GLUTEN       MARCA: NUTRISOYA FIBE                                                       COD:701530............23.000L..............20,64.................474.720,00 VALOR TOTAL:.....................................................474.720,00 .                                                                           OBS: O FORNECIMENTO DEVERA SER EFETUADO C/ PRAZO NAO SUP. A 20 DIAS         CORRIDOS CONFORME TERMO DE REFERENCIA (9713638) CONTADOS A PARTIR DO        RECEBIMENTO DA NOTA DE EMPENHO,ENTREGA EM PERFEITAS CONDICOES C/A DEVIDA    NOTA FISCAL, DETALHANDO MARCA/FABRICANTE/MODELO/TIPO/PROCEDENCIA. DEMAIS    ESCLARECIMENTOS CONFORME MEMO 178/2026, PARECER 197/2026, PE 90006/2025,    ATA 29/2025, PROCESSO SEI: 26.29.000010865-0 E DOCUMENTOS EM ANEXO.         .                                                                           LOCAL DA ENTREGA:ALMOXARIFADO CENTRAL SMS, AV.PERIMETRAL NORTE COND.GOIA    ZEM, BL.E, GALPOES 09/10, VL.JOAO VAZ, CEP:74.425-090, GO/GO. FONES:62-3    524-3401/3407, HORARIO:08:00 AS 17:00.                                      .                                                                           64 - TRANSFERENCIAS DE RECURSOS DO SUS - ATENCAO ESPECIALIZADA              SOLICITACAO FINANCEIRA: 181861/2026                                         ;Pregão;000900062026
20262150018010107;15/04/2026 00:00:00;41985,60;;;0,00;;;0,00;33903000;MATERIAL DE CONSUMO;19717870000104;SECRETARIA MUNICIPAL DE SAUDE;0,00;SECRETARIA MUNICIPAL DE SAUDE                                                                                                                                                                                                                                ;SAUDE - 10;ASSISTENCIA HOSPITALAR E AMBULATORIAL - 302;TRANSFERENCIA DE RECURSOS DO SISTEMA UNICO DE SAUDE - SUS - BLOCO DE MANUTENCAO DAS ACOES E SERVICOS PUBLICOS DE SAUDE - 107;KIENTRO BRASIL LTDA;"DESPESA COM AQUISICAO DE MATERIAL CLINICO HOSPITALAR - 2  PEDIDO FILHO DA ATA NR 146/2025, PREGAO ELETRONICO NR 90016/2025 - SCC:813436                 MEMORANDO 148 GEREMO - PARECER 188 GERPSR -DESPACHO 298 PRECEL - PEDIDO DE  COMPRAS 208/2026                                                            .                                                                           01 (ITEM R39) - FIO CIRURGICO MONOFILAMENTO 2-0, COM AGULHA 3,0CM CORTANTE  3/8"" CIRCULAR - MARCA: BRASUTURE                                            COD:034932............3.240UN..............01,19...................3.855,60 02 (ITEM R40) - FIO CIRURGICO MONOFILAMENTO 3-0, COM AGULHA 3,0CM CORTANTE  3/8"" CIRCULAR - MARCA: BRASUTURE                                            COD:145114...........11.040UN..............01,15..................12.696,00 03 (ITEM R41) - FIO CIRURGICO MONOFILAMENTO 4-0, COM AGULHA 2,5CM CORTANTE  1/2"" CIRCULAR - MARCA: TECHNOFIO                                            COD:034916............9.720UN..............01,35..................13.122,00 04 (ITEM R42) - FIO CIRURGICO MONOFILAMENTO 5-0, COM AGULHA 2,5CM CORTANTE  1/2"" CIRCULAR - MARCA: TECHNOFIO                                            COD:034924............6.120UN..............01,35...................8.262,00 05 (ITEM R43) - FIO CIRURGICO MONOFILAMENTO 6.0, COM AGULHA 1/2"" CIRCULAR   MARCA: TECHNOFIO                                                            COD:543055............3.000UN..............01,35...................4.050,00 VALOR TOTAL:......................................................41.985,60 .                                                                           OBS: O FORNECIMENTO DEVERA SER EFETUADO C/ PRAZO NAO SUP. A 15 DIAS UTEIS   CONFORME TERMO DE REFERENCIA (9519701) CONTADOS A PARTIR DO                 RECEBIMENTO DA NOTA DE EMPENHO,ENTREGA EM PERFEITAS CONDICOES C/A DEVIDA    NOTA FISCAL, DETALHANDO MARCA/FABRICANTE/MODELO/TIPO/PROCEDENCIA. DEMAIS    ESCLARECIMENTOS CONFORME MEMO 148/2026, PARECER 188/2025, PE 90016/2025,    ATA 146/2025, PROCESSO SEI: 26.29.000008077-2 E DOCUMENTOS EM ANEXO.        .                                                                           LOCAL DA ENTREGA:ALMOXARIFADO CENTRAL SMS, AV.PERIMETRAL NORTE COND.GOIA    ZEM, BL.E, GALPOES 09/10, VL.JOAO VAZ, CEP:74.425-090, GO/GO. FONES:62-3    524-3401/3407, HORARIO:08:00 AS 17:00.                                      .                                                                           64 - TRANSFERENCIAS DE RECURSOS DO SUS - ATENCAO ESPECIALIZADA              SOLICITACAO FINANCEIRA: 181306/2026                                         ";Pregão;000900162025
20262150018010109;22/04/2026 00:00:00;41810,00;0149122026;09/06/2026 00:00:00;41810,00;202621500180101090001;03/07/2026 00:00:00;0,00;33903000;MATERIAL DE CONSUMO;06133273000190;SECRETARIA MUNICIPAL DE SAUDE;0,00;SECRETARIA MUNICIPAL DE SAUDE                                                                                                                                                                                                                                ;SAUDE - 10;ASSISTENCIA HOSPITALAR E AMBULATORIAL - 302;TRANSFERENCIA DE RECURSOS DO SISTEMA UNICO DE SAUDE - SUS - BLOCO DE MANUTENCAO DAS ACOES E SERVICOS PUBLICOS DE SAUDE - 107;BRASQUIMICA PRODUTOS QUIMICOS LTDA;"DESPESA COM AQUISICAO DE SANEANTES (MATERIAL DE LIMPEZA E CONSERVACAO E ARTIGO DOMESTICO)PARA ABASTECIMENTO DA SMS CONFORME AVISO 07 DE DISPENSA DE LICITACAO - DESPACHO 153 PARECER TECNICO GEREMO - JUSTIFICATIVA 162 RAZAO DA ES-COLHA FORNECEDOR - DESPACHO 209 GERCOM. SCC 811093 SOLICITACAO FINANCEIRA : 181056 - 2026. REEMPENHO DEVIDO ANULACAO DA NE0058/2026 S/CADASTRO ID-COLARE-TCM DENTRO DO PRAZO MENSAL.                                                .                                                                           1-SABAO PO INDUSTRIAL BRASQUIMICA                                           COD33222-4...............1.000,00 KG...........14,0000.............14.000,002-DETERGENTE PASTA PH 6,5 E 7,5 BRASQUIMICA                                 ,OD49150-0...............1.000,00 KG...........10,700..............10.700,003-ALVEJANTE A BASE DE PERBORATO DE SODIO BRASQUIMICA                        COD73867-0...............1.000,00 KG...........11,6100.............11.610,004-AMACIANTE ROUPA CONCENTRADO BRASQUIMICA                                   COD49149-7...............1.000,00 L............5,5000...............5.500,00VALOR TOTAL........................................................41.810,00.                                                                           FORNECIMENTO SERA EM REMESSA UNICA, NO PRAZO NAO SUPERIOR A 10 DIAS CORRIDOSCONTADOS APOS O RECEBIMENTO DA ORDEM DE ENTREGA OU NOTA DE EMPENHO/AUTORIZA-CAO DE FORNECIMENTO,ACOMPANHADOS DOS DOCUMENTOS FISCAIS RESPECTIVOS,DEVE CONTER, OBRIGATORIAMENTE, A ESPECIFICACAO DO ITEM, MARCA DO FABRICANTE E QUANTIDADE ENTREGUE, BEM COMO O SEU ACONDICIONAMENTO;AS ENTREGAS DEVERAO SER EFETUADAS MEDIANTE AGENDAMENTO PREVIO, ATRAVES DO E-MAIL CIAD.GOIANIA@BRANETLOGISTICA.COM.BR,NO ALMOXARIFADO CENTRAL DA SECRETARIA MUNICIPAL DE SAUDE DE GOIANIA, SEDIADO NA AV.PERIMETRAL NORTE N2.859, VL.JOAO VAZ,COND.GOYAZEM BLOCO EGALPOES DE 06 A 10, CEP 74.445-190, GOIANIA-GO.DEMAIS ESCLARECIMENTOS DOCUM.FORM.DA DEMANDA 14 1ª RETIFICACAO (9307778), ESTUDO TECNICO PRELIMINAR - ETP1ª RETIFICACAO (9308188), TERMO DE REFERENCIA 1ª RETIFICACAO (9308192) E ANEXOS DO SEI 26.29.000003965-9.                                               .                                                                           64 - TRANSFERENCIAS DE RECURSOS DO SUS - ATENCAO ESPECIALIZADA              ";Inexigibilidade de Licitação;000000982026
20262150018010109;22/04/2026 00:00:00;41810,00;0149122026;09/06/2026 00:00:00;41810,00;202621500180101090002;07/07/2026 00:00:00;41810,00;33903000;MATERIAL DE CONSUMO;06133273000190;SECRETARIA MUNICIPAL DE SAUDE;0,00;SECRETARIA MUNICIPAL DE SAUDE                                                                                                                                                                                                                                ;SAUDE - 10;ASSISTENCIA HOSPITALAR E AMBULATORIAL - 302;TRANSFERENCIA DE RECURSOS DO SISTEMA UNICO DE SAUDE - SUS - BLOCO DE MANUTENCAO DAS ACOES E SERVICOS PUBLICOS DE SAUDE - 107;BRASQUIMICA PRODUTOS QUIMICOS LTDA;"DESPESA COM AQUISICAO DE SANEANTES (MATERIAL DE LIMPEZA E CONSERVACAO E ARTIGO DOMESTICO)PARA ABASTECIMENTO DA SMS CONFORME AVISO 07 DE DISPENSA DE LICITACAO - DESPACHO 153 PARECER TECNICO GEREMO - JUSTIFICATIVA 162 RAZAO DA ES-COLHA FORNECEDOR - DESPACHO 209 GERCOM. SCC 811093 SOLICITACAO FINANCEIRA : 181056 - 2026. REEMPENHO DEVIDO ANULACAO DA NE0058/2026 S/CADASTRO ID-COLARE-TCM DENTRO DO PRAZO MENSAL.                                                .                                                                           1-SABAO PO INDUSTRIAL BRASQUIMICA                                           COD33222-4...............1.000,00 KG...........14,0000.............14.000,002-DETERGENTE PASTA PH 6,5 E 7,5 BRASQUIMICA                                 ,OD49150-0...............1.000,00 KG...........10,700..............10.700,003-ALVEJANTE A BASE DE PERBORATO DE SODIO BRASQUIMICA                        COD73867-0...............1.000,00 KG...........11,6100.............11.610,004-AMACIANTE ROUPA CONCENTRADO BRASQUIMICA                                   COD49149-7...............1.000,00 L............5,5000...............5.500,00VALOR TOTAL........................................................41.810,00.                                                                           FORNECIMENTO SERA EM REMESSA UNICA, NO PRAZO NAO SUPERIOR A 10 DIAS CORRIDOSCONTADOS APOS O RECEBIMENTO DA ORDEM DE ENTREGA OU NOTA DE EMPENHO/AUTORIZA-CAO DE FORNECIMENTO,ACOMPANHADOS DOS DOCUMENTOS FISCAIS RESPECTIVOS,DEVE CONTER, OBRIGATORIAMENTE, A ESPECIFICACAO DO ITEM, MARCA DO FABRICANTE E QUANTIDADE ENTREGUE, BEM COMO O SEU ACONDICIONAMENTO;AS ENTREGAS DEVERAO SER EFETUADAS MEDIANTE AGENDAMENTO PREVIO, ATRAVES DO E-MAIL CIAD.GOIANIA@BRANETLOGISTICA.COM.BR,NO ALMOXARIFADO CENTRAL DA SECRETARIA MUNICIPAL DE SAUDE DE GOIANIA, SEDIADO NA AV.PERIMETRAL NORTE N2.859, VL.JOAO VAZ,COND.GOYAZEM BLOCO EGALPOES DE 06 A 10, CEP 74.445-190, GOIANIA-GO.DEMAIS ESCLARECIMENTOS DOCUM.FORM.DA DEMANDA 14 1ª RETIFICACAO (9307778), ESTUDO TECNICO PRELIMINAR - ETP1ª RETIFICACAO (9308188), TERMO DE REFERENCIA 1ª RETIFICACAO (9308192) E ANEXOS DO SEI 26.29.000003965-9.                                               .                                                                           64 - TRANSFERENCIAS DE RECURSOS DO SUS - ATENCAO ESPECIALIZADA              ";Inexigibilidade de Licitação;000000982026
20262150018010110;23/04/2026 00:00:00;10459,60;;;0,00;;;0,00;33903000;MATERIAL DE CONSUMO;13169056000116;SECRETARIA MUNICIPAL DE SAUDE;0,00;SECRETARIA MUNICIPAL DE SAUDE                                                                                                                                                                                                                                ;SAUDE - 10;ASSISTENCIA HOSPITALAR E AMBULATORIAL - 302;TRANSFERENCIA DE RECURSOS DO SISTEMA UNICO DE SAUDE - SUS - BLOCO DE MANUTENCAO DAS ACOES E SERVICOS PUBLICOS DE SAUDE - 107;DOCTORMED EQUIPAMENTOS E PRODUTOS HOSPITALARES LTDA;"DESPESA COM MATERIAL CLINICO HOSPITALAR PARA ABASTECIMENTO DA SMS - 2ºPEDIDOFILHO DA ATA Nº 137/2025, PREGAO ELETRÔNICO Nº 90016/2025 MEMORANDO 151 GEREMO - PARECER 180 GERPSR - DESPACHO 323 PRECEL - PEDIDO DE COMPRAS 202/2026  SOLICITACAO FINANCEIRA 181911 - 2026. SCC  813801.                          .                                                                           1-FIO CIRURGICO CATIGUT CROMADO 4-0, COM AGULHA 3,0 CM CILINDRICA 1/2 ""CIRCULAR TECHNOFIO                                                               COD06093-3...............720,00 UN.............4,0100...............2.887,202-KIT DRENAGEM TORAXICA NR32 MEDSHARP                                       COD54039-0...............240,00 UN............24,0600...............5.774,403-SONDA NASOGASTRICA NR16 BIOSANI                                           COD31725-0...............1.450,00 UN...........1,2400...............1.798,00VALOR TOTAL........................................................10.459,60.                                                                             O PRAZO DE ENTREGA DOS BENS SERA EFETUADO NO PRAZO NAO SUPERIOR A 15  DIASUTEIS, CONTADOS APOS O RECEBIMENTO DA ORDEM DE ENTREGA OU NOTA DE EMPENHO/AUTORIZACAO DE FORNECIMENTO,ACOMPANHADOS DOS DOCUMENTOS FISCAIS RESPECTIVOS,DEVE CONTER, OBRIGATORIAMENTE, A ESPECIFICACAO DO ITEM, MARCA DO FABRICANTE E QUANTIDADE ENTREGUE, ENTREGA AGENDAMENTO PREVIO, ATRAVES DO E-MAIL :        CIAD.GOIANIA@BRANETOLGISTICA.COM.BR, ENTREGAS NO ALMOXARIFADO CENTRAL, AV.PERIMETRAL NORTE COND.GOIAZEM, BLOCO E, GALPAO 09 E 10, VILA JOAO VAZ, CEP: 74445-190, GOIANIA/GO.DEMAIS ESCLARECIMENTOS MEM.151(9530146)GEREMO, EDITAL PE90016-2025 (9530211)GEREMO E ANEXOS SEI 26.29.000008228-7.                  .                                                                           64 - TRANSFERENCIAS DE RECURSOS DO SUS - ATENCAO ESPECIALIZADA              ";Pregão;000900162025
20262150018010111;30/04/2026 00:00:00;96364,80;0192602026;23/07/2026 00:00:00;0,00;;;0,00;33903000;MATERIAL DE CONSUMO;16699864000183;SECRETARIA MUNICIPAL DE SAUDE;0,00;SECRETARIA MUNICIPAL DE SAUDE                                                                                                                                                                                                                                ;SAUDE - 10;ASSISTENCIA HOSPITALAR E AMBULATORIAL - 302;TRANSFERENCIA DE RECURSOS DO SISTEMA UNICO DE SAUDE - SUS - BLOCO DE MANUTENCAO DAS ACOES E SERVICOS PUBLICOS DE SAUDE - 107;SANTE MEDICA HOSPITALAR LTDA;64 - TRANSFERENCIAS DE RECURSOS DO SUS - ATENCAO ESPECIALIZADA              REEMPENHO COM DESPESA DE AQUISICAO DE MEDICAMENTOS PARA ABASTECIMENTO DAS   UNIDADES DE SAUDE/SMS ATA Nº 061/2025 PREGÃO ELETRONICO Nº 90007/2025       CONFORME NOTA FISCAL 12805 (01/04/2026) - TERMO DE ATESTO 10040738 (28/04/2026) - PEDIDO DE COMPRAS 425/2025 - SCC 787389 SOLICITACAO FINANCEIRA 182228-2026.                                                                       .                                                                           VALOR TOTAL........................................................96.364,80.                                                                           ;Pregão;000900072025
20262150018010111;30/04/2026 00:00:00;96364,80;0192622026;23/07/2026 00:00:00;96364,80;;;0,00;33903000;MATERIAL DE CONSUMO;16699864000183;SECRETARIA MUNICIPAL DE SAUDE;0,00;SECRETARIA MUNICIPAL DE SAUDE                                                                                                                                                                                                                                ;SAUDE - 10;ASSISTENCIA HOSPITALAR E AMBULATORIAL - 302;TRANSFERENCIA DE RECURSOS DO SISTEMA UNICO DE SAUDE - SUS - BLOCO DE MANUTENCAO DAS ACOES E SERVICOS PUBLICOS DE SAUDE - 107;SANTE MEDICA HOSPITALAR LTDA;64 - TRANSFERENCIAS DE RECURSOS DO SUS - ATENCAO ESPECIALIZADA              REEMPENHO COM DESPESA DE AQUISICAO DE MEDICAMENTOS PARA ABASTECIMENTO DAS   UNIDADES DE SAUDE/SMS ATA Nº 061/2025 PREGÃO ELETRONICO Nº 90007/2025       CONFORME NOTA FISCAL 12805 (01/04/2026) - TERMO DE ATESTO 10040738 (28/04/2026) - PEDIDO DE COMPRAS 425/2025 - SCC 787389 SOLICITACAO FINANCEIRA 182228-2026.                                                                       .                                                                           VALOR TOTAL........................................................96.364,80.                                                                           ;Pregão;000900072025
20262150018030106;15/04/2026 00:00:00;25743,00;;;0,00;;;0,00;33903000;MATERIAL DE CONSUMO;17771867000143;SECRETARIA MUNICIPAL DE SAUDE;0,00;SECRETARIA MUNICIPAL DE SAUDE                                                                                                                                                                                                                                ;SAUDE - 10;ASSISTENCIA HOSPITALAR E AMBULATORIAL - 302;TRANSFERENCIA DE RECURSOS DO SISTEMA UNICO DE SAUDE - SUS - BLOCO DE MANUTENCAO DAS ACOES E SERVICOS PUBLICOS DE SAUDE - 107;DBV COMERCIO DE MATERIAL HOSPITALAR LTDA - ME;MEMORANDO 150 GEREMO - RESOLUCAO 24 CCG - PARECER 181 GERPSR - DESPACHO 302 .                                                                           OBS: O FORNECIMENTO DEVERA SER EFETUADO C/ PRAZO NAO SUP. A 15 DIAS UTEIS   CONFORME TERMO DE REFERENCIA (9524093) CONTADOS A PARTIR DO                 RECEBIMENTO DA NOTA DE EMPENHO,ENTREGA EM PERFEITAS CONDICOES C/A DEVIDA    NOTA FISCAL, DETALHANDO MARCA/FABRICANTE/MODELO/TIPO/PROCEDENCIA. DEMAIS    ESCLARECIMENTOS CONFORME MEMO 150/2026, PARECER 181/2025, PE 90016/2025,    ATA 134/2025, PROCESSO SEI: 26.29.000008137-0 E DOCUMENTOS EM ANEXO.        .                                                                           LOCAL DA ENTREGA:ALMOXARIFADO CENTRAL SMS, AV.PERIMETRAL NORTE COND.GOIA    ZEM, BL.E, GALPOES 09/10, VL.JOAO VAZ, CEP:74.425-090, GO/GO. FONES:62-3    524-3401/3407, HORARIO:08:00 AS 17:00.                                      .                                                                           64 - TRANSFERENCIAS DE RECURSOS DO SUS - ATENCAO ESPECIALIZADA              SOLICITACAO FINANCEIRA: 181307/2026                                         PRECEL - PEDIDO DE COMPRAS 203/2026                                         .                                                                           01 (ITEM R22) - CATETER NASAL OXIGENIO TIPO OCULOS IFFANTIL                 MARCA: HAIBREATH                                                            COD:589292..............200UN..............01,29.....................258,00 02 (ITEM R31) - FILTRO DESCARTAVEL TIPO HEPA P/VENTILADOR MECANICO          MARCA: HAIBREATH                                                            COD:670553..............660UN..............09,90...................6.534,00 03 (ITEM R45) - FIO GUIA INTUBACAO INFANTIL ACO INOXIDAVEL                  MARCA: HAIBREATH                                                            COD:491420...............80UN..............19,90...................1.592,00 04 (ITEM R77) - SONDA ASPIRACAO TRAQUEAL SISTEMA FECHADO NR 10              MARCA: HAIBREATH                                                            COD:665029..............100UN..............20,00...................2.000,00 05 (ITEM R78) - SONDA ASPIRACAO TRAQUEAL SISTEMA FECHADO NR 14              MARCA: HAIBREATH                                                            COD:665010..............460UN..............20,00...................9.200,00 DESPESA COM AQUISICAO MATERIAL CLINICO HOSPITALAR PARA ABASTECIMENTO DA SMS - 2 PEDIDO FILHO DA ARP NR 134/2025, PREGAO ELETRONICO NR 90016/2025        06 (ITEM R95) - SONDA ENDOTRAQUEAL NR 7,5 C/BALAO - MARCA: HAIBREATH        COD:539147............1.700UN..............02,95...................5.015,00 07 (ITEM R99) - SONDA FOLEY 2 VIAS NR 10 - MARCA: HAIBREATH                 COD:259900..............400UN..............02,86...................1.144,00 VALOR TOTAL:......................................................25.743,00 ;Pregão;000900162026
20262150018030108;16/04/2026 00:00:00;286954,56;;;0,00;;;0,00;33903000;MATERIAL DE CONSUMO;28032039000100;SECRETARIA MUNICIPAL DE SAUDE;0,00;SECRETARIA MUNICIPAL DE SAUDE                                                                                                                                                                                                                                ;SAUDE - 10;ASSISTENCIA HOSPITALAR E AMBULATORIAL - 302;TRANSFERENCIA DE RECURSOS DO SISTEMA UNICO DE SAUDE - SUS - BLOCO DE MANUTENCAO DAS ACOES E SERVICOS PUBLICOS DE SAUDE - 107;AVENIR FURTADO DA SILVA NETO EIRELI - EPP;DESPESA COM FORNECIMENTO DE HORTIFRUTIGRANJEIROS E KITS ALIMENTICIOS        DESTINADOS A PRODUCAO E COMPLEMENTACAO DA ALIMENTACAO DOS MORADORES/        PACIENTES DASRESIDENCIAS TERAPEUTICAS E PSP WASSILY CHUC CONF. ESTUDO       TÉCNICO PRELIMINAR (6647904), PARECER Nº 139/2025-GERPSR, PEDIDO DE         COMPRAS Nº 271/2025 - SCC:799778 - SOLICITACAO FINANCEIRA:177748 - 2026.    .                                                                           1-ITEM-ABACATE IN NATURA FRUTA-AVENIR                                       COD43510-4...........840,00KG............7,9900...................6.711,60  2-ITEM ABACAXI IN NATURA PEROLA-AVENIR                                      COD60024-5...........1.512,00UN..........6,5000...................9.828,00  3-ITEM ABOBORA IN NATURA-AVENIR                                             COD02948-3................864,00KG............3,9000..............3.369,60  4-ITEM  ABOBRINHA LEGUME VERDE IN NATURA-AVENIR                             COD28627-3................576,00 KG...........4,9000..............2.822,40  5-ITEM ACELGA IN NATURA-AVENIR                                              COD40132-3...............288,00 UN.............6,4000.............1.843,20  6-ITEM ACAFRAO CONDIMENTO-AVENIR                                            COD19271-6...............18,00 KG..............17,9000..............322,20  7-ITEM AGRIAO IN NATURA-AVENIR                                              COD40133-1...............288,00 UN.............4,2800.............1.232.64  8-ITEM ALFACE IN NATURA-AVENIR                                              COD20111-1...............408,00 UN.............9,4000.............3.835,20  9-ITEM ALHO IN NATURA CONDIMENTO-AVENIR                                     COD02958-0...............192,00 KG.............23,0000............4.416,00  10-ITEM FRUTA IN NATURA AMEIXA-AVENIR                                       COD49652-9...............480,00 KG.............19,9000............9.552.00  11-ITEM BANANA IN NATURA MARMELO-AVENIR                                     COD25396-0...............864,00 KG.............6,0800.............5.253,12  12-ITEM BANANA IN NATURA MACA-AVENIR                                        COD02992-0...............1.392,00 KG...........8,5000............11.832,00  13-ITEM BANANA IN NATURA PRATA-AVENIR                                       COD32604-6...............1.392,00 KG...........6,4000.............8.908,80  14-ITEM BATATA IN NATURA DOCE-AVENIR                                        COD32355-1...............576,00 KG.............5,3300.............3.070,08  15-ITEM BATATA IN NATURA INGLESA-AVENIR                                     COD02950-5...............936,00 KG.............4,0000.............3.744,00  16-ITEM BERINGELA IN NATURA LEGUME-AVENIR                                   COD33934-2...............216,00 KG.............5,8000.............1.252,80  17-ITEM BETERRABA IN NATURA TUBERCULO-AVENIR                                COD02951-3...............576,00 KG.............4,4000.............2.534,40  18-ITEM BROCOLIS IN NATURA-AVENIR                                           COD45495-8...............288,00 UN.............6,4800.............1.866,24  19-ITEM CARA IN NATURA TUBERCULO-AVENIR                                     COD02956-4...............360,00 KG.............5,4000.............1.944,00  20-ITEM CEBOLA IN NATURA CONDIMENTO-AVENIR                                  COD02957-2...............924,00 KG.............4,0000.............3.696,00  21-ITEM CEBOLA IN NATURA ROXA-AVENIR                                        COD73900-6...............144,00 KG.............7,2200.............1.039,68  22-CEBOLINHA IN NATURA-AVENIR                                               COD53402-1...............636,00 UN.............4,9400.............3.141,84  23-ITEM CENOURA IN NATURA HORTALICA-AVENIR                                  COD02955-6...............636,00 KG.............4,8000.............3.052,80  24-ITEM CHUCHU IN NATURA LEGUME-AVENIR                                      COD02954-8...............576,00 KG.............4,8600.............2.799,36  25-ITEM  COENTRO IN NATURA-AVENIR                                           COD53403-0...............360,00 UN.............4,8600.............1.749.60  26-ITEM  CONDIMENTO COLORAU-AVENIR                                          COD49656-1...............18,00 KG..............18,0000..............324,00  27-ITEM COUVE IN NATURA FOLHA-AVENIR                                        COD19388-7...............360,00 UN.............5,2700.............1.897,20  28-ITEM COUVE IN NATURA FLOR-AVENIR                                         COD28623-0..............360,00 UN..............10,5000............3.780,00  29-ITEM INHAME IN NATURA-AVENIR                                             COD60089-0..............360,00 KG..............5,9000.............2.124,00  30-ITEM JILO IN NATURA FRUTO-AVENIR                                         COD28829-2................288,00 KG............9,0000.............2.592,00  31-ITEM LARANJA IN NATURA FRUTA PERA-AVENIR                                 COD02983-1................2.880,00 KG..........4,2400............12.211,20  32-ITEM LIMAO IN NATURA FRUTA TAITI-AVENIR                                  COD02984-0................552,00 KG............5,6700.............3.129,84  33-ITEM MACA IN NATURA FRUTA-AVENIR                                         COD19505-7...............1.560,00KG............12,3000...........19.188,00  34-ITEM MANDIOCA IN NATURA TUBERCULO-AVENIR                                 COD32948-7...............1.140,00KG............5,0800.............5.791,20  35-ITEM MAMAO IN NATURA FRUTA FORMOSA-AVENIR                                COD32345-4...............1.632,00 KG...........6,9500............11.342,40  36-ITEM MANGA IN NATURA FRUTA-AVENIR                                        COD37948-4...............960,00 KG.............7,4000.............7.104,00  37-ITEM MARACUJA IN NATURA FRUTA-AVENIR                                     COD34406-0...............696,00 KG.............15,3100...........10.655,76  38-MELAO IN NATURA FRUTA-AVENIR                                             COD26646-9...............1.680,00 KG...........7,6500............12.852,00  39-ITEM MELANCIA IN NATURA FRUTA-AVENIR                                     COD19401-8...............5.160,00 KG...........3,6000............18.576,00  40-ITEM MEXIRICA IN NATURA FRUTA-AVENIR                                     COD36612-9.................960,00 KG...........6,5600.............6.297,60  41-ITEM MILHO VERDE IN NATURA ESPIGA-AVENIR                                 COD20112-0.................4.320,00 UN.........1,2000.............5.184,00  42-OVO GRANJA CX C/12,0 UN-AVENIR                                           COD02994-7.................960,00 CX...........9,0000.............8.640,00  43-ITEM PEPINO IN NATURA FRUTA-AVENIR                                       COD19269-4...............288,00 KG.............6,5100.............1.874,88  44-ITEM PERA IN NATURA FRUTA-AVENIR                                         COD26175-0...............792,00 KG.............14,5000...........11.484,00  45-ITEM PIMENTA IN NATURA VERDE-AVENIR                                      COD32468-0..............42,00 KG...............19,5000..............819,00  46-ITEM PIMENTAO IN NATURA CONDIMENTO-AVENIR                                COD22422-7..............168,00 KG..............8,3000.............1.394,40  47-ITEM QUEIJO IN NATURA CURADO/MEIA CURA-AVENIR                            COD24884-3..............348,00 KG..............43,9000...........15.277,20  48-ITEM QUIABO IN NATURA - AVENIR                                           COD28625-7...............360,00 KG.............9,9800.............3.592,80  49-ITEM REPOLHO IN NATURA HORTALICA-AVENIR                                  COD03001-5...............432,00 KG.............4,2900.............1.853,28  50-ITEM REPOLHO IN NATURA ROXO HORTALICA-AVENIR                             COD73808-5...............288,00 KG.............4,9500.............1.425,60  51-RUCULA IN NATURA-AVENIR                                                  COD45496-6...............288,00UN..............4.5500.............1.310,40  52-ITEM SALSA IN NATURA-AVENIR                                              COD53404-8...............420,00UN..............4,6200.............1.940,40  53-ITEM TOMATE IN NATURA FRUTA-AVENIR                                       COD19268-6...............1.920,00 KG...........3.5000.............6.720,00  54-ITEM UVA IN NATURA FRUTA-AVENIR                                          COD32106-0...............288,00 KG.............15,0800............4.343,04  55-ITEM VAGEM IN NATURA-AVENIR                                              COD24293-4...............288,00 KG.............11,8500............3.412,80  .                                                                           VALOR TOTAL:....................................................286.954,56  .                                                                           A CONTRATADA DEVERA EXECUTAR O OBJETO EM CONFORMIDADE COM O TERMO DE REFE   RENCIA E CLAUSULAS CONTRATUAIS, BEM COMO NOS TERMOS DA PROPOSTA COMERCIAL,  ASSUMINDO EXCLUSIVAMENTE OS RISCOS E DESPESAS DECORRENTES DA BOA E PERFEI   TA EXECUCAO DO OBJETO. COMPETE A CONTRATADA EFETUAR A ENTREGA DOS BENS EM   PERFEITAS CONDICOES, NOS PRAZOS E LOCAIS ESTABELECIDOS PELA ADMINISTRACAO,  OBSERVANDO RIGOROSAMENTE AS ESPECIFICACOES DO EDITAL E DA PROPOSTA. OS PRO  DUTOS DEVERAO ESTAR ACOMPANHADOS DA RESPECTIVA NOTA FISCAL, COM CLARA INDI  CACAO DE QUANTIDADE, MARCA, NUMERO DE LOTE E PRAZO DE VALIDADE.AQUISICAO    PARA SUPRIR AS NECESSIDADES DAS RESIDENCIAS TERAPEUTICAS BEIJA-FLOR I E II, ESPERANCA I E II, NOVO MUNDO I E II E DO PRONTO SOCORRO PSIQUIATRICO WASSILYCHUC DA SMS  POR UM PERIODO DE 12(DOZE) MESES, CONFORME QUANTIDADE E EXIGEN CIAS ESTABELECIDAS NO PE 90053/2025, ESTUDO TECNICO PRELIMINAR - ETP - RETI FICADO NR 3 - (8601810), TERMO DE REFERENCIA - RETIFICADO NR 3 - (8601943)  E DEMAIS ANEXOS.                                                            .                                                                           107 - TRANSFERENCIA DE RECURSOS DO SISTEMA UNICO DE SAUDE - SUS - BLOCO DE  MANUTENCAO DAS ACOES E SERVICOS PUBLICOS DE SAUDE                           64 - TRANSFERENCIAS DE RECURSOS DO SUS - ATENCAO ESPECIALIZADA              ;Pregão;000900532025
20262150018710001;22/04/2026 00:00:00;5874,40;0133132026;20/05/2026 00:00:00;5874,40;202621500187100010001;25/05/2026 00:00:00;5874,40;33903000;MATERIAL DE CONSUMO;26457348000104;SECRETARIA MUNICIPAL DE SAUDE;0,00;SECRETARIA MUNICIPAL DE SAUDE                                                                                                                                                                                                                                ;SAUDE - 10;ASSISTENCIA HOSPITALAR E AMBULATORIAL - 302;TRANSFERENCIA DE RECURSOS DO SISTEMA UNICO DE SAUDE - SUS / ESTADOS - 131;C. A HOSPITALAR EIRELI;QUANNTIDADE ENTREGUE, ENTREGA COM AGENDAMENTO PREVIO PELO E-MAIL:           CIAD.GOIANIA@BRANETLOGISTICA.COM.BR, TELEFONES:62-3524-3401/3524-3407, O BEMDEVERA SER ENTREGUE NO ALMOXARIFADO CENTRAL DA SMS E NO SEGUINTE ENDEREçO:AVPERIMETRAL NORTE, CONDOMINIO GOIAZEM, BLOCO E, GALPAO 09 E 10, VILA JOAO VAZVE CONTER OBRIGATORIAMENTE, A ESPECIFICACAO DO ITEM, MARCA DO FABRICANTE E  RIZAçãO DE FORNECIMENTO E ACOMPANHADOS DOS DOCUMENTOS FISCAIS RESPECTIVOS,DEDIAS CORRIDOS,APOS O RECEBIMENTO DA ORDEM DE ENTREGA OU NOTA DE EMPENHO/AUTOO FORNECIMENTO DEVERA SER EFETUADO, COM PRAZO DE ENTREGA NAO SUPERIOR A 15  .                                                                           VALOR TOTAL.........................................................5.874,40COD01192-4...............3.100,00 FR...........1,6020...............4.966,202-HALOPERIDOL CLORIDRATO 5MG/ML INJETAVEL AMPOLA UNIAO QUIMICA              COD35359-0...............19.000,00UN...........0,0478.................908,201-DEXCLORFENIRAMINA 2 MG COMPRIMIDO GEOLAB                                  .                                                                           DE COMPRAS 253/2026 SOLICITACAO FINANCEIRA 182025 - 2026.                   026 MEMORANDO 203 GEREMO - PARECER 222 GERPSR - DESPACHO 369 PRECEL - PEDIDODE DA SMS -1º PEDIDO FILHO DA ARP Nº 32/2026 DO PREGAO ELETRONICO Nº 90007/2DESPESA COM AQUISICAO DE MEDICAMENTOS PARA ABASTECIMENTO DAS UNIDADES DE SAUCEP: 74.445-190, GOIANIA/GOIAS, DEMAIS ESCLARECIMENTOS MEM.203 (9909254)GEREMO, EDITAL (9909786)GEREMO E ANEXOS SEI 26.29.000013580-1.                  .                                                                           13 - ASSISTENCIA FARMACIA BASICA                                            ;Pregão;000900072026
20262150018710002;23/04/2026 00:00:00;42970,00;0187272026;20/07/2026 00:00:00;42970,00;;;0,00;33903000;MATERIAL DE CONSUMO;21681325000157;SECRETARIA MUNICIPAL DE SAUDE;0,00;SECRETARIA MUNICIPAL DE SAUDE                                                                                                                                                                                                                                ;SAUDE - 10;ASSISTENCIA HOSPITALAR E AMBULATORIAL - 302;TRANSFERENCIA DE RECURSOS DO SISTEMA UNICO DE SAUDE - SUS / ESTADOS - 131;MULTIFARMA COMERCIAL LTDA;DE COMPRAS 254/2026-SCC813878-SOLICITACAO FINANCEIRA 182023 - 2026.         .                                                                           1-ALBENDAZOL 400MG COMPRIMIDO PRATI DONADUZZI                               COD49968-4...............11.000,00 UN..........0,4200...............4.620,002-ATENOLOL 50 MG COMPRIMIDO PRATI DONADUZZI                                 COD40981-2...............60.000,00 UN..........0,0500...............3.000.003-CLONAZEPAM 2 MG COMPRIMIDO GEOLAB                                         COD10317-9...............564.000,00 UN.........0,0500..............28.200,004-FUROSEMIDA 40 MG COMPRIMIDO PRATI DONADUZZI                               COD01305-6...............143.000,00 UN.........0,0500...............7.150,00VALOR TOTAL........................................................42.970,00.                                                                           O FORNECIMENTO DEVERA SER EFETUADO,C/PRAZO DE ENTREGA NAO SUPERIOR A 15 DIASCORRIDOS, APOS O RECEBIMENTO DA ORDEM DE ENTREGA OU NOTA DE EMPENHO/AUTORIZACAO DE FORNECIMENTO E ACOMPANHADOS DOS DOCUMENTOS FISCAIS RESPECTIVOS, DEVE CONTER, OBRIGATORIAMENTE,A ESPECIFICACAO DO ITEM,MARCA DO FABRICANTE E QUAN-TIDADE ENTREGUE, MEDIANTE AGENDAMENTO PREVIO PELO EMAIL:                    CIAD.GOIANIA@BRANETLOGISTICA.COM.BR, NO ALMOXARIFADO CENTRAL SMS, AV.PERIME-TRAL NORTE CONDOMINIO GOIAZEM, BLOCO E, GALPAO 09 E 10, VILA JOAO VAZ, CEP: 74.445-190, GOIANIA/GO.TELEFONES: (62) 3524-3401 / 3524-3407, NO HORARIO DAS08H00MIN AS 17H00MIN.DEMAIS ESCLARECIMENTOS MEM.201(9908498)GEREMO,EDITAL (9908513)GEREMO E ANEXOS SEI 26.29.000013578-0.                               .                                                                           13 - ASSISTENCIA FARMACIA BASICA                                            DESPESA COM AQUISICAO DE MEDICAMENTOS PARA ARASTECIMENTO DAS UNIDADES DE SAUDE DA SMS - 1º PEDIDO FILHO DA ARP Nº 30/2026 DO PREGAO ELETRONICO Nº 90007/2026 MEMORANDO 201 GEREMO - PARECER 223 GERPSR - DESPACHO 371 PRECEL - PEDI.;Pregão;000900072026
20262150018710003;23/04/2026 00:00:00;8625,00;0190782026;22/07/2026 00:00:00;8625,00;;;0,00;33903000;MATERIAL DE CONSUMO;22862531000126;SECRETARIA MUNICIPAL DE SAUDE;0,00;SECRETARIA MUNICIPAL DE SAUDE                                                                                                                                                                                                                                ;SAUDE - 10;ASSISTENCIA HOSPITALAR E AMBULATORIAL - 302;TRANSFERENCIA DE RECURSOS DO SISTEMA UNICO DE SAUDE - SUS / ESTADOS - 131;TOP NORTE COMERCIO DE MATERIAL MEDICO HOSPITALAR LTDA;SMS AV.PERIMETRAL NORTE, COND.GOIAZEM, BL.E, GALPAO 09 E 10, VILA JOAO VAZ, CEP: 74.445-190, GOIANIA - GOIAS. TELEFONES: (62) 3524-3401 / 3524-3407, NO HORáRIO DAS 08H00MIN AS 17H00MIN. DEMAIS ESCLARECIMENTOS MEM.202 (9908519)GEREMO, EDITAL (9908526)GEREMO E ANEXOS SEI 26.29.000013579-8.                .                                                                           13 - ASSISTENCIA FARMACIA BASICA                                            CIAD.GOIANIA@BRANETLOGISTICA.COM.BR, SER ENTREGUE NO ALMOXARIFADO CENTRAL DATIDADE ENTREGUE, A QUAL DEVERA SER AGENDADA PREVIAMENTE ATRAVÉS DO EMAIL:   CONTER, OBRIGATORIAMENTE,A ESPECIFICACAO DO ITEM, MARCA DO FABRICANTE E QUANCAO DE FORNECIMENTO E ACOMPANHADOS DOS DOCUMENTOS FISCAIS RESPECTIVOS,DEVE  CORRIDOS,APOS O RECEBIMENTO DA ORDEM DE ENTREGA OU NOTA DE EMPENHO/AUTORIZA-O FORNECIMENTO DEVERA SER EFETUADO,C/PRAZO DE ENTREGA NAO SUPERIOR A 15 DIAS.                                                                           VALOR TOTAL.........................................................8.625,00COD14653-6...............7.500,00 FR...........1,1500...............8.625,001-ALBENDAZOL 40 MG/ML SUSPENSAO FR C/10,0ML GEOLAB                          .                                                                           813886 - SOLICITACAO FINANCEIRA 182051 - 2026.                              - PARECER 221 GERPSR - DESPACHO 378 PRECEL - PEDIDO DE COMPRAS 252/2026 SCC:LHO DA ARP Nº 31/2026 DO PREGAO ELETRONICO Nº90007/2026 MEMORANDO 202 GEREMODESPESA COM AQUISICAO DE MEDICAMENTOS PARA ABASTECIMENTO DA SMS -1º PED. FI-;Pregão;000900072026
20262150018710004;24/04/2026 00:00:00;6416,00;0193102026;23/07/2026 00:00:00;6371,20;;;0,00;33903000;MATERIAL DE CONSUMO;29614830000190;SECRETARIA MUNICIPAL DE SAUDE;0,00;SECRETARIA MUNICIPAL DE SAUDE                                                                                                                                                                                                                                ;SAUDE - 10;ASSISTENCIA HOSPITALAR E AMBULATORIAL - 302;TRANSFERENCIA DE RECURSOS DO SISTEMA UNICO DE SAUDE - SUS / ESTADOS - 131;MEDITON FARMACEUTICA LTDA;VALOR TOTAL:.......................................................6.416,00 ENTREGA OU NOTA DE EMPENHO/AUTORIZACAO DE FORNECIMENTO E ACOMPANHADOS DOS DOCUMENTOS FISCAIS RESPECTIVOS, DEVE CONTER, OBRIGATORIAMENTE, A ESPECIFICACA DO ITEM, MARCA DO FABRICANTE, QUANTIDADE ENTREGUE, ENTREGA C/AGENDAMENTO PREVIO NO EMAIL:CIAD.GOIANIA@BRANETLOGISTICA.COM.BR, TELEFONES(62)3524-3401, 3524-3407,HORARIO:08:00 AS 17:00.LOCAL DA ENTREGA:ALMOXARIFADO CENTRAL SMS, AVPERIMETRAL NORTE COND.GOIAZEM, BL.E, GALPOES 09/10, VL.JOAO VAZ, CEP:74.425-090, GO/GO.DEMAIS ESCLARECIMENTOS MEM.205(9910681)GEREMO, EDITAL (9910956)GEREMO, PARECER 224 (9916461)GERPSR E ANEXOS SEI 26.29.000013582-8.           .                                                                           13 - ASSISTENCIA FARMACIA BASICA                                            .                                                                           O FORNECIMENTO DEVERA SER EFETUADO C/PRAZO NAO SUP.A 15 DIAS CORRIDOS_CONFORME TERMO DE REFERENCIA(9910956)CONTADOS A PARTIR DO RECEBIMENTO DA ORDEM DE DESPESA COM AQUISICAO DE MEDICAMENTOS PARA ABASTECIMENTO DA SMS -1 PEDIDO FILHO DA ARP NR 35/2026 DO PREGAO ELETRONICO NR 90007/2026                    MEMORANDO 205 GEREMO - PARECER 224 GERPSR - DESPACHO 380 PRECEL - PEDIDO DE COMPRAS 255/2026 SOLICITACAO FINANCEIRA: 182053/2026-SCC 813908.            .                                                                           01- ISOSSORBIDA DINITRATO 5MG COMPRIMIDO SUBLINGUAL - MARCA:EMS             COD:014591............3.400UN..............00,34...................1.156,00 02- NITROFURANTOINA 100MG COMPRIMIDO - MARCA: TEUTO                         COD:015393...........15.000UN..............00,28...................4.200,00 03-SULFATO POLIMIXINA B SULF.10000UI/ML+SUL F.NEOMICINA 3,5MG/ML+ACET.FLUOCINOLONA 0,25MG/ML+CLORIDRATO LIDOCAINA 20MG/ML GEOLAB                        COD:717460............2.000ML..............00,53...................1.060,00 ;Pregão;000900072026
20262150018710005;24/04/2026 00:00:00;42416,00;0187202026;20/07/2026 00:00:00;42396,72;;;0,00;33903000;MATERIAL DE CONSUMO;34707920000166;SECRETARIA MUNICIPAL DE SAUDE;0,00;SECRETARIA MUNICIPAL DE SAUDE                                                                                                                                                                                                                                ;SAUDE - 10;ASSISTENCIA HOSPITALAR E AMBULATORIAL - 302;TRANSFERENCIA DE RECURSOS DO SISTEMA UNICO DE SAUDE - SUS / ESTADOS - 131;ONMED DISTRIBUIDORA DE MEDICAMENTOS EIRELI;OBS: O FORNECIMENTO DEVERA SER EFETUADO C/ PRAZO NAO SUP. A 15 DIAS CORRIDOSCONFORME TERMO DE REFERENCIA(9911631)CONTADOS A PARTIR DO RECEBIMENTO DA    NOTA DE EMPENHO/AUTORIZACAO DE FORNECIMENTO E ACOMPANHADOS DOS DOCUMENTOS   FISCAIS RESPECTIVOS, DEVE CONTER, OBRIGATORIAMENTE, A ESPECIFICACAO DO ITEM MARCA DO FABRICANTE,QUANTIDADE ENTREGUE, ENTREGA C/AGENDAMENTO NO EMAIL:    CIAD.GOIANIA@BRANETLOGISTICA.COM.BR, FONES:62-3524-3401/3407, HORARIO:08:00 AS 17:00.LOCAL DA ENTREGA:ALMOXARIFADO CENTRAL SMS, AV.PERIMETRAL NORTE CONDGOIAZEM, BL.E, GALPOES 09/10, VL.JOAO VAZ, CEP:74.425-090, GO/GO. DEMAIS ES CLARECIMENTOS MEMORANDO 206 (9911114)GEREMO, EDITAL (9911631)GEREMO E ANEXOSSEI 26.29.000013583-6.                                                      .                                                                           VALOR TOTAL:......................................................42.416,00 COD:530832...........22.000UN..............1,928..................42.416,00 GADA - MARCA:ROCHE                                                          01 (ITEM R24) - LEVODOPA 100MG + BENZERAZIDA 25MG CAPSULA LIBERACAO PROLON  .                                                                           COMPRAS 256/2026_ SCC 813916  SOLICITACAO FINANCEIRA: 182020/2026.          MEMORANDO 206 GEREMO - PARECER 225 GERPSR - DESPACHO 373 PRECEL - PEDIDO DE DE DA SMS -1  PEDIDO FILHO DA ARP 36/2026 - PREGAO ELETRONICO NR 90007/2026.DESPESA COM AQUISICAO DE MEDICAMENTOS PARA ABASTECIMENTO DAS UNIDADES DE SAU.                                                                           13 - ASSISTENCIA FARMACIA BASICA                                            ;Pregão;000900072026
20262150018710006;24/04/2026 00:00:00;52540,00;0168712026;26/06/2026 00:00:00;52536,30;202621500187100060001;26/06/2026 00:00:00;52536,30;33903000;MATERIAL DE CONSUMO;12889035000293;SECRETARIA MUNICIPAL DE SAUDE;0,00;SECRETARIA MUNICIPAL DE SAUDE                                                                                                                                                                                                                                ;SAUDE - 10;ASSISTENCIA HOSPITALAR E AMBULATORIAL - 302;TRANSFERENCIA DE RECURSOS DO SISTEMA UNICO DE SAUDE - SUS / ESTADOS - 131;INOVAMED HOSPITALAR LTDA;DESPESA COM AQUISICAO DE MEDICAMENTOS PARA ABASTECIMENTO SMS - 1  PEDIDO FILHO DA ARP NR 037/2026 -PREGAO ELETRONICO NR 90007/2026.                     MEMORANDO 207 GEREMO - PARECER 226 GERPSR - DESPACHO 377 PRECEL - PEDIDO DE COMPRAS 257/2026                                                            .                                                                           01 (ITEM R27) - METOPROLOL SUCCINATO 50MG COMPRIMIDO - MARCA:CIMED          COD:462896..........142.000UN..............00,37..................52.540,00 VALOR TOTAL:......................................................52.540,00 .                                                                           OBS: O FORNECIMENTO DEVERA SER EFETUADO C/ PRAZO NAO SUP. A 15 DIAS         CORRIDOS CONFORME TERMO DE REFERENCIA (9912136) CONTADOS A PARTIR DO        RECEBIMENTO DA NOTA DE EMPENHO,ENTREGA EM PERFEITAS CONDICOES C/A DEVIDA    NOTA FISCAL, DETALHANDO MARCA/FABRICANTE/MODELO/TIPO/PROCEDENCIA. DEMAIS    ESCLARECIMENTOS CONFORME MEMO 207/2026, PARECER 226/2025, PE 90007/2026,    ATA 37/2026, PROCESSO SEI: 26.29.000013585-2 E DOCUMENTOS EM ANEXO.         .                                                                           LOCAL DA ENTREGA:ALMOXARIFADO CENTRAL SMS, AV.PERIMETRAL NORTE COND.GOIA    ZEM, BL.E, GALPOES 09/10, VL.JOAO VAZ, CEP:74.425-090, GO/GO. FONES:62-3    524-3401/3407, HORARIO:08:00 AS 17:00.                                      .                                                                           13 - TRANSFERENCIAS DE RECURSOS DO SUS - ASSITENCIA FARMACEUTICA            SOLICITACAO FINANCEIRA: 182049/2026                                         ;Pregão;000900072026
20262150018710007;24/04/2026 00:00:00;157760,00;0193262026;23/07/2026 00:00:00;157760,00;;;0,00;33903000;MATERIAL DE CONSUMO;21595464000168;SECRETARIA MUNICIPAL DE SAUDE;0,00;SECRETARIA MUNICIPAL DE SAUDE                                                                                                                                                                                                                                ;SAUDE - 10;ASSISTENCIA HOSPITALAR E AMBULATORIAL - 302;TRANSFERENCIA DE RECURSOS DO SISTEMA UNICO DE SAUDE - SUS / ESTADOS - 131;UNI HOSPITALAR CEARA LTDA;DESPESA COM AQUISICAO DE MEDICAMENTOS PARA ABASTECIMENTO DAS UNIDADES DE SAUDE DA SMS -1  PEDIDO FILHO DA ARP 33/2026 - PREGAO ELETRONICO NR 90007/2026.MEMORANDO 204 GEREMO - PARECER 220 GERPSR - DESPACHO 372 PRECEL - PEDIDO DE COMPRAS 251/2026                                                            .                                                                           01 (ITEM R07) - BUDESONIDA AEROSSOL NASAL 50MCG/DOSE FRASCO C/VALVULA DOSI  FICADORA - MARCA: EUROFARMA                                                 COD:722103..........544.000UN..............00,29.................157.760,00 VALOR TOTAL:.....................................................157.760,00 .                                                                           OBS: O FORNECIMENTO DEVERA SER EFETUADO C/ PRAZO NAO SUP. A 15 DIAS         CORRIDOS CONFORME TERMO DE REFERENCIA (9910297) CONTADOS A PARTIR DO        RECEBIMENTO DA NOTA DE EMPENHO,ENTREGA EM PERFEITAS CONDICOES C/A DEVIDA    NOTA FISCAL, DETALHANDO MARCA/FABRICANTE/MODELO/TIPO/PROCEDENCIA. DEMAIS    ESCLARECIMENTOS CONFORME MEMO 204/2026, PARECER 220/2025, PE 90007/2026,    ATA 33/2026, PROCESSO SEI: 26.29.000013581-0 E DOCUMENTOS EM ANEXO.         .                                                                           LOCAL DA ENTREGA:ALMOXARIFADO CENTRAL SMS, AV.PERIMETRAL NORTE COND.GOIA    ZEM, BL.E, GALPOES 09/10, VL.JOAO VAZ, CEP:74.425-090, GO/GO. FONES:62-3    524-3401/3407, HORARIO:08:00 AS 17:00.                                      .                                                                           13 - TRANSFERENCIAS DE RECURSOS DO SUS - ASSITENCIA FARMACEUTICA            SOLICITACAO FINANCEIRA: 182021/2026                                         ;Pregão;000900072026
20262150019310010;17/04/2026 00:00:00;2428,95;0169212026;26/06/2026 00:00:00;2428,95;202621500193100100001;26/06/2026 00:00:00;0,00;33903200;MATERIAL DE DISTRIBUICAO GRATUITA;19362945000181;SECRETARIA MUNICIPAL DE SAUDE;0,00;SECRETARIA MUNICIPAL DE SAUDE                                                                                                                                                                                                                                ;SAUDE - 10;ASSISTENCIA HOSPITALAR E AMBULATORIAL - 302;TRANSFERENCIA DE RECURSOS DO SISTEMA UNICO DE SAUDE - SUS - BLOCO DE MANUTENCAO DAS ACOES E SERVICOS PUBLICOS DE SAUDE - 107;G2 COMERCIO E SERVICOS LTDA;DESPESA COM MATERIAL CLINICO HOSPITALAR A FIM DE GARANTIR O CUMPRIMENTO     DA DECISAO JUDICIAL -PROCESSO 5401578-86.2025.8.09.0051 - EM FAVOR DA       REQUERENTE RAVILA VITORIA FERNANDES - SCC:802710                            DESPACHO 13850 PJUD - PARECER 296 GERPSR - AVISO 103 DISPENSA ELETRONICA    DESPACHO 1134 GEREMO - DESPACHO 1102 GERCOM -ITEM 02                        .                                                                           02 - KIT SONDA BOTTON COM BALAO KFF PARA GTT 14 FRX 1CM MIC-KEY             MARCA: TOTAL MEDICA                                                         COD:738832...............01UN...........2.428,95...............2.428,95     VALOR TOTAL:...................................................2.428,95     SERA EM REMESSA UNICA, NO PRAZO NAO SUPERIOR A 20 DIAS CORRIDOS, CONTA      DOS APOS O RECEBIMENTO DA ORDEM DE ENTREGA OU NOTA DE EMPENHO/AUTORIZA      CAO DE FORNECIMENTO, ACOMPANHADOS DOS DOCUMENTOS FISCAIS RESPECTIVOS,       DEVE CONTER, OBRIGATORIAMENTE, A ESPECIFICACAO DO ITEM, MARCA DO FABRI      CANTE E QUANTIDADE ENTREGUE, BEM COMO O SEU ACONDICIONAMENTO.               .                                                                           OS BENS DEVERAO SER ENTREGUES NO ALMOXARIFADO CENTRAL DA SECRETARIA         MUNICIPAL DE SAUDE, NO SEGUINTE ENDERECO: AVENIDA PERIMETRAL NORTE,         CONDOMINIO GOIAZEM, BLOCO E, GALPAO 09 E 10, VILA JOAO VAZ, CEP:            74.425-090, GOIANIA.                                                        .                                                                           64 - TRANSFERENCIAS DE RECURSOS DO SUS - ATENCAO ESPECIALIZADA              SOLICITACAO FINANCEIRA:179855/2026                                          ;Dispensa de Licitação;000000472026
20262150019310010;17/04/2026 00:00:00;2428,95;0169212026;26/06/2026 00:00:00;2428,95;202621500193100100002;01/07/2026 00:00:00;0,00;33903200;MATERIAL DE DISTRIBUICAO GRATUITA;19362945000181;SECRETARIA MUNICIPAL DE SAUDE;0,00;SECRETARIA MUNICIPAL DE SAUDE                                                                                                                                                                                                                                ;SAUDE - 10;ASSISTENCIA HOSPITALAR E AMBULATORIAL - 302;TRANSFERENCIA DE RECURSOS DO SISTEMA UNICO DE SAUDE - SUS - BLOCO DE MANUTENCAO DAS ACOES E SERVICOS PUBLICOS DE SAUDE - 107;G2 COMERCIO E SERVICOS LTDA;DESPESA COM MATERIAL CLINICO HOSPITALAR A FIM DE GARANTIR O CUMPRIMENTO     DA DECISAO JUDICIAL -PROCESSO 5401578-86.2025.8.09.0051 - EM FAVOR DA       REQUERENTE RAVILA VITORIA FERNANDES - SCC:802710                            DESPACHO 13850 PJUD - PARECER 296 GERPSR - AVISO 103 DISPENSA ELETRONICA    DESPACHO 1134 GEREMO - DESPACHO 1102 GERCOM -ITEM 02                        .                                                                           02 - KIT SONDA BOTTON COM BALAO KFF PARA GTT 14 FRX 1CM MIC-KEY             MARCA: TOTAL MEDICA                                                         COD:738832...............01UN...........2.428,95...............2.428,95     VALOR TOTAL:...................................................2.428,95     SERA EM REMESSA UNICA, NO PRAZO NAO SUPERIOR A 20 DIAS CORRIDOS, CONTA      DOS APOS O RECEBIMENTO DA ORDEM DE ENTREGA OU NOTA DE EMPENHO/AUTORIZA      CAO DE FORNECIMENTO, ACOMPANHADOS DOS DOCUMENTOS FISCAIS RESPECTIVOS,       DEVE CONTER, OBRIGATORIAMENTE, A ESPECIFICACAO DO ITEM, MARCA DO FABRI      CANTE E QUANTIDADE ENTREGUE, BEM COMO O SEU ACONDICIONAMENTO.               .                                                                           OS BENS DEVERAO SER ENTREGUES NO ALMOXARIFADO CENTRAL DA SECRETARIA         MUNICIPAL DE SAUDE, NO SEGUINTE ENDERECO: AVENIDA PERIMETRAL NORTE,         CONDOMINIO GOIAZEM, BLOCO E, GALPAO 09 E 10, VILA JOAO VAZ, CEP:            74.425-090, GOIANIA.                                                        .                                                                           64 - TRANSFERENCIAS DE RECURSOS DO SUS - ATENCAO ESPECIALIZADA              SOLICITACAO FINANCEIRA:179855/2026                                          ;Dispensa de Licitação;000000472026
20262150019310011;17/04/2026 00:00:00;20449,00;;;0,00;;;0,00;33903200;MATERIAL DE DISTRIBUICAO GRATUITA;59834889000155;SECRETARIA MUNICIPAL DE SAUDE;0,00;SECRETARIA MUNICIPAL DE SAUDE                                                                                                                                                                                                                                ;SAUDE - 10;ASSISTENCIA HOSPITALAR E AMBULATORIAL - 302;TRANSFERENCIA DE RECURSOS DO SISTEMA UNICO DE SAUDE - SUS - BLOCO DE MANUTENCAO DAS ACOES E SERVICOS PUBLICOS DE SAUDE - 107;NOVORTHEC COMRCIO INTEGRADO LTDA;DESPESA COM MATERIAL CLINICO HOSPITALAR A FIM DE GARANTIR O CUMPRIMENTO     DA DECISAO JUDICIAL -PROCESSO 5401578-86.2025.8.09.0051 - EM FAVOR DA       REQUERENTE RAVILA VITORIA FERNANDES - SCC:802710                            DESPACHO 13850 PJUD - PARECER 296 GERPSR - AVISO 103 DISPENSA ELETRONICA    DESPACHO 1134 GEREMO - DESPACHO 1102 GERCOM -ITEM 02                        .                                                                           01 - CARRINHO POSTURAL INFANTIL - MARCA: OTTOBOCK                           COD:738859...............01UN..........20.449,00..............20.449,00     VALOR TOTAL:..................................................20.449,00     .                                                                           SERA EM REMESSA UNICA, NO PRAZO NAO SUPERIOR A 20 DIAS CORRIDOS, CONTA      DOS APOS O RECEBIMENTO DA ORDEM DE ENTREGA OU NOTA DE EMPENHO/AUTORIZA      CAO DE FORNECIMENTO, ACOMPANHADOS DOS DOCUMENTOS FISCAIS RESPECTIVOS,       DEVE CONTER, OBRIGATORIAMENTE, A ESPECIFICACAO DO ITEM, MARCA DO FABRI      CANTE E QUANTIDADE ENTREGUE, BEM COMO O SEU ACONDICIONAMENTO.               .                                                                           OS BENS DEVERAO SER ENTREGUES NO ALMOXARIFADO CENTRAL DA SECRETARIA         MUNICIPAL DE SAUDE, NO SEGUINTE ENDERECO: AVENIDA PERIMETRAL NORTE,         CONDOMINIO GOIAZEM, BLOCO E, GALPAO 09 E 10, VILA JOAO VAZ, CEP:            74.425-090, GOIANIA.                                                        .                                                                           64 - TRANSFERENCIAS DE RECURSOS DO SUS - ATENCAO ESPECIALIZADA              SOLICITACAO FINANCEIRA:179853/2026                                          ;Dispensa de Licitação;000000472026
20262150019410004;08/04/2026 00:00:00;200000,00;;;0,00;;;0,00;33903300;PASSAGENS E DESPESAS COM LOCOMOCAO;06955770000174;SECRETARIA MUNICIPAL DE SAUDE;200000,00;SECRETARIA MUNICIPAL DE SAUDE                                                                                                                                                                                                                                ;SAUDE - 10;ASSISTENCIA HOSPITALAR E AMBULATORIAL - 302;TRANSFERENCIA DE RECURSOS DO SISTEMA UNICO DE SAUDE - SUS - BLOCO DE MANUTENCAO DAS ACOES E SERVICOS PUBLICOS DE SAUDE - 107;R MORAES AGENCIA DE TURISMO EIRELI;DESPESA COM CONTRATO NR 330/2021 RELATIVO A CONTRATACAO DE EMPRESA PARA PRESTACAO DE SERVICO DE AGENCIAMENTO E GERENCIAMENTO DE VIAGENS                 VALORES REFERENTES A ABRIL A MAIO/2026, PEDIDO DE COMPRA NR 128/2025, SCC 534570-5                                                                      .                                                                           VALOR TOTAL:....................................................200.000,00  .                                                                           64 - TRANSFERENCIAS DE RECURSOS DO SUS - ATENCAO ESPECIALIZADA              SOLICITACAO FINANCEIRA: 181651/2026                                         ;Outros (Convênios, ajustes, similares, etc.);000000412020
20262150019410005;17/04/2026 00:00:00;306860,39;0105722026;23/04/2026 00:00:00;6390,03;202621500194100050006;08/06/2026 00:00:00;6390,03;33903300;PASSAGENS E DESPESAS COM LOCOMOCAO;06955770000174;SECRETARIA MUNICIPAL DE SAUDE;0,00;SECRETARIA MUNICIPAL DE SAUDE                                                                                                                                                                                                                                ;SAUDE - 10;ASSISTENCIA HOSPITALAR E AMBULATORIAL - 302;TRANSFERENCIA DE RECURSOS DO SISTEMA UNICO DE SAUDE - SUS - BLOCO DE MANUTENCAO DAS ACOES E SERVICOS PUBLICOS DE SAUDE - 107;R MORAES AGENCIA DE TURISMO EIRELI;DESPESA COM CONTRATO NR 330/2021 RELATIVO A CONTRATACAO DE EMPRESA PARA PRESTACAO DE SERVICO DE AGENCIAMENTO E GERENCIAMENTO DE VIAGENS                 VALORES REFERENTES A ABRIL A MAIO/2026, PEDIDO DE COMPRA NR 128/2025, SCC 534570-5                                                                      .                                                                           VALOR TOTAL:....................................................306.860,39  .                                                                           64 - TRANSFERENCIAS DE RECURSOS DO SUS - ATENCAO ESPECIALIZADA              SOLICITACAO FINANCEIRA: 181967/2026                                         ;Outros (Convênios, ajustes, similares, etc.);000000412020
20262150019410005;17/04/2026 00:00:00;306860,39;0105802026;23/04/2026 00:00:00;238683,73;202621500194100050003;28/04/2026 00:00:00;238683,73;33903300;PASSAGENS E DESPESAS COM LOCOMOCAO;06955770000174;SECRETARIA MUNICIPAL DE SAUDE;0,00;SECRETARIA MUNICIPAL DE SAUDE                                                                                                                                                                                                                                ;SAUDE - 10;ASSISTENCIA HOSPITALAR E AMBULATORIAL - 302;TRANSFERENCIA DE RECURSOS DO SISTEMA UNICO DE SAUDE - SUS - BLOCO DE MANUTENCAO DAS ACOES E SERVICOS PUBLICOS DE SAUDE - 107;R MORAES AGENCIA DE TURISMO EIRELI;DESPESA COM CONTRATO NR 330/2021 RELATIVO A CONTRATACAO DE EMPRESA PARA PRESTACAO DE SERVICO DE AGENCIAMENTO E GERENCIAMENTO DE VIAGENS                 VALORES REFERENTES A ABRIL A MAIO/2026, PEDIDO DE COMPRA NR 128/2025, SCC 534570-5                                                                      .                                                                           VALOR TOTAL:....................................................306.860,39  .                                                                           64 - TRANSFERENCIAS DE RECURSOS DO SUS - ATENCAO ESPECIALIZADA              SOLICITACAO FINANCEIRA: 181967/2026                                         ;Outros (Convênios, ajustes, similares, etc.);000000412020
20262150019410005;17/04/2026 00:00:00;306860,39;0105822026;23/04/2026 00:00:00;4078,37;202621500194100050002;28/04/2026 00:00:00;4078,37;33903300;PASSAGENS E DESPESAS COM LOCOMOCAO;06955770000174;SECRETARIA MUNICIPAL DE SAUDE;0,00;SECRETARIA MUNICIPAL DE SAUDE                                                                                                                                                                                                                                ;SAUDE - 10;ASSISTENCIA HOSPITALAR E AMBULATORIAL - 302;TRANSFERENCIA DE RECURSOS DO SISTEMA UNICO DE SAUDE - SUS - BLOCO DE MANUTENCAO DAS ACOES E SERVICOS PUBLICOS DE SAUDE - 107;R MORAES AGENCIA DE TURISMO EIRELI;DESPESA COM CONTRATO NR 330/2021 RELATIVO A CONTRATACAO DE EMPRESA PARA PRESTACAO DE SERVICO DE AGENCIAMENTO E GERENCIAMENTO DE VIAGENS                 VALORES REFERENTES A ABRIL A MAIO/2026, PEDIDO DE COMPRA NR 128/2025, SCC 534570-5                                                                      .                                                                           VALOR TOTAL:....................................................306.860,39  .                                                                           64 - TRANSFERENCIAS DE RECURSOS DO SUS - ATENCAO ESPECIALIZADA              SOLICITACAO FINANCEIRA: 181967/2026                                         ;Outros (Convênios, ajustes, similares, etc.);000000412020
20262150019410005;17/04/2026 00:00:00;306860,39;0105842026;23/04/2026 00:00:00;3285,42;202621500194100050001;28/04/2026 00:00:00;3285,42;33903300;PASSAGENS E DESPESAS COM LOCOMOCAO;06955770000174;SECRETARIA MUNICIPAL DE SAUDE;0,00;SECRETARIA MUNICIPAL DE SAUDE                                                                                                                                                                                                                                ;SAUDE - 10;ASSISTENCIA HOSPITALAR E AMBULATORIAL - 302;TRANSFERENCIA DE RECURSOS DO SISTEMA UNICO DE SAUDE - SUS - BLOCO DE MANUTENCAO DAS ACOES E SERVICOS PUBLICOS DE SAUDE - 107;R MORAES AGENCIA DE TURISMO EIRELI;DESPESA COM CONTRATO NR 330/2021 RELATIVO A CONTRATACAO DE EMPRESA PARA PRESTACAO DE SERVICO DE AGENCIAMENTO E GERENCIAMENTO DE VIAGENS                 VALORES REFERENTES A ABRIL A MAIO/2026, PEDIDO DE COMPRA NR 128/2025, SCC 534570-5                                                                      .                                                                           VALOR TOTAL:....................................................306.860,39  .                                                                           64 - TRANSFERENCIAS DE RECURSOS DO SUS - ATENCAO ESPECIALIZADA              SOLICITACAO FINANCEIRA: 181967/2026                                         ;Outros (Convênios, ajustes, similares, etc.);000000412020
20262150019410005;17/04/2026 00:00:00;306860,39;0130292026;19/05/2026 00:00:00;6844,21;202621500194100050004;27/05/2026 00:00:00;6844,21;33903300;PASSAGENS E DESPESAS COM LOCOMOCAO;06955770000174;SECRETARIA MUNICIPAL DE SAUDE;0,00;SECRETARIA MUNICIPAL DE SAUDE                                                                                                                                                                                                                                ;SAUDE - 10;ASSISTENCIA HOSPITALAR E AMBULATORIAL - 302;TRANSFERENCIA DE RECURSOS DO SISTEMA UNICO DE SAUDE - SUS - BLOCO DE MANUTENCAO DAS ACOES E SERVICOS PUBLICOS DE SAUDE - 107;R MORAES AGENCIA DE TURISMO EIRELI;DESPESA COM CONTRATO NR 330/2021 RELATIVO A CONTRATACAO DE EMPRESA PARA PRESTACAO DE SERVICO DE AGENCIAMENTO E GERENCIAMENTO DE VIAGENS                 VALORES REFERENTES A ABRIL A MAIO/2026, PEDIDO DE COMPRA NR 128/2025, SCC 534570-5                                                                      .                                                                           VALOR TOTAL:....................................................306.860,39  .                                                                           64 - TRANSFERENCIAS DE RECURSOS DO SUS - ATENCAO ESPECIALIZADA              SOLICITACAO FINANCEIRA: 181967/2026                                         ;Outros (Convênios, ajustes, similares, etc.);000000412020
20262150019410005;17/04/2026 00:00:00;306860,39;0130302026;19/05/2026 00:00:00;1098,24;202621500194100050005;08/06/2026 00:00:00;1098,24;33903300;PASSAGENS E DESPESAS COM LOCOMOCAO;06955770000174;SECRETARIA MUNICIPAL DE SAUDE;0,00;SECRETARIA MUNICIPAL DE SAUDE                                                                                                                                                                                                                                ;SAUDE - 10;ASSISTENCIA HOSPITALAR E AMBULATORIAL - 302;TRANSFERENCIA DE RECURSOS DO SISTEMA UNICO DE SAUDE - SUS - BLOCO DE MANUTENCAO DAS ACOES E SERVICOS PUBLICOS DE SAUDE - 107;R MORAES AGENCIA DE TURISMO EIRELI;DESPESA COM CONTRATO NR 330/2021 RELATIVO A CONTRATACAO DE EMPRESA PARA PRESTACAO DE SERVICO DE AGENCIAMENTO E GERENCIAMENTO DE VIAGENS                 VALORES REFERENTES A ABRIL A MAIO/2026, PEDIDO DE COMPRA NR 128/2025, SCC 534570-5                                                                      .                                                                           VALOR TOTAL:....................................................306.860,39  .                                                                           64 - TRANSFERENCIAS DE RECURSOS DO SUS - ATENCAO ESPECIALIZADA              SOLICITACAO FINANCEIRA: 181967/2026                                         ;Outros (Convênios, ajustes, similares, etc.);000000412020
20262150020130032;06/04/2026 00:00:00;37887,00;;;0,00;;;0,00;33903600;OUTROS SERVICOS DE TERCEIROS - PESSOA FISICA;00051693453134;SECRETARIA MUNICIPAL DE SAUDE;37887,00;SECRETARIA MUNICIPAL DE SAUDE                                                                                                                                                                                                                                ;SAUDE - 10;ASSISTENCIA HOSPITALAR E AMBULATORIAL - 302;TRANSFERENCIA DE RECURSOS DO SISTEMA UNICO DE SAUDE - SUS - BLOCO DE MANUTENCAO DAS ACOES E SERVICOS PUBLICOS DE SAUDE - 107;RENATO PEDREIRO MIGUEL;DESPESA COM PAGAMENTO DE LOCACAO DE IMOVEL VISANDO A CONTINUIDADE DE SERVICOS DO CENTRO DE SAUDE NORTE FERROVIARIO - SCC:810828                         CONFORME DESPACHO 232 GERINF - PEDIDO DE COMPRAS 193/2026 - VIGENCIA: MAR/26 A FEV/27 (12 MESES) - REFERENCIA MARCO A MAIO/26                           .                                                                           VALOR EMPENHADO DE 03/2026 A 05/2026 COM MENSAIS DE:.............12.629,00  VALOR TOTAL:.....................................................37.887,00  .                                                                           64 - TRANSFERENCIAS DE RECURSOS DO SUS - ATENCAO ESPECIALIZADA              SOLICITACAO FINANCEIRA: 180845/2026                                         ;Inexigibilidade de Licitação;000003882026
20262150020130033;08/04/2026 00:00:00;61448,22;0125872026;12/05/2026 00:00:00;12455,72;202621500201300330001;18/05/2026 00:00:00;12455,72;33903600;OUTROS SERVICOS DE TERCEIROS - PESSOA FISICA;00037233718768;SECRETARIA MUNICIPAL DE SAUDE;0,00;SECRETARIA MUNICIPAL DE SAUDE                                                                                                                                                                                                                                ;SAUDE - 10;ASSISTENCIA HOSPITALAR E AMBULATORIAL - 302;TRANSFERENCIA DE RECURSOS DO SISTEMA UNICO DE SAUDE - SUS - BLOCO DE MANUTENCAO DAS ACOES E SERVICOS PUBLICOS DE SAUDE - 107;JOSE MANSSUR;DESPESA COM CONTRATO DE LOCACAO NR 194/2019 DO IMOVEL ONDE FUNCIONA O CAPS CATIVAR VALORES RELATIVOS A ABRIL A 28/08/2026, CONFORME DESPACHO NR 230/2026-GERINF, PEDIDO DE COMPRAS NR 190/2025, SCC: 781534                         .                                                                           VALOR EMPENHADO DE 04/2026 A 07/2026 COM MENSAIS DE:.............12.455,72  VALOR EMPENHADO DE 08/2026  COM MENSAL DE:.......................11.625,34  VALOR TOTAL:.....................................................61.448,22  .                                                                           64 - TRANSFERENCIAS DE RECURSOS DO SUS - ATENCAO ESPECIALIZADA              SOLICITACAO FINANCEIRA: 181599/2026                                         ;Inexigibilidade de Licitação;000002082025
20262150020130033;08/04/2026 00:00:00;61448,22;0142192026;27/05/2026 00:00:00;12455,72;202621500201300330002;08/06/2026 00:00:00;12455,72;33903600;OUTROS SERVICOS DE TERCEIROS - PESSOA FISICA;00037233718768;SECRETARIA MUNICIPAL DE SAUDE;0,00;SECRETARIA MUNICIPAL DE SAUDE                                                                                                                                                                                                                                ;SAUDE - 10;ASSISTENCIA HOSPITALAR E AMBULATORIAL - 302;TRANSFERENCIA DE RECURSOS DO SISTEMA UNICO DE SAUDE - SUS - BLOCO DE MANUTENCAO DAS ACOES E SERVICOS PUBLICOS DE SAUDE - 107;JOSE MANSSUR;DESPESA COM CONTRATO DE LOCACAO NR 194/2019 DO IMOVEL ONDE FUNCIONA O CAPS CATIVAR VALORES RELATIVOS A ABRIL A 28/08/2026, CONFORME DESPACHO NR 230/2026-GERINF, PEDIDO DE COMPRAS NR 190/2025, SCC: 781534                         .                                                                           VALOR EMPENHADO DE 04/2026 A 07/2026 COM MENSAIS DE:.............12.455,72  VALOR EMPENHADO DE 08/2026  COM MENSAL DE:.......................11.625,34  VALOR TOTAL:.....................................................61.448,22  .                                                                           64 - TRANSFERENCIAS DE RECURSOS DO SUS - ATENCAO ESPECIALIZADA              SOLICITACAO FINANCEIRA: 181599/2026                                         ;Inexigibilidade de Licitação;000002082025
20262150020130033;08/04/2026 00:00:00;61448,22;0172892026;01/07/2026 00:00:00;12455,72;202621500201300330003;06/07/2026 00:00:00;0,00;33903600;OUTROS SERVICOS DE TERCEIROS - PESSOA FISICA;00037233718768;SECRETARIA MUNICIPAL DE SAUDE;0,00;SECRETARIA MUNICIPAL DE SAUDE                                                                                                                                                                                                                                ;SAUDE - 10;ASSISTENCIA HOSPITALAR E AMBULATORIAL - 302;TRANSFERENCIA DE RECURSOS DO SISTEMA UNICO DE SAUDE - SUS - BLOCO DE MANUTENCAO DAS ACOES E SERVICOS PUBLICOS DE SAUDE - 107;JOSE MANSSUR;DESPESA COM CONTRATO DE LOCACAO NR 194/2019 DO IMOVEL ONDE FUNCIONA O CAPS CATIVAR VALORES RELATIVOS A ABRIL A 28/08/2026, CONFORME DESPACHO NR 230/2026-GERINF, PEDIDO DE COMPRAS NR 190/2025, SCC: 781534                         .                                                                           VALOR EMPENHADO DE 04/2026 A 07/2026 COM MENSAIS DE:.............12.455,72  VALOR EMPENHADO DE 08/2026  COM MENSAL DE:.......................11.625,34  VALOR TOTAL:.....................................................61.448,22  .                                                                           64 - TRANSFERENCIAS DE RECURSOS DO SUS - ATENCAO ESPECIALIZADA              SOLICITACAO FINANCEIRA: 181599/2026                                         ;Inexigibilidade de Licitação;000002082025
20262150020130033;08/04/2026 00:00:00;61448,22;0172892026;01/07/2026 00:00:00;12455,72;202621500201300330004;10/07/2026 00:00:00;12455,72;33903600;OUTROS SERVICOS DE TERCEIROS - PESSOA FISICA;00037233718768;SECRETARIA MUNICIPAL DE SAUDE;0,00;SECRETARIA MUNICIPAL DE SAUDE                                                                                                                                                                                                                                ;SAUDE - 10;ASSISTENCIA HOSPITALAR E AMBULATORIAL - 302;TRANSFERENCIA DE RECURSOS DO SISTEMA UNICO DE SAUDE - SUS - BLOCO DE MANUTENCAO DAS ACOES E SERVICOS PUBLICOS DE SAUDE - 107;JOSE MANSSUR;DESPESA COM CONTRATO DE LOCACAO NR 194/2019 DO IMOVEL ONDE FUNCIONA O CAPS CATIVAR VALORES RELATIVOS A ABRIL A 28/08/2026, CONFORME DESPACHO NR 230/2026-GERINF, PEDIDO DE COMPRAS NR 190/2025, SCC: 781534                         .                                                                           VALOR EMPENHADO DE 04/2026 A 07/2026 COM MENSAIS DE:.............12.455,72  VALOR EMPENHADO DE 08/2026  COM MENSAL DE:.......................11.625,34  VALOR TOTAL:.....................................................61.448,22  .                                                                           64 - TRANSFERENCIAS DE RECURSOS DO SUS - ATENCAO ESPECIALIZADA              SOLICITACAO FINANCEIRA: 181599/2026                                         ;Inexigibilidade de Licitação;000002082025
20262150020130034;09/04/2026 00:00:00;10513,05;0115592026;29/04/2026 00:00:00;3504,35;202621500201300340001;08/05/2026 00:00:00;3504,35;33903600;OUTROS SERVICOS DE TERCEIROS - PESSOA FISICA;00000534177123;SECRETARIA MUNICIPAL DE SAUDE;0,00;SECRETARIA MUNICIPAL DE SAUDE                                                                                                                                                                                                                                ;SAUDE - 10;ASSISTENCIA HOSPITALAR E AMBULATORIAL - 302;TRANSFERENCIA DE RECURSOS DO SISTEMA UNICO DE SAUDE - SUS - BLOCO DE MANUTENCAO DAS ACOES E SERVICOS PUBLICOS DE SAUDE - 107;GUILHERME WOLHGEMUTH FLEURY VELOSO DA SILVEIRA;DESPESA COM CONTRATO DE LOCACAO NR 268/2024 DO IMOVEL ONDE FUNCIONA O CAPS  ESPERANCA                                                                   VALORES RELATIVOS A ABRIL A JUNHO/2026, CONFORME DESPACHO NR 226/2026-GERINF,PEDIDO DE COMPRAS NR 527/2025, SCC: 756611-1                               .                                                                           VALOR EMPENHADO DE 04/2026 A 06/2026 COM MENSAIS DE:..............3.504,35  VALOR TOTAL:.....................................................10.513,05  .                                                                           64 - TRANSFERENCIAS DE RECURSOS DO SUS - ATENCAO ESPECIALIZADA              SOLICITACAO FINANCEIRA: 181606/2026                                         ;Pregão;000002582024
20262150020130034;09/04/2026 00:00:00;10513,05;0140292026;26/05/2026 00:00:00;3504,35;202621500201300340002;08/06/2026 00:00:00;3504,35;33903600;OUTROS SERVICOS DE TERCEIROS - PESSOA FISICA;00000534177123;SECRETARIA MUNICIPAL DE SAUDE;0,00;SECRETARIA MUNICIPAL DE SAUDE                                                                                                                                                                                                                                ;SAUDE - 10;ASSISTENCIA HOSPITALAR E AMBULATORIAL - 302;TRANSFERENCIA DE RECURSOS DO SISTEMA UNICO DE SAUDE - SUS - BLOCO DE MANUTENCAO DAS ACOES E SERVICOS PUBLICOS DE SAUDE - 107;GUILHERME WOLHGEMUTH FLEURY VELOSO DA SILVEIRA;DESPESA COM CONTRATO DE LOCACAO NR 268/2024 DO IMOVEL ONDE FUNCIONA O CAPS  ESPERANCA                                                                   VALORES RELATIVOS A ABRIL A JUNHO/2026, CONFORME DESPACHO NR 226/2026-GERINF,PEDIDO DE COMPRAS NR 527/2025, SCC: 756611-1                               .                                                                           VALOR EMPENHADO DE 04/2026 A 06/2026 COM MENSAIS DE:..............3.504,35  VALOR TOTAL:.....................................................10.513,05  .                                                                           64 - TRANSFERENCIAS DE RECURSOS DO SUS - ATENCAO ESPECIALIZADA              SOLICITACAO FINANCEIRA: 181606/2026                                         ;Pregão;000002582024
20262150020130034;09/04/2026 00:00:00;10513,05;0171382026;30/06/2026 00:00:00;3504,35;202621500201300340003;06/07/2026 00:00:00;3504,35;33903600;OUTROS SERVICOS DE TERCEIROS - PESSOA FISICA;00000534177123;SECRETARIA MUNICIPAL DE SAUDE;0,00;SECRETARIA MUNICIPAL DE SAUDE                                                                                                                                                                                                                                ;SAUDE - 10;ASSISTENCIA HOSPITALAR E AMBULATORIAL - 302;TRANSFERENCIA DE RECURSOS DO SISTEMA UNICO DE SAUDE - SUS - BLOCO DE MANUTENCAO DAS ACOES E SERVICOS PUBLICOS DE SAUDE - 107;GUILHERME WOLHGEMUTH FLEURY VELOSO DA SILVEIRA;DESPESA COM CONTRATO DE LOCACAO NR 268/2024 DO IMOVEL ONDE FUNCIONA O CAPS  ESPERANCA                                                                   VALORES RELATIVOS A ABRIL A JUNHO/2026, CONFORME DESPACHO NR 226/2026-GERINF,PEDIDO DE COMPRAS NR 527/2025, SCC: 756611-1                               .                                                                           VALOR EMPENHADO DE 04/2026 A 06/2026 COM MENSAIS DE:..............3.504,35  VALOR TOTAL:.....................................................10.513,05  .                                                                           64 - TRANSFERENCIAS DE RECURSOS DO SUS - ATENCAO ESPECIALIZADA              SOLICITACAO FINANCEIRA: 181606/2026                                         ;Pregão;000002582024
20262150020130035;09/04/2026 00:00:00;10513,05;0115602026;29/04/2026 00:00:00;3504,35;202621500201300350001;08/05/2026 00:00:00;3504,35;33903600;OUTROS SERVICOS DE TERCEIROS - PESSOA FISICA;00071818332191;SECRETARIA MUNICIPAL DE SAUDE;0,00;SECRETARIA MUNICIPAL DE SAUDE                                                                                                                                                                                                                                ;SAUDE - 10;ASSISTENCIA HOSPITALAR E AMBULATORIAL - 302;TRANSFERENCIA DE RECURSOS DO SISTEMA UNICO DE SAUDE - SUS - BLOCO DE MANUTENCAO DAS ACOES E SERVICOS PUBLICOS DE SAUDE - 107;AUGUSTO WOHLGEMUTH FLEURY V DA SILVEIRA;DESPESA COM CONTRATO DE LOCACAO NR 268/2024 DO IMOVEL ONDE FUNCIONA O CAPS  ESPERANCA                                                                   VALORES RELATIVOS A ABRIL A JUNHO/2026, CONFORME DESPACHO NR 226/2026-GERINF,PEDIDO DE COMPRAS Nº 527/2025, SCC: 756611-1                               .                                                                           VALOR EMPENHADO DE 04/2026 A 06/2026 COM MENSAIS DE:..............3.504,35  VALOR TOTAL:.....................................................10.513,05  .                                                                           64 - TRANSFERENCIAS DE RECURSOS DO SUS - ATENCAO ESPECIALIZADA              SOLICITACAO FINANCEIRA: 181607/2026                                         ;Pregão;000002582024
20262150020130035;09/04/2026 00:00:00;10513,05;0140302026;26/05/2026 00:00:00;3504,35;202621500201300350002;08/06/2026 00:00:00;3504,35;33903600;OUTROS SERVICOS DE TERCEIROS - PESSOA FISICA;00071818332191;SECRETARIA MUNICIPAL DE SAUDE;0,00;SECRETARIA MUNICIPAL DE SAUDE                                                                                                                                                                                                                                ;SAUDE - 10;ASSISTENCIA HOSPITALAR E AMBULATORIAL - 302;TRANSFERENCIA DE RECURSOS DO SISTEMA UNICO DE SAUDE - SUS - BLOCO DE MANUTENCAO DAS ACOES E SERVICOS PUBLICOS DE SAUDE - 107;AUGUSTO WOHLGEMUTH FLEURY V DA SILVEIRA;DESPESA COM CONTRATO DE LOCACAO NR 268/2024 DO IMOVEL ONDE FUNCIONA O CAPS  ESPERANCA                                                                   VALORES RELATIVOS A ABRIL A JUNHO/2026, CONFORME DESPACHO NR 226/2026-GERINF,PEDIDO DE COMPRAS Nº 527/2025, SCC: 756611-1                               .                                                                           VALOR EMPENHADO DE 04/2026 A 06/2026 COM MENSAIS DE:..............3.504,35  VALOR TOTAL:.....................................................10.513,05  .                                                                           64 - TRANSFERENCIAS DE RECURSOS DO SUS - ATENCAO ESPECIALIZADA              SOLICITACAO FINANCEIRA: 181607/2026                                         ;Pregão;000002582024
20262150020130035;09/04/2026 00:00:00;10513,05;0171392026;30/06/2026 00:00:00;3504,35;202621500201300350003;06/07/2026 00:00:00;3504,35;33903600;OUTROS SERVICOS DE TERCEIROS - PESSOA FISICA;00071818332191;SECRETARIA MUNICIPAL DE SAUDE;0,00;SECRETARIA MUNICIPAL DE SAUDE                                                                                                                                                                                                                                ;SAUDE - 10;ASSISTENCIA HOSPITALAR E AMBULATORIAL - 302;TRANSFERENCIA DE RECURSOS DO SISTEMA UNICO DE SAUDE - SUS - BLOCO DE MANUTENCAO DAS ACOES E SERVICOS PUBLICOS DE SAUDE - 107;AUGUSTO WOHLGEMUTH FLEURY V DA SILVEIRA;DESPESA COM CONTRATO DE LOCACAO NR 268/2024 DO IMOVEL ONDE FUNCIONA O CAPS  ESPERANCA                                                                   VALORES RELATIVOS A ABRIL A JUNHO/2026, CONFORME DESPACHO NR 226/2026-GERINF,PEDIDO DE COMPRAS Nº 527/2025, SCC: 756611-1                               .                                                                           VALOR EMPENHADO DE 04/2026 A 06/2026 COM MENSAIS DE:..............3.504,35  VALOR TOTAL:.....................................................10.513,05  .                                                                           64 - TRANSFERENCIAS DE RECURSOS DO SUS - ATENCAO ESPECIALIZADA              SOLICITACAO FINANCEIRA: 181607/2026                                         ;Pregão;000002582024
20262150020130036;09/04/2026 00:00:00;10513,05;0115612026;29/04/2026 00:00:00;3504,35;202621500201300360001;08/05/2026 00:00:00;3504,35;33903600;OUTROS SERVICOS DE TERCEIROS - PESSOA FISICA;00088875083134;SECRETARIA MUNICIPAL DE SAUDE;0,00;SECRETARIA MUNICIPAL DE SAUDE                                                                                                                                                                                                                                ;SAUDE - 10;ASSISTENCIA HOSPITALAR E AMBULATORIAL - 302;TRANSFERENCIA DE RECURSOS DO SISTEMA UNICO DE SAUDE - SUS - BLOCO DE MANUTENCAO DAS ACOES E SERVICOS PUBLICOS DE SAUDE - 107;JULIANA WOHLGEMUTH FLEURY VELOSO DA SILVEIRA;DESPESA COM CONTRATO DE LOCACAO NR 268/2024 DO IMOVEL ONDE FUNCIONA O CAPS  ESPERANCA                                                                   VALORES RELATIVOS A ABRIL A JUNHO/2026, CONFORME DESPACHO NR 226/2026-GERINF,PEDIDO DE COMPRAS NR 527/2025, SCC: 756611-1                               .                                                                           VALOR EMPENHADO DE 04/2026 A 06/2026 COM MENSAIS DE:..............3.504,35  VALOR TOTAL:.....................................................10.513,05  .                                                                           64 - TRANSFERENCIAS DE RECURSOS DO SUS - ATENCAO ESPECIALIZADA              SOLICITACAO FINANCEIRA: 181608/2026                                         ;Pregão;000002582024
20262150020130036;09/04/2026 00:00:00;10513,05;0140322026;26/05/2026 00:00:00;3504,35;202621500201300360002;08/06/2026 00:00:00;3504,35;33903600;OUTROS SERVICOS DE TERCEIROS - PESSOA FISICA;00088875083134;SECRETARIA MUNICIPAL DE SAUDE;0,00;SECRETARIA MUNICIPAL DE SAUDE                                                                                                                                                                                                                                ;SAUDE - 10;ASSISTENCIA HOSPITALAR E AMBULATORIAL - 302;TRANSFERENCIA DE RECURSOS DO SISTEMA UNICO DE SAUDE - SUS - BLOCO DE MANUTENCAO DAS ACOES E SERVICOS PUBLICOS DE SAUDE - 107;JULIANA WOHLGEMUTH FLEURY VELOSO DA SILVEIRA;DESPESA COM CONTRATO DE LOCACAO NR 268/2024 DO IMOVEL ONDE FUNCIONA O CAPS  ESPERANCA                                                                   VALORES RELATIVOS A ABRIL A JUNHO/2026, CONFORME DESPACHO NR 226/2026-GERINF,PEDIDO DE COMPRAS NR 527/2025, SCC: 756611-1                               .                                                                           VALOR EMPENHADO DE 04/2026 A 06/2026 COM MENSAIS DE:..............3.504,35  VALOR TOTAL:.....................................................10.513,05  .                                                                           64 - TRANSFERENCIAS DE RECURSOS DO SUS - ATENCAO ESPECIALIZADA              SOLICITACAO FINANCEIRA: 181608/2026                                         ;Pregão;000002582024
20262150020130036;09/04/2026 00:00:00;10513,05;0171402026;30/06/2026 00:00:00;3504,35;202621500201300360003;06/07/2026 00:00:00;3504,35;33903600;OUTROS SERVICOS DE TERCEIROS - PESSOA FISICA;00088875083134;SECRETARIA MUNICIPAL DE SAUDE;0,00;SECRETARIA MUNICIPAL DE SAUDE                                                                                                                                                                                                                                ;SAUDE - 10;ASSISTENCIA HOSPITALAR E AMBULATORIAL - 302;TRANSFERENCIA DE RECURSOS DO SISTEMA UNICO DE SAUDE - SUS - BLOCO DE MANUTENCAO DAS ACOES E SERVICOS PUBLICOS DE SAUDE - 107;JULIANA WOHLGEMUTH FLEURY VELOSO DA SILVEIRA;DESPESA COM CONTRATO DE LOCACAO NR 268/2024 DO IMOVEL ONDE FUNCIONA O CAPS  ESPERANCA                                                                   VALORES RELATIVOS A ABRIL A JUNHO/2026, CONFORME DESPACHO NR 226/2026-GERINF,PEDIDO DE COMPRAS NR 527/2025, SCC: 756611-1                               .                                                                           VALOR EMPENHADO DE 04/2026 A 06/2026 COM MENSAIS DE:..............3.504,35  VALOR TOTAL:.....................................................10.513,05  .                                                                           64 - TRANSFERENCIAS DE RECURSOS DO SUS - ATENCAO ESPECIALIZADA              SOLICITACAO FINANCEIRA: 181608/2026                                         ;Pregão;000002582024
20262150020130037;27/04/2026 00:00:00;10875,00;;;0,00;;;0,00;33903600;OUTROS SERVICOS DE TERCEIROS - PESSOA FISICA;00049377132134;SECRETARIA MUNICIPAL DE SAUDE;10875,00;SECRETARIA MUNICIPAL DE SAUDE                                                                                                                                                                                                                                ;SAUDE - 10;ASSISTENCIA HOSPITALAR E AMBULATORIAL - 302;TRANSFERENCIA DE RECURSOS DO SISTEMA UNICO DE SAUDE - SUS - BLOCO DE MANUTENCAO DAS ACOES E SERVICOS PUBLICOS DE SAUDE - 107;JULIANE ALVES ROCHA MIRANDA RASSI;DESPESA COM 4º TERMO ADITIVO AO CONTRATO DE LOCACAO DE IMOVEL Nº 401/22 PARAA CONTINUIDADE DOS SERVICOS DO CAPS VIDA CONFORME DESPACHO 154 GERINF -VIGENCIA : 04/05/2026 A 03/05/2027(12 MESES)- PEDIDO DE COMPRAS  Nº 134/2026 - REFERENCIA 04/05 A 31/07/26- SCC582833 - 4/SOLICITACAO FINANCEIRA 179952-2026..                                                                           OBS:JULIANE ALVES ROCHA MIRANDA RASSI.                                      PARCELAS COM MENSAIS EM.......MAI-3.375,00.....JUN-3.750,00.....JUL-3.750,00VALOR TOTAL........................................................10.875,00.                                                                           64 - TRANSFERENCIAS DE RECURSOS DO SUS - ATENCAO ESPECIALIZADA              ;Outros (Convênios, ajustes, similares, etc.);000000732022
20262150020130038;27/04/2026 00:00:00;10875,00;;;0,00;;;0,00;33903600;OUTROS SERVICOS DE TERCEIROS - PESSOA FISICA;00056364539149;SECRETARIA MUNICIPAL DE SAUDE;10875,00;SECRETARIA MUNICIPAL DE SAUDE                                                                                                                                                                                                                                ;SAUDE - 10;ASSISTENCIA HOSPITALAR E AMBULATORIAL - 302;TRANSFERENCIA DE RECURSOS DO SISTEMA UNICO DE SAUDE - SUS - BLOCO DE MANUTENCAO DAS ACOES E SERVICOS PUBLICOS DE SAUDE - 107;LEONARDO ROCHA MIRANDA;DESPESA COM 4º TERMO ADITIVO AO CONTRATO DE LOCACAO DE IMOVEL Nº 401/22 PARAA CONTINUIDADE DOS SERVICOS DO CAPS VIDA CONFORME DESPACHO 154 GERINF -VIGENCIA : 04/05/2026 A 03/05/2027(12 MESES)- PEDIDO DE COMPRAS  Nº 134/2026 - REFERENCIA 04/05 A 31/07/26- SCC582833 - 4/SOLICITACAO FINANCEIRA 179953-2026..                                                                           OBS:LEONARDO ROCHA MIRANDA                                                  PARCELAS COM MENSAIS EM.......MAI-3.375,00.....JUN-3.750,00.....JUL-3.750,00VALOR TOTAL........................................................10.875,00.                                                                           64 - TRANSFERENCIAS DE RECURSOS DO SUS - ATENCAO ESPECIALIZADA              ;Outros (Convênios, ajustes, similares, etc.);000000732022
20262150020130039;27/04/2026 00:00:00;10875,00;;;0,00;;;0,00;33903600;OUTROS SERVICOS DE TERCEIROS - PESSOA FISICA;00084525991100;SECRETARIA MUNICIPAL DE SAUDE;10875,00;SECRETARIA MUNICIPAL DE SAUDE                                                                                                                                                                                                                                ;SAUDE - 10;ASSISTENCIA HOSPITALAR E AMBULATORIAL - 302;TRANSFERENCIA DE RECURSOS DO SISTEMA UNICO DE SAUDE - SUS - BLOCO DE MANUTENCAO DAS ACOES E SERVICOS PUBLICOS DE SAUDE - 107;VIVIANE ALVES ROCHA MIRANDA;DESPESA COM 4º TERMO ADITIVO AO CONTRATO DE LOCACAO DE IMOVEL Nº 401/22 PARAA CONTINUIDADE DOS SERVICOS DO CAPS VIDA CONFORME DESPACHO 154 GERINF -VIGENCIA : 04/05/2026 A 03/05/2027(12 MESES)- PEDIDO DE COMPRAS  Nº 134/2026 - REFERENCIA 04/05 A 31/07/26- SCC582833 - 4/SOLICITACAO FINANCEIRA 179954-2026..                                                                           OBS:VIVIANE ALVES ROCHA MIRANDA.                                            PARCELAS COM MENSAIS EM.......MAI-3.375,00.....JUN-3.750,00.....JUL-3.750,00VALOR TOTAL........................................................10.875,00.                                                                           64 - TRANSFERENCIAS DE RECURSOS DO SUS - ATENCAO ESPECIALIZADA              ;Outros (Convênios, ajustes, similares, etc.);000000732022
20262150021110192;06/04/2026 00:00:00;59184,24;0117332026;04/05/2026 00:00:00;0,00;;;0,00;33903900;OUTROS SERVICOS DE TERCEIROS - PESSOA JURIDICA;03883919000169;SECRETARIA MUNICIPAL DE SAUDE;0,00;SECRETARIA MUNICIPAL DE SAUDE                                                                                                                                                                                                                                ;SAUDE - 10;ASSISTENCIA HOSPITALAR E AMBULATORIAL - 302;TRANSFERENCIA DE RECURSOS DO SISTEMA UNICO DE SAUDE - SUS - BLOCO DE MANUTENCAO DAS ACOES E SERVICOS PUBLICOS DE SAUDE - 107;DESPRAG DEDETIZADORA LTDA;DESPESA COM PRESTACAO DE SERVICOS DE CONTROLE DE PRAGAS NAS UNIDADES DA SMS VALORES RELATIVOS A JUNHO/2026 CONF. DESPACHO 20/2026-GERADM, SCC: 786943, PEDIDO DE COMPRA: 273/2025                                                   .                                                                           VALOR TOTAL:.....................................................59.184,24  .                                                                           64 - TRANSFERENCIAS DE RECURSOS DO SUS - ATENCAO ESPECIALIZADA              SOLICITACAO FINANCEIRA: 181304/2026                                         ;Pregão;000000092023
20262150021110192;06/04/2026 00:00:00;59184,24;0133852026;21/05/2026 00:00:00;45178,90;202621500211101920001;27/05/2026 00:00:00;45178,90;33903900;OUTROS SERVICOS DE TERCEIROS - PESSOA JURIDICA;03883919000169;SECRETARIA MUNICIPAL DE SAUDE;0,00;SECRETARIA MUNICIPAL DE SAUDE                                                                                                                                                                                                                                ;SAUDE - 10;ASSISTENCIA HOSPITALAR E AMBULATORIAL - 302;TRANSFERENCIA DE RECURSOS DO SISTEMA UNICO DE SAUDE - SUS - BLOCO DE MANUTENCAO DAS ACOES E SERVICOS PUBLICOS DE SAUDE - 107;DESPRAG DEDETIZADORA LTDA;DESPESA COM PRESTACAO DE SERVICOS DE CONTROLE DE PRAGAS NAS UNIDADES DA SMS VALORES RELATIVOS A JUNHO/2026 CONF. DESPACHO 20/2026-GERADM, SCC: 786943, PEDIDO DE COMPRA: 273/2025                                                   .                                                                           VALOR TOTAL:.....................................................59.184,24  .                                                                           64 - TRANSFERENCIAS DE RECURSOS DO SUS - ATENCAO ESPECIALIZADA              SOLICITACAO FINANCEIRA: 181304/2026                                         ;Pregão;000000092023
20262150021110198;08/04/2026 00:00:00;558802,54;;;0,00;;;0,00;33903900;OUTROS SERVICOS DE TERCEIROS - PESSOA JURIDICA;02630826000160;SECRETARIA MUNICIPAL DE SAUDE;0,00;SECRETARIA MUNICIPAL DE SAUDE                                                                                                                                                                                                                                ;SAUDE - 10;ASSISTENCIA HOSPITALAR E AMBULATORIAL - 302;TRANSFERENCIA DE RECURSOS DO SISTEMA UNICO DE SAUDE - SUS - BLOCO DE MANUTENCAO DAS ACOES E SERVICOS PUBLICOS DE SAUDE - 107;BRANET GESTAO DE LOGISTICA EM SAUDE LTDA;DESPESA COM CONTRATO NR 1484/2020 PARA SERVICOS DE GESTAO E LOGISTICA INTEGRADA/REVERSA, RECEBIMENTO, CONFERENCIA, ARMAZENAMENTO, CONTROLE DE EXPEDICAO,TRANSPORTE, DISTRIBUICAO DE MATERIAIS DA SMS                                VALORES REFERENTE AO PERIODO DE ABRIL/2026, SCC: 532585, PEDIDO DE COMPRAS: 119/2025                                                                    .                                                                           VALOR TOTAL:....................................................558.802,54  .                                                                           64 - TRANSFERENCIAS DE RECURSOS DO SUS - ATENCAO ESPECIALIZADA              SOLICITACAO FINANCEIRA: 181627/2026                                         ;Pregão;000000902020
20262150021110205;14/04/2026 00:00:00;1024740,00;;;0,00;;;0,00;33903900;OUTROS SERVICOS DE TERCEIROS - PESSOA JURIDICA;00799205000189;SECRETARIA MUNICIPAL DE SAUDE;0,00;SECRETARIA MUNICIPAL DE SAUDE                                                                                                                                                                                                                                ;SAUDE - 10;ASSISTENCIA HOSPITALAR E AMBULATORIAL - 302;TRANSFERENCIA DE RECURSOS DO SISTEMA UNICO DE SAUDE - SUS - BLOCO DE MANUTENCAO DAS ACOES E SERVICOS PUBLICOS DE SAUDE - 107;FUNDACAO DE APOIO A PESQUISA;DESPESA COM FORMALIZACAO DE CONVENIO REFERENTE AO PROJETO DE IMPLANTACAO DE TELERREGULACAO ESPECIALIZADA PARA A SECRETARIA MUNICIPAL DE SAUDE DE GOIANIACONFORME MEMORANDO NR. 102/2025 E PROJETO - ANEXO - SCC:813304              .                                                                           VALOR TOTAL:..................................................1.024.740,00  .                                                                           64 - TRANSFERENCIAS DE RECURSOS DO SUS - ATENCAO ESPECIALIZADA              SOLICITACAO FINANCEIRA: 181383/2026                                         ;Outros (Convênios, ajustes, similares, etc.);000001022025
20262150021110206;15/04/2026 00:00:00;230242,26;0102702026;22/04/2026 00:00:00;230242,26;202621500211102060001;22/04/2026 00:00:00;230242,26;33903900;OUTROS SERVICOS DE TERCEIROS - PESSOA JURIDICA;03757265000127;SECRETARIA MUNICIPAL DE SAUDE;0,00;SECRETARIA MUNICIPAL DE SAUDE                                                                                                                                                                                                                                ;SAUDE - 10;ASSISTENCIA HOSPITALAR E AMBULATORIAL - 302;TRANSFERENCIA DE RECURSOS DO SISTEMA UNICO DE SAUDE - SUS - BLOCO DE MANUTENCAO DAS ACOES E SERVICOS PUBLICOS DE SAUDE - 107;CENTRO CARDIOLOGICO DE GOIAS EIRELI ME;DESPESA COM CONTRATO NR. 257/2023 PARA A EXECUCAO DE SERVICOS MEDICOS DE ASSISTENCIA A SAUDE AMBULATORIAL (HOSPITALAR) E/OU APOIO DIAGNOSTICO TERAPEUTICO PARA ATENDIMENTO DOS USUARIOS DO SUS - SCC:627161                         REFERENCIA: COMPETENCIA 02/2026, VALORES ESTIMADOS E PAGAMENTOS ADMINISTRATIVOS/INCENTIVOS(01.2026 A 10.2026)                                           .                                                                           VALOR TOTAL:...................................................230.242,26   .                                                                           64 - TRANSFERENCIAS DE RECURSOS DO SUS - ATENCAO ESPECIALIZADA              SOLICITACAO FINANCEIRA: 181881/2026                                         ;Inexigibilidade de Licitação;000000052020
20262150021110207;15/04/2026 00:00:00;34740,44;0103472026;22/04/2026 00:00:00;34740,44;202621500211102070001;23/04/2026 00:00:00;34740,44;33903900;OUTROS SERVICOS DE TERCEIROS - PESSOA JURIDICA;26696633000170;SECRETARIA MUNICIPAL DE SAUDE;0,00;SECRETARIA MUNICIPAL DE SAUDE                                                                                                                                                                                                                                ;SAUDE - 10;ASSISTENCIA HOSPITALAR E AMBULATORIAL - 302;TRANSFERENCIA DE RECURSOS DO SISTEMA UNICO DE SAUDE - SUS - BLOCO DE MANUTENCAO DAS ACOES E SERVICOS PUBLICOS DE SAUDE - 107;CENTRO TECNOLOGICO DE ANALISES E PESQUISAS CLINICAS LTDA;DESPESA COM CONTRATO NR. 936/2020 PARA A EXECUCAO DE SERVICOS MEDICOS DE ASSISTENCIA A SAUDE AMBULATORIAL (HOSPITALAR) E/OU APOIO DIAGNOSTICO TERAPEUTICO PARA ATENDIMENTO DOS USUARIOS DO SUS                                      REFERENCIA: COMPETENCIA 02/2026, VALORES ESTIMADOS E PAGAMENTOS ADMINISTRATIVOS/INCENTIVOS(01.2026 A 10.2026) / SCC: 518515-1                           .                                                                           VALOR TOTAL:....................................................34.740,44   .                                                                           64 - TRANSFERENCIAS DE RECURSOS DO SUS - ATENCAO ESPECIALIZADA              SOLICITACAO FINANCEIRA: 181882/2026                                         ;Inexigibilidade de Licitação;000068722020
20262150021110208;15/04/2026 00:00:00;221934,69;0100612026;16/04/2026 00:00:00;221934,69;202621500211102080001;16/04/2026 00:00:00;221934,69;33903900;OUTROS SERVICOS DE TERCEIROS - PESSOA JURIDICA;07060518000160;SECRETARIA MUNICIPAL DE SAUDE;0,00;SECRETARIA MUNICIPAL DE SAUDE                                                                                                                                                                                                                                ;SAUDE - 10;ASSISTENCIA HOSPITALAR E AMBULATORIAL - 302;TRANSFERENCIA DE RECURSOS DO SISTEMA UNICO DE SAUDE - SUS - BLOCO DE MANUTENCAO DAS ACOES E SERVICOS PUBLICOS DE SAUDE - 107;VITA D COR CENTRO MEDICO LTDA;DESPESA COM CONTRATO NR. 757/2020 PARA A EXECUCAO DE SERVICOS MEDICOS DE ASSISTENCIA A SAUDE AMBULATORIAL (HOSPITALAR) E/OU APOIO DIAGNOSTICO TERAPEUTICO PARA ATENDIMENTO DOS USUARIOS DO SUS                                      REFERENCIA: COMPETENCIA 02/2026, VALORES ESTIMADOS E PAGAMENTOS ADMINISTRATIVOS/INCENTIVOS(01.2026 A 10.2026) / SCC 514200-2                            .                                                                           VALOR TOTAL:...................................................221.934,69   .                                                                           64 - TRANSFERENCIAS DE RECURSOS DO SUS - ATENCAO ESPECIALIZADA              SOLICITACAO FINANCEIRA: 181899/2026                                         ;Inexigibilidade de Licitação;000062822020
20262150021110209;15/04/2026 00:00:00;10431,58;0106692026;23/04/2026 00:00:00;10431,58;202621500211102090001;24/04/2026 00:00:00;10431,58;33903900;OUTROS SERVICOS DE TERCEIROS - PESSOA JURIDICA;22653841000130;SECRETARIA MUNICIPAL DE SAUDE;0,00;SECRETARIA MUNICIPAL DE SAUDE                                                                                                                                                                                                                                ;SAUDE - 10;ASSISTENCIA HOSPITALAR E AMBULATORIAL - 302;TRANSFERENCIA DE RECURSOS DO SISTEMA UNICO DE SAUDE - SUS - BLOCO DE MANUTENCAO DAS ACOES E SERVICOS PUBLICOS DE SAUDE - 107;J.C.D.F CLINICA MEDICA LTDA;DESPESA COM CONTRATO NR. 112/2025 PARA A EXECUCAO DE SERVICOS MEDICOS DE ASSISTENCIA A SAUDE AMBULATORIAL (HOSPITALAR) E/OU APOIO DIAGNOSTICO TERAPEUTICO PARA ATENDIMENTO DOS USUARIOS DO SUS                                      REFERENCIA: COMPETENCIAS 02/2026, VALORES ESTIMADOS E PAGAMENTOS ADMINISTRATIVOS/INCENTIVOS(01.2026 A 10.2026)                                          .                                                                           VALOR TOTAL:....................................................10.431,58   .                                                                           64 - TRANSFERENCIAS DE RECURSOS DO SUS - ATENCAO ESPECIALIZADA              SOLICITACAO FINANCEIRA: 181894/2026                                         ;Inexigibilidade de Licitação;000000052020
20262150021110210;15/04/2026 00:00:00;2094,25;0100842026;16/04/2026 00:00:00;2094,25;202621500211102100001;16/04/2026 00:00:00;2094,25;33903900;OUTROS SERVICOS DE TERCEIROS - PESSOA JURIDICA;01567601000143;SECRETARIA MUNICIPAL DE SAUDE;0,00;SECRETARIA MUNICIPAL DE SAUDE                                                                                                                                                                                                                                ;SAUDE - 10;ASSISTENCIA HOSPITALAR E AMBULATORIAL - 302;TRANSFERENCIA DE RECURSOS DO SISTEMA UNICO DE SAUDE - SUS - BLOCO DE MANUTENCAO DAS ACOES E SERVICOS PUBLICOS DE SAUDE - 107;UNIVERSIDADE FEDERAL DE GOIAS;DESPESA COM CONVENIO NR. 022/2021 PARA A EXECUCAO DE SERVICOS MEDICOS DE ASSISTENCIA A SAUDE AMBULATORIAL (HOSPITALAR) E/OU APOIO DIAGNOSTICO TERAPEUTICO PARA ATENDIMENTO DOS USUARIOS DO SUS - SCC:549721                         REFERENCIA: COMPETENCIA 02.2026 E PAGAMENTOS ADMINISTRATIVOS/INCENTIVOS(01.2025 A 12.2025) PEDIDO DE COMPRA NR. 152/2021 FACULDADE DE ODONTOLOGIA       .                                                                           VALOR TOTAL:.....................................................2.094,25   .                                                                           64 - TRANSFERENCIAS DE RECURSOS DO SUS - ATENCAO ESPECIALIZADA              SOLICITACAO FINANCEIRA: 181886/2026                                         ;Outros (Convênios, ajustes, similares, etc.);000920802021
20262150021110211;15/04/2026 00:00:00;564602,50;0101852026;17/04/2026 00:00:00;564602,50;202621500211102110001;17/04/2026 00:00:00;564602,50;33903900;OUTROS SERVICOS DE TERCEIROS - PESSOA JURIDICA;01957797000182;SECRETARIA MUNICIPAL DE SAUDE;0,00;SECRETARIA MUNICIPAL DE SAUDE                                                                                                                                                                                                                                ;SAUDE - 10;ASSISTENCIA HOSPITALAR E AMBULATORIAL - 302;TRANSFERENCIA DE RECURSOS DO SISTEMA UNICO DE SAUDE - SUS - BLOCO DE MANUTENCAO DAS ACOES E SERVICOS PUBLICOS DE SAUDE - 107;CLINICA DE DOENCAS RENAIS LTDA;DESPESA COM TERMO ADITIVO DO CONTRATO NR. 929/2020 PARA A EXECUCAO DE SERVICOS MEDICOS DE ASSISTENCIA A SAUDE AMBULATORIAL(HOSPITALAR) E/OU APOIO DIAGNOSTICO TERAPEUTICO                                                           REFERÊNCIA: COMPETENCIA 02/2026 - SCC: 518442-1                             .                                                                           VALOR TOTAL:...................................................564.602,50   .                                                                           64 - TRANSFERENCIAS DE RECURSOS DO SUS - ATENCAO ESPECIALIZADA              SOLICITACAO FINANCEIRA: 181883/2026                                         ;Inexigibilidade de Licitação;000068942020
20262150021110212;15/04/2026 00:00:00;15896,28;0106822026;23/04/2026 00:00:00;15896,28;202621500211102120001;24/04/2026 00:00:00;15896,28;33903900;OUTROS SERVICOS DE TERCEIROS - PESSOA JURIDICA;01567601000143;SECRETARIA MUNICIPAL DE SAUDE;0,00;SECRETARIA MUNICIPAL DE SAUDE                                                                                                                                                                                                                                ;SAUDE - 10;ASSISTENCIA HOSPITALAR E AMBULATORIAL - 302;TRANSFERENCIA DE RECURSOS DO SISTEMA UNICO DE SAUDE - SUS - BLOCO DE MANUTENCAO DAS ACOES E SERVICOS PUBLICOS DE SAUDE - 107;UNIVERSIDADE FEDERAL DE GOIAS;DESPESA COM CONVENIO NR. 002/2021 PARA A EXECUCAO DE SERVICOS MEDICOS DE ASSISTENCIA A SAUDE AMBULATORIAL (HOSPITALAR) E/OU APOIO DIAGNOSTICO TERAPEUTICO PARA ATENDIMENTO DOS USUARIOS DO SUS                                      REFERENCIA: COMPETENCIAS 02/2026, VALORES ESTIMADOS E PAGAMENTOS ADMINISTRATIVOS/INCENTIVOS(01.2026 A 10.2026)                                          .                                                                           VALOR TOTAL:....................................................15.896,28   .                                                                           64 - TRANSFERENCIAS DE RECURSOS DO SUS - ATENCAO ESPECIALIZADA              SOLICITACAO FINANCEIRA: 181893/2026                                         ;Inexigibilidade de Licitação;000025752020
20262150021110213;15/04/2026 00:00:00;9499,83;0103622026;22/04/2026 00:00:00;9499,83;202621500211102130001;23/04/2026 00:00:00;9499,83;33903900;OUTROS SERVICOS DE TERCEIROS - PESSOA JURIDICA;04693442000111;SECRETARIA MUNICIPAL DE SAUDE;0,00;SECRETARIA MUNICIPAL DE SAUDE                                                                                                                                                                                                                                ;SAUDE - 10;ASSISTENCIA HOSPITALAR E AMBULATORIAL - 302;TRANSFERENCIA DE RECURSOS DO SISTEMA UNICO DE SAUDE - SUS - BLOCO DE MANUTENCAO DAS ACOES E SERVICOS PUBLICOS DE SAUDE - 107;JB PRESTACOES DE SERVICOS DIAGNOSTICOS LTDA;DESPESA COM CONTRATO NR. 755/2020 PARA A EXECUCAO DE SERVICOS MEDICOS DE ASSISTENCIA A SAUDE AMBULATORIAL (HOSPITALAR) E/OU APOIO DIAGNOSTICO TERAPEUTICO PARA ATENDIMENTO DOS USUARIOS DO SUS                                      REFERENCIA: COMPETENCIAS 02/2026, VALORES ESTIMADOS E PAGAMENTOS ADMINISTRATIVOS/INCENTIVOS(01.2026 A 10.2026) / SCC: 514188-2                          .                                                                           VALOR TOTAL:.....................................................9.499,83   .                                                                           64 - TRANSFERENCIAS DE RECURSOS DO SUS - ATENCAO ESPECIALIZADA              SOLICITACAO FINANCEIRA: 181895/2026                                         ;Inexigibilidade de Licitação;000062602020
20262150021110214;15/04/2026 00:00:00;29740,64;0101802026;17/04/2026 00:00:00;29740,64;202621500211102140001;17/04/2026 00:00:00;29740,64;33903900;OUTROS SERVICOS DE TERCEIROS - PESSOA JURIDICA;01234848000148;SECRETARIA MUNICIPAL DE SAUDE;0,00;SECRETARIA MUNICIPAL DE SAUDE                                                                                                                                                                                                                                ;SAUDE - 10;ASSISTENCIA HOSPITALAR E AMBULATORIAL - 302;TRANSFERENCIA DE RECURSOS DO SISTEMA UNICO DE SAUDE - SUS - BLOCO DE MANUTENCAO DAS ACOES E SERVICOS PUBLICOS DE SAUDE - 107;LABORATORIO CAPC LTDA;DESPESA COM CONTRATO NR. 927/2020 PARA A EXECUCAO DE SERVICOS MEDICOS DE ASSISTENCIA A SAUDE AMBULATORIAL (HOSPITALAR) E/OU APOIO DIAGNOSTICO TERAPEUTICO PARA ATENDIMENTO DOS USUARIOS DO SUS                                      REFERENCIA: COMPETENCIAS 02/2026, VALORES ESTIMADOS E PAGAMENTOS ADMINISTRATIVOS/INCENTIVOS(01.2026 A 10.2026) / SCC: 518426-1                          .                                                                           VALOR TOTAL:....................................................29.740,64   .                                                                           64 - TRANSFERENCIAS DE RECURSOS DO SUS - ATENCAO ESPECIALIZADA              SOLICITACAO FINANCEIRA: 181897/2026                                         ;Inexigibilidade de Licitação;000000052020
20262150021110215;15/04/2026 00:00:00;186024,18;0100712026;16/04/2026 00:00:00;186024,18;202621500211102150001;16/04/2026 00:00:00;186024,18;33903900;OUTROS SERVICOS DE TERCEIROS - PESSOA JURIDICA;01609387000140;SECRETARIA MUNICIPAL DE SAUDE;0,00;SECRETARIA MUNICIPAL DE SAUDE                                                                                                                                                                                                                                ;SAUDE - 10;ASSISTENCIA HOSPITALAR E AMBULATORIAL - 302;TRANSFERENCIA DE RECURSOS DO SISTEMA UNICO DE SAUDE - SUS - BLOCO DE MANUTENCAO DAS ACOES E SERVICOS PUBLICOS DE SAUDE - 107;TOCANTINS DIAGNOSTICO MEDICO E LABORATORIAL LTDA.;DESPESA COM CONTRATO NR. 729/2020 PARA A EXECUCAO DE SERVICOS MEDICOS DE ASSISTENCIA A SAUDE AMBULATORIAL (HOSPITALAR) E/OU APOIO DIAGNOSTICO TERAPEUTICO PARA ATENDIMENTO DOS USUARIOS DO SUS                                      REFERENCIA: COMPETENCIAS 01/2026, VALORES ESTIMADOS E PAGAMENTOS ADMINISTRATIVOS/INCENTIVOS(01.2026 A 10.2026) / SCC: 513831-2                          .                                                                           VALOR TOTAL:...................................................186.024,18   .                                                                           64 - TRANSFERENCIAS DE RECURSOS DO SUS - ATENCAO ESPECIALIZADA              SOLICITACAO FINANCEIRA: 181898/2026                                         ;Inexigibilidade de Licitação;000062852020
20262150021130191;06/04/2026 00:00:00;1500000,00;0171142026;29/06/2026 00:00:00;1000000,00;202621500211301910001;29/06/2026 00:00:00;1000000,00;33903900;OUTROS SERVICOS DE TERCEIROS - PESSOA JURIDICA;45349461002903;SECRETARIA MUNICIPAL DE SAUDE;0,00;SECRETARIA MUNICIPAL DE SAUDE                                                                                                                                                                                                                                ;SAUDE - 10;ASSISTENCIA HOSPITALAR E AMBULATORIAL - 302;TRANSFERENCIA DE RECURSOS DO SISTEMA UNICO DE SAUDE - SUS - BLOCO DE MANUTENCAO DAS ACOES E SERVICOS PUBLICOS DE SAUDE - 107;ASSOCIACAO HOSPITALAR BENEFICENTE DO BRASIL;DESPESA COM REEQUILIBRIO DO TERMO DE COLABORACAO PARA A GESTAO PARA O GEREN-CIAMENTO,OPERACIONALIZACAO,EXECUCAO DAS ACOES E SERVICOS DE SAUDE, PARA O   PLENO FUNCIONAMENTO DA MATERNIDADE NASCER CIDADAO HOSPITAL E MATERNIDADE NASCER CIDADAO/ TERMO ADITIVO DO TERMO DE COLABORACAO EMERGENCIAL NR. 041/2025 - DE ACORDO COM OFICIO NR. 018/2026-AHBB E DESPACHO NR.004/2026-SMS/SECEXE. SOLICITACAO FINANCEIRA  180947- 2026 - SCC 783073 JUSTIFICATIVA:REEQUILIBRIOECONOMICO.                                                                  .                                                                           VALORES MENSAIS:MAR-250.000,00..ABR-250.000,00..MAI-250.000,00..JUN-250.000,00..JUL-250.000,00..AGO-250.000,00.                                         .                                                                           VALOR TOTAL.....................................................1.500.000,00.                                                                           64 - TRANSFERENCIAS DE RECURSOS DO SUS - ATENCAO ESPECIALIZADA              ;Outros (Convênios, ajustes, similares, etc.);000000012025
20262150021130191;06/04/2026 00:00:00;1500000,00;0175042026;02/07/2026 00:00:00;250000,00;202621500211301910002;02/07/2026 00:00:00;250000,00;33903900;OUTROS SERVICOS DE TERCEIROS - PESSOA JURIDICA;45349461002903;SECRETARIA MUNICIPAL DE SAUDE;0,00;SECRETARIA MUNICIPAL DE SAUDE                                                                                                                                                                                                                                ;SAUDE - 10;ASSISTENCIA HOSPITALAR E AMBULATORIAL - 302;TRANSFERENCIA DE RECURSOS DO SISTEMA UNICO DE SAUDE - SUS - BLOCO DE MANUTENCAO DAS ACOES E SERVICOS PUBLICOS DE SAUDE - 107;ASSOCIACAO HOSPITALAR BENEFICENTE DO BRASIL;DESPESA COM REEQUILIBRIO DO TERMO DE COLABORACAO PARA A GESTAO PARA O GEREN-CIAMENTO,OPERACIONALIZACAO,EXECUCAO DAS ACOES E SERVICOS DE SAUDE, PARA O   PLENO FUNCIONAMENTO DA MATERNIDADE NASCER CIDADAO HOSPITAL E MATERNIDADE NASCER CIDADAO/ TERMO ADITIVO DO TERMO DE COLABORACAO EMERGENCIAL NR. 041/2025 - DE ACORDO COM OFICIO NR. 018/2026-AHBB E DESPACHO NR.004/2026-SMS/SECEXE. SOLICITACAO FINANCEIRA  180947- 2026 - SCC 783073 JUSTIFICATIVA:REEQUILIBRIOECONOMICO.                                                                  .                                                                           VALORES MENSAIS:MAR-250.000,00..ABR-250.000,00..MAI-250.000,00..JUN-250.000,00..JUL-250.000,00..AGO-250.000,00.                                         .                                                                           VALOR TOTAL.....................................................1.500.000,00.                                                                           64 - TRANSFERENCIAS DE RECURSOS DO SUS - ATENCAO ESPECIALIZADA              ;Outros (Convênios, ajustes, similares, etc.);000000012025
20262150021130193;07/04/2026 00:00:00;13923,00;;;0,00;;;0,00;33903900;OUTROS SERVICOS DE TERCEIROS - PESSOA JURIDICA;42272160000130;SECRETARIA MUNICIPAL DE SAUDE;13923,00;SECRETARIA MUNICIPAL DE SAUDE                                                                                                                                                                                                                                ;SAUDE - 10;ASSISTENCIA HOSPITALAR E AMBULATORIAL - 302;TRANSFERENCIA DE RECURSOS DO SISTEMA UNICO DE SAUDE - SUS - BLOCO DE MANUTENCAO DAS ACOES E SERVICOS PUBLICOS DE SAUDE - 107;INSTITUTO DE DESENVOLVIMENTO E ASSISTENCIA A SAUDE  IDASA;DESPESA COM NOVO CREDENCIAMENTO PARA A EXECUCAO DE SERVICOS MEDICOS DE ASSISTENCIA A SAUDE AMBULATORIAL (HOSPITALAR) E/OU APOIO DIAGNOSTICO TERAPEUTICO PARA ATENDIMENTO DOS USUARIOS DO SUS - SCC:812901                           REFERENCIA: EXERCICIO DE 2026, VALORES ESTIMADOS, DESPACHO NR. 392/2026-SUPRAC E DE ACORDO COM DECRETO NR. 134/2025                                     .                                                                           VALOR EMPENHADO DE 05/2026 A 07/2026 COM MENSAIS DE:..............4.641,00  VALOR TOTAL:.....................................................13.923,00  .                                                                           64 - TRANSFERENCIAS DE RECURSOS DO SUS - ATENCAO ESPECIALIZADA              SOLICITACAO FINANCEIRA: 181388/2026                                         ;Inexigibilidade de Licitação;000003922026
20262150021130194;07/04/2026 00:00:00;1221753,84;0107152026;23/04/2026 00:00:00;0,00;;;0,00;33903900;OUTROS SERVICOS DE TERCEIROS - PESSOA JURIDICA;00555766000132;SECRETARIA MUNICIPAL DE SAUDE;0,00;SECRETARIA MUNICIPAL DE SAUDE                                                                                                                                                                                                                                ;SAUDE - 10;ASSISTENCIA HOSPITALAR E AMBULATORIAL - 302;TRANSFERENCIA DE RECURSOS DO SISTEMA UNICO DE SAUDE - SUS - BLOCO DE MANUTENCAO DAS ACOES E SERVICOS PUBLICOS DE SAUDE - 107;NEW LINE SISTEMAS DE SEGURANCA LTDA;DESPESA COM CONTRATO 2305/2021 DE PRESTACAO DE SERVICOS DE MONITORAMENTO E DE SEGURANCA ELETRONICA INTEGRADA E MANUTENCAO EM PREDIOS E ESPACOS PUBLICOS DA SMS                                                                      CONF. DESPACHO 337/2025-GERADM, VIGENCIA: 11/02/2026 A 10/02/2027, PEDIDO DECOMPRAS NR 727/2025 - REFERENTE AO PERIODO DE FEVEREIRO A ABRIL/2025        SCC 569845-7 - LOTE 1 - LOCAÇÃO/PRESTAÇÃO DE SERVIÇOS                       .                                                                           VALOR EMPENHADO DE 02/2026 A 04/2026 COM MENSAIS DE:............407.251,28  VALOR TOTAL:..................................................1.221.753,84  .                                                                           64 - TRANSFERENCIAS DE RECURSOS DO SUS - ATENCAO ESPECIALIZADA              SOLICITACAO FINANCEIRA: 177149/2026                                         ;Pregão;000000802020
20262150021130194;07/04/2026 00:00:00;1221753,84;0108482026;24/04/2026 00:00:00;346553,39;202621500211301940001;30/04/2026 00:00:00;346553,39;33903900;OUTROS SERVICOS DE TERCEIROS - PESSOA JURIDICA;00555766000132;SECRETARIA MUNICIPAL DE SAUDE;0,00;SECRETARIA MUNICIPAL DE SAUDE                                                                                                                                                                                                                                ;SAUDE - 10;ASSISTENCIA HOSPITALAR E AMBULATORIAL - 302;TRANSFERENCIA DE RECURSOS DO SISTEMA UNICO DE SAUDE - SUS - BLOCO DE MANUTENCAO DAS ACOES E SERVICOS PUBLICOS DE SAUDE - 107;NEW LINE SISTEMAS DE SEGURANCA LTDA;DESPESA COM CONTRATO 2305/2021 DE PRESTACAO DE SERVICOS DE MONITORAMENTO E DE SEGURANCA ELETRONICA INTEGRADA E MANUTENCAO EM PREDIOS E ESPACOS PUBLICOS DA SMS                                                                      CONF. DESPACHO 337/2025-GERADM, VIGENCIA: 11/02/2026 A 10/02/2027, PEDIDO DECOMPRAS NR 727/2025 - REFERENTE AO PERIODO DE FEVEREIRO A ABRIL/2025        SCC 569845-7 - LOTE 1 - LOCAÇÃO/PRESTAÇÃO DE SERVIÇOS                       .                                                                           VALOR EMPENHADO DE 02/2026 A 04/2026 COM MENSAIS DE:............407.251,28  VALOR TOTAL:..................................................1.221.753,84  .                                                                           64 - TRANSFERENCIAS DE RECURSOS DO SUS - ATENCAO ESPECIALIZADA              SOLICITACAO FINANCEIRA: 177149/2026                                         ;Pregão;000000802020
20262150021130194;07/04/2026 00:00:00;1221753,84;0121392026;06/05/2026 00:00:00;191336,16;202621500211301940002;25/05/2026 00:00:00;191336,16;33903900;OUTROS SERVICOS DE TERCEIROS - PESSOA JURIDICA;00555766000132;SECRETARIA MUNICIPAL DE SAUDE;0,00;SECRETARIA MUNICIPAL DE SAUDE                                                                                                                                                                                                                                ;SAUDE - 10;ASSISTENCIA HOSPITALAR E AMBULATORIAL - 302;TRANSFERENCIA DE RECURSOS DO SISTEMA UNICO DE SAUDE - SUS - BLOCO DE MANUTENCAO DAS ACOES E SERVICOS PUBLICOS DE SAUDE - 107;NEW LINE SISTEMAS DE SEGURANCA LTDA;DESPESA COM CONTRATO 2305/2021 DE PRESTACAO DE SERVICOS DE MONITORAMENTO E DE SEGURANCA ELETRONICA INTEGRADA E MANUTENCAO EM PREDIOS E ESPACOS PUBLICOS DA SMS                                                                      CONF. DESPACHO 337/2025-GERADM, VIGENCIA: 11/02/2026 A 10/02/2027, PEDIDO DECOMPRAS NR 727/2025 - REFERENTE AO PERIODO DE FEVEREIRO A ABRIL/2025        SCC 569845-7 - LOTE 1 - LOCAÇÃO/PRESTAÇÃO DE SERVIÇOS                       .                                                                           VALOR EMPENHADO DE 02/2026 A 04/2026 COM MENSAIS DE:............407.251,28  VALOR TOTAL:..................................................1.221.753,84  .                                                                           64 - TRANSFERENCIAS DE RECURSOS DO SUS - ATENCAO ESPECIALIZADA              SOLICITACAO FINANCEIRA: 177149/2026                                         ;Pregão;000000802020
20262150021130194;07/04/2026 00:00:00;1221753,84;0132452026;20/05/2026 00:00:00;359280,34;202621500211301940003;27/05/2026 00:00:00;359280,34;33903900;OUTROS SERVICOS DE TERCEIROS - PESSOA JURIDICA;00555766000132;SECRETARIA MUNICIPAL DE SAUDE;0,00;SECRETARIA MUNICIPAL DE SAUDE                                                                                                                                                                                                                                ;SAUDE - 10;ASSISTENCIA HOSPITALAR E AMBULATORIAL - 302;TRANSFERENCIA DE RECURSOS DO SISTEMA UNICO DE SAUDE - SUS - BLOCO DE MANUTENCAO DAS ACOES E SERVICOS PUBLICOS DE SAUDE - 107;NEW LINE SISTEMAS DE SEGURANCA LTDA;DESPESA COM CONTRATO 2305/2021 DE PRESTACAO DE SERVICOS DE MONITORAMENTO E DE SEGURANCA ELETRONICA INTEGRADA E MANUTENCAO EM PREDIOS E ESPACOS PUBLICOS DA SMS                                                                      CONF. DESPACHO 337/2025-GERADM, VIGENCIA: 11/02/2026 A 10/02/2027, PEDIDO DECOMPRAS NR 727/2025 - REFERENTE AO PERIODO DE FEVEREIRO A ABRIL/2025        SCC 569845-7 - LOTE 1 - LOCAÇÃO/PRESTAÇÃO DE SERVIÇOS                       .                                                                           VALOR EMPENHADO DE 02/2026 A 04/2026 COM MENSAIS DE:............407.251,28  VALOR TOTAL:..................................................1.221.753,84  .                                                                           64 - TRANSFERENCIAS DE RECURSOS DO SUS - ATENCAO ESPECIALIZADA              SOLICITACAO FINANCEIRA: 177149/2026                                         ;Pregão;000000802020
20262150021130194;07/04/2026 00:00:00;1221753,84;0153462026;15/06/2026 00:00:00;317907,18;202621500211301940004;25/06/2026 00:00:00;317907,18;33903900;OUTROS SERVICOS DE TERCEIROS - PESSOA JURIDICA;00555766000132;SECRETARIA MUNICIPAL DE SAUDE;0,00;SECRETARIA MUNICIPAL DE SAUDE                                                                                                                                                                                                                                ;SAUDE - 10;ASSISTENCIA HOSPITALAR E AMBULATORIAL - 302;TRANSFERENCIA DE RECURSOS DO SISTEMA UNICO DE SAUDE - SUS - BLOCO DE MANUTENCAO DAS ACOES E SERVICOS PUBLICOS DE SAUDE - 107;NEW LINE SISTEMAS DE SEGURANCA LTDA;DESPESA COM CONTRATO 2305/2021 DE PRESTACAO DE SERVICOS DE MONITORAMENTO E DE SEGURANCA ELETRONICA INTEGRADA E MANUTENCAO EM PREDIOS E ESPACOS PUBLICOS DA SMS                                                                      CONF. DESPACHO 337/2025-GERADM, VIGENCIA: 11/02/2026 A 10/02/2027, PEDIDO DECOMPRAS NR 727/2025 - REFERENTE AO PERIODO DE FEVEREIRO A ABRIL/2025        SCC 569845-7 - LOTE 1 - LOCAÇÃO/PRESTAÇÃO DE SERVIÇOS                       .                                                                           VALOR EMPENHADO DE 02/2026 A 04/2026 COM MENSAIS DE:............407.251,28  VALOR TOTAL:..................................................1.221.753,84  .                                                                           64 - TRANSFERENCIAS DE RECURSOS DO SUS - ATENCAO ESPECIALIZADA              SOLICITACAO FINANCEIRA: 177149/2026                                         ;Pregão;000000802020
20262150021130195;07/04/2026 00:00:00;124894,80;0107312026;23/04/2026 00:00:00;0,00;;;0,00;33903900;OUTROS SERVICOS DE TERCEIROS - PESSOA JURIDICA;00555766000132;SECRETARIA MUNICIPAL DE SAUDE;0,00;SECRETARIA MUNICIPAL DE SAUDE                                                                                                                                                                                                                                ;SAUDE - 10;ASSISTENCIA HOSPITALAR E AMBULATORIAL - 302;TRANSFERENCIA DE RECURSOS DO SISTEMA UNICO DE SAUDE - SUS - BLOCO DE MANUTENCAO DAS ACOES E SERVICOS PUBLICOS DE SAUDE - 107;NEW LINE SISTEMAS DE SEGURANCA LTDA;DESPESA COM CONTRATO 2305/2021 DE PRESTACAO DE SERVICOS DE MONITORAMENTO E DE SEGURANCA ELETRONICA INTEGRADA E MANUTENCAO EM PREDIOS E ESPACOS PUBLICOS DA SMS                                                                      CONF. DESPACHO 337/2025-GERADM, VIGENCIA: 11/02/2026 A 10/02/2027, PEDIDO DECOMPRAS NR 727/2025 - REFERENTE AO PERIODO DE FEVEREIRO A ABRIL/2025        SCC 569845-7 - LOTE 2 - INSTALAÇÃO                                          .                                                                           VALOR EMPENHADO DE 02/2026 A 04/2026 COM MENSAIS DE:.............41.631,60  VALOR TOTAL:....................................................124.894,80  .                                                                           64 - TRANSFERENCIAS DE RECURSOS DO SUS - ATENCAO ESPECIALIZADA              SOLICITACAO FINANCEIRA: 177151/2026                                         ;Pregão;000000802020
20262150021130195;07/04/2026 00:00:00;124894,80;0121462026;06/05/2026 00:00:00;83521,04;202621500211301950001;25/05/2026 00:00:00;83521,04;33903900;OUTROS SERVICOS DE TERCEIROS - PESSOA JURIDICA;00555766000132;SECRETARIA MUNICIPAL DE SAUDE;0,00;SECRETARIA MUNICIPAL DE SAUDE                                                                                                                                                                                                                                ;SAUDE - 10;ASSISTENCIA HOSPITALAR E AMBULATORIAL - 302;TRANSFERENCIA DE RECURSOS DO SISTEMA UNICO DE SAUDE - SUS - BLOCO DE MANUTENCAO DAS ACOES E SERVICOS PUBLICOS DE SAUDE - 107;NEW LINE SISTEMAS DE SEGURANCA LTDA;DESPESA COM CONTRATO 2305/2021 DE PRESTACAO DE SERVICOS DE MONITORAMENTO E DE SEGURANCA ELETRONICA INTEGRADA E MANUTENCAO EM PREDIOS E ESPACOS PUBLICOS DA SMS                                                                      CONF. DESPACHO 337/2025-GERADM, VIGENCIA: 11/02/2026 A 10/02/2027, PEDIDO DECOMPRAS NR 727/2025 - REFERENTE AO PERIODO DE FEVEREIRO A ABRIL/2025        SCC 569845-7 - LOTE 2 - INSTALAÇÃO                                          .                                                                           VALOR EMPENHADO DE 02/2026 A 04/2026 COM MENSAIS DE:.............41.631,60  VALOR TOTAL:....................................................124.894,80  .                                                                           64 - TRANSFERENCIAS DE RECURSOS DO SUS - ATENCAO ESPECIALIZADA              SOLICITACAO FINANCEIRA: 177151/2026                                         ;Pregão;000000802020
20262150021130195;07/04/2026 00:00:00;124894,80;0153512026;15/06/2026 00:00:00;41373,16;202621500211301950002;25/06/2026 00:00:00;41373,16;33903900;OUTROS SERVICOS DE TERCEIROS - PESSOA JURIDICA;00555766000132;SECRETARIA MUNICIPAL DE SAUDE;0,00;SECRETARIA MUNICIPAL DE SAUDE                                                                                                                                                                                                                                ;SAUDE - 10;ASSISTENCIA HOSPITALAR E AMBULATORIAL - 302;TRANSFERENCIA DE RECURSOS DO SISTEMA UNICO DE SAUDE - SUS - BLOCO DE MANUTENCAO DAS ACOES E SERVICOS PUBLICOS DE SAUDE - 107;NEW LINE SISTEMAS DE SEGURANCA LTDA;DESPESA COM CONTRATO 2305/2021 DE PRESTACAO DE SERVICOS DE MONITORAMENTO E DE SEGURANCA ELETRONICA INTEGRADA E MANUTENCAO EM PREDIOS E ESPACOS PUBLICOS DA SMS                                                                      CONF. DESPACHO 337/2025-GERADM, VIGENCIA: 11/02/2026 A 10/02/2027, PEDIDO DECOMPRAS NR 727/2025 - REFERENTE AO PERIODO DE FEVEREIRO A ABRIL/2025        SCC 569845-7 - LOTE 2 - INSTALAÇÃO                                          .                                                                           VALOR EMPENHADO DE 02/2026 A 04/2026 COM MENSAIS DE:.............41.631,60  VALOR TOTAL:....................................................124.894,80  .                                                                           64 - TRANSFERENCIAS DE RECURSOS DO SUS - ATENCAO ESPECIALIZADA              SOLICITACAO FINANCEIRA: 177151/2026                                         ;Pregão;000000802020
20262150021130196;07/04/2026 00:00:00;26597,07;0115582026;29/04/2026 00:00:00;8865,69;202621500211301960001;08/05/2026 00:00:00;8865,69;33903900;OUTROS SERVICOS DE TERCEIROS - PESSOA JURIDICA;03458700000112;SECRETARIA MUNICIPAL DE SAUDE;0,00;SECRETARIA MUNICIPAL DE SAUDE                                                                                                                                                                                                                                ;SAUDE - 10;ASSISTENCIA HOSPITALAR E AMBULATORIAL - 302;TRANSFERENCIA DE RECURSOS DO SISTEMA UNICO DE SAUDE - SUS - BLOCO DE MANUTENCAO DAS ACOES E SERVICOS PUBLICOS DE SAUDE - 107;INCORPORATO ADMINISTRACAO EMPRESARIAL LTDA;DESPESA COM CONTRATO DE LOCACAO NR 1928/2025 DO IMOVEL ONDE FUNCIONA O CAPS GIRASSOL                                                                    VALORES RELATIVOS A ABRIL A JUNHO/2026, CONFORME DESPACHO NR 228/2026-GERINF, PEDIDO DE COMPRAS NR 209/2025, SCC 782972                                 .                                                                           VALOR EMPENHADO DE 04/2026 A 06/2026 COM MENSAIS DE:..............8.865,69  VALOR TOTAL:.....................................................26.597,07  .                                                                           64 - TRANSFERENCIAS DE RECURSOS DO SUS - ATENCAO ESPECIALIZADA              SOLICITACAO FINANCEIRA: 181577/2026                                         ;Inexigibilidade de Licitação;000003692025
20262150021130196;07/04/2026 00:00:00;26597,07;0141462026;27/05/2026 00:00:00;8865,69;202621500211301960002;08/06/2026 00:00:00;8865,69;33903900;OUTROS SERVICOS DE TERCEIROS - PESSOA JURIDICA;03458700000112;SECRETARIA MUNICIPAL DE SAUDE;0,00;SECRETARIA MUNICIPAL DE SAUDE                                                                                                                                                                                                                                ;SAUDE - 10;ASSISTENCIA HOSPITALAR E AMBULATORIAL - 302;TRANSFERENCIA DE RECURSOS DO SISTEMA UNICO DE SAUDE - SUS - BLOCO DE MANUTENCAO DAS ACOES E SERVICOS PUBLICOS DE SAUDE - 107;INCORPORATO ADMINISTRACAO EMPRESARIAL LTDA;DESPESA COM CONTRATO DE LOCACAO NR 1928/2025 DO IMOVEL ONDE FUNCIONA O CAPS GIRASSOL                                                                    VALORES RELATIVOS A ABRIL A JUNHO/2026, CONFORME DESPACHO NR 228/2026-GERINF, PEDIDO DE COMPRAS NR 209/2025, SCC 782972                                 .                                                                           VALOR EMPENHADO DE 04/2026 A 06/2026 COM MENSAIS DE:..............8.865,69  VALOR TOTAL:.....................................................26.597,07  .                                                                           64 - TRANSFERENCIAS DE RECURSOS DO SUS - ATENCAO ESPECIALIZADA              SOLICITACAO FINANCEIRA: 181577/2026                                         ;Inexigibilidade de Licitação;000003692025
20262150021130196;07/04/2026 00:00:00;26597,07;0171432026;30/06/2026 00:00:00;8865,69;202621500211301960003;06/07/2026 00:00:00;8865,69;33903900;OUTROS SERVICOS DE TERCEIROS - PESSOA JURIDICA;03458700000112;SECRETARIA MUNICIPAL DE SAUDE;0,00;SECRETARIA MUNICIPAL DE SAUDE                                                                                                                                                                                                                                ;SAUDE - 10;ASSISTENCIA HOSPITALAR E AMBULATORIAL - 302;TRANSFERENCIA DE RECURSOS DO SISTEMA UNICO DE SAUDE - SUS - BLOCO DE MANUTENCAO DAS ACOES E SERVICOS PUBLICOS DE SAUDE - 107;INCORPORATO ADMINISTRACAO EMPRESARIAL LTDA;DESPESA COM CONTRATO DE LOCACAO NR 1928/2025 DO IMOVEL ONDE FUNCIONA O CAPS GIRASSOL                                                                    VALORES RELATIVOS A ABRIL A JUNHO/2026, CONFORME DESPACHO NR 228/2026-GERINF, PEDIDO DE COMPRAS NR 209/2025, SCC 782972                                 .                                                                           VALOR EMPENHADO DE 04/2026 A 06/2026 COM MENSAIS DE:..............8.865,69  VALOR TOTAL:.....................................................26.597,07  .                                                                           64 - TRANSFERENCIAS DE RECURSOS DO SUS - ATENCAO ESPECIALIZADA              SOLICITACAO FINANCEIRA: 181577/2026                                         ;Inexigibilidade de Licitação;000003692025
20262150021130197;08/04/2026 00:00:00;1393667,13;;;0,00;;;0,00;33903900;OUTROS SERVICOS DE TERCEIROS - PESSOA JURIDICA;02043906000119;SECRETARIA MUNICIPAL DE SAUDE;1393667,13;SECRETARIA MUNICIPAL DE SAUDE                                                                                                                                                                                                                                ;SAUDE - 10;ASSISTENCIA HOSPITALAR E AMBULATORIAL - 302;TRANSFERENCIA DE RECURSOS DO SISTEMA UNICO DE SAUDE - SUS - BLOCO DE MANUTENCAO DAS ACOES E SERVICOS PUBLICOS DE SAUDE - 107;RENALCLINICA CLINICA DE NEFROLOGIA LTDA;DESPESA COM NOVO CREDENCIAMENTO PARA A EXECUCAO DE SERVICOS MEDICOS DE ASSISTENCIA A SAUDE AMBULATORIAL(HOSPITALAR) E/OU APOIO DIAGNOSTICO TERAPEUTICO  PARA ATENDIMENTO DOS USUÁRIOS DO SUS - SCC:800521                           REFERENCIA: EXERCICIO DE 2026, VALORES ESTIMADOS DE ACORDO COM DECRETO NR.  134/2025, DE ACORDO COM DESPACHO NR. 1610/2025 - SUPRAC(8886457)            .                                                                           VALOR EMPENHADO DE 03/2026 A 05/2026 COM MENSAIS DE:............464.555,71  VALOR TOTAL:..................................................1.393.667,13  .                                                                           64 - TRANSFERENCIAS DE RECURSOS DO SUS - ATENCAO ESPECIALIZADA              SOLICITACAO FINANCEIRA: 177347/2026                                         ;Inexigibilidade de Licitação;000016102025
20262150021130199;08/04/2026 00:00:00;1080000,00;0119242026;05/05/2026 00:00:00;348544,30;202621500211301990001;27/05/2026 00:00:00;348544,30;33903900;OUTROS SERVICOS DE TERCEIROS - PESSOA JURIDICA;12532358000144;SECRETARIA MUNICIPAL DE SAUDE;0,00;SECRETARIA MUNICIPAL DE SAUDE                                                                                                                                                                                                                                ;SAUDE - 10;ASSISTENCIA HOSPITALAR E AMBULATORIAL - 302;TRANSFERENCIA DE RECURSOS DO SISTEMA UNICO DE SAUDE - SUS - BLOCO DE MANUTENCAO DAS ACOES E SERVICOS PUBLICOS DE SAUDE - 107;A  G SERVICOS MEDICOS LTDA;DESPESA COM CONTRATO NR 821/2024 PARA PRESTACAO DE SERVICOS DE LOCACAO DE AMBULANCIA DE SUPORTE BASICO E AVANCADO SEM CONDUTORES PARA ATENDIMENTO DO SAMU - SERVIÇO DE ATENDIMENTO MOVEL DE URGENCIA                                VALOR ESTIMADO PARA OS MESES DE ABRIL A JUNHO/2026, SCC: 793893, PEDIDO DE COMPRAS:352/2025                                                             .                                                                           VALOR EMPENHADO DE 04/2026 A 06/2026 COM MENSAIS DE:............360.000,00  VALOR TOTAL:..................................................1.080.000,00  .                                                                           64 - TRANSFERENCIAS DE RECURSOS DO SUS - ATENCAO ESPECIALIZADA              SOLICITACAO FINANCEIRA: 181629/2026                                         ;Pregão;000000202024
20262150021130199;08/04/2026 00:00:00;1080000,00;0152492026;12/06/2026 00:00:00;332130,49;202621500211301990002;25/06/2026 00:00:00;332130,49;33903900;OUTROS SERVICOS DE TERCEIROS - PESSOA JURIDICA;12532358000144;SECRETARIA MUNICIPAL DE SAUDE;0,00;SECRETARIA MUNICIPAL DE SAUDE                                                                                                                                                                                                                                ;SAUDE - 10;ASSISTENCIA HOSPITALAR E AMBULATORIAL - 302;TRANSFERENCIA DE RECURSOS DO SISTEMA UNICO DE SAUDE - SUS - BLOCO DE MANUTENCAO DAS ACOES E SERVICOS PUBLICOS DE SAUDE - 107;A  G SERVICOS MEDICOS LTDA;DESPESA COM CONTRATO NR 821/2024 PARA PRESTACAO DE SERVICOS DE LOCACAO DE AMBULANCIA DE SUPORTE BASICO E AVANCADO SEM CONDUTORES PARA ATENDIMENTO DO SAMU - SERVIÇO DE ATENDIMENTO MOVEL DE URGENCIA                                VALOR ESTIMADO PARA OS MESES DE ABRIL A JUNHO/2026, SCC: 793893, PEDIDO DE COMPRAS:352/2025                                                             .                                                                           VALOR EMPENHADO DE 04/2026 A 06/2026 COM MENSAIS DE:............360.000,00  VALOR TOTAL:..................................................1.080.000,00  .                                                                           64 - TRANSFERENCIAS DE RECURSOS DO SUS - ATENCAO ESPECIALIZADA              SOLICITACAO FINANCEIRA: 181629/2026                                         ;Pregão;000000202024
20262150021130199;08/04/2026 00:00:00;1080000,00;0179762026;08/07/2026 00:00:00;342778,64;;;0,00;33903900;OUTROS SERVICOS DE TERCEIROS - PESSOA JURIDICA;12532358000144;SECRETARIA MUNICIPAL DE SAUDE;0,00;SECRETARIA MUNICIPAL DE SAUDE                                                                                                                                                                                                                                ;SAUDE - 10;ASSISTENCIA HOSPITALAR E AMBULATORIAL - 302;TRANSFERENCIA DE RECURSOS DO SISTEMA UNICO DE SAUDE - SUS - BLOCO DE MANUTENCAO DAS ACOES E SERVICOS PUBLICOS DE SAUDE - 107;A  G SERVICOS MEDICOS LTDA;DESPESA COM CONTRATO NR 821/2024 PARA PRESTACAO DE SERVICOS DE LOCACAO DE AMBULANCIA DE SUPORTE BASICO E AVANCADO SEM CONDUTORES PARA ATENDIMENTO DO SAMU - SERVIÇO DE ATENDIMENTO MOVEL DE URGENCIA                                VALOR ESTIMADO PARA OS MESES DE ABRIL A JUNHO/2026, SCC: 793893, PEDIDO DE COMPRAS:352/2025                                                             .                                                                           VALOR EMPENHADO DE 04/2026 A 06/2026 COM MENSAIS DE:............360.000,00  VALOR TOTAL:..................................................1.080.000,00  .                                                                           64 - TRANSFERENCIAS DE RECURSOS DO SUS - ATENCAO ESPECIALIZADA              SOLICITACAO FINANCEIRA: 181629/2026                                         ;Pregão;000000202024
20262150021130200;08/04/2026 00:00:00;468789,54;0115792026;30/04/2026 00:00:00;35000,00;202621500211302000001;07/05/2026 00:00:00;35000,00;33903900;OUTROS SERVICOS DE TERCEIROS - PESSOA JURIDICA;03979504000193;SECRETARIA MUNICIPAL DE SAUDE;0,00;SECRETARIA MUNICIPAL DE SAUDE                                                                                                                                                                                                                                ;SAUDE - 10;ASSISTENCIA HOSPITALAR E AMBULATORIAL - 302;TRANSFERENCIA DE RECURSOS DO SISTEMA UNICO DE SAUDE - SUS - BLOCO DE MANUTENCAO DAS ACOES E SERVICOS PUBLICOS DE SAUDE - 107;HEBROM COMERCIO E SERVICOS LTDA;VALOR TOTAL:....................................................468.789,54  .                                                                           64 - TRANSFERENCIAS DE RECURSOS DO SUS - ATENCAO ESPECIALIZADA              SOLICITACAO FINANCEIRA: 181618/2026                                         VALOR EMPENHADO DE 07/2026  COM MENSAL DE:......................175.197,38  VALOR EMPENHADO DE 05/2026 E 06/2026 COM MENSAIS DE:............175.796,08  .                                                                           2026-GERINF, PEDIDO DE COMPRAS: 72/2026, SCC: 780147-1                      VALORES RELATIVOS AO PERIODO DE MAIO A AGOSTO/2026, CONFORME DESPACHO NR 77/AO DE OBRA, FERRAMENTAS, MATERIAIS E INSUMOS                                E SERVICOS DE MANUTENCAO PREDIAL CORRETIVA E PREDITIVA COM FORNECIMENTO DE MDESPESA COM PRORROGACAO DO CONTRATO EMERGENCIAL NR 1859/2025 COM PRESTACAO D;Dispensa de Licitação;000900452025
20262150021130200;08/04/2026 00:00:00;468789,54;0148972026;08/06/2026 00:00:00;190199,88;202621500211302000002;11/06/2026 00:00:00;190199,88;33903900;OUTROS SERVICOS DE TERCEIROS - PESSOA JURIDICA;03979504000193;SECRETARIA MUNICIPAL DE SAUDE;0,00;SECRETARIA MUNICIPAL DE SAUDE                                                                                                                                                                                                                                ;SAUDE - 10;ASSISTENCIA HOSPITALAR E AMBULATORIAL - 302;TRANSFERENCIA DE RECURSOS DO SISTEMA UNICO DE SAUDE - SUS - BLOCO DE MANUTENCAO DAS ACOES E SERVICOS PUBLICOS DE SAUDE - 107;HEBROM COMERCIO E SERVICOS LTDA;VALOR TOTAL:....................................................468.789,54  .                                                                           64 - TRANSFERENCIAS DE RECURSOS DO SUS - ATENCAO ESPECIALIZADA              SOLICITACAO FINANCEIRA: 181618/2026                                         VALOR EMPENHADO DE 07/2026  COM MENSAL DE:......................175.197,38  VALOR EMPENHADO DE 05/2026 E 06/2026 COM MENSAIS DE:............175.796,08  .                                                                           2026-GERINF, PEDIDO DE COMPRAS: 72/2026, SCC: 780147-1                      VALORES RELATIVOS AO PERIODO DE MAIO A AGOSTO/2026, CONFORME DESPACHO NR 77/AO DE OBRA, FERRAMENTAS, MATERIAIS E INSUMOS                                E SERVICOS DE MANUTENCAO PREDIAL CORRETIVA E PREDITIVA COM FORNECIMENTO DE MDESPESA COM PRORROGACAO DO CONTRATO EMERGENCIAL NR 1859/2025 COM PRESTACAO D;Dispensa de Licitação;000900452025
20262150021130200;08/04/2026 00:00:00;468789,54;0174302026;02/07/2026 00:00:00;129954,06;202621500211302000003;02/07/2026 00:00:00;129954,06;33903900;OUTROS SERVICOS DE TERCEIROS - PESSOA JURIDICA;03979504000193;SECRETARIA MUNICIPAL DE SAUDE;0,00;SECRETARIA MUNICIPAL DE SAUDE                                                                                                                                                                                                                                ;SAUDE - 10;ASSISTENCIA HOSPITALAR E AMBULATORIAL - 302;TRANSFERENCIA DE RECURSOS DO SISTEMA UNICO DE SAUDE - SUS - BLOCO DE MANUTENCAO DAS ACOES E SERVICOS PUBLICOS DE SAUDE - 107;HEBROM COMERCIO E SERVICOS LTDA;VALOR TOTAL:....................................................468.789,54  .                                                                           64 - TRANSFERENCIAS DE RECURSOS DO SUS - ATENCAO ESPECIALIZADA              SOLICITACAO FINANCEIRA: 181618/2026                                         VALOR EMPENHADO DE 07/2026  COM MENSAL DE:......................175.197,38  VALOR EMPENHADO DE 05/2026 E 06/2026 COM MENSAIS DE:............175.796,08  .                                                                           2026-GERINF, PEDIDO DE COMPRAS: 72/2026, SCC: 780147-1                      VALORES RELATIVOS AO PERIODO DE MAIO A AGOSTO/2026, CONFORME DESPACHO NR 77/AO DE OBRA, FERRAMENTAS, MATERIAIS E INSUMOS                                E SERVICOS DE MANUTENCAO PREDIAL CORRETIVA E PREDITIVA COM FORNECIMENTO DE MDESPESA COM PRORROGACAO DO CONTRATO EMERGENCIAL NR 1859/2025 COM PRESTACAO D;Dispensa de Licitação;000900452025
20262150021130201;08/04/2026 00:00:00;13950,00;0170712026;29/06/2026 00:00:00;5802,27;;;0,00;33903900;OUTROS SERVICOS DE TERCEIROS - PESSOA JURIDICA;07119310000179;SECRETARIA MUNICIPAL DE SAUDE;0,00;SECRETARIA MUNICIPAL DE SAUDE                                                                                                                                                                                                                                ;SAUDE - 10;ASSISTENCIA HOSPITALAR E AMBULATORIAL - 302;TRANSFERENCIA DE RECURSOS DO SISTEMA UNICO DE SAUDE - SUS - BLOCO DE MANUTENCAO DAS ACOES E SERVICOS PUBLICOS DE SAUDE - 107;MATA PRAGAS CONTROLE DE PRAGAS LTDA;DESPESA COM CONTRATO NR 638/2023 PARA PRESTACAO DE SERVICOS DE LIMPEZA DE FOSSAS SEPTICAS PARA ATENDIMENTO DAS DEMANDAS DA SMS                          VALOR REFERENTE A ABRIL A JUNHO/2026, CONF. DESPACHO NR 12/2026-GERADM, SCC:669769-3,PEDIDO DE COMPRA: 427/2024                                         .                                                                           VALOR EMPENHADO DE 04/2026 A 06/2026 COM MENSAIS DE:..............4.650,00  VALOR TOTAL:.....................................................13.950,00  .                                                                           64 - TRANSFERENCIAS DE RECURSOS DO SUS - ATENCAO ESPECIALIZADA              SOLICITACAO FINANCEIRA: 181614/2026                                         ;Pregão;000000032023
20262150021130201;08/04/2026 00:00:00;13950,00;0170882026;29/06/2026 00:00:00;1668,03;;;0,00;33903900;OUTROS SERVICOS DE TERCEIROS - PESSOA JURIDICA;07119310000179;SECRETARIA MUNICIPAL DE SAUDE;0,00;SECRETARIA MUNICIPAL DE SAUDE                                                                                                                                                                                                                                ;SAUDE - 10;ASSISTENCIA HOSPITALAR E AMBULATORIAL - 302;TRANSFERENCIA DE RECURSOS DO SISTEMA UNICO DE SAUDE - SUS - BLOCO DE MANUTENCAO DAS ACOES E SERVICOS PUBLICOS DE SAUDE - 107;MATA PRAGAS CONTROLE DE PRAGAS LTDA;DESPESA COM CONTRATO NR 638/2023 PARA PRESTACAO DE SERVICOS DE LIMPEZA DE FOSSAS SEPTICAS PARA ATENDIMENTO DAS DEMANDAS DA SMS                          VALOR REFERENTE A ABRIL A JUNHO/2026, CONF. DESPACHO NR 12/2026-GERADM, SCC:669769-3,PEDIDO DE COMPRA: 427/2024                                         .                                                                           VALOR EMPENHADO DE 04/2026 A 06/2026 COM MENSAIS DE:..............4.650,00  VALOR TOTAL:.....................................................13.950,00  .                                                                           64 - TRANSFERENCIAS DE RECURSOS DO SUS - ATENCAO ESPECIALIZADA              SOLICITACAO FINANCEIRA: 181614/2026                                         ;Pregão;000000032023
20262150021130201;08/04/2026 00:00:00;13950,00;0171192026;29/06/2026 00:00:00;3479,70;;;0,00;33903900;OUTROS SERVICOS DE TERCEIROS - PESSOA JURIDICA;07119310000179;SECRETARIA MUNICIPAL DE SAUDE;0,00;SECRETARIA MUNICIPAL DE SAUDE                                                                                                                                                                                                                                ;SAUDE - 10;ASSISTENCIA HOSPITALAR E AMBULATORIAL - 302;TRANSFERENCIA DE RECURSOS DO SISTEMA UNICO DE SAUDE - SUS - BLOCO DE MANUTENCAO DAS ACOES E SERVICOS PUBLICOS DE SAUDE - 107;MATA PRAGAS CONTROLE DE PRAGAS LTDA;DESPESA COM CONTRATO NR 638/2023 PARA PRESTACAO DE SERVICOS DE LIMPEZA DE FOSSAS SEPTICAS PARA ATENDIMENTO DAS DEMANDAS DA SMS                          VALOR REFERENTE A ABRIL A JUNHO/2026, CONF. DESPACHO NR 12/2026-GERADM, SCC:669769-3,PEDIDO DE COMPRA: 427/2024                                         .                                                                           VALOR EMPENHADO DE 04/2026 A 06/2026 COM MENSAIS DE:..............4.650,00  VALOR TOTAL:.....................................................13.950,00  .                                                                           64 - TRANSFERENCIAS DE RECURSOS DO SUS - ATENCAO ESPECIALIZADA              SOLICITACAO FINANCEIRA: 181614/2026                                         ;Pregão;000000032023
20262150021130202;10/04/2026 00:00:00;188402,43;;;0,00;;;0,00;33903900;OUTROS SERVICOS DE TERCEIROS - PESSOA JURIDICA;00088925000136;SECRETARIA MUNICIPAL DE SAUDE;188402,43;SECRETARIA MUNICIPAL DE SAUDE                                                                                                                                                                                                                                ;SAUDE - 10;ASSISTENCIA HOSPITALAR E AMBULATORIAL - 302;TRANSFERENCIA DE RECURSOS DO SISTEMA UNICO DE SAUDE - SUS - BLOCO DE MANUTENCAO DAS ACOES E SERVICOS PUBLICOS DE SAUDE - 107;IMEN INSTITUTO DE MEDICINA NUCLEAR LTDA;VALOR TOTAL:....................................................188.402,43  DESPESA COM NOVO CREDENCIAMENTO PARA A EXECUCAO DE SERVIÇOS MEDICOS DE ASSISTENCIA A SAUDE AMBULATORIAL (HOSPITALAR) E/OU APOIO DIAGNOSTICO TERAPEUTICO PARA ATENDIMENTO DOS USUARIOS DO SUS                                        REFERENCIA: EXERCICIO DE 2026, VALORES ESTIMADOS, DESPACHO NR. 083/2026-SUPRAC E DE ACORDO COM DECRETO NR. 134/2025                                     .                                                                           VALOR EMPENHADO DE 05/2026 A 07/2026 COM MENSAIS DE:.............62.800,81  .                                                                           64 - TRANSFERENCIAS DE RECURSOS DO SUS - ATENCAO ESPECIALIZADA              SOLICITACAO FINANCEIRA: 180115/2026                                         ;Inexigibilidade de Licitação;000013812026
20262150021130203;13/04/2026 00:00:00;792000,00;0104132026;23/04/2026 00:00:00;131730,00;202621500211302030002;28/04/2026 00:00:00;131730,00;33903900;OUTROS SERVICOS DE TERCEIROS - PESSOA JURIDICA;06273582000166;SECRETARIA MUNICIPAL DE SAUDE;0,00;SECRETARIA MUNICIPAL DE SAUDE                                                                                                                                                                                                                                ;SAUDE - 10;ASSISTENCIA HOSPITALAR E AMBULATORIAL - 302;TRANSFERENCIA DE RECURSOS DO SISTEMA UNICO DE SAUDE - SUS - BLOCO DE MANUTENCAO DAS ACOES E SERVICOS PUBLICOS DE SAUDE - 107;RS PRODUTOS E SERVICOS LTDA;LOCACAO DE VEICULOS AUTOMOTORES - ADESAO A ATA DE REGISTRO DE PREÇOS 1317/2024, PE 075/2024                                                             VALORES ESTIMADOS PARA O PERÍODO DE JANEIRO A JUNHO/2026 - PEDIDO DE COMPRAS268/2025 - SCC 792587                                                       .                                                                           VALOR EMPENHADO DE 04/2026  COM MENSAL DE:......................528.000,00  VALOR EMPENHADO DE 05/2026 E 06/2026 COM MENSAIS DE:............132.000,00  VALOR TOTAL:....................................................792.000,00  .                                                                           64 - TRANSFERENCIAS DE RECURSOS DO SUS - ATENCAO ESPECIALIZADA              SOLICITACAO FINANCEIRA: 181779/2026                                         DESPESA COM CONTRATACAO DE EMPRESA ESPECIALIZADA NA PRESTACAO DE SERVICOS DE;Pregão;000000752024
20262150021130203;13/04/2026 00:00:00;792000,00;0104442026;23/04/2026 00:00:00;127788,34;202621500211302030001;28/04/2026 00:00:00;127788,34;33903900;OUTROS SERVICOS DE TERCEIROS - PESSOA JURIDICA;06273582000166;SECRETARIA MUNICIPAL DE SAUDE;0,00;SECRETARIA MUNICIPAL DE SAUDE                                                                                                                                                                                                                                ;SAUDE - 10;ASSISTENCIA HOSPITALAR E AMBULATORIAL - 302;TRANSFERENCIA DE RECURSOS DO SISTEMA UNICO DE SAUDE - SUS - BLOCO DE MANUTENCAO DAS ACOES E SERVICOS PUBLICOS DE SAUDE - 107;RS PRODUTOS E SERVICOS LTDA;LOCACAO DE VEICULOS AUTOMOTORES - ADESAO A ATA DE REGISTRO DE PREÇOS 1317/2024, PE 075/2024                                                             VALORES ESTIMADOS PARA O PERÍODO DE JANEIRO A JUNHO/2026 - PEDIDO DE COMPRAS268/2025 - SCC 792587                                                       .                                                                           VALOR EMPENHADO DE 04/2026  COM MENSAL DE:......................528.000,00  VALOR EMPENHADO DE 05/2026 E 06/2026 COM MENSAIS DE:............132.000,00  VALOR TOTAL:....................................................792.000,00  .                                                                           64 - TRANSFERENCIAS DE RECURSOS DO SUS - ATENCAO ESPECIALIZADA              SOLICITACAO FINANCEIRA: 181779/2026                                         DESPESA COM CONTRATACAO DE EMPRESA ESPECIALIZADA NA PRESTACAO DE SERVICOS DE;Pregão;000000752024
20262150021130203;13/04/2026 00:00:00;792000,00;0118252026;05/05/2026 00:00:00;131730,00;202621500211302030003;27/05/2026 00:00:00;131730,00;33903900;OUTROS SERVICOS DE TERCEIROS - PESSOA JURIDICA;06273582000166;SECRETARIA MUNICIPAL DE SAUDE;0,00;SECRETARIA MUNICIPAL DE SAUDE                                                                                                                                                                                                                                ;SAUDE - 10;ASSISTENCIA HOSPITALAR E AMBULATORIAL - 302;TRANSFERENCIA DE RECURSOS DO SISTEMA UNICO DE SAUDE - SUS - BLOCO DE MANUTENCAO DAS ACOES E SERVICOS PUBLICOS DE SAUDE - 107;RS PRODUTOS E SERVICOS LTDA;LOCACAO DE VEICULOS AUTOMOTORES - ADESAO A ATA DE REGISTRO DE PREÇOS 1317/2024, PE 075/2024                                                             VALORES ESTIMADOS PARA O PERÍODO DE JANEIRO A JUNHO/2026 - PEDIDO DE COMPRAS268/2025 - SCC 792587                                                       .                                                                           VALOR EMPENHADO DE 04/2026  COM MENSAL DE:......................528.000,00  VALOR EMPENHADO DE 05/2026 E 06/2026 COM MENSAIS DE:............132.000,00  VALOR TOTAL:....................................................792.000,00  .                                                                           64 - TRANSFERENCIAS DE RECURSOS DO SUS - ATENCAO ESPECIALIZADA              SOLICITACAO FINANCEIRA: 181779/2026                                         DESPESA COM CONTRATACAO DE EMPRESA ESPECIALIZADA NA PRESTACAO DE SERVICOS DE;Pregão;000000752024
20262150021130203;13/04/2026 00:00:00;792000,00;0126932026;13/05/2026 00:00:00;0,00;;;0,00;33903900;OUTROS SERVICOS DE TERCEIROS - PESSOA JURIDICA;06273582000166;SECRETARIA MUNICIPAL DE SAUDE;0,00;SECRETARIA MUNICIPAL DE SAUDE                                                                                                                                                                                                                                ;SAUDE - 10;ASSISTENCIA HOSPITALAR E AMBULATORIAL - 302;TRANSFERENCIA DE RECURSOS DO SISTEMA UNICO DE SAUDE - SUS - BLOCO DE MANUTENCAO DAS ACOES E SERVICOS PUBLICOS DE SAUDE - 107;RS PRODUTOS E SERVICOS LTDA;LOCACAO DE VEICULOS AUTOMOTORES - ADESAO A ATA DE REGISTRO DE PREÇOS 1317/2024, PE 075/2024                                                             VALORES ESTIMADOS PARA O PERÍODO DE JANEIRO A JUNHO/2026 - PEDIDO DE COMPRAS268/2025 - SCC 792587                                                       .                                                                           VALOR EMPENHADO DE 04/2026  COM MENSAL DE:......................528.000,00  VALOR EMPENHADO DE 05/2026 E 06/2026 COM MENSAIS DE:............132.000,00  VALOR TOTAL:....................................................792.000,00  .                                                                           64 - TRANSFERENCIAS DE RECURSOS DO SUS - ATENCAO ESPECIALIZADA              SOLICITACAO FINANCEIRA: 181779/2026                                         DESPESA COM CONTRATACAO DE EMPRESA ESPECIALIZADA NA PRESTACAO DE SERVICOS DE;Pregão;000000752024
20262150021130203;13/04/2026 00:00:00;792000,00;0126942026;13/05/2026 00:00:00;131730,00;202621500211302030004;27/05/2026 00:00:00;131730,00;33903900;OUTROS SERVICOS DE TERCEIROS - PESSOA JURIDICA;06273582000166;SECRETARIA MUNICIPAL DE SAUDE;0,00;SECRETARIA MUNICIPAL DE SAUDE                                                                                                                                                                                                                                ;SAUDE - 10;ASSISTENCIA HOSPITALAR E AMBULATORIAL - 302;TRANSFERENCIA DE RECURSOS DO SISTEMA UNICO DE SAUDE - SUS - BLOCO DE MANUTENCAO DAS ACOES E SERVICOS PUBLICOS DE SAUDE - 107;RS PRODUTOS E SERVICOS LTDA;LOCACAO DE VEICULOS AUTOMOTORES - ADESAO A ATA DE REGISTRO DE PREÇOS 1317/2024, PE 075/2024                                                             VALORES ESTIMADOS PARA O PERÍODO DE JANEIRO A JUNHO/2026 - PEDIDO DE COMPRAS268/2025 - SCC 792587                                                       .                                                                           VALOR EMPENHADO DE 04/2026  COM MENSAL DE:......................528.000,00  VALOR EMPENHADO DE 05/2026 E 06/2026 COM MENSAIS DE:............132.000,00  VALOR TOTAL:....................................................792.000,00  .                                                                           64 - TRANSFERENCIAS DE RECURSOS DO SUS - ATENCAO ESPECIALIZADA              SOLICITACAO FINANCEIRA: 181779/2026                                         DESPESA COM CONTRATACAO DE EMPRESA ESPECIALIZADA NA PRESTACAO DE SERVICOS DE;Pregão;000000752024
20262150021130203;13/04/2026 00:00:00;792000,00;0161692026;23/06/2026 00:00:00;131730,00;;;0,00;33903900;OUTROS SERVICOS DE TERCEIROS - PESSOA JURIDICA;06273582000166;SECRETARIA MUNICIPAL DE SAUDE;0,00;SECRETARIA MUNICIPAL DE SAUDE                                                                                                                                                                                                                                ;SAUDE - 10;ASSISTENCIA HOSPITALAR E AMBULATORIAL - 302;TRANSFERENCIA DE RECURSOS DO SISTEMA UNICO DE SAUDE - SUS - BLOCO DE MANUTENCAO DAS ACOES E SERVICOS PUBLICOS DE SAUDE - 107;RS PRODUTOS E SERVICOS LTDA;LOCACAO DE VEICULOS AUTOMOTORES - ADESAO A ATA DE REGISTRO DE PREÇOS 1317/2024, PE 075/2024                                                             VALORES ESTIMADOS PARA O PERÍODO DE JANEIRO A JUNHO/2026 - PEDIDO DE COMPRAS268/2025 - SCC 792587                                                       .                                                                           VALOR EMPENHADO DE 04/2026  COM MENSAL DE:......................528.000,00  VALOR EMPENHADO DE 05/2026 E 06/2026 COM MENSAIS DE:............132.000,00  VALOR TOTAL:....................................................792.000,00  .                                                                           64 - TRANSFERENCIAS DE RECURSOS DO SUS - ATENCAO ESPECIALIZADA              SOLICITACAO FINANCEIRA: 181779/2026                                         DESPESA COM CONTRATACAO DE EMPRESA ESPECIALIZADA NA PRESTACAO DE SERVICOS DE;Pregão;000000752024
20262150021130203;13/04/2026 00:00:00;792000,00;0179672026;08/07/2026 00:00:00;131730,00;;;0,00;33903900;OUTROS SERVICOS DE TERCEIROS - PESSOA JURIDICA;06273582000166;SECRETARIA MUNICIPAL DE SAUDE;0,00;SECRETARIA MUNICIPAL DE SAUDE                                                                                                                                                                                                                                ;SAUDE - 10;ASSISTENCIA HOSPITALAR E AMBULATORIAL - 302;TRANSFERENCIA DE RECURSOS DO SISTEMA UNICO DE SAUDE - SUS - BLOCO DE MANUTENCAO DAS ACOES E SERVICOS PUBLICOS DE SAUDE - 107;RS PRODUTOS E SERVICOS LTDA;LOCACAO DE VEICULOS AUTOMOTORES - ADESAO A ATA DE REGISTRO DE PREÇOS 1317/2024, PE 075/2024                                                             VALORES ESTIMADOS PARA O PERÍODO DE JANEIRO A JUNHO/2026 - PEDIDO DE COMPRAS268/2025 - SCC 792587                                                       .                                                                           VALOR EMPENHADO DE 04/2026  COM MENSAL DE:......................528.000,00  VALOR EMPENHADO DE 05/2026 E 06/2026 COM MENSAIS DE:............132.000,00  VALOR TOTAL:....................................................792.000,00  .                                                                           64 - TRANSFERENCIAS DE RECURSOS DO SUS - ATENCAO ESPECIALIZADA              SOLICITACAO FINANCEIRA: 181779/2026                                         DESPESA COM CONTRATACAO DE EMPRESA ESPECIALIZADA NA PRESTACAO DE SERVICOS DE;Pregão;000000752024
20262150021130204;13/04/2026 00:00:00;36047205,42;;;0,00;;;0,00;33903900;OUTROS SERVICOS DE TERCEIROS - PESSOA JURIDICA;01585595000157;SECRETARIA MUNICIPAL DE SAUDE;18023602,71;SECRETARIA MUNICIPAL DE SAUDE                                                                                                                                                                                                                                ;SAUDE - 10;ASSISTENCIA HOSPITALAR E AMBULATORIAL - 302;TRANSFERENCIA DE RECURSOS DO SISTEMA UNICO DE SAUDE - SUS - BLOCO DE MANUTENCAO DAS ACOES E SERVICOS PUBLICOS DE SAUDE - 107;ASSOCIACAO DE COMBATE AO CANCER EM GOIAS;DESPESA COM NOVO CREDENCIAMENTO PARA A EXECUCAO DE SERVICOS MEDICOS DE ASSISTENCIA A SAUDE AMBULATORIAL (HOSPITALAR) E/OU APOIO DIAGNOSTICO TERAPEUTICO PARA ATENDIMENTO DOS USUARIOS DO SUS - SCC:813207                           REFERENCIA: EXERCICIO DE 2026, VALORES ESTIMADOS, DESPACHO NR. 289/2026-SUPRAC E DE ACORDO COM DECRETO NR. 134/2025                                     .                                                                           VALOR EMPENHADO DE 05/2026 A 12/2026 COM MENSAIS DE:..........4.505.905,17  VALOR TOTAL:.................................................36.047.205,42  .                                                                           64 - TRANSFERENCIAS DE RECURSOS DO SUS - ATENCAO ESPECIALIZADA              SOLICITACAO FINANCEIRA: 180494/2026                                         ;Outros (Convênios, ajustes, similares, etc.);000000712026
20262150021130216;17/04/2026 00:00:00;71844,00;;;0,00;;;0,00;33903900;OUTROS SERVICOS DE TERCEIROS - PESSOA JURIDICA;05572194000113;SECRETARIA MUNICIPAL DE SAUDE;71844,00;SECRETARIA MUNICIPAL DE SAUDE                                                                                                                                                                                                                                ;SAUDE - 10;ASSISTENCIA HOSPITALAR E AMBULATORIAL - 302;TRANSFERENCIA DE RECURSOS DO SISTEMA UNICO DE SAUDE - SUS - BLOCO DE MANUTENCAO DAS ACOES E SERVICOS PUBLICOS DE SAUDE - 107;UROLOGIA E ASSOCIADOS LTDA;DESPESA COM NOVO CREDENCIAMENTO PARA A EXECUCAO DE SERVICOS MEDICOS DE ASSISTENCIA A SAUDE AMBULATORIAL(HOSPITALAR) E/OU APOIO DIAGNOSTICO TERAPEUTICO  PARA ATENDIMENTO DOS USUARIOS DO SUS                                        REFERENCIA: EXERCICIO DE 2026, VALORES ESTIMADOS, CONF. DESP. 079/2025-SUPRAC E O DECRETO 134/2025                                                      .                                                                           VALOR EMPENHADO DE 07/2026 A 09/2026 COM MENSAIS DE:.............23.948,00  VALOR TOTAL:.....................................................71.844,00  .                                                                           64 - TRANSFERENCIAS DE RECURSOS DO SUS - ATENCAO ESPECIALIZADA              SOLICITACAO FINANCEIRA: 181545/2026                                         ;Inexigibilidade de Licitação;000000022025
20262150021130217;23/04/2026 00:00:00;2334669,42;;;0,00;;;0,00;33903900;OUTROS SERVICOS DE TERCEIROS - PESSOA JURIDICA;37678845000140;SECRETARIA MUNICIPAL DE SAUDE;0,00;SECRETARIA MUNICIPAL DE SAUDE                                                                                                                                                                                                                                ;SAUDE - 10;ASSISTENCIA HOSPITALAR E AMBULATORIAL - 302;TRANSFERENCIA DE RECURSOS DO SISTEMA UNICO DE SAUDE - SUS - BLOCO DE MANUTENCAO DAS ACOES E SERVICOS PUBLICOS DE SAUDE - 107;INSTITUTO PATRIS;DESPESA REEQUILIBRIO DO TERMO DE COLABORACAO 043/225 PARA A GESTAO PARA O GERENCIAMENTO, OPERACIONALIZACAO, EXECUCAO DAS ACOES E SERVICOS DE SAUDE, PARAO PLENO FUNCIONAMENTO DA MATERNIDADE DONA IRIS                              HOSPITAL E MATERNIDADE DONA IRIS (HMDI)/TERMO ADITIVO DO TERMO DE COLABORACAO EMERGENCIAL NR. 043/2025, PERIODO DE VIGENCIA: A PARTIR DE 19/02/2026     POR 180(CENTO E OITENTA DIAS)                                               .                                                                           VALOR EMPENHADO DE 03/2026 A 08/2026 COM MENSAIS DE:............389.111,57  VALOR TOTAL:..................................................2.334.669,42  .                                                                           64 - TRANSFERENCIAS DE RECURSOS DO SUS - ATENCAO ESPECIALIZADA              SOLICITACAO FINANCEIRA: 180909/2026                                         ;Outros (Convênios, ajustes, similares, etc.);000000012025
20262150021130218;24/04/2026 00:00:00;18300000,00;0118912026;05/05/2026 00:00:00;4627742,44;202621500211302180001;05/05/2026 00:00:00;4627742,44;33903900;OUTROS SERVICOS DE TERCEIROS - PESSOA JURIDICA;37678845000140;SECRETARIA MUNICIPAL DE SAUDE;0,00;SECRETARIA MUNICIPAL DE SAUDE                                                                                                                                                                                                                                ;SAUDE - 10;ASSISTENCIA HOSPITALAR E AMBULATORIAL - 302;TRANSFERENCIA DE RECURSOS DO SISTEMA UNICO DE SAUDE - SUS - BLOCO DE MANUTENCAO DAS ACOES E SERVICOS PUBLICOS DE SAUDE - 107;INSTITUTO PATRIS;DESPESA COM TERMO DE COLABORACAO EMERGENCIAL, DESTINADO AO GERENCIAMENTO E  OPERACIONALIZACAO E EXECUCAO DAS ACOES E SERVICOS DE SAUDE DO HOSPITAL E MATERNIDADE CELIA CAMARA - HMCC POR 180 DIAS                                   CONFORME DESPACHO NR. 2442/2026 - SMS/SECGER, VALOR ESTIMADO PARA 03(TRES) MESES                                                                        .                                                                           VALOR EMPENHADO DE 10/2026 A 12/2026 COM MENSAIS DE:..........6.100.000,00  VALOR TOTAL:.................................................18.300.000,00  .                                                                           64 - TRANSFERENCIAS DE RECURSOS DO SUS - ATENCAO ESPECIALIZADA              SOLICITACAO FINANCEIRA: 182083/2026                                         ;Outros (Convênios, ajustes, similares, etc.);000024422026
20262150021130218;24/04/2026 00:00:00;18300000,00;0175072026;02/07/2026 00:00:00;5895945,73;202621500211302180002;02/07/2026 00:00:00;5895945,73;33903900;OUTROS SERVICOS DE TERCEIROS - PESSOA JURIDICA;37678845000140;SECRETARIA MUNICIPAL DE SAUDE;0,00;SECRETARIA MUNICIPAL DE SAUDE                                                                                                                                                                                                                                ;SAUDE - 10;ASSISTENCIA HOSPITALAR E AMBULATORIAL - 302;TRANSFERENCIA DE RECURSOS DO SISTEMA UNICO DE SAUDE - SUS - BLOCO DE MANUTENCAO DAS ACOES E SERVICOS PUBLICOS DE SAUDE - 107;INSTITUTO PATRIS;DESPESA COM TERMO DE COLABORACAO EMERGENCIAL, DESTINADO AO GERENCIAMENTO E  OPERACIONALIZACAO E EXECUCAO DAS ACOES E SERVICOS DE SAUDE DO HOSPITAL E MATERNIDADE CELIA CAMARA - HMCC POR 180 DIAS                                   CONFORME DESPACHO NR. 2442/2026 - SMS/SECGER, VALOR ESTIMADO PARA 03(TRES) MESES                                                                        .                                                                           VALOR EMPENHADO DE 10/2026 A 12/2026 COM MENSAIS DE:..........6.100.000,00  VALOR TOTAL:.................................................18.300.000,00  .                                                                           64 - TRANSFERENCIAS DE RECURSOS DO SUS - ATENCAO ESPECIALIZADA              SOLICITACAO FINANCEIRA: 182083/2026                                         ;Outros (Convênios, ajustes, similares, etc.);000024422026
20262150021130219;30/04/2026 00:00:00;57759,00;0119282026;05/05/2026 00:00:00;19253,00;202621500211302190001;08/05/2026 00:00:00;19253,00;33903900;OUTROS SERVICOS DE TERCEIROS - PESSOA JURIDICA;37012499000167;SECRETARIA MUNICIPAL DE SAUDE;0,00;SECRETARIA MUNICIPAL DE SAUDE                                                                                                                                                                                                                                ;SAUDE - 10;ASSISTENCIA HOSPITALAR E AMBULATORIAL - 302;TRANSFERENCIA DE RECURSOS DO SISTEMA UNICO DE SAUDE - SUS - BLOCO DE MANUTENCAO DAS ACOES E SERVICOS PUBLICOS DE SAUDE - 107;VIDA CRISTA IND. E COMERCIO DE ROUPAS LTDA;DESPESA C/CONTRATO DE LOCACAO DO IMOVEL ONDE FUNCIONA O CENTRO DE REFERENCIAEM ATENCAO A SAUDE DA PESSOA IDOSAO CRASPI VALORES RELATIVOS A ABRIL A JUNHO/2026, CONFORME DESPACHO Nº 345/2026-GERINF, PEDIDO_DE COMPRAS Nº 687/2025, SCC: 796671 SOLICITACAO FINANCEIRA 182223 - 2026.                           .                                                                           VALORES COM MENSAIS....ABR-19.253,00.......MAI-19.253,00.......JUN-19.253,00VALOR TOTAL........................................................57.759,00.                                                                           64 - TRANSFERENCIAS DE RECURSOS DO SUS - ATENCAO ESPECIALIZADA              ;Inexigibilidade de Licitação;000002312025
20262150021130219;30/04/2026 00:00:00;57759,00;0143972026;29/05/2026 00:00:00;19253,00;202621500211302190002;08/06/2026 00:00:00;19253,00;33903900;OUTROS SERVICOS DE TERCEIROS - PESSOA JURIDICA;37012499000167;SECRETARIA MUNICIPAL DE SAUDE;0,00;SECRETARIA MUNICIPAL DE SAUDE                                                                                                                                                                                                                                ;SAUDE - 10;ASSISTENCIA HOSPITALAR E AMBULATORIAL - 302;TRANSFERENCIA DE RECURSOS DO SISTEMA UNICO DE SAUDE - SUS - BLOCO DE MANUTENCAO DAS ACOES E SERVICOS PUBLICOS DE SAUDE - 107;VIDA CRISTA IND. E COMERCIO DE ROUPAS LTDA;DESPESA C/CONTRATO DE LOCACAO DO IMOVEL ONDE FUNCIONA O CENTRO DE REFERENCIAEM ATENCAO A SAUDE DA PESSOA IDOSAO CRASPI VALORES RELATIVOS A ABRIL A JUNHO/2026, CONFORME DESPACHO Nº 345/2026-GERINF, PEDIDO_DE COMPRAS Nº 687/2025, SCC: 796671 SOLICITACAO FINANCEIRA 182223 - 2026.                           .                                                                           VALORES COM MENSAIS....ABR-19.253,00.......MAI-19.253,00.......JUN-19.253,00VALOR TOTAL........................................................57.759,00.                                                                           64 - TRANSFERENCIAS DE RECURSOS DO SUS - ATENCAO ESPECIALIZADA              ;Inexigibilidade de Licitação;000002312025
20262150021130219;30/04/2026 00:00:00;57759,00;0164772026;25/06/2026 00:00:00;19253,00;202621500211302190003;06/07/2026 00:00:00;19253,00;33903900;OUTROS SERVICOS DE TERCEIROS - PESSOA JURIDICA;37012499000167;SECRETARIA MUNICIPAL DE SAUDE;0,00;SECRETARIA MUNICIPAL DE SAUDE                                                                                                                                                                                                                                ;SAUDE - 10;ASSISTENCIA HOSPITALAR E AMBULATORIAL - 302;TRANSFERENCIA DE RECURSOS DO SISTEMA UNICO DE SAUDE - SUS - BLOCO DE MANUTENCAO DAS ACOES E SERVICOS PUBLICOS DE SAUDE - 107;VIDA CRISTA IND. E COMERCIO DE ROUPAS LTDA;DESPESA C/CONTRATO DE LOCACAO DO IMOVEL ONDE FUNCIONA O CENTRO DE REFERENCIAEM ATENCAO A SAUDE DA PESSOA IDOSAO CRASPI VALORES RELATIVOS A ABRIL A JUNHO/2026, CONFORME DESPACHO Nº 345/2026-GERINF, PEDIDO_DE COMPRAS Nº 687/2025, SCC: 796671 SOLICITACAO FINANCEIRA 182223 - 2026.                           .                                                                           VALORES COM MENSAIS....ABR-19.253,00.......MAI-19.253,00.......JUN-19.253,00VALOR TOTAL........................................................57.759,00.                                                                           64 - TRANSFERENCIAS DE RECURSOS DO SUS - ATENCAO ESPECIALIZADA              ;Inexigibilidade de Licitação;000002312025
20262150021410011;07/04/2026 00:00:00;2000000,00;0091442026;08/04/2026 00:00:00;2000000,00;202621500214100110001;09/04/2026 00:00:00;0,00;33903900;OUTROS SERVICOS DE TERCEIROS - PESSOA JURIDICA;37678845000140;SECRETARIA MUNICIPAL DE SAUDE;0,00;SECRETARIA MUNICIPAL DE SAUDE                                                                                                                                                                                                                                ;SAUDE - 10;ASSISTENCIA HOSPITALAR E AMBULATORIAL - 302;TRANSFERENCIAS DE CONVENIOS - ESTADO/SAUDE - 125;INSTITUTO PATRIS;DESPESA COM 1 ADITIVO DO TERMO DE COLABORACAO PARA A GESTAO PARA O GERENCIAMENTO, OPERACIONALIZACAO, EXECUCAO DAS ACOES E SERVICOS DE SAUDE, PARA O PLENO FUNCIONAMENTO DA MATERNIDADE DONA IRIS - HMDI                             1 ADITIVO DO TERMO DE COLABORACAO EMERGENCIAL NR. 043/2025, RECURSO ESTADUALFUNDO A FUNDO - FONTE 125 - PORTARIA NR. 3884/25 - 03/11/25 - SCC: 783111-1 .                                                                           VALOR TOTAL:................................................2.000.000,00    .                                                                           541 - TRANSFERENCIAS DE CONVENIOS - ESTADO/SAUDE                            SOLICITACAO FINANCEIRA: 181609/2026                                         ;Outros (Convênios, ajustes, similares, etc.);000000012025
20262150021410011;07/04/2026 00:00:00;2000000,00;0091442026;08/04/2026 00:00:00;2000000,00;202621500214100110002;27/04/2026 00:00:00;2000000,00;33903900;OUTROS SERVICOS DE TERCEIROS - PESSOA JURIDICA;37678845000140;SECRETARIA MUNICIPAL DE SAUDE;0,00;SECRETARIA MUNICIPAL DE SAUDE                                                                                                                                                                                                                                ;SAUDE - 10;ASSISTENCIA HOSPITALAR E AMBULATORIAL - 302;TRANSFERENCIAS DE CONVENIOS - ESTADO/SAUDE - 125;INSTITUTO PATRIS;DESPESA COM 1 ADITIVO DO TERMO DE COLABORACAO PARA A GESTAO PARA O GERENCIAMENTO, OPERACIONALIZACAO, EXECUCAO DAS ACOES E SERVICOS DE SAUDE, PARA O PLENO FUNCIONAMENTO DA MATERNIDADE DONA IRIS - HMDI                             1 ADITIVO DO TERMO DE COLABORACAO EMERGENCIAL NR. 043/2025, RECURSO ESTADUALFUNDO A FUNDO - FONTE 125 - PORTARIA NR. 3884/25 - 03/11/25 - SCC: 783111-1 .                                                                           VALOR TOTAL:................................................2.000.000,00    .                                                                           541 - TRANSFERENCIAS DE CONVENIOS - ESTADO/SAUDE                            SOLICITACAO FINANCEIRA: 181609/2026                                         ;Outros (Convênios, ajustes, similares, etc.);000000012025
20262150022310001;06/04/2026 00:00:00;1000000,00;0091432026;08/04/2026 00:00:00;1000000,00;202621500223100010001;08/04/2026 00:00:00;1000000,00;33903900;OUTROS SERVICOS DE TERCEIROS - PESSOA JURIDICA;37678845000140;SECRETARIA MUNICIPAL DE SAUDE;0,00;SECRETARIA MUNICIPAL DE SAUDE                                                                                                                                                                                                                                ;SAUDE - 10;ASSISTENCIA HOSPITALAR E AMBULATORIAL - 302;EMENDA PARLAMENTARES DE BANCADA (ART. 1° DA EC Nº 100/2019 E § 12 DO ART. 165 DA CF/88) - 182;INSTITUTO PATRIS;DESPESA COM 1 ADITIVO DO TERMO DE COLABORACAO PARA A GESTAO PARA O GERENCIAMENTO, OPERACIONALIZACAO, EXECUCAO DAS ACOES E SERVICOS DE SAUDE, PARA O PLENO FUNCIONAMENTO DA MATERNIDADE DONA IRIS - HMDI                             HOSPITAL E MATERNIDADE DONA IRIS (HMDI)/1 ADITIVO DO TERMO DE COLABORACAO E MERGENCIAL NR. 043/2025, EMENDA PARLAMENTAR BANCADA(71100001)                PORTARIA 10062/25 - SEI:26.29.000005821-1 - SCC: 783111-1                  .                                                                           VALOR TOTAL:..................................................1.000.000,00  .                                                                           636 - TRANSFERENCIA COM FINALIDADE DEFINIDA                                 SOLICITACAO FINANCEIRA: 181527/2026                                         ;Outros (Convênios, ajustes, similares, etc.);000000012025
20262150024310244;07/04/2026 00:00:00;29568,00;0090812026;07/04/2026 00:00:00;29568,00;202621500243102440001;10/04/2026 00:00:00;29568,00;33909200;DESPESAS DE EXERCICIOS ANTERIORES;03095992000176;SECRETARIA MUNICIPAL DE SAUDE;0,00;SECRETARIA MUNICIPAL DE SAUDE                                                                                                                                                                                                                                ;SAUDE - 10;ASSISTENCIA HOSPITALAR E AMBULATORIAL - 302;TRANSFERENCIA DE RECURSOS DO SISTEMA UNICO DE SAUDE - SUS - BLOCO DE MANUTENCAO DAS ACOES E SERVICOS PUBLICOS DE SAUDE - 107;VIA NUT NUTRICAO CLINICA E PRODUTOS HOSPITALARES LTDA;DESP.COM AQUISICAO DE DIETA ESPECIAL MODULEN PARA O PACIENTE DORIVAL REZENDEBENTO -A FIM DE DAR CUMPRIMENTO AO PROCESSO JUDICIAL N.25.29.000017776-2 DO TJGO                                                                        DOCUMENTO DE FORMALIZAÇÃO DA DEMANDAN.74 GEREMO/SMS- PARECER N.88/2025      GERPSR/SMS -PEDIDO DE COMPRA:185/2025 -SCC 786013                           .                                                                           VALOR TOTAL:.....................................................29.568,00  .                                                                           64 - TRANSFERENCIAS DE RECURSOS DO SUS - ATENCAO ESPECIALIZADA              SOLICITACAO FINANCEIRA: 181569/2026                                         ;Dispensa de Licitação;000900482025
20262150024310245;08/04/2026 00:00:00;67535,00;0091952026;08/04/2026 00:00:00;67535,00;202621500243102450001;08/04/2026 00:00:00;67535,00;33909200;DESPESAS DE EXERCICIOS ANTERIORES;06273582000166;SECRETARIA MUNICIPAL DE SAUDE;0,00;SECRETARIA MUNICIPAL DE SAUDE                                                                                                                                                                                                                                ;SAUDE - 10;ASSISTENCIA HOSPITALAR E AMBULATORIAL - 302;TRANSFERENCIA DE RECURSOS DO SISTEMA UNICO DE SAUDE - SUS - BLOCO DE MANUTENCAO DAS ACOES E SERVICOS PUBLICOS DE SAUDE - 107;RS PRODUTOS E SERVICOS LTDA;REEMPENHO COM CONTRATACAO DE EMPRESA ESPECIALIZADA NA PRESTACAO DE SERVICOS DE LOCACAO DE VEICULOS AUTOMOTORES - ADESAO A ATA DE REGISTRO DE PRECOS 1317/2024, PE 075/2024                                                          CONFORME NOTA FISCAL 555 (DEZEMBRO/2025) - TERMO DE ATESTO 9457780 -PEDIDO DE COMPRAS 268/2025 - SCC 792587                                             .                                                                           VALOR TOTAL:.....................................................67.535,00  .                                                                           64 - TRANSFERENCIAS DE RECURSOS DO SUS - ATENCAO ESPECIALIZADA              SOLICITACAO FINANCEIRA: 181591/2026                                         ;Pregão;000000752024
20262150024310246;08/04/2026 00:00:00;60060,00;0094632026;10/04/2026 00:00:00;60060,00;202621500243102460001;16/04/2026 00:00:00;60060,00;33909200;DESPESAS DE EXERCICIOS ANTERIORES;09034672000192;SECRETARIA MUNICIPAL DE SAUDE;0,00;SECRETARIA MUNICIPAL DE SAUDE                                                                                                                                                                                                                                ;SAUDE - 10;ASSISTENCIA HOSPITALAR E AMBULATORIAL - 302;TRANSFERENCIA DE RECURSOS DO SISTEMA UNICO DE SAUDE - SUS - BLOCO DE MANUTENCAO DAS ACOES E SERVICOS PUBLICOS DE SAUDE - 107;MAEVE PRODUTOS HOSPITALARES LTDA;REEMPENHO DE DESPESA COM AQUISICAO DE INSUMOS MEDICO-HOSPITALARES ATRAVES DO1 PEDIDO FILHO, PREGAO ELETRONICO 90005/2025, ATA REGISTRO DE PREÇO 094/2025PARA PAGAMENTO DA NF 59864 (14/11/2025) CONFORME TERMO DE ATESTO 9298747 (06/04/2026) - PEDIDO DE COMPRAS 480/2025 - SCC 788377                         .                                                                           VALOR TOTAL:.....................................................60.060,00  .                                                                           64 - TRANSFERENCIAS DE RECURSOS DO SUS - ATENCAO ESPECIALIZADA              SOLICITACAO FINANCEIRA: 181611/2026                                         ;Pregão;000900052025
20262150024310247;10/04/2026 00:00:00;24819,98;0096702026;14/04/2026 00:00:00;24819,98;202621500243102470001;16/04/2026 00:00:00;24819,98;33909200;DESPESAS DE EXERCICIOS ANTERIORES;07976161000164;SECRETARIA MUNICIPAL DE SAUDE;0,00;SECRETARIA MUNICIPAL DE SAUDE                                                                                                                                                                                                                                ;SAUDE - 10;ASSISTENCIA HOSPITALAR E AMBULATORIAL - 302;TRANSFERENCIA DE RECURSOS DO SISTEMA UNICO DE SAUDE - SUS - BLOCO DE MANUTENCAO DAS ACOES E SERVICOS PUBLICOS DE SAUDE - 107;VITALABOR CLINICA DE SEGURANCA E MEDICINA DO TRABALHO LTDA;DESPESA COM CONTRATO NR. 278/2021 PARA A EXECUCAO DE SERVICOS MEDICOS DE ASSISTENCIA A SAUDE AMBULATORIAL(HOSPITALAR) E/OU APOIO DIAGNOSTICO TERAPEUTICOPARA ATENDIMENTO DOS USUARIOS DO SUS                                        REFERENCIA: COMPETENCIA 11/2025 - PAGAMENTO ADMINISTRATIVO COMPLEMENTAR DE EXAMES - PEDIDO DE COMPRA NR.: 477-2020                                      .                                                                           VALOR TOTAL:....................................................24.819,98   .                                                                           64 - TRANSFERENCIAS DE RECURSOS DO SUS - ATENCAO ESPECIALIZADA              SOLICITACAO FINANCEIRA: 181811/2026                                         ;Inexigibilidade de Licitação;000000052020
20262150024310248;13/04/2026 00:00:00;45381,82;0096712026;14/04/2026 00:00:00;45381,82;202621500243102480001;15/04/2026 00:00:00;45381,82;33909200;DESPESAS DE EXERCICIOS ANTERIORES;01588888003375;SECRETARIA MUNICIPAL DE SAUDE;0,00;SECRETARIA MUNICIPAL DE SAUDE                                                                                                                                                                                                                                ;SAUDE - 10;ASSISTENCIA HOSPITALAR E AMBULATORIAL - 302;TRANSFERENCIA DE RECURSOS DO SISTEMA UNICO DE SAUDE - SUS - BLOCO DE MANUTENCAO DAS ACOES E SERVICOS PUBLICOS DE SAUDE - 107;LABORATORIO PADRAO S.A.;SOLICITACAO FINANCEIRA: 181838/2026                                         64 - TRANSFERENCIAS DE RECURSOS DO SUS - ATENCAO ESPECIALIZADA              .                                                                           VALOR TOTAL:......................................................45.381,82 .                                                                           EXAMES PEDIDO DE COMPRA NR.: 054-2021                                       REFERENCIA: COMPETENCIA 10/2025 - PAGAMENTO ADMINISTRATIVO COMPLEMENTAR DE  ICO PARA ATENDIMENTO DOS USUARIOS DO SUS                                    ASSISTENCIA A SAUDE AMBULATORIAL(HOSPITALAR) E/OU APOIO DIAGNOSTICO TERAPEUTDESPESA COM CONTRATO NR. 1.103/2020 PARA A EXECUCAO DE SERVICOS MEDICOS DE  ;Inexigibilidade de Licitação;000000052020
20262150024310249;13/04/2026 00:00:00;3335,08;;;0,00;;;0,00;33909200;DESPESAS DE EXERCICIOS ANTERIORES;03620716000180;SECRETARIA MUNICIPAL DE SAUDE;0,00;SECRETARIA MUNICIPAL DE SAUDE                                                                                                                                                                                                                                ;SAUDE - 10;ASSISTENCIA HOSPITALAR E AMBULATORIAL - 302;TRANSFERENCIA DE RECURSOS DO SISTEMA UNICO DE SAUDE - SUS - BLOCO DE MANUTENCAO DAS ACOES E SERVICOS PUBLICOS DE SAUDE - 107;CMOS DRAKE DO NORDESTE LTDA;DESPESA COM AQUISICAO DE APARELHO DE PRESSAO POSITIVA CPAP, REQUERENTE: JOSÉZITO LIMA SANTOS, CUMPRIMENTO AO PROCESSO JUDICIAL NR 523895745.2025.8.09.0051 - DESPACHO 8591/2025-PGM/PJUD, PARECER 87/2025-GERPSR, DESPACHO 83/2026-ALMOC, PEDIDO DE COMPRA 183/2025, SCC: 784916 - NOTA FISCAL NR 58274         .                                                                           VALOR TOTAL:.......................................................3.335,08 .                                                                           64 - TRANSFERENCIAS DE RECURSOS DO SUS - ATENCAO ESPECIALIZADA              SOLICITACAO FINANCEIRA: 181822/2026                                         ;Dispensa de Licitação;000900602025
20262150024310250;15/04/2026 00:00:00;73001,41;0100242026;16/04/2026 00:00:00;73001,41;202621500243102500001;16/04/2026 00:00:00;73001,41;33909200;DESPESAS DE EXERCICIOS ANTERIORES;07821779000155;SECRETARIA MUNICIPAL DE SAUDE;0,00;SECRETARIA MUNICIPAL DE SAUDE                                                                                                                                                                                                                                ;SAUDE - 10;ASSISTENCIA HOSPITALAR E AMBULATORIAL - 302;TRANSFERENCIA DE RECURSOS DO SISTEMA UNICO DE SAUDE - SUS - BLOCO DE MANUTENCAO DAS ACOES E SERVICOS PUBLICOS DE SAUDE - 107;CLINICA MEDICA DE EXAMES VIDA E SAUDE LIMITADA - EPP;DESPESA COM CONTRATO NR. 004/2024 PARA A EXECUCAO DE SERVICOS MEDICOS DE ASSISTENCIA A SAUDE AMBULATORIAL (HOSPITALAR) E/OU APOIO DIAGNOSTICO TERAPEUTICO PARA ATENDIMENTO DOS USUÁRIOS DO SUS                                      REFERENCIA: COMPETENCIA 11/2025, PAGAMENTO ADMINISTRATIVO, NOTA FISCAL NR. 145                                                                          .                                                                           VALOR TOTAL:.....................................................73.001,41  .                                                                           64 - TRANSFERENCIAS DE RECURSOS DO SUS - ATENCAO ESPECIALIZADA              SOLICITACAO FINANCEIRA: 181876/2026                                         ;Inexigibilidade de Licitação;000000052020
20262150024310251;17/04/2026 00:00:00;14320,00;0102122026;17/04/2026 00:00:00;14320,00;;;0,00;33909200;DESPESAS DE EXERCICIOS ANTERIORES;38613149000119;SECRETARIA MUNICIPAL DE SAUDE;0,00;SECRETARIA MUNICIPAL DE SAUDE                                                                                                                                                                                                                                ;SAUDE - 10;ASSISTENCIA HOSPITALAR E AMBULATORIAL - 302;TRANSFERENCIA DE RECURSOS DO SISTEMA UNICO DE SAUDE - SUS - BLOCO DE MANUTENCAO DAS ACOES E SERVICOS PUBLICOS DE SAUDE - 107;DENTAL ASTRAL PRODUTOS ODONTOLOGICOS LTDA;.                                                                           0008/2025 - PREGAO ELETRONICO 90017/2024                                    CONFORME NOTA FISCAL 10512(14/11/25) E NOTA FISCAL 10513(14/11/25) - TERMO DE ATESTO 9665666 (18/03/26) - TERMO DE ATESTO 9666742 (18/03/26) - PEDIDO DECOMPRAS 361/2025 - SCC 791017                                               VALOR TOTAL:.....................................................14.320,00  .                                                                           64 - TRANSFERENCIAS DE RECURSOS DO SUS - ATENCAO ESPECIALIZADA              SOLICITACAO FINANCEIRA: 181908/2026                                         REEMPENHO DE DESPESA COM COM MATERIAL ODONTOLOGICO - ATA REGISTRO DE PRECO  ;Pregão;000900312024
20262150024310252;22/04/2026 00:00:00;42045,84;0106392026;23/04/2026 00:00:00;42045,84;202621500243102520001;28/04/2026 00:00:00;42045,84;33909200;DESPESAS DE EXERCICIOS ANTERIORES;27718661000103;SECRETARIA MUNICIPAL DE SAUDE;0,00;SECRETARIA MUNICIPAL DE SAUDE                                                                                                                                                                                                                                ;SAUDE - 10;ASSISTENCIA HOSPITALAR E AMBULATORIAL - 302;TRANSFERENCIA DE RECURSOS DO SISTEMA UNICO DE SAUDE - SUS - BLOCO DE MANUTENCAO DAS ACOES E SERVICOS PUBLICOS DE SAUDE - 107;ARMAZEM DOS MEDICAMENTOS EIRELI;REEMPENHO DE DESPESAS COM AQUISICAO DE MEDICAMENTOS P/ ABASTECIMENTO DA SMS ARP Nº 067/2025 - PREGAO ELETRONICO Nº90007/2025 CONFORME NOTA FISCAL 19120 (25/09/25), 19141 (25/09/25) E 19338 (10/10/25) TERMO DE ATESTO (24/11/25) -PEDIDO DE COMPRAS 437/25 - SCC 788164 SOLICITACAO FINANCEIRA 182030 - 2026. .                                                                           VALOR TOTAL........................................................42.045,84.                                                                           64 - TRANSFERENCIAS DE RECURSOS DO SUS - ATENCAO ESPECIALIZADA              ;Pregão;000900072025
20262150024310253;22/04/2026 00:00:00;7496,88;0112582026;27/04/2026 00:00:00;7496,88;202621500243102530001;27/05/2026 00:00:00;7496,88;33909200;DESPESAS DE EXERCICIOS ANTERIORES;48174071000137;SECRETARIA MUNICIPAL DE SAUDE;0,00;SECRETARIA MUNICIPAL DE SAUDE                                                                                                                                                                                                                                ;SAUDE - 10;ASSISTENCIA HOSPITALAR E AMBULATORIAL - 302;TRANSFERENCIA DE RECURSOS DO SISTEMA UNICO DE SAUDE - SUS - BLOCO DE MANUTENCAO DAS ACOES E SERVICOS PUBLICOS DE SAUDE - 107;WISDOM DISTRIBUIDORA DE MEDICAMENTOS LTDA;REEMPENHO COM DESPESA DE AQUISICAO DE KIT MONITOR PORTATIL DE GLICEMIA PARA PACIENTE CONF. DECISAO JUDICIAL - PROCESSO 5064356-60.2025.8.09.0051 (7141847)- PARECER 66/2025-GERPSR- PEDIDO DE COMPRAS 125/2025 -SCC 781682 -NOTA FISCAL 1130 (23/10/25) SOLICITACAO FINANCEIRA 182027 - 2026.                   .                                                                           .                                                                           VALOR TOTAL.........................................................7.496,88.                                                                           64 - TRANSFERENCIAS DE RECURSOS DO SUS - ATENCAO ESPECIALIZADA              ;Dispensa de Licitação;000900392025
20262150024310254;23/04/2026 00:00:00;84944,90;0112292026;27/04/2026 00:00:00;84944,90;202621500243102540001;28/04/2026 00:00:00;84944,90;33909200;DESPESAS DE EXERCICIOS ANTERIORES;01585595000157;SECRETARIA MUNICIPAL DE SAUDE;0,00;SECRETARIA MUNICIPAL DE SAUDE                                                                                                                                                                                                                                ;SAUDE - 10;ASSISTENCIA HOSPITALAR E AMBULATORIAL - 302;TRANSFERENCIA DE RECURSOS DO SISTEMA UNICO DE SAUDE - SUS - BLOCO DE MANUTENCAO DAS ACOES E SERVICOS PUBLICOS DE SAUDE - 107;ASSOCIACAO DE COMBATE AO CANCER EM GOIAS;SOLICITACAO FINANCEIRA: 182048/2026                                         64 - TRANSFERENCIAS DE RECURSOS DO SUS - ATENCAO ESPECIALIZADA              .                                                                           VALOR TOTAL:.....................................................84.944,90  .                                                                           REF. COMPETÊNCIA 05/2025 - PAGAMENTO ADMINISTRATIVO, NOTA FISCAL NR. 1358   CO PARA ATENDIMENTO DOS USUARIOS DO SUS                                     SISTENCIA A SAUDE AMBULATORIAL (HOSPITALAR) E/OU APOIO DIAGNOSTICO TERAPEUTIDESPESA COM CONTRATO NR. 1110/2020 PARA A EXECUCAO DE SERVICOS MEDICOS DE AS;Inexigibilidade de Licitação;000032602020
20262150024310255;24/04/2026 00:00:00;329900,00;0112332026;27/04/2026 00:00:00;329900,00;202621500243102550001;27/04/2026 00:00:00;329900,00;33909200;DESPESAS DE EXERCICIOS ANTERIORES;01619790000150;SECRETARIA MUNICIPAL DE SAUDE;0,00;SECRETARIA MUNICIPAL DE SAUDE                                                                                                                                                                                                                                ;SAUDE - 10;ASSISTENCIA HOSPITALAR E AMBULATORIAL - 302;TRANSFERENCIA DE RECURSOS DO SISTEMA UNICO DE SAUDE - SUS - BLOCO DE MANUTENCAO DAS ACOES E SERVICOS PUBLICOS DE SAUDE - 107;SANTA CASA DE MISERICORDIA DE GOIANIA;SOLICITACAO FINANCEIRA: 182127/2026                                         64 - TRANSFERENCIAS DE RECURSOS DO SUS - ATENCAO ESPECIALIZADA              .                                                                           VALOR TOTAL:.....................................................329.900,00 .                                                                           NR.:009-2024                                                                REFERÊNCIA: COMPETÊNCIA 10/2025 - PAGAMENTO ADMINISTRATIVO PEDIDO DE COMPRA PARA ATENDIMENTO DOS USUÁRIOS DO SUS                                        ISTENCIA A SAUDE AMBULATORIAL(HOSPITALAR) E/OU APOIO DIAGNOSTICO TERAPEUTICODESPESA COM CONTRATO NR. 021/2024 PARA A EXECUCAO DE SERVICOS MEDICOS DE ASS;Outros (Convênios, ajustes, similares, etc.);000000212024
20262150024310256;24/04/2026 00:00:00;5950,80;0149682026;09/06/2026 00:00:00;5950,80;202621500243102560001;24/06/2026 00:00:00;5950,80;33909200;DESPESAS DE EXERCICIOS ANTERIORES;12991532000117;SECRETARIA MUNICIPAL DE SAUDE;0,00;SECRETARIA MUNICIPAL DE SAUDE                                                                                                                                                                                                                                ;SAUDE - 10;ASSISTENCIA HOSPITALAR E AMBULATORIAL - 302;TRANSFERENCIA DE RECURSOS DO SISTEMA UNICO DE SAUDE - SUS - BLOCO DE MANUTENCAO DAS ACOES E SERVICOS PUBLICOS DE SAUDE - 107;JUARES LIMA DOS SANTOS;REEMPENHO DE DESPESA C/ AQUISICAO DE MATERIAIS ODONTOLÓGICOS - PREGAO ELETRONICO Nº 90008/2024- ADESAO DE ATA Nº 073/2024 CONFORME NOTA FISCAL 2105(27/11/2025) - PEDIDO DE COMPRAS 303/2025 - SCC 785955.                          SOLICITACAO FINANCEIRA 182073 - 2026.                                       .                                                                           VALOR TOTAL.........................................................5.950,80.                                                                           64 - TRANSFERENCIAS DE RECURSOS DO SUS - ATENCAO ESPECIALIZADA              ;Pregão;000900082024
20262150024310257;30/04/2026 00:00:00;306900,00;0116142026;30/04/2026 00:00:00;306900,00;202621500243102570001;04/05/2026 00:00:00;306900,00;33909200;DESPESAS DE EXERCICIOS ANTERIORES;01619790000150;SECRETARIA MUNICIPAL DE SAUDE;0,00;SECRETARIA MUNICIPAL DE SAUDE                                                                                                                                                                                                                                ;SAUDE - 10;ASSISTENCIA HOSPITALAR E AMBULATORIAL - 302;TRANSFERENCIA DE RECURSOS DO SISTEMA UNICO DE SAUDE - SUS - BLOCO DE MANUTENCAO DAS ACOES E SERVICOS PUBLICOS DE SAUDE - 107;SANTA CASA DE MISERICORDIA DE GOIANIA;DESPESA COM CONTRATO NR. 021/2024 PARA A EXECUCAO DE SERVICOS MEDICOS DE ASSISTENCIA A SAUDE AMBULATORIAL (HOSPITALAR) E/OU APOIO DIAGNOSTICO TERAPEUTICO PARA ATENDIMENTO DOS USUARIOS DO SUS                                      REFERENCIA: COMPETENCIA 09/2025 - PAGAMENTOS ADMINISTRATIVOS/INCENTIVOS PEDIDO DE COMPRA NR. 009/2024                                                   .                                                                           VALOR TOTAL:....................................................306.900,00  .                                                                           64 - TRANSFERENCIAS DE RECURSOS DO SUS - ATENCAO ESPECIALIZADA              SOLICITACAO FINANCEIRA: 182240/2026                                         ;Outros (Convênios, ajustes, similares, etc.);000000212024
20262150025810049;10/04/2026 00:00:00;6926,40;;;0,00;;;0,00;33909300;INDENIZACOES E RESTITUICOES;00740696000192;SECRETARIA MUNICIPAL DE SAUDE;6926,40;SECRETARIA MUNICIPAL DE SAUDE                                                                                                                                                                                                                                ;SAUDE - 10;ASSISTENCIA HOSPITALAR E AMBULATORIAL - 302;TRANSFERENCIA DE RECURSOS DO SISTEMA UNICO DE SAUDE - SUS - BLOCO DE MANUTENCAO DAS ACOES E SERVICOS PUBLICOS DE SAUDE - 107;PMH  PRODUTOS MEDICOS HOSPITALARES LTDA;DESPESA COM TERMO DE PAGAMENTO - INDENIZACAO DA PRESTACAO DE SERVIÇOS DE EXAMES LABORATORIAIS DE HEMATOLOGIA E EAS, TENDO EM VISTA O ENCERRAMENTO DO CONTRATO NR.506/2018 CONF. DESPACHO NR. 731/2024 E TERMO DE ATESTO(5706923) - SMS/GERADI, REF. PERÍODO DE 28/09/2024 A 30/09/2024  - SOLICITACAO FINANCEIRA181791 - 2026.                                                              .                                                                           .                                                                           VALOR TOTAL.........................................................6.926,40.                                                                           64 - TRANSFERENCIAS DE RECURSOS DO SUS - ATENCAO ESPECIALIZADA              ;Não se aplica (Ex.: Despesas com Pessoal);000000000000
20262150025810050;15/04/2026 00:00:00;213357,63;0155582026;16/06/2026 00:00:00;213357,63;202621500258100500001;16/06/2026 00:00:00;213357,63;33909300;INDENIZACOES E RESTITUICOES;00136446000148;SECRETARIA MUNICIPAL DE SAUDE;0,00;SECRETARIA MUNICIPAL DE SAUDE                                                                                                                                                                                                                                ;SAUDE - 10;ASSISTENCIA HOSPITALAR E AMBULATORIAL - 302;TRANSFERENCIA DE RECURSOS DO SISTEMA UNICO DE SAUDE - SUS - BLOCO DE MANUTENCAO DAS ACOES E SERVICOS PUBLICOS DE SAUDE - 107;NEFROCLINICA CLINICA DE DOENCAS RENAIS LTDA;SOLICITACAO FINANCEIRA: 181443/2026                                         .                                                                           DESPESA COM TERMO DE PAGAMENTO - INDENIZACAO DA EXECUCAO DE SERVICOS MEDICOSVALOR TOTAL:.....................................................213.357,63 DE ASSISTENCIA A SAUDE AMBULATORIAL (HOSPITALAR) E/OU APOIO DIAGNOSTICO TERAPEUTICO PARA ATENDIMENTO DOS USUÁRIOS DO SUS                                COMPETÊNCIA 01/2026 - HEMODIALISE                                           .                                                                           64 - TRANSFERENCIAS DE RECURSOS DO SUS - ATENCAO ESPECIALIZADA              ;Não se aplica (Ex.: Despesas com Pessoal);000000000000
20262150025810051;15/04/2026 00:00:00;435852,83;0181422026;10/07/2026 00:00:00;0,00;;;0,00;33909300;INDENIZACOES E RESTITUICOES;02043906000119;SECRETARIA MUNICIPAL DE SAUDE;0,00;SECRETARIA MUNICIPAL DE SAUDE                                                                                                                                                                                                                                ;SAUDE - 10;ASSISTENCIA HOSPITALAR E AMBULATORIAL - 302;TRANSFERENCIA DE RECURSOS DO SISTEMA UNICO DE SAUDE - SUS - BLOCO DE MANUTENCAO DAS ACOES E SERVICOS PUBLICOS DE SAUDE - 107;RENALCLINICA CLINICA DE NEFROLOGIA LTDA;DESPESA COM TERMO DE PAGAMENTO - INDENIZACAO DA EXECUCAO DE SERVICOS MEDICOSDE ASSISTENCIA A SAUDE AMBULATORIAL (HOSPITALAR) E/OU APOIO DIAGNOSTICO TERAPEUTICO PARA ATENDIMENTO DOS USUARIOS DO SUS                                COMPETENCIA 01/2026, CONFORME DESPACHO NR. 405/2026 - SMS/SUPRAC            .                                                                           VALOR TOTAL:....................................................435.852,83  .                                                                           64 - TRANSFERENCIAS DE RECURSOS DO SUS - ATENCAO ESPECIALIZADA              SOLICITACAO FINANCEIRA: 181590/2026                                         ;Não se aplica (Ex.: Despesas com Pessoal);000000000000
20262150025810051;15/04/2026 00:00:00;435852,83;0183122026;14/07/2026 00:00:00;435852,83;202621500258100510002;15/07/2026 00:00:00;435852,83;33909300;INDENIZACOES E RESTITUICOES;02043906000119;SECRETARIA MUNICIPAL DE SAUDE;0,00;SECRETARIA MUNICIPAL DE SAUDE                                                                                                                                                                                                                                ;SAUDE - 10;ASSISTENCIA HOSPITALAR E AMBULATORIAL - 302;TRANSFERENCIA DE RECURSOS DO SISTEMA UNICO DE SAUDE - SUS - BLOCO DE MANUTENCAO DAS ACOES E SERVICOS PUBLICOS DE SAUDE - 107;RENALCLINICA CLINICA DE NEFROLOGIA LTDA;DESPESA COM TERMO DE PAGAMENTO - INDENIZACAO DA EXECUCAO DE SERVICOS MEDICOSDE ASSISTENCIA A SAUDE AMBULATORIAL (HOSPITALAR) E/OU APOIO DIAGNOSTICO TERAPEUTICO PARA ATENDIMENTO DOS USUARIOS DO SUS                                COMPETENCIA 01/2026, CONFORME DESPACHO NR. 405/2026 - SMS/SUPRAC            .                                                                           VALOR TOTAL:....................................................435.852,83  .                                                                           64 - TRANSFERENCIAS DE RECURSOS DO SUS - ATENCAO ESPECIALIZADA              SOLICITACAO FINANCEIRA: 181590/2026                                         ;Não se aplica (Ex.: Despesas com Pessoal);000000000000
20262150025810051;15/04/2026 00:00:00;435852,83;0183122026;14/07/2026 00:00:00;435852,83;202621500258100510001;14/07/2026 00:00:00;0,00;33909300;INDENIZACOES E RESTITUICOES;02043906000119;SECRETARIA MUNICIPAL DE SAUDE;0,00;SECRETARIA MUNICIPAL DE SAUDE                                                                                                                                                                                                                                ;SAUDE - 10;ASSISTENCIA HOSPITALAR E AMBULATORIAL - 302;TRANSFERENCIA DE RECURSOS DO SISTEMA UNICO DE SAUDE - SUS - BLOCO DE MANUTENCAO DAS ACOES E SERVICOS PUBLICOS DE SAUDE - 107;RENALCLINICA CLINICA DE NEFROLOGIA LTDA;DESPESA COM TERMO DE PAGAMENTO - INDENIZACAO DA EXECUCAO DE SERVICOS MEDICOSDE ASSISTENCIA A SAUDE AMBULATORIAL (HOSPITALAR) E/OU APOIO DIAGNOSTICO TERAPEUTICO PARA ATENDIMENTO DOS USUARIOS DO SUS                                COMPETENCIA 01/2026, CONFORME DESPACHO NR. 405/2026 - SMS/SUPRAC            .                                                                           VALOR TOTAL:....................................................435.852,83  .                                                                           64 - TRANSFERENCIAS DE RECURSOS DO SUS - ATENCAO ESPECIALIZADA              SOLICITACAO FINANCEIRA: 181590/2026                                         ;Não se aplica (Ex.: Despesas com Pessoal);000000000000
20262150025810052;17/04/2026 00:00:00;128549,37;;;0,00;;;0,00;33909300;INDENIZACOES E RESTITUICOES;01567601000143;SECRETARIA MUNICIPAL DE SAUDE;0,00;SECRETARIA MUNICIPAL DE SAUDE                                                                                                                                                                                                                                ;SAUDE - 10;ASSISTENCIA HOSPITALAR E AMBULATORIAL - 302;TRANSFERENCIA DE RECURSOS DO SISTEMA UNICO DE SAUDE - SUS - BLOCO DE MANUTENCAO DAS ACOES E SERVICOS PUBLICOS DE SAUDE - 107;UNIVERSIDADE FEDERAL DE GOIAS;DESPESA COM TERMO DE PAGAMENTO - INDENIZACAO DA EXECUCAO DE SERVICOS MEDICOSDE ASSISTENCIA A SAUDE AMBULATORIAL(HOSPITALAR) E/OU APOIO DIAGNOSTICO TERAPEUTICO PARA ATENDIMENTO DOS USUARIOS DO SUS                                 REFERENCIA: COMPETENCIA 10/2025 - LABORATORIO ROMULO ROCHA - UFG/GO CONFORMEDESPACHO NR. 1578-2025 SMS/SUPRAC                                           .                                                                           VALOR TOTAL:....................................................128.549,37  .                                                                           64 - TRANSFERENCIAS DE RECURSOS DO SUS - ATENCAO ESPECIALIZADA              SOLICITACAO FINANCEIRA: 181928/2026                                         ;Não se aplica (Ex.: Despesas com Pessoal);000000000000
20262150025810053;23/04/2026 00:00:00;7020,00;0145762026;02/06/2026 00:00:00;7020,00;202621500258100530001;11/06/2026 00:00:00;7020,00;33909300;INDENIZACOES E RESTITUICOES;00740696000192;SECRETARIA MUNICIPAL DE SAUDE;0,00;SECRETARIA MUNICIPAL DE SAUDE                                                                                                                                                                                                                                ;SAUDE - 10;ASSISTENCIA HOSPITALAR E AMBULATORIAL - 302;TRANSFERENCIA DE RECURSOS DO SISTEMA UNICO DE SAUDE - SUS - BLOCO DE MANUTENCAO DAS ACOES E SERVICOS PUBLICOS DE SAUDE - 107;PMH  PRODUTOS MEDICOS HOSPITALARES LTDA;DESPESA COM TERMO DE PAGAMENTO - INDENIZACAO DO CONTRATO DE PRESTACAO DE    SERVICOS DA EMPRESA PMH, DA REALIZACAO DE EXAMES LABORATORIAIS E CLINICOS,DEACORDO COM ENCERRAMENTO DO CONTRATO CONFORME MEMORANDO 103/2024-GERADI, NOTAFISCAL NR. 149, SOLICITACAO FINANCEIRA 182050 - 2026.                       .                                                                           VALOR TOTAL.........................................................7.020,00.                                                                           64 - TRANSFERENCIAS DE RECURSOS DO SUS - ATENCAO ESPECIALIZADA              ;Não se aplica (Ex.: Despesas com Pessoal);000000000000
20262150025810054;24/04/2026 00:00:00;2058743,85;0111042026;24/04/2026 00:00:00;2058743,85;202621500258100540001;24/04/2026 00:00:00;2058743,85;33909300;INDENIZACOES E RESTITUICOES;72551799000115;SECRETARIA MUNICIPAL DE SAUDE;0,00;SECRETARIA MUNICIPAL DE SAUDE                                                                                                                                                                                                                                ;SAUDE - 10;ASSISTENCIA HOSPITALAR E AMBULATORIAL - 302;TRANSFERENCIA DE RECURSOS DO SISTEMA UNICO DE SAUDE - SUS - BLOCO DE MANUTENCAO DAS ACOES E SERVICOS PUBLICOS DE SAUDE - 107;HOSPITAL BENEDICENTE SAO JOSE DE HERCULANDIA;DESPESA COM PAGAMENTO DO PRESENTE INSTRUMENTO DE TRANSACAO EXTRAJUDICIAL NR 0015/2026(ACORDO) ENTRE A SMS E O HOSPITAL BENEFICENTE SAO JOSE DE HERCULANDIA, PARA PAGAMENTO DOS HONORARIOS MEDICOS QUE TRABALHAVAM NO HOSPITAL E MATERNIDADE CELIA CAMARA, PROCEDIMENTO: INQUERITO CIVIL 001009.2026.18.000/0    .                                                                           VALOR TOTAL:..................................................2.058.743,85  .                                                                           64 - TRANSFERENCIAS DE RECURSOS DO SUS - ATENCAO ESPECIALIZADA              SOLICITACAO FINANCEIRA: 182114/2026                                         ;Não se aplica (Ex.: Despesas com Pessoal);000000000000
20262150025810055;27/04/2026 00:00:00;64530,17;;;0,00;;;0,00;33909300;INDENIZACOES E RESTITUICOES;01567601000143;SECRETARIA MUNICIPAL DE SAUDE;0,00;SECRETARIA MUNICIPAL DE SAUDE                                                                                                                                                                                                                                ;SAUDE - 10;ASSISTENCIA HOSPITALAR E AMBULATORIAL - 302;TRANSFERENCIA DE RECURSOS DO SISTEMA UNICO DE SAUDE - SUS - BLOCO DE MANUTENCAO DAS ACOES E SERVICOS PUBLICOS DE SAUDE - 107;UNIVERSIDADE FEDERAL DE GOIAS;DESPESA COM TERMO DE PAGAMENTO - INDENIZACAO DA EXECUCAO DE SERVICOS MEDICOSDE ASSISTENCIA A SAUDE AMBULATORIAL (HOSPITALAR) E/OU APOIO DIAGNOSTICO TERAPEUTICO PARA ATENDIMENTO DOS USUARIOS DO SUS                                LABORATORIO ROMULO ROCHA, COMPETENCIA 01/2026, CONFORME DESPACHO NR. 472/2026-SUPRAC                                                                    .                                                                           VALOR TOTAL:.....................................................64.530,17  .                                                                           64 - TRANSFERENCIAS DE RECURSOS DO SUS - ATENCAO ESPECIALIZADA              SOLICITACAO FINANCEIRA: 182126/2026                                         ;Não se aplica (Ex.: Despesas com Pessoal);000000000000
20262150031910006;01/04/2026 00:00:00;44605,00;;;0,00;;;0,00;33903000;MATERIAL DE CONSUMO;09034672000192;SECRETARIA MUNICIPAL DE SAUDE;0,00;SECRETARIA MUNICIPAL DE SAUDE                                                                                                                                                                                                                                ;SAUDE - 10;SUPORTE PROFILATICO E TERAPEUTICO - 303;TRANSFERENCIA DE RECURSOS DO SISTEMA UNICO DE SAUDE - SUS - BLOCO DE MANUTENCAO DAS ACOES E SERVICOS PUBLICOS DE SAUDE - 107;MAEVE PRODUTOS HOSPITALARES LTDA;REEMPENHO DE DESPESA COM AQUISICAO DE MEDICAMENTOS INJETAVEIS ATRAVÉS DO 5º PEDIDO FILHO, PREGAO ELETRONICO 90001/2025, ATA REGISTRO DE PREÇO 052/2025  PARA PAGAMENTO DA NF 61960 (06/02/2026), SCC: 794091, PEDIDO DE COMPRAS: 631/2025                                                                       .                                                                           VALOR TOTAL:.....................................................44.605,00  .                                                                           13 - TRANSFERENCIAS DE RECURSOS DO SUS - ASSISTENCIA FARMACEUTICA           SOLICITACAO FINANCEIRA: 181139/2026                                         ;Pregão;000900012025
20262150031910007;15/04/2026 00:00:00;720,00;0168762026;26/06/2026 00:00:00;720,00;202621500319100070001;26/06/2026 00:00:00;720,00;33903000;MATERIAL DE CONSUMO;28093678000185;SECRETARIA MUNICIPAL DE SAUDE;0,00;SECRETARIA MUNICIPAL DE SAUDE                                                                                                                                                                                                                                ;SAUDE - 10;SUPORTE PROFILATICO E TERAPEUTICO - 303;TRANSFERENCIA DE RECURSOS DO SISTEMA UNICO DE SAUDE - SUS - BLOCO DE MANUTENCAO DAS ACOES E SERVICOS PUBLICOS DE SAUDE - 107;F F DISTRIBUIDORA DE MEDICAMENTOS LTDA;DESPESA COM MEDICAMENTOS PARA ABASTECIMENTO DA SMS - ATA DE REGISTRO DE PRECO NR 074/2025 - PREGAO ELETRONICO NR 90007/2025                             MEMORANDO 181 GEREMO - PARECER 203 GERPSR - DESPACHO 248 GERCOM - DESPACHO 337 PRECEL - PEDIDO DE COMPRAS 229/2026                                      .                                                                           01 (ITEM R36) - CICLOBENZAPRINA 10MG COMPRIMIDO - MARCA: CIMED              COD:465674............9.000UN..............00,08.....................720,00 VALOR TOTAL:.........................................................720,00 .                                                                           OBS: O FORNECIMENTO DEVERA SER EFETUADO C/ PRAZO NAO SUP. A 20 DIAS         CORRIDOS CONFORME TERMO DE REFERENCIA (9778673) CONTADOS A PARTIR DO        RECEBIMENTO DA NOTA DE EMPENHO,ENTREGA EM PERFEITAS CONDICOES C/A DEVIDA    NOTA FISCAL, DETALHANDO MARCA/FABRICANTE/MODELO/TIPO/PROCEDENCIA. DEMAIS    ESCLARECIMENTOS CONFORME MEMO 181/2026, PARECER 203/2026, PE 90007/2025,    ATA 74/2025, PROCESSO SEI: 26.29.000011732-3 E DOCUMENTOS EM ANEXO.         .                                                                           LOCAL DA ENTREGA:ALMOXARIFADO CENTRAL SMS, AV.PERIMETRAL NORTE COND.GOIA    ZEM, BL.E, GALPOES 09/10, VL.JOAO VAZ, CEP:74.425-090, GO/GO. FONES:62-3    524-3401/3407, HORARIO:08:00 AS 17:00.                                      .                                                                           13 - TRANSFERENCIAS DE RECURSOS DO SUS - ASSITENCIA FARMACEUTICA            SOLICITACAO FINANCEIRA: 181808/2026                                         ;Pregão;000002032026
20262150031910008;15/04/2026 00:00:00;45260,00;;;0,00;;;0,00;33903000;MATERIAL DE CONSUMO;56795674000184;SECRETARIA MUNICIPAL DE SAUDE;0,00;SECRETARIA MUNICIPAL DE SAUDE                                                                                                                                                                                                                                ;SAUDE - 10;SUPORTE PROFILATICO E TERAPEUTICO - 303;TRANSFERENCIA DE RECURSOS DO SISTEMA UNICO DE SAUDE - SUS - BLOCO DE MANUTENCAO DAS ACOES E SERVICOS PUBLICOS DE SAUDE - 107;G.O MEDICAL LTDA;DESPESA COM MEDICAMENTOS PARA ABASTECIMENTO DA SMS - ATA DE REGISTRO DE PRECO NR 155/2025 - PREGAO ELETRONICO NR 90002/2025                             MEMORANDO 185 GEREMO - PARECER 209 GERPSR - DESPACHO 256 GERCOM - DESPACHO 348 PRECEL - PEDIDO DE COMPRAS 235/2026                                      .                                                                           01 (ITEM R16) - CLORPROMAZINA CLORIDRATO 25MG COMPRIMIDO - MARCA: CRISTALIA COD:401269..........146.000UN..............00,31..................45.260,00 VALOR TOTAL:......................................................45.260,00 .                                                                           OBS: O FORNECIMENTO DEVERA SER EFETUADO C/ PRAZO NAO SUP. A 20 DIAS         CORRIDOS CONFORME TERMO DE REFERENCIA (9808578) CONTADOS A PARTIR DO        RECEBIMENTO DA NOTA DE EMPENHO,ENTREGA EM PERFEITAS CONDICOES C/A DEVIDA    NOTA FISCAL, DETALHANDO MARCA/FABRICANTE/MODELO/TIPO/PROCEDENCIA. DEMAIS    ESCLARECIMENTOS CONFORME MEMO 185/2026, PARECER 209/2026, PE 90002/2025,    ATA 155/2025, PROCESSO SEI: 26.29.000012165-7 E DOCUMENTOS EM ANEXO.        .                                                                           LOCAL DA ENTREGA:ALMOXARIFADO CENTRAL SMS, AV.PERIMETRAL NORTE COND.GOIA    ZEM, BL.E, GALPOES 09/10, VL.JOAO VAZ, CEP:74.425-090, GO/GO. FONES:62-3    524-3401/3407, HORARIO:08:00 AS 17:00.                                      .                                                                           13 - TRANSFERENCIAS DE RECURSOS DO SUS - ASSITENCIA FARMACEUTICA            SOLICITACAO FINANCEIRA: 181809/2026                                         ;Pregão;000002092026
20262150031910009;15/04/2026 00:00:00;5760,00;;;0,00;;;0,00;33903000;MATERIAL DE CONSUMO;26457348000104;SECRETARIA MUNICIPAL DE SAUDE;5760,00;SECRETARIA MUNICIPAL DE SAUDE                                                                                                                                                                                                                                ;SAUDE - 10;SUPORTE PROFILATICO E TERAPEUTICO - 303;TRANSFERENCIA DE RECURSOS DO SISTEMA UNICO DE SAUDE - SUS - BLOCO DE MANUTENCAO DAS ACOES E SERVICOS PUBLICOS DE SAUDE - 107;C. A HOSPITALAR EIRELI;"DESPESA COM AQUISICAO DE MEDICAMENTOS PARA ABASTECIMENTO DAS UNIDADES DE SAUDE DA SMS - SCC:813410                                                      CONF. TERMO DE HOMOLOGACAO DO PREGAO ELETRONICO NR 90010/2026               .                                                                           01 (ITEM R02) - AGUA DESTILADA FRASCO FR C/500ML - MARCA: EQUIPLEX          COD:588679............1.200FR..............04,80...................5.760,00 VALOR TOTAL:.......................................................5.760,00 .                                                                           A ENTREGA DOS BENS SERA EM DUAS PARCELAS, SENDO A PRIMEIRA EM ATE 15 (QUINZE) DIAS A PARTIR DA INTIMACAO E A SEGUNDA PARCELA EM 180 ( CENTO E OITENTA)  DIAS, CONTADOS APOS O RECEBIMENTO DA PRIMEIRA ORDEM DE ENTREGA OU NOTA DE EMPENHO/AUTORIZACAO DE FORNECIMENTO, ACOMPANHADOS DOS DOCUMENTOS FISCAIS RESPECTIVOS, DEVE CONTER, OBRIGATORIAMENTE, A ESPECIFICACAO DO ITEM, MARCA DO FABRICANTE E QUANTIDADE ENTREGUE; A SEGUNDA PARCELA TAMBEM DEVERA SER ENTREGUE 15 DIAS, APOS O ENVIO DA INTIMAçãO. A SEGUNDA PARCELA PODERá SER ADIANTADA, CONFORME AS NECESSIDADES DA SMS-GO.                                         .                                                                           LOCAL DA ENTREGA:ALMOXARIFADO CENTRAL SMS, AV.PERIMETRAL NORTE COND.GOIA    ZEM, BL.E, GALPOES 09/10, VL.JOAO VAZ, CEP:74.425-090, GO/GO. FONES:62-3    524-3401/3407, HORARIO:08:00 AS 17:00.                                      .                                                                           13 - TRANSFERENCIAS DE RECURSOS DO SUS - ASSITENCIA FARMACEUTICA            SOLICITACAO FINANCEIRA: 177094/2026                                         ";Pregão;000900102026
20262150031910010;15/04/2026 00:00:00;1350,00;0152922026;12/06/2026 00:00:00;1350,00;;;0,00;33903000;MATERIAL DE CONSUMO;42496258000170;SECRETARIA MUNICIPAL DE SAUDE;0,00;SECRETARIA MUNICIPAL DE SAUDE                                                                                                                                                                                                                                ;SAUDE - 10;SUPORTE PROFILATICO E TERAPEUTICO - 303;TRANSFERENCIA DE RECURSOS DO SISTEMA UNICO DE SAUDE - SUS - BLOCO DE MANUTENCAO DAS ACOES E SERVICOS PUBLICOS DE SAUDE - 107;METTA FARMACEUTICA LTDA;DESPESA COM MEDICAMENTOS PARA ABASTECIMENTO DA SMS - ATA DE REGISTRO DE PRECO NR 77/2025 - PREGAO ELETRONICO NR 90007/2025 - SCC:813479                 MEMORANDO 186 GEREMO - PARECER 210 GERPSR - DESPACHO 255 GERCOM - DESPACHO 353 PRECEL - PEDIDO DE COMPRAS 236/2026                                      .                                                                           01 (ITEM R48) - DIGOXINA 0,25MG COMPRIMIDO - MARCA: TEUTO                   COD:034207............9.000UN..............00,15...................1.350,00 VALOR TOTAL:.......................................................1.350,00 .                                                                           OBS: O FORNECIMENTO DEVERA SER EFETUADO C/ PRAZO NAO SUP. A 20 DIAS         CORRIDOS CONFORME TERMO DE REFERENCIA (9818934) CONTADOS A PARTIR DO        RECEBIMENTO DA NOTA DE EMPENHO,ENTREGA EM PERFEITAS CONDICOES C/A DEVIDA    NOTA FISCAL, DETALHANDO MARCA/FABRICANTE/MODELO/TIPO/PROCEDENCIA. DEMAIS    ESCLARECIMENTOS CONFORME MEMO 186/2026, PARECER 210/2025, PE 90007/2025,    ATA 77/2025, PROCESSO SEI: 26.29.000012283-1 E DOCUMENTOS EM ANEXO.         .                                                                           LOCAL DA ENTREGA:ALMOXARIFADO CENTRAL SMS, AV.PERIMETRAL NORTE COND.GOIA    ZEM, BL.E, GALPOES 09/10, VL.JOAO VAZ, CEP:74.425-090, GO/GO. FONES:62-3    524-3401/3407, HORARIO:08:00 AS 17:00.                                      .                                                                           13 - TRANSFERENCIAS DE RECURSOS DO SUS - ASSITENCIA FARMACEUTICA            SOLICITACAO FINANCEIRA: 181813/2026                                         ;Pregão;000900072026
20262150031910011;23/04/2026 00:00:00;5400,00;0110552026;24/04/2026 00:00:00;5400,00;202621500319100110001;28/04/2026 00:00:00;5400,00;33903000;MATERIAL DE CONSUMO;16699864000183;SECRETARIA MUNICIPAL DE SAUDE;0,00;SECRETARIA MUNICIPAL DE SAUDE                                                                                                                                                                                                                                ;SAUDE - 10;SUPORTE PROFILATICO E TERAPEUTICO - 303;TRANSFERENCIA DE RECURSOS DO SISTEMA UNICO DE SAUDE - SUS - BLOCO DE MANUTENCAO DAS ACOES E SERVICOS PUBLICOS DE SAUDE - 107;SANTE MEDICA HOSPITALAR LTDA;REEMPENHO DE DESPESA C/ AQUISICAO DE MEDICAMENTOS ATRAVES DO 1º PEDIDO FILHOATA DE REGISTRO DE PRECOS Nº050/2025, PREGAO ELETRONICO Nº90001/2025 PARA PAGAMENTO DA NF 11732 (27/01/26) E 11733 (27/01/26) CONFORME TERMO DE ATESTO  9861931 (09/04/26), PEDIDO DE COMPRA: 543/2025, SCC: 790754. SOLICITACAO FI-NANCEIRA 182039 - 2026.                                                     .                                                                           .                                                                           VALOR TOTAL.........................................................5.400,00.                                                                           13 - TRANSFERENCIAS DE RECURSOS DO SUS - ASSISTENCIA FARMACEUTICA           ;Pregão;000900012025
20262150031910012;30/04/2026 00:00:00;19787,67;0148702026;08/06/2026 00:00:00;19787,67;202621500319100120001;09/06/2026 00:00:00;19787,67;33903000;MATERIAL DE CONSUMO;21681325000157;SECRETARIA MUNICIPAL DE SAUDE;0,00;SECRETARIA MUNICIPAL DE SAUDE                                                                                                                                                                                                                                ;SAUDE - 10;SUPORTE PROFILATICO E TERAPEUTICO - 303;TRANSFERENCIA DE RECURSOS DO SISTEMA UNICO DE SAUDE - SUS - BLOCO DE MANUTENCAO DAS ACOES E SERVICOS PUBLICOS DE SAUDE - 107;MULTIFARMA COMERCIAL LTDA;REEMPENHO DE DESPESA COM AQUISICAO DE MEDICAMENTOS ATRAVES DO 1ºPEDIDO FILHOPREGAO ELETRONICO Nº 90007/2025, ATA DE REGISTRO DE PRECOS Nº 066/2025 PARA PAGAMENTO DA NOTA FISCAL Nº 288614 (30/03/2026), SCC:787371,PEDIDO DE COMPRANº427/2025, TERMO DE ATESTO 10000348 (24/04/2026) - SOLICITACAO FINANCEIRA :182249 - 2026.                                                              .                                                                           VALOR TOTAL........................................................19.787,67.                                                                           13 - TRANSFERENCIAS DE RECURSOS DO SUS - ASSISTENCIA FARMACEUTICA           ;Pregão;000900072025
20262150032510004;06/04/2026 00:00:00;71984,22;0094122026;10/04/2026 00:00:00;71984,22;202621500325100040001;16/04/2026 00:00:00;71984,22;33909200;DESPESAS DE EXERCICIOS ANTERIORES;14115388000180;SECRETARIA MUNICIPAL DE SAUDE;0,00;SECRETARIA MUNICIPAL DE SAUDE                                                                                                                                                                                                                                ;SAUDE - 10;SUPORTE PROFILATICO E TERAPEUTICO - 303;TRANSFERENCIA DE RECURSOS DO SISTEMA UNICO DE SAUDE - SUS - BLOCO DE MANUTENCAO DAS ACOES E SERVICOS PUBLICOS DE SAUDE - 107;ELLO DISTRIBUICAO LTDA;REEMPENHO DE DESPESA COM AQUISICAO DE MEDICAMENTOS ATRAVES DO 1 PEDIDO FILH O, ATA DE REGISTRO DE PRECOS NR 065/2025, PREGAO ELETRONICO NR 90007/2025   PARA PAGAMENTO DA NOTA FISCAL Nº 105233, 105225, 105247, 105669, SCC: 787818, PEDIDO DE COMPRA Nº 4368/2025, TERMO DE ATESTO 8900303                    .                                                                           VALOR TOTAL:......................................................71.984,22 .                                                                           13 - TRANSFERENCIAS DE RECURSOS DO SUS - ASSISTENCIA FARMACEUTICA           SOLICITACAO FINANCEIRA: 181478/2026                                         ;Pregão;000900072025
20262150032510005;13/04/2026 00:00:00;16272,00;0096502026;14/04/2026 00:00:00;16272,00;202621500325100050001;16/04/2026 00:00:00;16272,00;33909200;DESPESAS DE EXERCICIOS ANTERIORES;67729178000491;SECRETARIA MUNICIPAL DE SAUDE;0,00;SECRETARIA MUNICIPAL DE SAUDE                                                                                                                                                                                                                                ;SAUDE - 10;SUPORTE PROFILATICO E TERAPEUTICO - 303;TRANSFERENCIA DE RECURSOS DO SISTEMA UNICO DE SAUDE - SUS - BLOCO DE MANUTENCAO DAS ACOES E SERVICOS PUBLICOS DE SAUDE - 107;COMERCIAL CIRURGICA RIOCLARENSE LTDA;REEMPENHO DE DESPESA COM AQUISICAO DE MEDICAMENTOS ATRAVES DO 1 PEDIDO FILHOATA DE REGISTRO PRECO 037/2025, PREGAO ELETRONICO 90002/2025                PARA PAGAMENTO DA NOTA FISCAL Nº 2088827, SCC: 795519, PEDIDO DE COMPRA 641/2025, TERMO DE ATESTO 8899079                                               .                                                                           VALOR TOTAL:.....................................................16.272,00  .                                                                           13 - TRANSFERENCIAS DE RECURSOS DO SUS - ASSISTENCIA FARMACEUTICA           SOLICITACAO FINANCEIRA: 181787/2026                                         ;Pregão;000900022025
20262150035410008;06/04/2026 00:00:00;2011,60;;;0,00;;;0,00;33903000;MATERIAL DE CONSUMO;20198502000186;SECRETARIA MUNICIPAL DE SAUDE;2011,60;SECRETARIA MUNICIPAL DE SAUDE                                                                                                                                                                                                                                ;SAUDE - 10;VIGILANCIA EPIDEMIOLOGICA - 305;TRANSFERENCIA DE RECURSOS DO SISTEMA UNICO DE SAUDE - SUS - BLOCO DE MANUTENCAO DAS ACOES E SERVICOS PUBLICOS DE SAUDE - 107;VIVA LABORATRIO DE ANALYSYS LTDA;DESP.C/MATERIAL DE LABORATORIO P/MONITORAR AMOSTRAS DE AGUA PARA CONSUMO HU-MANO CONF. A DIRETRIZ NACIONAL DO PLANO DE AMOSTRAGEM DA VIGILANCIA DA QUALIDADE DA AGUA DVSA DFD 69 - ETP 8001366 - DESPACHO 69 DVFAIS - AVISO DISPENSAELETRONICA 02- DESPACHO 99 E 122 GERCOM - ITEM 01 E 02 SCC804411 SOLICITACAOFINANCEIRA 179853 - 2026.                                                   .                                                                           1-REAGENTE DPD PO P/ ANALISE DE CLORO RESIDUAL LIVRE SACHE LAB LAC          COD68203-9...............2.000,00 UN...........0,9000...............1.800,002-REAGENTE SPADNS P/ FLUORETO FR C/500, 0 ML LAB LAC                        COD50206-5...............4,00 FR...............52,9000................211,60VALOR TOTAL.........................................................2.011,60.                                                                           SERA EM REMESSA UNICA, NO PRAZO NAO SUPERIOR A 15 (QUINZE) DIAS UTEIS, CONTADOS APOS O RECEBIMENTO DA ORDEM DE ENTREGA OU NOTA DE EMPENHO/AUTORIZACAO DEFORNECIMENTO, ACOMPANHADOS DOS DOCUMENTOS FISCAIS RESPECTIVOS, DEVE CONTER, OBRIGATORIAMENTE, A ESPECIFICACAO DO ITEM, MARCA DO FABRICANTE E QUANTIDADE ENTREGUE, BEM COMO O SEU ACONDICIONAMENTO,AGENDAR A ENTREGA PELO ENDERECO DEEMAIL  CIAD.GOIANIA@BRANETOLGISTICA.COM.BR, ENTREGA NO ALMOXARIFADO CENTRAL SMS:AV.PERIMETRAL NORTE, CONDOMINIO GOIAZEM, BLOCO E, GALPAO 09/10, VL.JOAO VAZ, CEP: 74.445-190, GOIANIA/GO,DOCUMENTO DE FORMALIZACAO DE DEMANDA - DFD 69 (8001272)MANDA - DFD 69 (8001272)-GERCLS, ESTUDO TECNICO PRELIMINAR - ETP8001366 GERCLS, TERMO DE REFERENCIA 8449963-GEREMO, E ANEXOS PROCESSO SEI NR25290000358848.                                                             .                                                                           62 - TRANSFERENCIAS DE RECURSOS DO SUS - VIGILANCIA EM SAUDE                ;Dispensa de Licitação;000000532026
20262150035410009;07/04/2026 00:00:00;640,00;0148592026;08/06/2026 00:00:00;640,00;202621500354100090001;09/06/2026 00:00:00;640,00;33903000;MATERIAL DE CONSUMO;58058522000124;SECRETARIA MUNICIPAL DE SAUDE;0,00;SECRETARIA MUNICIPAL DE SAUDE                                                                                                                                                                                                                                ;SAUDE - 10;VIGILANCIA EPIDEMIOLOGICA - 305;TRANSFERENCIA DE RECURSOS DO SISTEMA UNICO DE SAUDE - SUS - BLOCO DE MANUTENCAO DAS ACOES E SERVICOS PUBLICOS DE SAUDE - 107;BEEVOLT ENERGY LTDA;RECEBIMENTO DA NOTA DE EMPENHO,ENTREGA EM PERFEITAS CONDICOES C/A DEVIDA    NOTA FISCAL, DETALHANDO MARCA/FABRICANTE/MODELO/TIPO/PROCEDENCIA. DEMAIS    ESCLARECIMENTOS CONFORME MEMO 141/2026, PARECER 157/2026, PE 90026/2025,    ATA 160/2025, PROCESSO SEI: 26.29.000007213-3 E DOCUMENTOS EM ANEXO.        .                                                                           DESPESA COM AQUISICAO DE BATERIAS 12V PARA VIGILANCIA EPIDEMIOLOGICA DA SMS - 1 PEDIDO FILHO DA ATA NR 160/2025, PREGAO ELETRONICO NR 90026/2025        MEMORANDO 141 GEREMO - PARECER 157 GERPSR - DESPACHO 265 PRECEL - PEDIDO DE COMPRAS 175/2026 - SCC:812570                                               .                                                                           01 (ITEM R09) - BATERIA 12 V 7 A H - MARCA: ELGIN                           COD:388211...............10UN..............64,00.....................640,00 VALOR TOTAL:.........................................................640,00 .                                                                           OBS: O FORNECIMENTO DEVERA SER EFETUADO C/ PRAZO NAO SUP. A 15 DIAS UTEIS   CONFORME TERMO DE REFERENCIA (9464286) CONTADOS A PARTIR DO                 LOCAL DA ENTREGA:ALMOXARIFADO CENTRAL SMS, AV.PERIMETRAL NORTE COND.GOIA    ZEM, BL.E, GALPOES 09/10, VL.JOAO VAZ, CEP:74.425-090, GO/GO. FONES:62-3    524-3401/3407, HORARIO:08:00 AS 17:00.                                      .                                                                           62 - TRANSFERENCIA DE RECURSOS DO SUS - VIGILANCIA EM SAUDE                 SOLICITACAO FINANCEIRA: 180720/2026                                         ;Pregão;000900262025
20262150035410010;15/04/2026 00:00:00;24020,00;;;0,00;;;0,00;33903000;MATERIAL DE CONSUMO;36525831000124;SECRETARIA MUNICIPAL DE SAUDE;24020,00;SECRETARIA MUNICIPAL DE SAUDE                                                                                                                                                                                                                                ;SAUDE - 10;VIGILANCIA EPIDEMIOLOGICA - 305;TRANSFERENCIA DE RECURSOS DO SISTEMA UNICO DE SAUDE - SUS - BLOCO DE MANUTENCAO DAS ACOES E SERVICOS PUBLICOS DE SAUDE - 107;BRIT INDUSTRIA DE PLASTICOS LTDA;DESPESA COM AQUISICAO DE INVOLUCRO CADAVER ADULTO E INFANTIL ATRAVES DO 2  PEDIDO FILHO, PREGAO ELETRONICO 90005/2025, ATA DE REGISTRO DE PREÇOS 110/2025 - SCC: 813266                                                             CONF. MEMORANDO 168/2026-GEREMO, PARECER 184/2026-GERPSR, PEDIDO DE COMPRA 205/2026                                                                     .                                                                           01 (ITEM R72) - INVOLUCRO CADAVER ADULTO - MARCA: BRIT                      COD:546976............1.800UN..............12,40..................22.320,00 02 (ITEM R74) - INVOLUCRO P/CADAVER INFANTIL - MARCA: BRIT                  COD:549380..............200UN..............08,50...................1.700,00 VALOR TOTAL:......................................................24.020,00 .                                                                           OBS: O FORNECIMENTO DEVERA SER EFETUADO C/ PRAZO NAO SUP. A 15 DIAS UTEIS   CONFORME TERMO DE REFERENCIA (9614084) CONTADOS A PARTIR DO                 RECEBIMENTO DA NOTA DE EMPENHO,ENTREGA EM PERFEITAS CONDICOES C/A DEVIDA    NOTA FISCAL, DETALHANDO MARCA/FABRICANTE/MODELO/TIPO/PROCEDENCIA. DEMAIS    ESCLARECIMENTOS CONFORME MEMO 168/2026, PARECER 184/2026, PE 90005/2025,    ATA 110/2025, PROCESSO SEI: 26.29.000009465-0 E DOCUMENTOS EM ANEXO.        .                                                                           LOCAL DA ENTREGA:ALMOXARIFADO CENTRAL SMS, AV.PERIMETRAL NORTE COND.GOIA    ZEM, BL.E, GALPOES 09/10, VL.JOAO VAZ, CEP:74.425-090, GO/GO. FONES:62-3    524-3401/3407, HORARIO:08:00 AS 17:00.                                      .                                                                           62 - TRANSFERENCIA DE RECURSOS DO SUS - VIGILANCIA EM SAUDE                 SOLICITACAO FINANCEIRA: 1818442026                                          ;Pregão;000001842026
20262150035410011;17/04/2026 00:00:00;7375,00;;;0,00;;;0,00;33903000;MATERIAL DE CONSUMO;21407123000111;SECRETARIA MUNICIPAL DE SAUDE;0,00;SECRETARIA MUNICIPAL DE SAUDE                                                                                                                                                                                                                                ;SAUDE - 10;VIGILANCIA EPIDEMIOLOGICA - 305;TRANSFERENCIA DE RECURSOS DO SISTEMA UNICO DE SAUDE - SUS - BLOCO DE MANUTENCAO DAS ACOES E SERVICOS PUBLICOS DE SAUDE - 107;CELLCO BIOTEC DO BRASIL LTDA;"DESPESA COM AQUISICAO DE INSUMOS PARA REALIZACAO DE TESMOLECULAR PARA       ABASTECIMENTO DA DIRETORIA DE VIGILANCIA EM ZOONOSES DA SMS MEMORANDO       28 GERCAS - RESPOSTA 6306475 GERCAS - AVISO 01 DE DISPENSA DE LICITACAO     GERCOM -DESPACHO 127 GERCOM - ITEM 01 E 02 - SCC768058                      .                                                                           1-KIT EXTRACAO DNA GENOMICO CELLCO                                          COD72635-4...............1,00 UN...............2.825,0000.........2.825,00  2-KIT MASTER MIX P/ PCR TEMPO REAL CELLCO                                   COD72636-2...............1.000,00 UN...............4.5500.........4.550,00  VALOR TOTAL.......................................................7.375,00  .                                                                           O FORNECIMENTO SERA EFETUADO EM ENTREGA UNICA, O PRAZO DE ENTREGA DOS       BENS E DE ATE 20 DIAS UTEIS,CONTADOS APOS O RECEBIMENTO DA ORDEM DE ENTRE   GA OU NOTA DE EMPENHO/AUTORIZACAO DE FORNECIMENTO E ACOMPANHADOS DOS DOCU   MENTOS FISCAIS RESPECTIVOS, DEVE CONTER, OBRIGATORIAMENTE, A ESPECIFICACAO  DO ITEM, MARCA DO FABRICANTE, QUANTIDADE, VALIDADE E PROCEDENCIA. ENTREGA   NO ALMOXARIFADO CENTRAL DA SMS, NA AV.PERIMETRAL NORTE, CONDOMINIO GOIAZEM, BLOCO E, GALPAO 09 E 10, VILA JOAO VAZ,CEP: 74.425-090, GOIANIA; ENTREGAS   COM AGENDAMENTO NO EMAIL  CIAD.GOIANIA@BRANETOLGISTICA.COM.BR, MAIORES IN   FORMACOES PELOS TELEFONES:(62)3524-3404/3407. DEMAIS ESCLARECIMENTOS TERMO  DE REFERENCIA - 2 RETI CADO, MAPA DE PRECOS FINAL (9331159) E ANEXOS        SEI 23.29.000033157-4.                                                      .                                                                           62 - TRANSFERENCIAS DE RECURSOS DO SUS - VIGILANCIA EM SAUDE                SOLICITACAO  FINANCEIRA 180163- 2026                                        ";Dispensa de Licitação;000900202024
20262150035410012;17/04/2026 00:00:00;2821,80;;;0,00;;;0,00;33903000;MATERIAL DE CONSUMO;21895553000120;SECRETARIA MUNICIPAL DE SAUDE;0,00;SECRETARIA MUNICIPAL DE SAUDE                                                                                                                                                                                                                                ;SAUDE - 10;VIGILANCIA EPIDEMIOLOGICA - 305;TRANSFERENCIA DE RECURSOS DO SISTEMA UNICO DE SAUDE - SUS - BLOCO DE MANUTENCAO DAS ACOES E SERVICOS PUBLICOS DE SAUDE - 107;LOGLAB PRODUTOS PARA LABORATORIO LTDA;"ABASTECIMENTO DA DIRETORIA DE VIGILANCIA EM ZOONOSES DA SMS MEMORANDO       28 GERCAS - RESPOSTA 6306475 GERCAS - AVISO 01 DE DISPENSA DE LICITACAO     GERCOM -DESPACHO 127 GERCOM - ITEM 01 E 02 - SCC768058                      .                                                                           3-MICROTUBO PCR EPPENDORF ESTERIL FR 0,2 ML KASVI.                          COD44142-2...............4,00 PT...............298,9500...........1.195,80  4-RACK C/ PONTEIRAS C/ FILTRO 10UL, PACOTE C/ 96 PONTEIRAS KASVI            COD72637-0...............20,00 UN..............30,1300..............602,60  5-RACK C/ PONTEIRAS C/ FILTRO 200UL, PACOTEC/ 96 PONTEIRAS KASVI            COD72638-9...............10,00 UN..............34,3000..............343,00  6-PLACA 96 POCOS TRANSPARENTES 0, 1ML P/ PCR PADRAO/PCR TEMPO REAL          PT C/10,0UN GUNSTER                                                         COD72641-9...............3,00 PT...............226,8000.............680,40  VALOR TOTAL.......................................................2.821,80  .                                                                           O FORNECIMENTO SERA EFETUADO EM ENTREGA UNICA, O PRAZO DE ENTREGA DOS       BENS E DE ATE 20 DIAS UTEIS,CONTADOS APOS O RECEBIMENTO DA ORDEM DE ENTRE   GA OU NOTA DE EMPENHO/AUTORIZACAO DE FORNECIMENTO E ACOMPANHADOS DOS DOCU   MENTOS FISCAIS RESPECTIVOS, DEVE CONTER, OBRIGATORIAMENTE, A ESPECIFICACAO  DO ITEM, MARCA DO FABRICANTE, QUANTIDADE, VALIDADE E PROCEDENCIA. ENTREGA   NO ALMOXARIFADO CENTRAL DA SMS, NA AV.PERIMETRAL NORTE, CONDOMINIO GOIAZEM, BLOCO E, GALPAO 09 E 10, VILA JOAO VAZ,CEP: 74.425-090, GOIANIA; ENTREGAS   COM AGENDAMENTO NO EMAIL  CIAD.GOIANIA@BRANETOLGISTICA.COM.BR, MAIORES IN   FORMACOES PELOS TELEFONES:(62)3524-3404/3407. DEMAIS ESCLARECIMENTOS TERMO  DE REFERENCIA - 2 RETI CADO, MAPA DE PRECOS FINAL (9331159) E ANEXOS        SEI 23.29.000033157-4.                                                      .                                                                           62 - TRANSFERENCIAS DE RECURSOS DO SUS - VIGILANCIA EM SAUDE                SOLICITACAO  FINANCEIRA 180163- 2026                                        DESPESA COM AQUISICAO DE INSUMOS PARA REALIZACAO DE TESMOLECULAR PARA       ";Dispensa de Licitação;000000522026
20262150036330007;08/04/2026 00:00:00;1050000,00;0131672026;19/05/2026 00:00:00;287639,69;202621500363300070001;25/05/2026 00:00:00;287639,69;33903900;OUTROS SERVICOS DE TERCEIROS - PESSOA JURIDICA;01616929000102;SECRETARIA MUNICIPAL DE SAUDE;483671,64;SECRETARIA MUNICIPAL DE SAUDE                                                                                                                                                                                                                                ;SAUDE - 10;VIGILANCIA EPIDEMIOLOGICA - 305;TAXA PELO EXERCICIO DO PODER DE POLICIA - 106;SANEAMENTO DE GOIAS SA  SANEAGO;DESPESA COM SERVICOS DE FORNECIMENTO DE AGUA E TRATAMENTO DE ESGOTO DAS UNIDADES DE SAUDE DESTA SECRETARIA                                              VALORES RELATIVOS AOS MESES DE ABRIL A JUNHO/2026, SCC: 577643              .                                                                           VALOR EMPENHADO DE 04/2026 A 06/2026 COM MENSAIS DE:............350.000,00  VALOR TOTAL:..................................................1.050.000,00  .                                                                           15 - VIGILANCIA SANITARIA - SOLICITACAO FINANCEIRA: 181621/2026             ;Pregão;000000212022
20262150036330007;08/04/2026 00:00:00;1050000,00;0155362026;16/06/2026 00:00:00;278688,67;202621500363300070002;24/06/2026 00:00:00;278688,67;33903900;OUTROS SERVICOS DE TERCEIROS - PESSOA JURIDICA;01616929000102;SECRETARIA MUNICIPAL DE SAUDE;483671,64;SECRETARIA MUNICIPAL DE SAUDE                                                                                                                                                                                                                                ;SAUDE - 10;VIGILANCIA EPIDEMIOLOGICA - 305;TAXA PELO EXERCICIO DO PODER DE POLICIA - 106;SANEAMENTO DE GOIAS SA  SANEAGO;DESPESA COM SERVICOS DE FORNECIMENTO DE AGUA E TRATAMENTO DE ESGOTO DAS UNIDADES DE SAUDE DESTA SECRETARIA                                              VALORES RELATIVOS AOS MESES DE ABRIL A JUNHO/2026, SCC: 577643              .                                                                           VALOR EMPENHADO DE 04/2026 A 06/2026 COM MENSAIS DE:............350.000,00  VALOR TOTAL:..................................................1.050.000,00  .                                                                           15 - VIGILANCIA SANITARIA - SOLICITACAO FINANCEIRA: 181621/2026             ;Pregão;000000212022
20262150036410020;06/04/2026 00:00:00;14796,06;0117342026;04/05/2026 00:00:00;11299,72;202621500364100200001;27/05/2026 00:00:00;11299,72;33903900;OUTROS SERVICOS DE TERCEIROS - PESSOA JURIDICA;03883919000169;SECRETARIA MUNICIPAL DE SAUDE;0,00;SECRETARIA MUNICIPAL DE SAUDE                                                                                                                                                                                                                                ;SAUDE - 10;VIGILANCIA EPIDEMIOLOGICA - 305;TRANSFERENCIA DE RECURSOS DO SISTEMA UNICO DE SAUDE - SUS - BLOCO DE MANUTENCAO DAS ACOES E SERVICOS PUBLICOS DE SAUDE - 107;DESPRAG DEDETIZADORA LTDA;DESPESA COM PRESTACAO DE SERVICOS DE CONTROLE DE PRAGAS NAS UNIDADES DA SMS VALORES RELATIVOS A JUNHO/2026 CONF. DESPACHO 20/2026-GERADM, SCC: 786943, PEDIDO DE COMPRA: 273/2025                                                   .                                                                           VALOR TOTAL:.....................................................14.796,06  .                                                                           62 - TRANSFERENCIAS DE RECURSOS DO SUS - VIGILANCIA EM SAUDE                SOLICITACAO FINANCEIRA: 181303/2026                                         ;Pregão;000000092023
20262150036430019;06/04/2026 00:00:00;29289,00;;;0,00;;;0,00;33903900;OUTROS SERVICOS DE TERCEIROS - PESSOA JURIDICA;13861119000109;SECRETARIA MUNICIPAL DE SAUDE;29289,00;SECRETARIA MUNICIPAL DE SAUDE                                                                                                                                                                                                                                ;SAUDE - 10;VIGILANCIA EPIDEMIOLOGICA - 305;TRANSFERENCIA DE RECURSOS DO SISTEMA UNICO DE SAUDE - SUS - BLOCO DE MANUTENCAO DAS ACOES E SERVICOS PUBLICOS DE SAUDE - 107;ROMILDA SILVERIO DE BARROS SANTOS ME;DESPESA COM 2 TERMO ADITIVO PARA RENOVACAO DO CONTRATO NO 160/2024 COM EMPRESA ROMILDA SILVERIO DE BARROS SANTOS POR MAIS 12 MESES ENTRE 29/04/2026 E 28/04/2027                                                                    MEMORANDO 18 DIRZOO - PEDIDO DE COMPRAS 110/2026- SCC 742679-2 DESPACHO 131 GERCOM - REFERENTE MAIO/JUN/JUL/2026                                        .                                                                           VALOR EMPENHADO DE 05/2026 A 07/2026 COM MENSAIS DE:..............9.763,00  VALOR TOTAL:.....................................................29.289,00  .                                                                           62 - TRANSFERENCIAS DE RECURSOS DO SUS - VIGILANCIA EM SAUDE                SOLICITACAO FINANCEIRA: 179887/2026                                         ;Pregão;000000312023
20262150036430021;08/04/2026 00:00:00;88354,67;0121562026;06/05/2026 00:00:00;20336,11;202621500364300210001;27/05/2026 00:00:00;20336,11;33903900;OUTROS SERVICOS DE TERCEIROS - PESSOA JURIDICA;11342484000173;SECRETARIA MUNICIPAL DE SAUDE;0,00;SECRETARIA MUNICIPAL DE SAUDE                                                                                                                                                                                                                                ;SAUDE - 10;VIGILANCIA EPIDEMIOLOGICA - 305;TRANSFERENCIA DE RECURSOS DO SISTEMA UNICO DE SAUDE - SUS - BLOCO DE MANUTENCAO DAS ACOES E SERVICOS PUBLICOS DE SAUDE - 107;PROPERTY EMPREENDIMENTOS LTDA - ME;DESPESA COM CONTRATO NR 282/2021 REFERENTE A PRESTACAO DE SERVICOS NA INSERCAO DE DADOS PARA ALIMENTACAO DOS SISTEMAS E SUBSISTEMAS DO SISTEMA NACIONAL DE VIGILANCIA EM SAUDE - SCC:534120-4                                       VALORES RELATIVOS AO PERIODO DE ABRIL A 08/06/2026 - PEDIDO DE COMPRAS: 75/2025, VIGÊNCIA: 09/06/2025 A 08/06/2026                                      .                                                                           VALOR EMPENHADO DE 04/2026 E 05/2026 COM MENSAIS DE:...........38.980,00    VALOR EMPENHADO DE 06/2026  COM MENSAL DE:.....................10.394,67    VALOR TOTAL:...................................................88.354,67    .                                                                           62 - TRANSFERENCIAS DE RECURSOS DO SUS - VIGILANCIA EM SAUDE                SOLICITACAO FINANCEIRA: 181657/2026                                         ;Pregão;000000302020
20262150036430021;08/04/2026 00:00:00;88354,67;0121702026;07/05/2026 00:00:00;7580,12;202621500364300210002;27/05/2026 00:00:00;7580,12;33903900;OUTROS SERVICOS DE TERCEIROS - PESSOA JURIDICA;11342484000173;SECRETARIA MUNICIPAL DE SAUDE;0,00;SECRETARIA MUNICIPAL DE SAUDE                                                                                                                                                                                                                                ;SAUDE - 10;VIGILANCIA EPIDEMIOLOGICA - 305;TRANSFERENCIA DE RECURSOS DO SISTEMA UNICO DE SAUDE - SUS - BLOCO DE MANUTENCAO DAS ACOES E SERVICOS PUBLICOS DE SAUDE - 107;PROPERTY EMPREENDIMENTOS LTDA - ME;DESPESA COM CONTRATO NR 282/2021 REFERENTE A PRESTACAO DE SERVICOS NA INSERCAO DE DADOS PARA ALIMENTACAO DOS SISTEMAS E SUBSISTEMAS DO SISTEMA NACIONAL DE VIGILANCIA EM SAUDE - SCC:534120-4                                       VALORES RELATIVOS AO PERIODO DE ABRIL A 08/06/2026 - PEDIDO DE COMPRAS: 75/2025, VIGÊNCIA: 09/06/2025 A 08/06/2026                                      .                                                                           VALOR EMPENHADO DE 04/2026 E 05/2026 COM MENSAIS DE:...........38.980,00    VALOR EMPENHADO DE 06/2026  COM MENSAL DE:.....................10.394,67    VALOR TOTAL:...................................................88.354,67    .                                                                           62 - TRANSFERENCIAS DE RECURSOS DO SUS - VIGILANCIA EM SAUDE                SOLICITACAO FINANCEIRA: 181657/2026                                         ;Pregão;000000302020
20262150036430021;08/04/2026 00:00:00;88354,67;0182042026;13/07/2026 00:00:00;22763,51;;;0,00;33903900;OUTROS SERVICOS DE TERCEIROS - PESSOA JURIDICA;11342484000173;SECRETARIA MUNICIPAL DE SAUDE;0,00;SECRETARIA MUNICIPAL DE SAUDE                                                                                                                                                                                                                                ;SAUDE - 10;VIGILANCIA EPIDEMIOLOGICA - 305;TRANSFERENCIA DE RECURSOS DO SISTEMA UNICO DE SAUDE - SUS - BLOCO DE MANUTENCAO DAS ACOES E SERVICOS PUBLICOS DE SAUDE - 107;PROPERTY EMPREENDIMENTOS LTDA - ME;DESPESA COM CONTRATO NR 282/2021 REFERENTE A PRESTACAO DE SERVICOS NA INSERCAO DE DADOS PARA ALIMENTACAO DOS SISTEMAS E SUBSISTEMAS DO SISTEMA NACIONAL DE VIGILANCIA EM SAUDE - SCC:534120-4                                       VALORES RELATIVOS AO PERIODO DE ABRIL A 08/06/2026 - PEDIDO DE COMPRAS: 75/2025, VIGÊNCIA: 09/06/2025 A 08/06/2026                                      .                                                                           VALOR EMPENHADO DE 04/2026 E 05/2026 COM MENSAIS DE:...........38.980,00    VALOR EMPENHADO DE 06/2026  COM MENSAL DE:.....................10.394,67    VALOR TOTAL:...................................................88.354,67    .                                                                           62 - TRANSFERENCIAS DE RECURSOS DO SUS - VIGILANCIA EM SAUDE                SOLICITACAO FINANCEIRA: 181657/2026                                         ;Pregão;000000302020
20262150036430021;08/04/2026 00:00:00;88354,67;0182122026;13/07/2026 00:00:00;5969,34;;;0,00;33903900;OUTROS SERVICOS DE TERCEIROS - PESSOA JURIDICA;11342484000173;SECRETARIA MUNICIPAL DE SAUDE;0,00;SECRETARIA MUNICIPAL DE SAUDE                                                                                                                                                                                                                                ;SAUDE - 10;VIGILANCIA EPIDEMIOLOGICA - 305;TRANSFERENCIA DE RECURSOS DO SISTEMA UNICO DE SAUDE - SUS - BLOCO DE MANUTENCAO DAS ACOES E SERVICOS PUBLICOS DE SAUDE - 107;PROPERTY EMPREENDIMENTOS LTDA - ME;DESPESA COM CONTRATO NR 282/2021 REFERENTE A PRESTACAO DE SERVICOS NA INSERCAO DE DADOS PARA ALIMENTACAO DOS SISTEMAS E SUBSISTEMAS DO SISTEMA NACIONAL DE VIGILANCIA EM SAUDE - SCC:534120-4                                       VALORES RELATIVOS AO PERIODO DE ABRIL A 08/06/2026 - PEDIDO DE COMPRAS: 75/2025, VIGÊNCIA: 09/06/2025 A 08/06/2026                                      .                                                                           VALOR EMPENHADO DE 04/2026 E 05/2026 COM MENSAIS DE:...........38.980,00    VALOR EMPENHADO DE 06/2026  COM MENSAL DE:.....................10.394,67    VALOR TOTAL:...................................................88.354,67    .                                                                           62 - TRANSFERENCIAS DE RECURSOS DO SUS - VIGILANCIA EM SAUDE                SOLICITACAO FINANCEIRA: 181657/2026                                         ;Pregão;000000302020
20262150036430022;08/04/2026 00:00:00;161146,40;0115802026;30/04/2026 00:00:00;20948,50;202621500364300220001;07/05/2026 00:00:00;20948,50;33903900;OUTROS SERVICOS DE TERCEIROS - PESSOA JURIDICA;03979504000193;SECRETARIA MUNICIPAL DE SAUDE;0,00;SECRETARIA MUNICIPAL DE SAUDE                                                                                                                                                                                                                                ;SAUDE - 10;VIGILANCIA EPIDEMIOLOGICA - 305;TRANSFERENCIA DE RECURSOS DO SISTEMA UNICO DE SAUDE - SUS - BLOCO DE MANUTENCAO DAS ACOES E SERVICOS PUBLICOS DE SAUDE - 107;HEBROM COMERCIO E SERVICOS LTDA;DESPESA COM PRORROGACAO DO CONTRATO EMERGENCIAL NR 1859/2025 COM PRESTACAO DE SERVICOS DE MANUTENCAO PREDIAL CORRETIVA E PREDITIVA COM FORNECIMENTO DE MAO DE OBRA, FERRAMENTAS, MATERIAIS E INSUMOS                                VALORES RELATIVOS AO PERIODO DE MAIO A AGOSTO/2026, CONFORME DESPACHO NR 77/2026-GERINF, PEDIDO DE COMPRAS: 72/2026, SCC: 780147-1                      .                                                                           VALOR EMPENHADO DE 05/2026 A 07/2026 COM MENSAIS DE:.............43.949,02  VALOR EMPENHADO DE 08/2026  COM MENSAL DE:.......................29.299,34  VALOR TOTAL:....................................................161.146,40  .                                                                           62 - TRANSFERENCIAS DE RECURSOS DO SUS - VIGILANCIA EM SAUDE                SOLICITACAO FINANCEIRA: 181619/2026                                         ;Dispensa de Licitação;000900452025
20262150036430022;08/04/2026 00:00:00;161146,40;0149002026;08/06/2026 00:00:00;63399,96;202621500364300220002;11/06/2026 00:00:00;63399,96;33903900;OUTROS SERVICOS DE TERCEIROS - PESSOA JURIDICA;03979504000193;SECRETARIA MUNICIPAL DE SAUDE;0,00;SECRETARIA MUNICIPAL DE SAUDE                                                                                                                                                                                                                                ;SAUDE - 10;VIGILANCIA EPIDEMIOLOGICA - 305;TRANSFERENCIA DE RECURSOS DO SISTEMA UNICO DE SAUDE - SUS - BLOCO DE MANUTENCAO DAS ACOES E SERVICOS PUBLICOS DE SAUDE - 107;HEBROM COMERCIO E SERVICOS LTDA;DESPESA COM PRORROGACAO DO CONTRATO EMERGENCIAL NR 1859/2025 COM PRESTACAO DE SERVICOS DE MANUTENCAO PREDIAL CORRETIVA E PREDITIVA COM FORNECIMENTO DE MAO DE OBRA, FERRAMENTAS, MATERIAIS E INSUMOS                                VALORES RELATIVOS AO PERIODO DE MAIO A AGOSTO/2026, CONFORME DESPACHO NR 77/2026-GERINF, PEDIDO DE COMPRAS: 72/2026, SCC: 780147-1                      .                                                                           VALOR EMPENHADO DE 05/2026 A 07/2026 COM MENSAIS DE:.............43.949,02  VALOR EMPENHADO DE 08/2026  COM MENSAL DE:.......................29.299,34  VALOR TOTAL:....................................................161.146,40  .                                                                           62 - TRANSFERENCIAS DE RECURSOS DO SUS - VIGILANCIA EM SAUDE                SOLICITACAO FINANCEIRA: 181619/2026                                         ;Dispensa de Licitação;000900452025
20262150036430022;08/04/2026 00:00:00;161146,40;0174312026;02/07/2026 00:00:00;76797,94;202621500364300220003;02/07/2026 00:00:00;76797,94;33903900;OUTROS SERVICOS DE TERCEIROS - PESSOA JURIDICA;03979504000193;SECRETARIA MUNICIPAL DE SAUDE;0,00;SECRETARIA MUNICIPAL DE SAUDE                                                                                                                                                                                                                                ;SAUDE - 10;VIGILANCIA EPIDEMIOLOGICA - 305;TRANSFERENCIA DE RECURSOS DO SISTEMA UNICO DE SAUDE - SUS - BLOCO DE MANUTENCAO DAS ACOES E SERVICOS PUBLICOS DE SAUDE - 107;HEBROM COMERCIO E SERVICOS LTDA;DESPESA COM PRORROGACAO DO CONTRATO EMERGENCIAL NR 1859/2025 COM PRESTACAO DE SERVICOS DE MANUTENCAO PREDIAL CORRETIVA E PREDITIVA COM FORNECIMENTO DE MAO DE OBRA, FERRAMENTAS, MATERIAIS E INSUMOS                                VALORES RELATIVOS AO PERIODO DE MAIO A AGOSTO/2026, CONFORME DESPACHO NR 77/2026-GERINF, PEDIDO DE COMPRAS: 72/2026, SCC: 780147-1                      .                                                                           VALOR EMPENHADO DE 05/2026 A 07/2026 COM MENSAIS DE:.............43.949,02  VALOR EMPENHADO DE 08/2026  COM MENSAL DE:.......................29.299,34  VALOR TOTAL:....................................................161.146,40  .                                                                           62 - TRANSFERENCIAS DE RECURSOS DO SUS - VIGILANCIA EM SAUDE                SOLICITACAO FINANCEIRA: 181619/2026                                         ;Dispensa de Licitação;000900452025
20262150036430023;08/04/2026 00:00:00;805732,03;0115782026;30/04/2026 00:00:00;60000,00;202621500364300230001;07/05/2026 00:00:00;60000,00;33903900;OUTROS SERVICOS DE TERCEIROS - PESSOA JURIDICA;03979504000193;SECRETARIA MUNICIPAL DE SAUDE;0,00;SECRETARIA MUNICIPAL DE SAUDE                                                                                                                                                                                                                                ;SAUDE - 10;VIGILANCIA EPIDEMIOLOGICA - 305;TRANSFERENCIA DE RECURSOS DO SISTEMA UNICO DE SAUDE - SUS - BLOCO DE MANUTENCAO DAS ACOES E SERVICOS PUBLICOS DE SAUDE - 107;HEBROM COMERCIO E SERVICOS LTDA;DESPESA COM PRORROGACAO DO CONTRATO EMERGENCIAL NR 1859/2025 COM PRESTACAO DE SERVICOS DE MANUTENCAO PREDIAL CORRETIVA E PREDITIVA COM FORNECIMENTO DE MAO DE OBRA, FERRAMENTAS, MATERIAIS E INSUMOS                                VALORES RELATIVOS AO PERIODO DE MAIO A AGOSTO/2026, CONFORME DESPACHO NR 77/2026-GERINF, PEDIDO DE COMPRAS: 72/2026, SCC: 780147-1                      .                                                                           VALOR EMPENHADO DE 05/2026 A 07/2026 COM MENSAIS DE:............219.745,10  VALOR EMPENHADO DE 08/2026  COM MENSAL DE:......................146.496,73  VALOR TOTAL:....................................................805.732,03  .                                                                           62 - TRANSFERENCIAS DE RECURSOS DO SUS - VIGILANCIA EM SAUDE                SOLICITACAO FINANCEIRA: 181617/2026                                         ;Dispensa de Licitação;000900452025
20262150036430023;08/04/2026 00:00:00;805732,03;0148932026;08/06/2026 00:00:00;380399,77;202621500364300230002;11/06/2026 00:00:00;380399,77;33903900;OUTROS SERVICOS DE TERCEIROS - PESSOA JURIDICA;03979504000193;SECRETARIA MUNICIPAL DE SAUDE;0,00;SECRETARIA MUNICIPAL DE SAUDE                                                                                                                                                                                                                                ;SAUDE - 10;VIGILANCIA EPIDEMIOLOGICA - 305;TRANSFERENCIA DE RECURSOS DO SISTEMA UNICO DE SAUDE - SUS - BLOCO DE MANUTENCAO DAS ACOES E SERVICOS PUBLICOS DE SAUDE - 107;HEBROM COMERCIO E SERVICOS LTDA;DESPESA COM PRORROGACAO DO CONTRATO EMERGENCIAL NR 1859/2025 COM PRESTACAO DE SERVICOS DE MANUTENCAO PREDIAL CORRETIVA E PREDITIVA COM FORNECIMENTO DE MAO DE OBRA, FERRAMENTAS, MATERIAIS E INSUMOS                                VALORES RELATIVOS AO PERIODO DE MAIO A AGOSTO/2026, CONFORME DESPACHO NR 77/2026-GERINF, PEDIDO DE COMPRAS: 72/2026, SCC: 780147-1                      .                                                                           VALOR EMPENHADO DE 05/2026 A 07/2026 COM MENSAIS DE:............219.745,10  VALOR EMPENHADO DE 08/2026  COM MENSAL DE:......................146.496,73  VALOR TOTAL:....................................................805.732,03  .                                                                           62 - TRANSFERENCIAS DE RECURSOS DO SUS - VIGILANCIA EM SAUDE                SOLICITACAO FINANCEIRA: 181617/2026                                         ;Dispensa de Licitação;000900452025
20262150036430023;08/04/2026 00:00:00;805732,03;0174282026;02/07/2026 00:00:00;206752,00;202621500364300230003;02/07/2026 00:00:00;206752,00;33903900;OUTROS SERVICOS DE TERCEIROS - PESSOA JURIDICA;03979504000193;SECRETARIA MUNICIPAL DE SAUDE;0,00;SECRETARIA MUNICIPAL DE SAUDE                                                                                                                                                                                                                                ;SAUDE - 10;VIGILANCIA EPIDEMIOLOGICA - 305;TRANSFERENCIA DE RECURSOS DO SISTEMA UNICO DE SAUDE - SUS - BLOCO DE MANUTENCAO DAS ACOES E SERVICOS PUBLICOS DE SAUDE - 107;HEBROM COMERCIO E SERVICOS LTDA;DESPESA COM PRORROGACAO DO CONTRATO EMERGENCIAL NR 1859/2025 COM PRESTACAO DE SERVICOS DE MANUTENCAO PREDIAL CORRETIVA E PREDITIVA COM FORNECIMENTO DE MAO DE OBRA, FERRAMENTAS, MATERIAIS E INSUMOS                                VALORES RELATIVOS AO PERIODO DE MAIO A AGOSTO/2026, CONFORME DESPACHO NR 77/2026-GERINF, PEDIDO DE COMPRAS: 72/2026, SCC: 780147-1                      .                                                                           VALOR EMPENHADO DE 05/2026 A 07/2026 COM MENSAIS DE:............219.745,10  VALOR EMPENHADO DE 08/2026  COM MENSAL DE:......................146.496,73  VALOR TOTAL:....................................................805.732,03  .                                                                           62 - TRANSFERENCIAS DE RECURSOS DO SUS - VIGILANCIA EM SAUDE                SOLICITACAO FINANCEIRA: 181617/2026                                         ;Dispensa de Licitação;000900452025
20262150036430024;08/04/2026 00:00:00;4650,00;0170892026;29/06/2026 00:00:00;2300,00;;;0,00;33903900;OUTROS SERVICOS DE TERCEIROS - PESSOA JURIDICA;07119310000179;SECRETARIA MUNICIPAL DE SAUDE;0,00;SECRETARIA MUNICIPAL DE SAUDE                                                                                                                                                                                                                                ;SAUDE - 10;VIGILANCIA EPIDEMIOLOGICA - 305;TRANSFERENCIA DE RECURSOS DO SISTEMA UNICO DE SAUDE - SUS - BLOCO DE MANUTENCAO DAS ACOES E SERVICOS PUBLICOS DE SAUDE - 107;MATA PRAGAS CONTROLE DE PRAGAS LTDA;DESPESA COM CONTRATO NR 638/2023 PARA PRESTACAO DE SERVICOS DE LIMPEZA DE FOSSAS SEPTICAS PARA ATENDIMENTO DAS DEMANDAS DA SMS                          VALOR REFERENTE A ABRIL A JUNHO/2026, CONF. DESPACHO NR 12/2026-GERADM, SCC:669769-3,PEDIDO DE COMPRA: 427/2024                                         .                                                                           VALOR EMPENHADO DE 04/2026 A 06/2026 COM MENSAIS DE:..............1.550,00  VALOR TOTAL:......................................................4.650,00  .                                                                           62 - TRANSFERENCIAS DE RECURSOS DO SUS - VIGILANCIA EM SAUDE                SOLICITACAO FINANCEIRA: 181615/2026                                         ;Pregão;000000032023
20262150036430024;08/04/2026 00:00:00;4650,00;0171202026;29/06/2026 00:00:00;2350,00;;;0,00;33903900;OUTROS SERVICOS DE TERCEIROS - PESSOA JURIDICA;07119310000179;SECRETARIA MUNICIPAL DE SAUDE;0,00;SECRETARIA MUNICIPAL DE SAUDE                                                                                                                                                                                                                                ;SAUDE - 10;VIGILANCIA EPIDEMIOLOGICA - 305;TRANSFERENCIA DE RECURSOS DO SISTEMA UNICO DE SAUDE - SUS - BLOCO DE MANUTENCAO DAS ACOES E SERVICOS PUBLICOS DE SAUDE - 107;MATA PRAGAS CONTROLE DE PRAGAS LTDA;DESPESA COM CONTRATO NR 638/2023 PARA PRESTACAO DE SERVICOS DE LIMPEZA DE FOSSAS SEPTICAS PARA ATENDIMENTO DAS DEMANDAS DA SMS                          VALOR REFERENTE A ABRIL A JUNHO/2026, CONF. DESPACHO NR 12/2026-GERADM, SCC:669769-3,PEDIDO DE COMPRA: 427/2024                                         .                                                                           VALOR EMPENHADO DE 04/2026 A 06/2026 COM MENSAIS DE:..............1.550,00  VALOR TOTAL:......................................................4.650,00  .                                                                           62 - TRANSFERENCIAS DE RECURSOS DO SUS - VIGILANCIA EM SAUDE                SOLICITACAO FINANCEIRA: 181615/2026                                         ;Pregão;000000032023
20262150037610009;24/04/2026 00:00:00;192574,10;0112412026;27/04/2026 00:00:00;192574,10;202621500376100090001;30/04/2026 00:00:00;192574,10;33909200;DESPESAS DE EXERCICIOS ANTERIORES;08675055000103;SECRETARIA MUNICIPAL DE SAUDE;0,00;SECRETARIA MUNICIPAL DE SAUDE                                                                                                                                                                                                                                ;SAUDE - 10;VIGILANCIA EPIDEMIOLOGICA - 305;TAXA PELO EXERCICIO DO PODER DE POLICIA - 106;FULL PROPAGANDA LTDA;DESPESA COM CAMPANHA PUBLICITARIA DE COMBATE E PREVENCAO DA DENGUE 2025     VALORES CONFORME DESPACHO Nº 8/2026-SECOM/GERPFC (9120163), SCC: 488217-8,PEDIDO DE COMPRAS: 102/2025 SOLICITACAO FINANCEIRA 182108 - 2026.             .                                                                           .                                                                           VALOR TOTAL...................................................... 192.574,10.                                                                           15 - VIGILANCIA SANITARIA                                                   ;Concorrência para Compras e Serviços;000000012019
20262150038010003;14/04/2026 00:00:00;114290,01;;;0,00;;;0,00;33909300;INDENIZACOES E RESTITUICOES;00008909903104;SECRETARIA MUNICIPAL DE SAUDE;0,00;SECRETARIA MUNICIPAL DE SAUDE                                                                                                                                                                                                                                ;SAUDE - 10;VIGILANCIA EPIDEMIOLOGICA - 305;TRANSFERENCIA DE RECURSOS DO SISTEMA UNICO DE SAUDE - SUS - BLOCO DE MANUTENCAO DAS ACOES E SERVICOS PUBLICOS DE SAUDE - 107;JOAO OLIVEIRA GODINHO;PAGAMENTO INDENIZATORIO DE ALUGUEL DO CEREST SITUADO NA RUA 16-A N 622,QD 25-A, LT 02, SETOR AEROPORTO - GOIANIA/GO                                     CONFORME DESPACHO 291 GERINF - CONTRATO DE LOCACAO 229/2026 - PEDIDO DE COMPRAS 231/2026 - PERIODO: 01/MAR/25 A 23/MAR/26 (12 MESES)                    .                                                                           VALOR TOTAL:....................................................114.290,01  .                                                                           62 - TRANSFERENCIAS DE RECURSOS DO SUS - VIGILANCIA EM SAUDE                SOLICITACAO FINANCEIRA: 181851/2026                                         ;Não se aplica (Ex.: Despesas com Pessoal);000000000000
20262150043110033;06/04/2026 00:00:00;21750,00;0133242026;20/05/2026 00:00:00;21715,20;202621500431100330001;25/05/2026 00:00:00;21715,20;33903000;MATERIAL DE CONSUMO;10586940000320;SECRETARIA MUNICIPAL DE SAUDE;0,00;SECRETARIA MUNICIPAL DE SAUDE                                                                                                                                                                                                                                ;SAUDE - 10;ASSISTENCIA HOSPITALAR E AMBULATORIAL - 302;TRANSFERENCIA DE RECURSOS DO SISTEMA UNICO DE SAUDE - SUS / ESTADOS - 231;ONCOVIT DISTRIBUIDORA D EMEDICAMENTOS LTDA;DESPESA AQUISICAO DE MEDICAMENTOS PARA ABASTECIMENTO DAS UNIDADES DE SAUDE  DA SMS-2º PEDIDO FILHO DA ATA 079/2025 DO PREGAO ELETRONICO 90007/2025 MEMO.105 GEREMO - PARECER 88 GERPSR -DESPACHO 138 GERCOM - DESPACHO 180 PRECEL - PEDIDO DE COMPRAS 111/2026 - AQUISICAO ESTIMADA 05 MESES SCC804186 SOLICITA-CAO FINANCEIRA 180013 - 2026.                                               .                                                                           1-OXIBUTININA CLORIDRATO 5 MG COMPRIMIDO APSEN.                             COD46357-4...............25.000,00 UN..........0,8700..............21.750,00VALOR TOTAL........................................................21.750,00.                                                                           O FORNECIMENTO DEVERA SER EFETUADO, COM PRAZO DE ENTREGA NAO SUPERIOR A 20  DIAS,CONTADOS A PARTIR DO RECEBIMENTO DA NOTA DE EMPENHO/AUTORIZACAO DE FOR-NECIMENTO E ACOMPANHADOS DOS DOCUMENTOS FISCAIS RESPECTIVOS,DEVE CONTER,OBRIGATORIAMENTE,A ESPECIFICACAO DO ITEM, MARCA DO FABRICANTE E QUANTIDADE ENTREGUE,MEDIANTE AGENDAMENTO PREVIO PELO E-MAIL CIAD.GOIANIA@BRANETLOGISTICA.COMENTREGA NO ALMOXARIFADO CENTRAL DA SMS,NA AV.PERIMETRAL NORTE, CONDOMINIO GOIAZEM, BLOCO E, GALPAO 09 E 10, VILA JOAO VAZ, CEP: 74.445-190, GOIANIA/GO, TELEFONES: (62) 3524-3401 / 3524-3407, NO HORARIO DAS 08H00MIN àS 17H00MIN, DEMAIS ESCLARECIMENTOS MEMORANDO 105 (9307017)GEREMO, EDITAL (9307038)TERMO DE REFERENCIA-GEREMO E ANEXOS SEI26.29.000005090-3.                         .                                                                           13 - ASSISTENCIA FARMACIA BASICA                                            ;Pregão;000900072025
20262150043410018;07/04/2026 00:00:00;6720,00;0091222026;08/04/2026 00:00:00;6720,00;202621500434100180001;15/04/2026 00:00:00;6720,00;33909200;DESPESAS DE EXERCICIOS ANTERIORES;21681325000157;SECRETARIA MUNICIPAL DE SAUDE;0,00;SECRETARIA MUNICIPAL DE SAUDE                                                                                                                                                                                                                                ;SAUDE - 10;ASSISTENCIA HOSPITALAR E AMBULATORIAL - 302;TRANSFERENCIA DE RECURSOS DO SISTEMA UNICO DE SAUDE - SUS / ESTADOS - 231;MULTIFARMA COMERCIAL LTDA;REEMPENHO DE DESPESA COM AQUISICAO DE MEDICAMENTOS ATRAVES DO 2 PEDIDO FILHOPREGAO ELETRONICO NR 90029/2024, ATA DE REGISTRO DE PRECOS NR 087/2024      PARA PAGAMENTO DA NOTA FISCAL NR 279493, SCC: 779718, PEDIDO DE COMPRA NR 170/2025, TERMO DE ATESTO 9079998                                             .                                                                           VALOR TOTAL:......................................................6.720,00  .                                                                           17 - MEDIA ALTA COMPLEXIDADE - MAC - SOLICITACAO FINANCEIRA: 180351/2026    ;Pregão;000900292024
20262150043410019;07/04/2026 00:00:00;28812,00;0093882026;10/04/2026 00:00:00;28812,00;202621500434100190001;16/04/2026 00:00:00;28812,00;33909200;DESPESAS DE EXERCICIOS ANTERIORES;14115388000180;SECRETARIA MUNICIPAL DE SAUDE;0,00;SECRETARIA MUNICIPAL DE SAUDE                                                                                                                                                                                                                                ;SAUDE - 10;ASSISTENCIA HOSPITALAR E AMBULATORIAL - 302;TRANSFERENCIA DE RECURSOS DO SISTEMA UNICO DE SAUDE - SUS / ESTADOS - 231;ELLO DISTRIBUICAO LTDA;REEMPENHO DE DESPESA COM AQUISICAO EMERGENCIAL DE MEDICAMENTOS PARA ABASTECIMENTO DA SMS                                                                PARA PAGAMENTO DA NOTA FISCAL NR 96365 E 96371, SCC: 771750, PEDIDO DE COMPRA 488/2024, TERMO DE ATESTO 8923210                                         .                                                                           VALOR TOTAL:.....................................................28.812,00  .                                                                           17 - MEDIA ALTA COMPLEXIDADE - MAC - SOLICITACAO FINANCEIRA: 180336/2026    ;Dispensa de Licitação;000001602024
20262150044110008;01/04/2026 00:00:00;9308,10;0176292026;06/07/2026 00:00:00;9308,10;202621500441100080001;13/07/2026 00:00:00;0,00;33903000;MATERIAL DE CONSUMO;09034672000192;SECRETARIA MUNICIPAL DE SAUDE;0,00;SECRETARIA MUNICIPAL DE SAUDE                                                                                                                                                                                                                                ;SAUDE - 10;ASSISTENCIA HOSPITALAR E AMBULATORIAL - 302;EMENDAS PARLAMENTARES INDIVIDUAIS - TRANSFERENCIA ESPECIAL (INCISO II DO ART. 1 EC/105/2019) - ESTADOS - 237;MAEVE PRODUTOS HOSPITALARES LTDA;DESPESA COM 2º PEDIDO FILHO -  PROCESSO MAE SEI Nº 25.29.000000578-3 - PREGAO ELETRONICO Nº 90005/2025 - SRP -  ARP Nº 094/2025 - MAEVE PRODUTOS HOSPITALARES LTDA -  CNPJ:09.034.672/0001-92                                       MENDA PARLAMENTAR ESTADUAL Nº 959.1/2025, DE AUTORIA DO DEPUTADO ESTADUAL EDUARDO JOSE DO PRADO - PEDIDO DE COMPRA NR. 170/2026-FMS                     .                                                                           01 (ITEM R80) - LUVA CIRURGICA 6.0 ESTERILIZADA - MARCA: BE CARE            COD:610291..............190PR..............01,39.....................264,10 02 (ITEM R91) - LUVA PLASTICA DESCARTAVEL GINECOLOGICA CX C/100UN           MARCA: MEDIX                                                                COD:066230..............850CX..............10,64...................9.044,00 VALOR TOTAL:.......................................................9.308,10 .                                                                           OBS: O FORNECIMENTO DEVERA SER EFETUADO C/ PRAZO NAO SUP. A 15 DIAS UTEIS   CONFORME TERMO DE REFERENCIA (9380074) CONTADOS A PARTIR DO                 RECEBIMENTO DA NOTA DE EMPENHO,ENTREGA EM PERFEITAS CONDICOES C/A DEVIDA    NOTA FISCAL, DETALHANDO MARCA/FABRICANTE/MODELO/TIPO/PROCEDENCIA. DEMAIS    ESCLARECIMENTOS CONFORME MEMO 124/2026, PARECER 152/2026, PE 90005/2025,    ATA 94/2025, PROCESSO SEI: 26.29.000005952-8 E DOCUMENTOS EM ANEXO.         .                                                                           LOCAL DA ENTREGA:ALMOXARIFADO CENTRAL SMS, AV.PERIMETRAL NORTE COND.GOIA    ZEM, BL.E, GALPOES 09/10, VL.JOAO VAZ, CEP:74.425-090, GO/GO. FONES:62-3    524-3401/3407, HORARIO:08:00 AS 17:00.                                      .                                                                           636 - TRANSFERENCIA COM FINALIDADE DEFINIDA                                 SOLICITACAO FINANCEIRA: 181284/2026                                         ;Pregão;000900052025
20262150044110008;01/04/2026 00:00:00;9308,10;0176292026;06/07/2026 00:00:00;9308,10;202621500441100080002;13/07/2026 00:00:00;9308,10;33903000;MATERIAL DE CONSUMO;09034672000192;SECRETARIA MUNICIPAL DE SAUDE;0,00;SECRETARIA MUNICIPAL DE SAUDE                                                                                                                                                                                                                                ;SAUDE - 10;ASSISTENCIA HOSPITALAR E AMBULATORIAL - 302;EMENDAS PARLAMENTARES INDIVIDUAIS - TRANSFERENCIA ESPECIAL (INCISO II DO ART. 1 EC/105/2019) - ESTADOS - 237;MAEVE PRODUTOS HOSPITALARES LTDA;DESPESA COM 2º PEDIDO FILHO -  PROCESSO MAE SEI Nº 25.29.000000578-3 - PREGAO ELETRONICO Nº 90005/2025 - SRP -  ARP Nº 094/2025 - MAEVE PRODUTOS HOSPITALARES LTDA -  CNPJ:09.034.672/0001-92                                       MENDA PARLAMENTAR ESTADUAL Nº 959.1/2025, DE AUTORIA DO DEPUTADO ESTADUAL EDUARDO JOSE DO PRADO - PEDIDO DE COMPRA NR. 170/2026-FMS                     .                                                                           01 (ITEM R80) - LUVA CIRURGICA 6.0 ESTERILIZADA - MARCA: BE CARE            COD:610291..............190PR..............01,39.....................264,10 02 (ITEM R91) - LUVA PLASTICA DESCARTAVEL GINECOLOGICA CX C/100UN           MARCA: MEDIX                                                                COD:066230..............850CX..............10,64...................9.044,00 VALOR TOTAL:.......................................................9.308,10 .                                                                           OBS: O FORNECIMENTO DEVERA SER EFETUADO C/ PRAZO NAO SUP. A 15 DIAS UTEIS   CONFORME TERMO DE REFERENCIA (9380074) CONTADOS A PARTIR DO                 RECEBIMENTO DA NOTA DE EMPENHO,ENTREGA EM PERFEITAS CONDICOES C/A DEVIDA    NOTA FISCAL, DETALHANDO MARCA/FABRICANTE/MODELO/TIPO/PROCEDENCIA. DEMAIS    ESCLARECIMENTOS CONFORME MEMO 124/2026, PARECER 152/2026, PE 90005/2025,    ATA 94/2025, PROCESSO SEI: 26.29.000005952-8 E DOCUMENTOS EM ANEXO.         .                                                                           LOCAL DA ENTREGA:ALMOXARIFADO CENTRAL SMS, AV.PERIMETRAL NORTE COND.GOIA    ZEM, BL.E, GALPOES 09/10, VL.JOAO VAZ, CEP:74.425-090, GO/GO. FONES:62-3    524-3401/3407, HORARIO:08:00 AS 17:00.                                      .                                                                           636 - TRANSFERENCIA COM FINALIDADE DEFINIDA                                 SOLICITACAO FINANCEIRA: 181284/2026                                         ;Pregão;000900052025
20262150044110009;06/04/2026 00:00:00;177840,00;;;0,00;;;0,00;33903000;MATERIAL DE CONSUMO;23829339000109;SECRETARIA MUNICIPAL DE SAUDE;0,00;SECRETARIA MUNICIPAL DE SAUDE                                                                                                                                                                                                                                ;SAUDE - 10;ASSISTENCIA HOSPITALAR E AMBULATORIAL - 302;EMENDAS PARLAMENTARES INDIVIDUAIS - TRANSFERENCIA ESPECIAL (INCISO II DO ART. 1 EC/105/2019) - ESTADOS - 237;INFINITI CONFECCAO LTDA;DESPESA COM 2 PEDIDO FILHO - PROCESSO MAE SEI:25.29.000000578-3 - PREGAO ELETRONICO NR 90005/2025 - SRP - NR 113/2025 - INFINITI EMPREENDIMENTOS LTDA - CNPJ:23.829.339/0001-09 PARA ABASTECIMENTO DO ALMOXARIFADO CENTRAL DA SECRE TARIA MUNICIPAL DE SAUDE DE GOIANIA - EMENDA PARLAMENTAR ESTADUAL NR 959.1/ 2025, DE AUTORIA DO DEPUTADO ESTAUDAL EDUARDO JOSE DO PRADO                 .                                                                           01 (ITEM R99) - MASCARA CIRURGICA PROTECAO TRIPLA CX C/50 UN                MARCA: INFINITI                                                             COD:441350...........52.000CX..............03,42.................177.840,00 VALOR TOTAL:.....................................................177.840,00 .                                                                           OBS: O FORNECIMENTO DEVERA SER EFETUADO C/ PRAZO NAO SUP. A 15 DIAS UTEIS   CONFORME TERMO DE REFERENCIA (9329357) CONTADOS A PARTIR DO                 RECEBIMENTO DA NOTA DE EMPENHO,ENTREGA EM PERFEITAS CONDICOES C/A DEVIDA    NOTA FISCAL, DETALHANDO MARCA/FABRICANTE/MODELO/TIPO/PROCEDENCIA. DEMAIS    ESCLARECIMENTOS CONFORME MEMO 111/2026, PARECER 126/2026, PE 90005/2025,    ATA 113/2025, PROCESSO SEI: 26.29.000005361-9 E DOCUMENTOS EM ANEXO.        .                                                                           LOCAL DA ENTREGA:ALMOXARIFADO CENTRAL SMS, AV.PERIMETRAL NORTE COND.GOIA    ZEM, BL.E, GALPOES 09/10, VL.JOAO VAZ, CEP:74.425-090, GO/GO. FONES:62-3    524-3401/3407, HORARIO:08:00 AS 17:00.                                      .                                                                           636 - TRANSFERENCIA COM FINALIDADE DEFINIDA                                 SOLICITACAO FINANCEIRA: 180974/2026                                         ;Outros (Convênios, ajustes, similares, etc.);000900052025
20262150044110010;06/04/2026 00:00:00;245210,00;0129642026;18/05/2026 00:00:00;0,00;;;0,00;33903000;MATERIAL DE CONSUMO;67729178000491;SECRETARIA MUNICIPAL DE SAUDE;0,00;SECRETARIA MUNICIPAL DE SAUDE                                                                                                                                                                                                                                ;SAUDE - 10;ASSISTENCIA HOSPITALAR E AMBULATORIAL - 302;EMENDAS PARLAMENTARES INDIVIDUAIS - TRANSFERENCIA ESPECIAL (INCISO II DO ART. 1 EC/105/2019) - ESTADOS - 237;COMERCIAL CIRURGICA RIOCLARENSE LTDA;DESPESA COM 2 PEDIDO FILHO - PROCESSO MAE SEI:25.29.000000578-3 - PREGAO ELETRONICO NR 90005/2025 - SRP - ARP NR 111/2025 - COMERCIAL CIRURGICA RIOCLARENSE LTDA - CNPJ:67.729.178/0004-91 PARA ABASTECIMENTO DO ALMOXARIFADO CENTRAL DA SECRETARIA MUNICIPAL DE SAUDE DE GOIANIA - EMENDA PARLAMENTAR ESTADUAL NR 959.1/2025, DE AUTORIA DO DEPUTADO ESTADUAL EDUARDO JOSE DO PRADO        .                                                                           01 (ITEM R81) - LUVA CIRURGICA 6,5 ESTERILIZADA - MARCA: BE CARE            COD:001910...........25.000PR..............01,13..................28.250,00 02 (ITEM R82) - LUVA CIRURGICA 7 ESTERILIZADA - MARCA: BE CARE              COD:009377...........42.000PR..............01,13..................47.460,00 03 (ITEM R83) - LUVA CIRURGICA 7,5 ESTERILIZADA - MARCA: BE CARE            COD:009385..........150.000PR..............01,13.................169.500,00 VALOR TOTAL:.....................................................245.210,00 OBS: O FORNECIMENTO DEVERA SER EFETUADO C/ PRAZO NAO SUP. A 15 DIAS UTEIS   CONFORME TERMO DE REFERENCIA (9379854) CONTADOS A PARTIR DO                 RECEBIMENTO DA NOTA DE EMPENHO,ENTREGA EM PERFEITAS CONDICOES C/A DEVIDA    NOTA FISCAL, DETALHANDO MARCA/FABRICANTE/MODELO/TIPO/PROCEDENCIA. DEMAIS    ESCLARECIMENTOS CONFORME MEMO 123/2026, PARECER 145/2026, PE 90005/2025,    ATA 111/2025, PROCESSO SEI: 26.29.000005949-8 E DOCUMENTOS EM ANEXO.        .                                                                           LOCAL DA ENTREGA:ALMOXARIFADO CENTRAL SMS, AV.PERIMETRAL NORTE COND.GOIA    ZEM, BL.E, GALPOES 09/10, VL.JOAO VAZ, CEP:74.425-090, GO/GO. FONES:62-3    524-3401/3407, HORARIO:08:00 AS 17:00.                                      .                                                                           636 - TRANSFERENCIA COM FINALIDADE DEFINIDA                                 SOLICITACAO FINANCEIRA: 180973/2026                                         ;Pregão;000900052025
20262150044110010;06/04/2026 00:00:00;245210,00;0129742026;18/05/2026 00:00:00;245210,00;202621500441100100001;26/05/2026 00:00:00;245210,00;33903000;MATERIAL DE CONSUMO;67729178000491;SECRETARIA MUNICIPAL DE SAUDE;0,00;SECRETARIA MUNICIPAL DE SAUDE                                                                                                                                                                                                                                ;SAUDE - 10;ASSISTENCIA HOSPITALAR E AMBULATORIAL - 302;EMENDAS PARLAMENTARES INDIVIDUAIS - TRANSFERENCIA ESPECIAL (INCISO II DO ART. 1 EC/105/2019) - ESTADOS - 237;COMERCIAL CIRURGICA RIOCLARENSE LTDA;DESPESA COM 2 PEDIDO FILHO - PROCESSO MAE SEI:25.29.000000578-3 - PREGAO ELETRONICO NR 90005/2025 - SRP - ARP NR 111/2025 - COMERCIAL CIRURGICA RIOCLARENSE LTDA - CNPJ:67.729.178/0004-91 PARA ABASTECIMENTO DO ALMOXARIFADO CENTRAL DA SECRETARIA MUNICIPAL DE SAUDE DE GOIANIA - EMENDA PARLAMENTAR ESTADUAL NR 959.1/2025, DE AUTORIA DO DEPUTADO ESTADUAL EDUARDO JOSE DO PRADO        .                                                                           01 (ITEM R81) - LUVA CIRURGICA 6,5 ESTERILIZADA - MARCA: BE CARE            COD:001910...........25.000PR..............01,13..................28.250,00 02 (ITEM R82) - LUVA CIRURGICA 7 ESTERILIZADA - MARCA: BE CARE              COD:009377...........42.000PR..............01,13..................47.460,00 03 (ITEM R83) - LUVA CIRURGICA 7,5 ESTERILIZADA - MARCA: BE CARE            COD:009385..........150.000PR..............01,13.................169.500,00 VALOR TOTAL:.....................................................245.210,00 OBS: O FORNECIMENTO DEVERA SER EFETUADO C/ PRAZO NAO SUP. A 15 DIAS UTEIS   CONFORME TERMO DE REFERENCIA (9379854) CONTADOS A PARTIR DO                 RECEBIMENTO DA NOTA DE EMPENHO,ENTREGA EM PERFEITAS CONDICOES C/A DEVIDA    NOTA FISCAL, DETALHANDO MARCA/FABRICANTE/MODELO/TIPO/PROCEDENCIA. DEMAIS    ESCLARECIMENTOS CONFORME MEMO 123/2026, PARECER 145/2026, PE 90005/2025,    ATA 111/2025, PROCESSO SEI: 26.29.000005949-8 E DOCUMENTOS EM ANEXO.        .                                                                           LOCAL DA ENTREGA:ALMOXARIFADO CENTRAL SMS, AV.PERIMETRAL NORTE COND.GOIA    ZEM, BL.E, GALPOES 09/10, VL.JOAO VAZ, CEP:74.425-090, GO/GO. FONES:62-3    524-3401/3407, HORARIO:08:00 AS 17:00.                                      .                                                                           636 - TRANSFERENCIA COM FINALIDADE DEFINIDA                                 SOLICITACAO FINANCEIRA: 180973/2026                                         ;Pregão;000900052025
20262150044110011;07/04/2026 00:00:00;562440,00;;;0,00;;;0,00;33903000;MATERIAL DE CONSUMO;04369147000104;SECRETARIA MUNICIPAL DE SAUDE;0,00;SECRETARIA MUNICIPAL DE SAUDE                                                                                                                                                                                                                                ;SAUDE - 10;ASSISTENCIA HOSPITALAR E AMBULATORIAL - 302;EMENDAS PARLAMENTARES INDIVIDUAIS - TRANSFERENCIA ESPECIAL (INCISO II DO ART. 1 EC/105/2019) - ESTADOS - 237;ABA MED SA;COD:344800............3.200CX..............17,20..................55.040,00 COD:239720...........12.800CX..............17,20.................220.160,00 03 (ITEM R47) - LUVA PROCEDIMENTO LATEX NAO ESTERIL MEDIO CX C/100UN        MARCA: SOFT                                                                 COD:239739...........16.700CX..............17,20.................287.240,00 VALOR TOTAL:.....................................................562.440,00 .                                                                           OBS: O FORNECIMENTO DEVERA SER EFETUADO C/ PRAZO NAO SUP. A 15 DIAS         CORRIDOS CONFORME TERMO DE REFERENCIA (9291850) CONTADOS A PARTIR DO        RECEBIMENTO DA NOTA DE EMPENHO,ENTREGA EM PERFEITAS CONDICOES C/A DEVIDA    NOTA FISCAL, DETALHANDO MARCA/FABRICANTE/MODELO/TIPO/PROCEDENCIA. DEMAIS    ESCLARECIMENTOS CONFORME MEMO 97/2026, PARECER 112/2026, PE 90056/2025,     ATA 13/2026, PROCESSO SEI: 26.29.000004871-2 E DOCUMENTOS EM ANEXO.         .                                                                           LOCAL DA ENTREGA:ALMOXARIFADO CENTRAL SMS, AV.PERIMETRAL NORTE COND.GOIA    ZEM, BL.E, GALPOES 09/10, VL.JOAO VAZ, CEP:74.425-090, GO/GO. FONES:62-3    524-3401/3407, HORARIO:08:00 AS 17:00.                                      .                                                                           636 - TRANSFERENCIA COM FINALIDADE DEFINIDA                                 SOLICITACAO FINANCEIRA: 180975/2026                                         02 (ITEM R46) - LUVA PROCEDIMENTO LATEX NAO ESTERIL PEQUENA CX C/100UN      DESPESA COM 2 PEDIDO FILHO - PROCESSO MAE SEI:25.29.000032881-7 - PREGAO ELETRONICO NR 90056/2025 - SRP - ARP NR 013/2026 - ABA MED S.A - CNPJ:04.369.147/0001-04, PARA ABASTECIMENTO DO ALMOXARIFADO CENTRAL DA SECRETARIA MUNICIPAL DE SAUDE DE GOIANIA - EMENDA PARLAMENTAR ESTADUAL NR 959.1/2025, DE AUTORIA DO DEPUTADO ESTADUAL EDUARDO JOSE DO PRADO                                .                                                                           01 (ITEM R45) - LUVA PROCEDIMENTO DESCARTAVEL NAO ESTERELIZADA EXTRA PEQUE  NA CX C/100UN - MARCA: SOFT                                                 ;Pregão;000900562025
20262150044210008;06/04/2026 00:00:00;500000,00;0091342026;08/04/2026 00:00:00;500000,00;202621500442100080001;08/04/2026 00:00:00;0,00;33903900;OUTROS SERVICOS DE TERCEIROS - PESSOA JURIDICA;37678845000140;SECRETARIA MUNICIPAL DE SAUDE;0,00;SECRETARIA MUNICIPAL DE SAUDE                                                                                                                                                                                                                                ;SAUDE - 10;ASSISTENCIA HOSPITALAR E AMBULATORIAL - 302;EMENDAS PARLAMENTARES INDIVIDUAIS - TRANSFERENCIA ESPECIAL (INCISO II DO ART. 1 EC/105/2019) - ESTADOS - 237;INSTITUTO PATRIS;DESPESA COM 1 ADITIVO DO TERMO DE COLABORACAO PARA A GESTAO PARA O GERENCIAMENTO, OPERACIONALIZACAO, EXECUCAO DAS ACOES E SERVICOS DE SAUDE, PARA O PLENO FUNCIONAMENTO DA MATERNIDADE DONA IRIS - HMDI                             HOSPITAL E MATERNIDADE DONA IRIS (HMDI)/1 ADITIVO DO TERMO DE COLABORACAO E MERGENCIAL NR 043/2025, EMENDA PARLAMENTAR - ESTADUAL(237) - NR. 122        GEORGE MORAIS - SCC: 783111-1                                               .                                                                           VALOR TOTAL:....................................................500.000,00  .                                                                           636 - TRANSFERENCIA COM FINALIDADE DEFINIDA                                 SOLICITACAO FINANCEIRA: 181380/2026                                         ;Outros (Convênios, ajustes, similares, etc.);000000012025
20262150044210008;06/04/2026 00:00:00;500000,00;0091342026;08/04/2026 00:00:00;500000,00;202621500442100080002;27/04/2026 00:00:00;500000,00;33903900;OUTROS SERVICOS DE TERCEIROS - PESSOA JURIDICA;37678845000140;SECRETARIA MUNICIPAL DE SAUDE;0,00;SECRETARIA MUNICIPAL DE SAUDE                                                                                                                                                                                                                                ;SAUDE - 10;ASSISTENCIA HOSPITALAR E AMBULATORIAL - 302;EMENDAS PARLAMENTARES INDIVIDUAIS - TRANSFERENCIA ESPECIAL (INCISO II DO ART. 1 EC/105/2019) - ESTADOS - 237;INSTITUTO PATRIS;DESPESA COM 1 ADITIVO DO TERMO DE COLABORACAO PARA A GESTAO PARA O GERENCIAMENTO, OPERACIONALIZACAO, EXECUCAO DAS ACOES E SERVICOS DE SAUDE, PARA O PLENO FUNCIONAMENTO DA MATERNIDADE DONA IRIS - HMDI                             HOSPITAL E MATERNIDADE DONA IRIS (HMDI)/1 ADITIVO DO TERMO DE COLABORACAO E MERGENCIAL NR 043/2025, EMENDA PARLAMENTAR - ESTADUAL(237) - NR. 122        GEORGE MORAIS - SCC: 783111-1                                               .                                                                           VALOR TOTAL:....................................................500.000,00  .                                                                           636 - TRANSFERENCIA COM FINALIDADE DEFINIDA                                 SOLICITACAO FINANCEIRA: 181380/2026                                         ;Outros (Convênios, ajustes, similares, etc.);000000012025
20262150044510009;06/04/2026 00:00:00;750000,00;0091462026;08/04/2026 00:00:00;667759,21;202621500445100090001;08/04/2026 00:00:00;667759,21;33903900;OUTROS SERVICOS DE TERCEIROS - PESSOA JURIDICA;37678845000140;SECRETARIA MUNICIPAL DE SAUDE;0,00;SECRETARIA MUNICIPAL DE SAUDE                                                                                                                                                                                                                                ;SAUDE - 10;ASSISTENCIA HOSPITALAR E AMBULATORIAL - 302;EMENDA PARLAMENTARES DE BANCADA (ART. 1° DA EC Nº 100/2019 E § 12 DO ART. 165 DA CF/88) - 282;INSTITUTO PATRIS;DESPESA COM 1 ADITIVO DO TERMO DE COLABORACAO PARA A GESTAO PARA O GERENCIAMENTO, OPERACIONALIZACAO, EXECUCAO DAS ACOES E SERVICOS DE SAUDE, PARA O PLENO FUNCIONAMENTO DA MATERNIDADE DONA IRIS - HMDI                             HOSPITAL E MATERNIDADE DONA IRIS (HMDI)/1º ADITIVO DO TERMO DE COLABORACAO EMERGENCIAL NR 043/2025, EMENDA PARLAMENTAR BANCADA(71100001)                PORTARIA 8718/25 - SEI: 25.29.000047761-  SCC: 783111-1                     .                                                                           VALOR TOTAL:....................................................750.000,00  .                                                                           636 - TRANSFERENCIA COM FINALIDADE DEFINIDA                                 SOLICITACAO FINANCEIRA: 181379/2026                                         ;Outros (Convênios, ajustes, similares, etc.);000000012025
20262150044510010;07/04/2026 00:00:00;500000,00;0088872026;07/04/2026 00:00:00;500000,00;202621500445100100001;07/04/2026 00:00:00;500000,00;33903900;OUTROS SERVICOS DE TERCEIROS - PESSOA JURIDICA;45349461002903;SECRETARIA MUNICIPAL DE SAUDE;0,00;SECRETARIA MUNICIPAL DE SAUDE                                                                                                                                                                                                                                ;SAUDE - 10;ASSISTENCIA HOSPITALAR E AMBULATORIAL - 302;EMENDA PARLAMENTARES DE BANCADA (ART. 1° DA EC Nº 100/2019 E § 12 DO ART. 165 DA CF/88) - 282;ASSOCIACAO HOSPITALAR BENEFICENTE DO BRASIL;DESPESA COM O II TERMO DE COLABORACAO EMERGENCIAL N. 041/2025 ENTRE A SMS E O HOSPITAL BENEFICENTE SAO JOSE NA GESTAO DO HOSPITAL MATERNIDADE NASCER    CIDACAO, CONFORME O GERENCIAMENTO, OPERACIONALIZACAO E EXECUCAO DAS ACOES   E SERVICOS DE SAUDE EM REGIME DE 24 HS/DIA, ASSEGURANDO A ASSISTENCIA UNI-  VERSAL A POPULACAO.                                                         .                                                                           EMENDA PARLAMENTAR BANCADA(71100001) - PORTARIA 8718/25 - SEI:              25.29.000047761-8                                                           .                                                                           VALOR:..........................................................500.000,00  .                                                                           282 - EMENDA PARLAMENTARES DE BANCADA (ART. 1° DA EC Nº 100/2019 E § 12 DO ART. 165 DA CF/88)                                                           FONTE DETALHADA: 636 - TRANSFERENCIA COM FINALIDADE DEFINIDA                .                                                                           SOLICITACAO FINANCEIRA NR. 181562-2026 - SCC: 783073-2                      ;Outros (Convênios, ajustes, similares, etc.);000000012025
-------------------------------------------;;0;;;0;;;0;;;;;0;;;;;;;;
Total Empenhado;;75575725,31;;;0;;;0;;;;;0;;;;;;;;
Total Liquidado ;;41515050,64;;;0;;;0;;;;;0;;;;;;;;
Total Pago;;40453353,03;;;0;;;0;;;;;0;;;;;;;;
