Empenho;DataEmpenho;VlEmpenhado;Liquidacao;DataLiquidacao;VlLiquidado;OrdemPagamento;DataPagamento;VlPago;NaturezaDespesa;DsNaturezadaDespesa;CNPJ;NmOrgao;VlAnulado;UnidadeOrcamentaria;Funcao;SubFuncao;FonteRecurso;NmFavorecido;Objeto;Modalidade;NumeroLicitacao
20252150000210023;26/11/2025 00:00:00;63150015,39;0298042025;26/11/2025 00:00:00;87637,32;202521500002100230006;26/11/2025 00:00:00;87637,32;31901100;VENCIMENTOS E VANTAGENS FIXAS - PESSOAL CIVIL;60701190000104;SECRETARIA MUNICIPAL DE SAUDE;0,00;SECRETARIA MUNICIPAL DE SAUDE                                                                                                                                                                                                                                ;SAUDE - 10;ADMINISTRACAO GERAL - 122;RECEITAS DE IMPOSTOS E DE TRANSFERENCIAS DE IMPOSTOS - SAUDE - 102;ITAU UNIBANCO S.A.;DESPESA COM PAGAMENTO DA FOLHA DE PESSOAL DA SECRETARIA   MUNICIPAL DE SAUDE(CARGO EFETIVO / RPPS). SEI 25.29.000000934-7.                              .                                                                           VALOR TOTAL:...................................................63.150.015,39.                                                                           FONTE:102-RECEITAS DE IMPOSTOS E DE TRANSFERENCIAS DE IMPOSTOS - SAUDE      FONTE DETALHADA:527-TRANSFERENCIAS DE IMPOSTOS / SAUDE                      SOLICITACAO FINANCEIRA : 175421-2025.                                       ;Não se aplica (Ex.: Despesas com Pessoal);000000000000
20252150000210023;26/11/2025 00:00:00;63150015,39;0298052025;26/11/2025 00:00:00;0,00;;;0,00;31901100;VENCIMENTOS E VANTAGENS FIXAS - PESSOAL CIVIL;60701190000104;SECRETARIA MUNICIPAL DE SAUDE;0,00;SECRETARIA MUNICIPAL DE SAUDE                                                                                                                                                                                                                                ;SAUDE - 10;ADMINISTRACAO GERAL - 122;RECEITAS DE IMPOSTOS E DE TRANSFERENCIAS DE IMPOSTOS - SAUDE - 102;ITAU UNIBANCO S.A.;DESPESA COM PAGAMENTO DA FOLHA DE PESSOAL DA SECRETARIA   MUNICIPAL DE SAUDE(CARGO EFETIVO / RPPS). SEI 25.29.000000934-7.                              .                                                                           VALOR TOTAL:...................................................63.150.015,39.                                                                           FONTE:102-RECEITAS DE IMPOSTOS E DE TRANSFERENCIAS DE IMPOSTOS - SAUDE      FONTE DETALHADA:527-TRANSFERENCIAS DE IMPOSTOS / SAUDE                      SOLICITACAO FINANCEIRA : 175421-2025.                                       ;Não se aplica (Ex.: Despesas com Pessoal);000000000000
20252150000210023;26/11/2025 00:00:00;63150015,39;0298062025;26/11/2025 00:00:00;0,00;202521500002100230005;26/11/2025 00:00:00;0,00;31901100;VENCIMENTOS E VANTAGENS FIXAS - PESSOAL CIVIL;60701190000104;SECRETARIA MUNICIPAL DE SAUDE;0,00;SECRETARIA MUNICIPAL DE SAUDE                                                                                                                                                                                                                                ;SAUDE - 10;ADMINISTRACAO GERAL - 122;RECEITAS DE IMPOSTOS E DE TRANSFERENCIAS DE IMPOSTOS - SAUDE - 102;ITAU UNIBANCO S.A.;DESPESA COM PAGAMENTO DA FOLHA DE PESSOAL DA SECRETARIA   MUNICIPAL DE SAUDE(CARGO EFETIVO / RPPS). SEI 25.29.000000934-7.                              .                                                                           VALOR TOTAL:...................................................63.150.015,39.                                                                           FONTE:102-RECEITAS DE IMPOSTOS E DE TRANSFERENCIAS DE IMPOSTOS - SAUDE      FONTE DETALHADA:527-TRANSFERENCIAS DE IMPOSTOS / SAUDE                      SOLICITACAO FINANCEIRA : 175421-2025.                                       ;Não se aplica (Ex.: Despesas com Pessoal);000000000000
20252150000210023;26/11/2025 00:00:00;63150015,39;0298072025;26/11/2025 00:00:00;8649,50;202521500002100230004;26/11/2025 00:00:00;8649,50;31901100;VENCIMENTOS E VANTAGENS FIXAS - PESSOAL CIVIL;60701190000104;SECRETARIA MUNICIPAL DE SAUDE;0,00;SECRETARIA MUNICIPAL DE SAUDE                                                                                                                                                                                                                                ;SAUDE - 10;ADMINISTRACAO GERAL - 122;RECEITAS DE IMPOSTOS E DE TRANSFERENCIAS DE IMPOSTOS - SAUDE - 102;ITAU UNIBANCO S.A.;DESPESA COM PAGAMENTO DA FOLHA DE PESSOAL DA SECRETARIA   MUNICIPAL DE SAUDE(CARGO EFETIVO / RPPS). SEI 25.29.000000934-7.                              .                                                                           VALOR TOTAL:...................................................63.150.015,39.                                                                           FONTE:102-RECEITAS DE IMPOSTOS E DE TRANSFERENCIAS DE IMPOSTOS - SAUDE      FONTE DETALHADA:527-TRANSFERENCIAS DE IMPOSTOS / SAUDE                      SOLICITACAO FINANCEIRA : 175421-2025.                                       ;Não se aplica (Ex.: Despesas com Pessoal);000000000000
20252150000210023;26/11/2025 00:00:00;63150015,39;0298102025;26/11/2025 00:00:00;1051548,01;202521500002100230003;26/11/2025 00:00:00;1051548,01;31901100;VENCIMENTOS E VANTAGENS FIXAS - PESSOAL CIVIL;60701190000104;SECRETARIA MUNICIPAL DE SAUDE;0,00;SECRETARIA MUNICIPAL DE SAUDE                                                                                                                                                                                                                                ;SAUDE - 10;ADMINISTRACAO GERAL - 122;RECEITAS DE IMPOSTOS E DE TRANSFERENCIAS DE IMPOSTOS - SAUDE - 102;ITAU UNIBANCO S.A.;DESPESA COM PAGAMENTO DA FOLHA DE PESSOAL DA SECRETARIA   MUNICIPAL DE SAUDE(CARGO EFETIVO / RPPS). SEI 25.29.000000934-7.                              .                                                                           VALOR TOTAL:...................................................63.150.015,39.                                                                           FONTE:102-RECEITAS DE IMPOSTOS E DE TRANSFERENCIAS DE IMPOSTOS - SAUDE      FONTE DETALHADA:527-TRANSFERENCIAS DE IMPOSTOS / SAUDE                      SOLICITACAO FINANCEIRA : 175421-2025.                                       ;Não se aplica (Ex.: Despesas com Pessoal);000000000000
20252150000210023;26/11/2025 00:00:00;63150015,39;0298112025;26/11/2025 00:00:00;36570693,38;202521500002100230002;26/11/2025 00:00:00;36570693,38;31901100;VENCIMENTOS E VANTAGENS FIXAS - PESSOAL CIVIL;60701190000104;SECRETARIA MUNICIPAL DE SAUDE;0,00;SECRETARIA MUNICIPAL DE SAUDE                                                                                                                                                                                                                                ;SAUDE - 10;ADMINISTRACAO GERAL - 122;RECEITAS DE IMPOSTOS E DE TRANSFERENCIAS DE IMPOSTOS - SAUDE - 102;ITAU UNIBANCO S.A.;DESPESA COM PAGAMENTO DA FOLHA DE PESSOAL DA SECRETARIA   MUNICIPAL DE SAUDE(CARGO EFETIVO / RPPS). SEI 25.29.000000934-7.                              .                                                                           VALOR TOTAL:...................................................63.150.015,39.                                                                           FONTE:102-RECEITAS DE IMPOSTOS E DE TRANSFERENCIAS DE IMPOSTOS - SAUDE      FONTE DETALHADA:527-TRANSFERENCIAS DE IMPOSTOS / SAUDE                      SOLICITACAO FINANCEIRA : 175421-2025.                                       ;Não se aplica (Ex.: Despesas com Pessoal);000000000000
20252150000210023;26/11/2025 00:00:00;63150015,39;0298132025;26/11/2025 00:00:00;0,00;202521500002100230001;26/11/2025 00:00:00;0,00;31901100;VENCIMENTOS E VANTAGENS FIXAS - PESSOAL CIVIL;60701190000104;SECRETARIA MUNICIPAL DE SAUDE;0,00;SECRETARIA MUNICIPAL DE SAUDE                                                                                                                                                                                                                                ;SAUDE - 10;ADMINISTRACAO GERAL - 122;RECEITAS DE IMPOSTOS E DE TRANSFERENCIAS DE IMPOSTOS - SAUDE - 102;ITAU UNIBANCO S.A.;DESPESA COM PAGAMENTO DA FOLHA DE PESSOAL DA SECRETARIA   MUNICIPAL DE SAUDE(CARGO EFETIVO / RPPS). SEI 25.29.000000934-7.                              .                                                                           VALOR TOTAL:...................................................63.150.015,39.                                                                           FONTE:102-RECEITAS DE IMPOSTOS E DE TRANSFERENCIAS DE IMPOSTOS - SAUDE      FONTE DETALHADA:527-TRANSFERENCIAS DE IMPOSTOS / SAUDE                      SOLICITACAO FINANCEIRA : 175421-2025.                                       ;Não se aplica (Ex.: Despesas com Pessoal);000000000000
20252150000210023;26/11/2025 00:00:00;63150015,39;0298712025;26/11/2025 00:00:00;21803093,37;202521500002100230007;26/11/2025 00:00:00;21803093,37;31901100;VENCIMENTOS E VANTAGENS FIXAS - PESSOAL CIVIL;60701190000104;SECRETARIA MUNICIPAL DE SAUDE;0,00;SECRETARIA MUNICIPAL DE SAUDE                                                                                                                                                                                                                                ;SAUDE - 10;ADMINISTRACAO GERAL - 122;RECEITAS DE IMPOSTOS E DE TRANSFERENCIAS DE IMPOSTOS - SAUDE - 102;ITAU UNIBANCO S.A.;DESPESA COM PAGAMENTO DA FOLHA DE PESSOAL DA SECRETARIA   MUNICIPAL DE SAUDE(CARGO EFETIVO / RPPS). SEI 25.29.000000934-7.                              .                                                                           VALOR TOTAL:...................................................63.150.015,39.                                                                           FONTE:102-RECEITAS DE IMPOSTOS E DE TRANSFERENCIAS DE IMPOSTOS - SAUDE      FONTE DETALHADA:527-TRANSFERENCIAS DE IMPOSTOS / SAUDE                      SOLICITACAO FINANCEIRA : 175421-2025.                                       ;Não se aplica (Ex.: Despesas com Pessoal);000000000000
20252150000210023;26/11/2025 00:00:00;63150015,39;0298772025;26/11/2025 00:00:00;3628393,81;202521500002100230008;26/11/2025 00:00:00;3628393,81;31901100;VENCIMENTOS E VANTAGENS FIXAS - PESSOAL CIVIL;60701190000104;SECRETARIA MUNICIPAL DE SAUDE;0,00;SECRETARIA MUNICIPAL DE SAUDE                                                                                                                                                                                                                                ;SAUDE - 10;ADMINISTRACAO GERAL - 122;RECEITAS DE IMPOSTOS E DE TRANSFERENCIAS DE IMPOSTOS - SAUDE - 102;ITAU UNIBANCO S.A.;DESPESA COM PAGAMENTO DA FOLHA DE PESSOAL DA SECRETARIA   MUNICIPAL DE SAUDE(CARGO EFETIVO / RPPS). SEI 25.29.000000934-7.                              .                                                                           VALOR TOTAL:...................................................63.150.015,39.                                                                           FONTE:102-RECEITAS DE IMPOSTOS E DE TRANSFERENCIAS DE IMPOSTOS - SAUDE      FONTE DETALHADA:527-TRANSFERENCIAS DE IMPOSTOS / SAUDE                      SOLICITACAO FINANCEIRA : 175421-2025.                                       ;Não se aplica (Ex.: Despesas com Pessoal);000000000000
20252150000410024;27/11/2025 00:00:00;2178892,96;0299372025;27/11/2025 00:00:00;2178892,96;202521500004100240001;27/11/2025 00:00:00;2178892,96;31901300;OBRIGACOES PATRONAIS;29979036006424;SECRETARIA MUNICIPAL DE SAUDE;0,00;SECRETARIA MUNICIPAL DE SAUDE                                                                                                                                                                                                                                ;SAUDE - 10;ADMINISTRACAO GERAL - 122;RECEITAS DE IMPOSTOS E DE TRANSFERENCIAS DE IMPOSTOS - SAUDE - 102;INSTITUTO NACIONAL DO SEGURO SOCIAL - INSS;DESPESA COM A FOLHA DE PESSOAL DA SECRETARIA MUNICIPAL DE SAUDE REFERENTE AOPAGAMENTO DO INSS (PATRONAL) DOS PROFISSIONAIS CREDENCIADOS.                OBS:VALOR RELATIVO AO MES DE OUTUBRO/2025.                                  SEI:25.27.0000081469.                                                       .                                                                           .                                                                           VALOR TOTAL:....................................................2.178.892,96.                                                                           527 - TRANSFERENCIA DE IMPOSTOS/SAUDE - SOLICITACAO FINANCEIRA:175464-2025. ;Não se aplica (Ex.: Despesas com Pessoal);000000000000
20252150000430023;07/11/2025 00:00:00;7553,05;0276352025;12/11/2025 00:00:00;5718,09;202521500004300230001;24/11/2025 00:00:00;5718,09;31901300;OBRIGACOES PATRONAIS;04927847000177;SECRETARIA MUNICIPAL DE SAUDE;1834,96;SECRETARIA MUNICIPAL DE SAUDE                                                                                                                                                                                                                                ;SAUDE - 10;ADMINISTRACAO GERAL - 122;RECEITAS DE IMPOSTOS E DE TRANSFERENCIAS DE IMPOSTOS - SAUDE - 102;FUNDO DE PREVIDENCIA SOCIAL DO MUNICIPIO DE SENADOR CANEDO;DESPESA REF. AO REPASSE PREVIDENCIARIO(PARTE PATRONAL)DO SERVIDOR FLAVIO TO-LEDO DE ALMEIDA DO MUNICIPIO DE SENADOR CANEDO A GOIANIA C/ CESSAO A ESTA SECRETARIA. SEI 25.29.000009812-9.OBS:VALORES RELATIVOS AO PERIODO DE MAIO/25 A DEZEMBRO/2025 CONFORME DESPACHO 2463/2025-GERFOL(8498933), SOLICITACAO FI-NANCEIRA:174802-2025/FUNDO DE PREVIDENCIA SOCIAL DO MUNICIPIO DE SENADOR CA-NEDO.                                                                       .                                                                           VALOR PARA NOV/2025.................................................6.635,58VALOR PARA DEZ/2025...................................................917,47VALOR TOTAL:........................................................7.553,05.                                                                           FONTE:102 - RECEITAS DE IMPOSTOS E DE TRANSFERENCIAS DE IMPOSTOS - SAUDE    FONTE DETALHADA:527 - TRANSFERENCIAS DE IMPOSTOS/SAUDE                      FONTE/CO STN:1500 1002-   IDENTIFICACAO DAS DESPESAS COM ACOES E SERVICOS DESAUDE                                                                       ;Não se aplica (Ex.: Despesas com Pessoal);000000000000
20252150000710010;19/11/2025 00:00:00;29149,84;0296442025;25/11/2025 00:00:00;29149,84;202521500007100100001;27/11/2025 00:00:00;29149,84;31909200;DESPESAS DE EXERCICIOS ANTERIORES;04949802000101;SECRETARIA MUNICIPAL DE SAUDE;0,00;SECRETARIA MUNICIPAL DE SAUDE                                                                                                                                                                                                                                ;SAUDE - 10;ADMINISTRACAO GERAL - 122;RECEITAS DE IMPOSTOS E DE TRANSFERENCIAS DE IMPOSTOS - SAUDE - 102;INSTITUTO DE PREVIDENCIA SOCIAL DO MUNICIPIO DE VIANOPOLIS;SOLICITACAO FINANCEIRA 175175 - 2025 - SEI 25.29.000040697-4.               DESPESA REFERENTE AO REPASSE PREVIDENCIARIO(PARTE PATRONAL)DA SERVIDORA EMI-LIA MARTINS DE CARVALHO DO MUNICÍPIO DE VIANÓPOLIS A GOIÂNIA COM CESSAO A ESTA SECRETARIA - CNPJ 04949802/0001-01.                                      OBS:VALORES RELATIVOS AO PERÍODO DE 06/2023 A 12/2024 CONFORME DESPACHO Nº 2.                                                                           VALOR TOTAL:.......................................................29.149,84.                                                                           FONTE 102 - RECEITAS DE IMPOSTOS E DE TRANSFERENCIAS DE IMPOSTOS - SAUDE    FONTE DETALHADA 527 - TRANSFERENCIAS DE IMPOSTOS/SAUDE                      .                                                                           530/2025-GERFOL (8574788).                                                  ;Não se aplica (Ex.: Despesas com Pessoal);000000000000
20252150001110015;26/11/2025 00:00:00;1674731,43;0298382025;26/11/2025 00:00:00;1520079,93;202521500011100150001;26/11/2025 00:00:00;1520079,93;31911300;OBRIGACOES PATRONAIS;31710983000183;SECRETARIA MUNICIPAL DE SAUDE;0,00;SECRETARIA MUNICIPAL DE SAUDE                                                                                                                                                                                                                                ;SAUDE - 10;ADMINISTRACAO GERAL - 122;RECEITAS DE IMPOSTOS E DE TRANSFERENCIAS DE IMPOSTOS - SAUDE - 102;FUNDO FINANCEIRO DO MUNICIPIO DE GOIANIA - FUNFIN;DESPESA COM PAGAMENTO DA FOLHA DE PESSOAL DA SECRETARIA MUNICIPAL DE SAUDE -CONTRIBUICAO PATRONAL E 13°SALARIO (FUNDO FINANCEIRO DO MUNICIPIO DE GOIANIA/FUNFIN), SEI 25270000079332.                                               OBS: VALOR RELATIVO AO MES DE OUTUBRO/2025.                                 .                                                                           VALOR TOTAL:....................................................1.674.731,43.                                                                           FONTE 102-RECEITAS DE IMPOSTOS E DE TRANSFERENCIAS DE IMPOSTOS - SAUDE      FONTE DETALHADA:527-TRANSFERENCIAS DE IMPOSTOS / SAUDE                      SOLICITACAO FINANCEIRA : 175422-2025.                                       ;Não se aplica (Ex.: Despesas com Pessoal);000000000000
20252150001110015;26/11/2025 00:00:00;1674731,43;0298402025;26/11/2025 00:00:00;154651,50;202521500011100150002;26/11/2025 00:00:00;154651,50;31911300;OBRIGACOES PATRONAIS;31710983000183;SECRETARIA MUNICIPAL DE SAUDE;0,00;SECRETARIA MUNICIPAL DE SAUDE                                                                                                                                                                                                                                ;SAUDE - 10;ADMINISTRACAO GERAL - 122;RECEITAS DE IMPOSTOS E DE TRANSFERENCIAS DE IMPOSTOS - SAUDE - 102;FUNDO FINANCEIRO DO MUNICIPIO DE GOIANIA - FUNFIN;DESPESA COM PAGAMENTO DA FOLHA DE PESSOAL DA SECRETARIA MUNICIPAL DE SAUDE -CONTRIBUICAO PATRONAL E 13°SALARIO (FUNDO FINANCEIRO DO MUNICIPIO DE GOIANIA/FUNFIN), SEI 25270000079332.                                               OBS: VALOR RELATIVO AO MES DE OUTUBRO/2025.                                 .                                                                           VALOR TOTAL:....................................................1.674.731,43.                                                                           FONTE 102-RECEITAS DE IMPOSTOS E DE TRANSFERENCIAS DE IMPOSTOS - SAUDE      FONTE DETALHADA:527-TRANSFERENCIAS DE IMPOSTOS / SAUDE                      SOLICITACAO FINANCEIRA : 175422-2025.                                       ;Não se aplica (Ex.: Despesas com Pessoal);000000000000
20252150001110016;26/11/2025 00:00:00;8331763,34;0298412025;26/11/2025 00:00:00;7647256,05;202521500011100160002;26/11/2025 00:00:00;7647256,05;31911300;OBRIGACOES PATRONAIS;31711157000159;SECRETARIA MUNICIPAL DE SAUDE;0,00;SECRETARIA MUNICIPAL DE SAUDE                                                                                                                                                                                                                                ;SAUDE - 10;ADMINISTRACAO GERAL - 122;RECEITAS DE IMPOSTOS E DE TRANSFERENCIAS DE IMPOSTOS - SAUDE - 102;FUNDO PREVIDENCIARIO DO MUNICIPIO DE GOIANIA - FUNPREV;DESPESA COM PAGAMENTO DA FOLHA DE PESSOAL DA SECRETARIA MUNICIPAL DE SAUDE -CONTRIBUICAO PATRONAL E 13°SALARIO(FUNDO PREVIDENCIARIO DO MUNICIPIO DE GOIANIA/FUNPREV). SEI 25270000079332.                                           OBS:VALOR RELATIVO AO MES DE OUTUBRO/2025.                                  .                                                                           VALOR TOTAL:....................................................8.331.763,34.                                                                           FONTE 102-RECEITAS DE IMPOSTOS E DE TRANSFERENCIAS DE IMPOSTOS - SAUDE      FONTE DETALHADA:527-TRANSFERENCIAS DE IMPOSTOS / SAUDE                      SOLICITACAO FINANCEIRA : 175423-2025.                                       ;Não se aplica (Ex.: Despesas com Pessoal);000000000000
20252150001110016;26/11/2025 00:00:00;8331763,34;0298422025;26/11/2025 00:00:00;684507,29;202521500011100160001;26/11/2025 00:00:00;684507,29;31911300;OBRIGACOES PATRONAIS;31711157000159;SECRETARIA MUNICIPAL DE SAUDE;0,00;SECRETARIA MUNICIPAL DE SAUDE                                                                                                                                                                                                                                ;SAUDE - 10;ADMINISTRACAO GERAL - 122;RECEITAS DE IMPOSTOS E DE TRANSFERENCIAS DE IMPOSTOS - SAUDE - 102;FUNDO PREVIDENCIARIO DO MUNICIPIO DE GOIANIA - FUNPREV;DESPESA COM PAGAMENTO DA FOLHA DE PESSOAL DA SECRETARIA MUNICIPAL DE SAUDE -CONTRIBUICAO PATRONAL E 13°SALARIO(FUNDO PREVIDENCIARIO DO MUNICIPIO DE GOIANIA/FUNPREV). SEI 25270000079332.                                           OBS:VALOR RELATIVO AO MES DE OUTUBRO/2025.                                  .                                                                           VALOR TOTAL:....................................................8.331.763,34.                                                                           FONTE 102-RECEITAS DE IMPOSTOS E DE TRANSFERENCIAS DE IMPOSTOS - SAUDE      FONTE DETALHADA:527-TRANSFERENCIAS DE IMPOSTOS / SAUDE                      SOLICITACAO FINANCEIRA : 175423-2025.                                       ;Não se aplica (Ex.: Despesas com Pessoal);000000000000
20252150001710010;27/11/2025 00:00:00;11152807,24;0308102025;03/12/2025 00:00:00;11102807,24;202521500017100100001;03/12/2025 00:00:00;2774954,36;33903400;TERCEIRIZACAO DE MAO DE OBRA.;60701190000104;SECRETARIA MUNICIPAL DE SAUDE;50000,00;SECRETARIA MUNICIPAL DE SAUDE                                                                                                                                                                                                                                ;SAUDE - 10;ADMINISTRACAO GERAL - 122;RECEITAS DE IMPOSTOS E DE TRANSFERENCIAS DE IMPOSTOS - SAUDE - 102;ITAU UNIBANCO S.A.;DESPESA COM A FOLHA DE PESSOAL DA SECRETARIA MUNICIPAL DE SAUEE REFERENTE AOPAGAMENTO DOS MEDICOS CREDENCIADOS QUE PRESTAM SERVICOS NAS UNIDADES DE SAU-DE DA SMS - SCC:771555 - SEI:25.29.000000391-8                              OBS.: VALORES RELATIVOS AO MES DE NOVEMBRO/2025.                            .                                                                           VALOR TOTAL:...................................................11.152.807,24.                                                                           527 - TRANSFERENCIAS DE IMPOSTOS / SAUDE                                    SOLICITACAO FINANCEIRA:175463/2025                                          ;Inexigibilidade de Licitação;000000012022
20252150001710010;27/11/2025 00:00:00;11152807,24;0308102025;03/12/2025 00:00:00;11102807,24;202521500017100100002;03/12/2025 00:00:00;1705515,89;33903400;TERCEIRIZACAO DE MAO DE OBRA.;60701190000104;SECRETARIA MUNICIPAL DE SAUDE;50000,00;SECRETARIA MUNICIPAL DE SAUDE                                                                                                                                                                                                                                ;SAUDE - 10;ADMINISTRACAO GERAL - 122;RECEITAS DE IMPOSTOS E DE TRANSFERENCIAS DE IMPOSTOS - SAUDE - 102;ITAU UNIBANCO S.A.;DESPESA COM A FOLHA DE PESSOAL DA SECRETARIA MUNICIPAL DE SAUEE REFERENTE AOPAGAMENTO DOS MEDICOS CREDENCIADOS QUE PRESTAM SERVICOS NAS UNIDADES DE SAU-DE DA SMS - SCC:771555 - SEI:25.29.000000391-8                              OBS.: VALORES RELATIVOS AO MES DE NOVEMBRO/2025.                            .                                                                           VALOR TOTAL:...................................................11.152.807,24.                                                                           527 - TRANSFERENCIAS DE IMPOSTOS / SAUDE                                    SOLICITACAO FINANCEIRA:175463/2025                                          ;Inexigibilidade de Licitação;000000012022
20252150001710010;27/11/2025 00:00:00;11152807,24;0308102025;03/12/2025 00:00:00;11102807,24;202521500017100100003;03/12/2025 00:00:00;1897679,37;33903400;TERCEIRIZACAO DE MAO DE OBRA.;60701190000104;SECRETARIA MUNICIPAL DE SAUDE;50000,00;SECRETARIA MUNICIPAL DE SAUDE                                                                                                                                                                                                                                ;SAUDE - 10;ADMINISTRACAO GERAL - 122;RECEITAS DE IMPOSTOS E DE TRANSFERENCIAS DE IMPOSTOS - SAUDE - 102;ITAU UNIBANCO S.A.;DESPESA COM A FOLHA DE PESSOAL DA SECRETARIA MUNICIPAL DE SAUEE REFERENTE AOPAGAMENTO DOS MEDICOS CREDENCIADOS QUE PRESTAM SERVICOS NAS UNIDADES DE SAU-DE DA SMS - SCC:771555 - SEI:25.29.000000391-8                              OBS.: VALORES RELATIVOS AO MES DE NOVEMBRO/2025.                            .                                                                           VALOR TOTAL:...................................................11.152.807,24.                                                                           527 - TRANSFERENCIAS DE IMPOSTOS / SAUDE                                    SOLICITACAO FINANCEIRA:175463/2025                                          ;Inexigibilidade de Licitação;000000012022
20252150001710010;27/11/2025 00:00:00;11152807,24;0308102025;03/12/2025 00:00:00;11102807,24;202521500017100100004;03/12/2025 00:00:00;1884609,44;33903400;TERCEIRIZACAO DE MAO DE OBRA.;60701190000104;SECRETARIA MUNICIPAL DE SAUDE;50000,00;SECRETARIA MUNICIPAL DE SAUDE                                                                                                                                                                                                                                ;SAUDE - 10;ADMINISTRACAO GERAL - 122;RECEITAS DE IMPOSTOS E DE TRANSFERENCIAS DE IMPOSTOS - SAUDE - 102;ITAU UNIBANCO S.A.;DESPESA COM A FOLHA DE PESSOAL DA SECRETARIA MUNICIPAL DE SAUEE REFERENTE AOPAGAMENTO DOS MEDICOS CREDENCIADOS QUE PRESTAM SERVICOS NAS UNIDADES DE SAU-DE DA SMS - SCC:771555 - SEI:25.29.000000391-8                              OBS.: VALORES RELATIVOS AO MES DE NOVEMBRO/2025.                            .                                                                           VALOR TOTAL:...................................................11.152.807,24.                                                                           527 - TRANSFERENCIAS DE IMPOSTOS / SAUDE                                    SOLICITACAO FINANCEIRA:175463/2025                                          ;Inexigibilidade de Licitação;000000012022
20252150001710010;27/11/2025 00:00:00;11152807,24;0308102025;03/12/2025 00:00:00;11102807,24;202521500017100100005;03/12/2025 00:00:00;1476397,74;33903400;TERCEIRIZACAO DE MAO DE OBRA.;60701190000104;SECRETARIA MUNICIPAL DE SAUDE;50000,00;SECRETARIA MUNICIPAL DE SAUDE                                                                                                                                                                                                                                ;SAUDE - 10;ADMINISTRACAO GERAL - 122;RECEITAS DE IMPOSTOS E DE TRANSFERENCIAS DE IMPOSTOS - SAUDE - 102;ITAU UNIBANCO S.A.;DESPESA COM A FOLHA DE PESSOAL DA SECRETARIA MUNICIPAL DE SAUEE REFERENTE AOPAGAMENTO DOS MEDICOS CREDENCIADOS QUE PRESTAM SERVICOS NAS UNIDADES DE SAU-DE DA SMS - SCC:771555 - SEI:25.29.000000391-8                              OBS.: VALORES RELATIVOS AO MES DE NOVEMBRO/2025.                            .                                                                           VALOR TOTAL:...................................................11.152.807,24.                                                                           527 - TRANSFERENCIAS DE IMPOSTOS / SAUDE                                    SOLICITACAO FINANCEIRA:175463/2025                                          ;Inexigibilidade de Licitação;000000012022
20252150001710010;27/11/2025 00:00:00;11152807,24;0308102025;03/12/2025 00:00:00;11102807,24;202521500017100100006;03/12/2025 00:00:00;1363650,44;33903400;TERCEIRIZACAO DE MAO DE OBRA.;60701190000104;SECRETARIA MUNICIPAL DE SAUDE;50000,00;SECRETARIA MUNICIPAL DE SAUDE                                                                                                                                                                                                                                ;SAUDE - 10;ADMINISTRACAO GERAL - 122;RECEITAS DE IMPOSTOS E DE TRANSFERENCIAS DE IMPOSTOS - SAUDE - 102;ITAU UNIBANCO S.A.;DESPESA COM A FOLHA DE PESSOAL DA SECRETARIA MUNICIPAL DE SAUEE REFERENTE AOPAGAMENTO DOS MEDICOS CREDENCIADOS QUE PRESTAM SERVICOS NAS UNIDADES DE SAU-DE DA SMS - SCC:771555 - SEI:25.29.000000391-8                              OBS.: VALORES RELATIVOS AO MES DE NOVEMBRO/2025.                            .                                                                           VALOR TOTAL:...................................................11.152.807,24.                                                                           527 - TRANSFERENCIAS DE IMPOSTOS / SAUDE                                    SOLICITACAO FINANCEIRA:175463/2025                                          ;Inexigibilidade de Licitação;000000012022
20252150002010368;14/11/2025 00:00:00;12318,20;;;0,00;;;0,00;33904800;OUTROS AUXILIOS FINANCEIROS A PESSOAS FISICAS;00001653012102;SECRETARIA MUNICIPAL DE SAUDE;12318,20;SECRETARIA MUNICIPAL DE SAUDE                                                                                                                                                                                                                                ;SAUDE - 10;ADMINISTRACAO GERAL - 122;RECEITAS DE IMPOSTOS E DE TRANSFERENCIAS DE IMPOSTOS - SAUDE - 102;BRUNNA LUIZA DE AVILA;016.530.121-02 / BANCO: ITAU(341) - AGÊNCIA:4389 - CONTA:20968-7.           .                                                                           SEI 25.5.000060455-0  -  SOLICITACAO FINANCEIRA: 175149 - 2025.             .                                                                           VALOR TOTAL:.......................................................12.318,20.                                                                           102 - RECEITAS DE IMPOSTOS E DE TRANSFERENCIAS DE IMPOSTOS - SAUDE          527 - TRANSFERENCIAS DE IMPOSTOS/SAUDE                                      DESPESA C/ PAGAMENTO DE AUXILIO MORADIA PARA A PROFISSIONAL MEDICA BRUNA LUIZA DE AVILA PARTICIPANTE DO PROGRAMA DE RESIDENCIA MEDICA NA SECRETARIA MUNICIPAL DE SAUDE DE GOIANIA.OBS.: VALORES REFERENTES AO PERIODO MARCO A DEZ/2025 -CONF.INFORMADO NA PLANILHA EMITIDA PELA EMSP/SMS DESPACHO Nº54/25 - CPF:;Não se aplica (Ex.: Despesas com Pessoal);000000000000
20252150002510005;05/11/2025 00:00:00;1160228,66;0272802025;06/11/2025 00:00:00;1160228,66;202521500025100050001;11/11/2025 00:00:00;1160228,66;33910800;OUTROS BENEFICIOS ASSISTENCIAIS;02371916000183;SECRETARIA MUNICIPAL DE SAUDE;0,00;SECRETARIA MUNICIPAL DE SAUDE                                                                                                                                                                                                                                ;SAUDE - 10;ADMINISTRACAO GERAL - 122;RECEITAS DE IMPOSTOS E DE TRANSFERENCIAS DE IMPOSTOS - SAUDE - 102;INSTITUTO DE ASSIST. A SAUDE E SOCIAL DOS SERVID. MUNICIP. D;DESPESA COM PAGAMENTO DA FOLHA DE PESSOAL DA SECRETARIA MUNICIPAL DE SAUDE  (CONTRIBUICAO DO IMAS), VALOR RELATIVO AO MES DE OUTUBRO/2025               SEI:25.27.000007764-0                                                       .                                                                           VALOR TOTAL:....................................................1.160.228,66.                                                                           527 - TRANSFERENCIAS DE IMPOSTOS/SAUDE - SOLICITACAO FINANCEIRA:174730/2025 ;Não se aplica (Ex.: Despesas com Pessoal);000000000000
20252150004630006;07/11/2025 00:00:00;5489088,00;0293682025;24/11/2025 00:00:00;2744544,00;202521500046300060001;24/11/2025 00:00:00;2744544,00;31901100;VENCIMENTOS E VANTAGENS FIXAS - PESSOAL CIVIL;60701190000104;SECRETARIA MUNICIPAL DE SAUDE;0,00;SECRETARIA MUNICIPAL DE SAUDE                                                                                                                                                                                                                                ;SAUDE - 10;ATENCAO BASICA - 301;TRANSFERENCIAS PROVENIENTES DO GOVERNO FEDERAL DESTINADAS AO VENCIMENTO DOS AGENTES COMUNITARIOS DE SAUDE E DOS AGENTES DE COMBATE AS ENDEMIAS - 195;ITAU UNIBANCO S.A.;DESPESA COM PAGAMENTO DA FOLHA DE PESSOAL DA SECRETARIA MUNICIPAL DE SAUDE -CARGO EFETIVO VINCULADO AO RPPS / AGENTE COMUNITARIO DE SAUDE - ESTIMADO PARA O MES DE NOVEMBRO E DEZEMBRO/2025 - SEI:25.29.000000942-8                 .                                                                           VALOR EMPENHADO DE 11/2025 E 12/2025 COM MENSAIS DE:.........2.744.544,00   VALOR TOTAL:.................................................5.489.088,00   .                                                                           91 - TRANSFERENCIAS PROVENIENTES DO GOVERNO FEDERAL DESTINA DAS AO VENCIMENTO DOS AGENTES COMUNITARIOS DE SAUDE - SOLICITACAO FINANCEIRA:174789/2025    ;Não se aplica (Ex.: Despesas com Pessoal);000000000000
20252150004630006;07/11/2025 00:00:00;5489088,00;0328042025;19/12/2025 00:00:00;2744544,00;202521500046300060002;19/12/2025 00:00:00;2744544,00;31901100;VENCIMENTOS E VANTAGENS FIXAS - PESSOAL CIVIL;60701190000104;SECRETARIA MUNICIPAL DE SAUDE;0,00;SECRETARIA MUNICIPAL DE SAUDE                                                                                                                                                                                                                                ;SAUDE - 10;ATENCAO BASICA - 301;TRANSFERENCIAS PROVENIENTES DO GOVERNO FEDERAL DESTINADAS AO VENCIMENTO DOS AGENTES COMUNITARIOS DE SAUDE E DOS AGENTES DE COMBATE AS ENDEMIAS - 195;ITAU UNIBANCO S.A.;DESPESA COM PAGAMENTO DA FOLHA DE PESSOAL DA SECRETARIA MUNICIPAL DE SAUDE -CARGO EFETIVO VINCULADO AO RPPS / AGENTE COMUNITARIO DE SAUDE - ESTIMADO PARA O MES DE NOVEMBRO E DEZEMBRO/2025 - SEI:25.29.000000942-8                 .                                                                           VALOR EMPENHADO DE 11/2025 E 12/2025 COM MENSAIS DE:.........2.744.544,00   VALOR TOTAL:.................................................5.489.088,00   .                                                                           91 - TRANSFERENCIAS PROVENIENTES DO GOVERNO FEDERAL DESTINA DAS AO VENCIMENTO DOS AGENTES COMUNITARIOS DE SAUDE - SOLICITACAO FINANCEIRA:174789/2025    ;Não se aplica (Ex.: Despesas com Pessoal);000000000000
20252150004710007;24/11/2025 00:00:00;781932,35;0299382025;27/11/2025 00:00:00;781932,35;202521500047100070001;27/11/2025 00:00:00;781932,35;31901300;OBRIGACOES PATRONAIS;29979036006424;SECRETARIA MUNICIPAL DE SAUDE;0,00;SECRETARIA MUNICIPAL DE SAUDE                                                                                                                                                                                                                                ;SAUDE - 10;ATENCAO BASICA - 301;TRANSFERENCIA DE RECURSOS DO SISTEMA UNICO DE SAUDE - SUS - BLOCO DE MANUTENCAO DAS ACOES E SERVICOS PUBLICOS DE SAUDE - 107;INSTITUTO NACIONAL DO SEGURO SOCIAL - INSS;DESPESA COM A FOLHA DE PESSOAL DA SECRETARIA MUNICIPAL DE SAUDE REFERENTE AOPAGAMENTO DO INSS (PATRONAL) DOS PROFISSIONAIS CREDENCIADOS VALOR RELATIVO AO MES DE OUTUBRO/2025. SEI 25.27.000008146-9. SOLICITACAO FINACEIRA: 175273 - 2025.                                                                     .                                                                           VALOR TOTAL:......................................................781.932,35.                                                                           8 - TRANSFERENCIA DE RECURSOS DO SUS - ATENCAO PRIMARIA                     ;Não se aplica (Ex.: Despesas com Pessoal);000000000000
20252150006710230;12/11/2025 00:00:00;17316,50;;;0,00;;;0,00;33903000;MATERIAL DE CONSUMO;26457348000104;SECRETARIA MUNICIPAL DE SAUDE;17316,50;SECRETARIA MUNICIPAL DE SAUDE                                                                                                                                                                                                                                ;SAUDE - 10;ATENCAO BASICA - 301;TRANSFERENCIA DE RECURSOS DO SISTEMA UNICO DE SAUDE - SUS - BLOCO DE MANUTENCAO DAS ACOES E SERVICOS PUBLICOS DE SAUDE - 107;C. A HOSPITALAR EIRELI;02 (ITEM R37) - ETOMIDATO 2MG INJETAVEL FR C/10ML - MARCA: BLAU             COD:400220..............650FR..............11,29...................7.338,50 03 (ITEM R59) - METOPROLOL TARTARATO 1MG/ML INJETAVEL FR C/5ML              MARCA: HALEX ISTAR                                                          COD:529869..............500FR..............15,82...................7.910,00 VALOR TOTAL:......................................................17.316,50 .                                                                           OBS: O FORNECIMENTO DEVERA SER EFETUADO C/ PRAZO NAO SUP. A 20 DIAS         CORRIDOS CONFORME TERMO DE REFERENCIA (8461087) CONTADOS A PARTIR DO        RECEBIMENTO DA NOTA DE EMPENHO,ENTREGA EM PERFEITAS CONDICOES C/A DEVIDA    NOTA FISCAL, DETALHANDO MARCA/FABRICANTE/MODELO/TIPO/PROCEDENCIA. DEMAIS    ESCLARECIMENTOS CONFORME MEMO 245/2025, PARECER 324/2025, PE 90001/2025,    AQUISICAO DE MEDICAMENTOS PARA ABASTECIMENTO DAS UNIDADES DA SMS - 2º PEDIDOFILHO PREGAO ELETRONICO Nº 90001/2025 - ATA REGISTRO DE PRECO Nº 047/2025   MEMORANDO 245 GEREMO - PARECER 324 GERPSR - DESPACHO 773 PRECEL - AQUISICAO 06 MESES - ITEM 01, 02 E 03 - RENUME - 50% PAB                              SCC:794105 - SEI:25.29.000042733-5                                          .                                                                           01 (ITEM R05) - AMINOFILINA 24MG/ML INJETAVEL FR C/10ML - MARCA: HIPOLABOR  COD:010707............1.100FR..............01,88...................2.068,00 ATA 47/2025, PROCESSO SEI: 25.29.000042733-5 E DOCUMENTOS EM ANEXO.         .                                                                           LOCAL DA ENTREGA:ALMOXARIFADO CENTRAL SMS, AV.PERIMETRAL NORTE COND.GOIA    ZEM, BL.E, GALPOES 09/10, VL.JOAO VAZ, CEP:74.425-090, GO/GO. FONES:62-3    524-3401/3407, HORARIO:08:00 AS 17:00.                                      .                                                                           8 - TRANSFERENCIA DE RECURSOS DO SUS - ATENCAO PRIMARIA                     SOLICITACAO FINANCEIRA: 174845/2025                                         ;Pregão;000900012025
20252150006710231;12/11/2025 00:00:00;46530,00;;;0,00;;;0,00;33903000;MATERIAL DE CONSUMO;55391431000118;SECRETARIA MUNICIPAL DE SAUDE;46530,00;SECRETARIA MUNICIPAL DE SAUDE                                                                                                                                                                                                                                ;SAUDE - 10;ATENCAO BASICA - 301;TRANSFERENCIA DE RECURSOS DO SISTEMA UNICO DE SAUDE - SUS - BLOCO DE MANUTENCAO DAS ACOES E SERVICOS PUBLICOS DE SAUDE - 107;OURO FLEX COMERCIAL LTDA;VALOR TOTAL:......................................................46.530,00 .                                                                           OBS: O FORNECIMENTO DEVERA SER EFETUADO C/ PRAZO NAO SUP. A 20 DIAS  UTEIS  CONFORME TERMO DE REFERENCIA (8415742) CONTADOS A PARTIR DO RECEBIMENTO     DA NOTA DE EMPENHO,ENTREGA EM PERFEITAS CONDICOES C/A DEVIDA  NOTA          FISCAL, DETALHANDO MARCA/FABRICANTE/MODELO/TIPO/PROCEDENCIA. DEMAIS ESCLARE-CIMENTOS CONFORME MEMO 240/2025, PARECER 314/2025, PE 90017/2025,           ATA 125/2025, PROCESSO SEI: 25.29.000042042-0 E DOCUMENTOS EM ANEXO.        .                                                                           LOCAL DA ENTREGA:ALMOXARIFADO CENTRAL SMS, AV.PERIMETRAL NORTE COND.GOIA    ZEM, BL.E, GALPOES 09/10, VL.JOAO VAZ, CEP:74.425-090, GO/GO. FONES:62-3524--3401/3407, HORARIO:08:00 AS 17:00.                                         .                                                                           8 - TRANSFERENCIA DE RECURSOS DO SUS - ATENCAO PRIMARIA                     SOLICITACAO FINANCEIRA: 174837/2025                                         AQUISICAO DE MATERIAL DE LIMPEZA E CONSERVACAO ART. DOMEST. (COLCHAO ESPUMA)1º PEDIDO FILHO DO PREGAO ELETRONICO Nº 90017/2025 - ATA REGISTRO DE PRECO N125/2025, MEMORANDO 240 GEREMO - PARECER 314 GERPSR - DESPACHO 770 PRECEL - 50% PAB - ITEM 01 E 02 - SCC:794181 - SEI:25.29.000042042-0                 .                                                                           01 (ITEM R02) - COLCHAO ESPUMA BERCO - MARCA: OUROFLEX                      COD:065528...............20UN..............69,00...................1.380,00 02 (ITEM R03) - COLCHAO ESPUMA CAMA ADULTO - MARCA: OUROFLEX                COD:164682..............210UN.............215,00..................45.150,00 ;Pregão;000900172025
20252150006710232;12/11/2025 00:00:00;14910,00;;;0,00;;;0,00;33903000;MATERIAL DE CONSUMO;55391431000118;SECRETARIA MUNICIPAL DE SAUDE;14910,00;SECRETARIA MUNICIPAL DE SAUDE                                                                                                                                                                                                                                ;SAUDE - 10;ATENCAO BASICA - 301;TRANSFERENCIA DE RECURSOS DO SISTEMA UNICO DE SAUDE - SUS - BLOCO DE MANUTENCAO DAS ACOES E SERVICOS PUBLICOS DE SAUDE - 107;OURO FLEX COMERCIAL LTDA;AQUISICAO DE MATERIAL CLINICO HOSPITALAR (COLCHAO ESPUMA) - 1º PEDIDO FILHO SOLICITACAO FINANCEIRA: 174838/2025                                         DO PREGAO ELETRONICO Nº 90017/2025 - ATA REGISTRO DE PRECO N 125/2025, MEMORANDO 240 GEREMO - PARECER 314 GERPSR - DESPACHO 770 PRECEL - 50% PAB - ITEM 03 E 04 - SCC:794181 - SEI:25.29.000042042-0                                .                                                                           03 (ITEM R04) - COLCHAO ESPUMA MACA D28 OBESO - MARCA: OUROFLEX             COD:651451...............70UN.............135,00...................9.450,00 04 (ITEM R05) - COLCHAO ESPUMA MACA D28 SOLTEIRO - MARCA: OUROFLEX          COD:651460..............105UN..............52,00...................5.460,00 VALOR TOTAL:......................................................14.910,00 .                                                                           OBS: O FORNECIMENTO DEVERA SER EFETUADO C/ PRAZO NAO SUP. A 20 DIAS UTEIS   CONFORME TERMO DE REFERENCIA (8415742) CONTADOS A PARTIR DO RECEBIMENTO DA  NOTA DE EMPENHO,ENTREGA EM PERFEITAS CONDICOES C/A DEVIDA  NOTA FISCAL, DETALHANDO MARCA/FABRICANTE/MODELO/TIPO/PROCEDENCIA. DEMAIS ESCLARECIMENTOS     CONFORME MEMO 240/2025, PARECER 314/2025, PE 90017/2025, ATA 125/2025       PROCESSO SEI: 25.29.000042042-0 E DOCUMENTOS EM ANEXO.                      .                                                                           LOCAL DA ENTREGA:ALMOXARIFADO CENTRAL SMS, AV.PERIMETRAL NORTE COND.GOIA    ZEM, BL.E, GALPOES 09/10, VL.JOAO VAZ, CEP:74.425-090, GO/GO. FONES:62-3524 -3401/3407, HORARIO:08:00 AS 17:00.                                         .                                                                           8 - TRANSFERENCIA DE RECURSOS DO SUS - ATENCAO PRIMARIA                     ;Pregão;000900172025
20252150006710233;12/11/2025 00:00:00;96,94;;;0,00;;;0,00;33903000;MATERIAL DE CONSUMO;03979504000193;SECRETARIA MUNICIPAL DE SAUDE;96,94;SECRETARIA MUNICIPAL DE SAUDE                                                                                                                                                                                                                                ;SAUDE - 10;ATENCAO BASICA - 301;TRANSFERENCIA DE RECURSOS DO SISTEMA UNICO DE SAUDE - SUS - BLOCO DE MANUTENCAO DAS ACOES E SERVICOS PUBLICOS DE SAUDE - 107;HEBROM COMERCIO E SERVICOS LTDA;(FORNECIMENTO DE COMBUSTÍVEL), VALORES ESTIMADOS REFERENTES AO PERIODO DE 28 A 31/12/2025 CONFORME DESPACHO N 302/2025-GERADM                           SCC:529894-9 - SEI:25.29.000040965-5                                        .                                                                           VALOR TOTAL:...........................................................96,94.                                                                           8 - TRANSFERENCIA DE RECURSOS DO SUS - ATENCAO PRIMARIA                     SOLICITACAO FINANCEIRA:174751/2025                                          DESPESA COM CONTRATO 1264/2020 PARA MANUTENCAO DE SETE GRUPOS MOTOR-GERADOR ;Pregão;000000422020
20252150006710234;17/11/2025 00:00:00;4929,36;;;0,00;;;0,00;33903000;MATERIAL DE CONSUMO;09034672000192;SECRETARIA MUNICIPAL DE SAUDE;4929,36;SECRETARIA MUNICIPAL DE SAUDE                                                                                                                                                                                                                                ;SAUDE - 10;ATENCAO BASICA - 301;TRANSFERENCIA DE RECURSOS DO SISTEMA UNICO DE SAUDE - SUS - BLOCO DE MANUTENCAO DAS ACOES E SERVICOS PUBLICOS DE SAUDE - 107;MAEVE PRODUTOS HOSPITALARES LTDA;8 - TRANSFERENCIA DE RECURSOS DO SUS - ATENCAO PRIMARIA                     SOLICITACAO FINANCEIRA: 165955/2025                                         .                                                                           524-3401/3407, HORARIO:08:00 AS 17:00.                                      ZEM, BL.E, GALPOES 09/10, VL.JOAO VAZ, CEP:74.425-090, GO/GO. FONES:62-3    LOCAL DA ENTREGA:ALMOXARIFADO CENTRAL SMS, AV.PERIMETRAL NORTE COND.GOIA    .                                                                           DOCUMENTOS EM ANEXO.                                                        PE 90002/2025 E PARECER 144/2025 PROCESSO SEI: 25.29.000029650-8 E          PROCEDENCIA.DEMAIS ESCLARECIMENTOS CONF MEMO 114/2025, ATA 33/2025,         CONDICOES C/A DEVIDA NOTA FISCAL,DETALHANDO MARCA/FABRICANTE/MODELO/TIPO/   CONTADOS A PARTIR DO RECEBIMENTO DA NOTA DE EMPENHO,ENTREGA EM PERFEITAS    OBS: O FORNECIMENTO DEVERA SER EFETUADO C/ PRAZO NAO SUP. A 20 DIAS         .                                                                           VALOR TOTAL:.......................................................4.929,36 COD:460591...........45.600UN.............0,1081...................4.929,36 01 (ITEM R31) - ZOLPIDEM HEMITARTARATO 10MG COMPRIMIDO - MARCA:SANDOZ.      .                                                                           40% PAB - SCC: 784410 - SEI:25.29.000029650-8.                              UNIDADES BASICAS DE SAUDE/SMS POR UM PERIODO ESTIMADOS DE 6 MESES           NR 114/2025/GEREMO, PARECER 144/2025/GERPSR, PARA ABASTECIMENTO DAS         NR 90002/2025, ATA DE REGISTRO DE PRECOS NR 33/2025, CONFORME MEMORANDO     DESPESA COM AQUISICAO DE MEDICAMENTOS 1 PEDIDO FILHO DO PREGAO ELETRONICO   ;Pregão;000900022025
20252150006710235;18/11/2025 00:00:00;124000,00;;;0,00;;;0,00;33903000;MATERIAL DE CONSUMO;21681325000157;SECRETARIA MUNICIPAL DE SAUDE;124000,00;SECRETARIA MUNICIPAL DE SAUDE                                                                                                                                                                                                                                ;SAUDE - 10;ATENCAO BASICA - 301;TRANSFERENCIA DE RECURSOS DO SISTEMA UNICO DE SAUDE - SUS - BLOCO DE MANUTENCAO DAS ACOES E SERVICOS PUBLICOS DE SAUDE - 107;MULTIFARMA COMERCIAL LTDA;IN AS 17H00MIN, MEDIANTE AGENDAMENTO PREVIO PELO E-MAIL CIAD.GOIANIA@BRANETLDE MANUTENCAO DAS ACOES E SERVICOS PUBLICOS DE SAUDE                        FONTE DETALHADA:8 - TRANSFERENCIA DE RECURSOS DO SUS - ATENCAO PRIMARIA     OGISTICA.COM.BR. DEMAIS ESCLARECIMENTOS CONF.MEMO 249/25-GEREMO E EDITAL AN-DAMENTO 8526143 NO SEI 25.29.000043731-4.                                   .                                                                           FONTE:107 - TRANSFERENCIA DE RECURSOS DO SISTEMA UNICO DE SAUDE - SUS -BLOCODESP.C/AQUISICAO DE MEDICAMENTOS PARA SMS - PREGAO ELETRONICO Nº 90002/2025 - ATA DE REGISTRO DE PRECO Nº 036/2025 - MEMORANDO 249 GEREMO - PARECER 328 GERPSR - DESPACHO 802 PRECEL - RENUME - ITEM 02. SEI 25.29.000043731-4, SCC:795454 - SOLICITACAO FINANCEIRA:175204 - 2025.                              .                                                                           ITEM 02- R25- LEVOMEPROMAZINA 25 MG COMPRIMIDO M:CRISTALIA                  COD:14664.................310.000,00UN.........0,4000.............124.000,00VALOR TOTAL:......................................................124.000,00.                                                                           ENTREGA:O FORNECIMENTO DEVERA SER EFETUADO, C/ PRAZO DE ENTREGA NAO SUPERIORA 20 (VINTE)DIAS, CONTADOS A PARTIR DO RECEBIMENTO DA NOTA DE EMPENHO/AUTORIZACAO DE FORNECIMENTO E ACOMPANHADOS DOS DOCUMENTOS FISCAIS RESPECTIVOS,DEVECONTER, OBRIGATORIAMENTE, A ESPECIFICAçãO DO ITEM,MARCA DO FABRICANTE E QUANTIDADE ENTREGUE.O BEM DEVERA SER ENTREGUE NO ALMOXARIFADO CENTRAL DA SECRETARIA MUNICIPAL DE SAúDE NO SEGUINTE ENDEREçO: AVENIDA PERIMETRAL NORTE,  CON-DOMíNIO GOIAZéM, BLOCO E,GALPãO 09 E 10,VILA JOãO VAZ,CEP: 74.445-190,GOI-  ANIA - GOIAS. TELEFONES: (62) 3524-3401 / 3524-3407, NO HORARIO DAS 08H00M  ;Pregão;000900022025
20252150006710236;18/11/2025 00:00:00;25900,00;;;0,00;;;0,00;33903000;MATERIAL DE CONSUMO;29614830000190;SECRETARIA MUNICIPAL DE SAUDE;25900,00;SECRETARIA MUNICIPAL DE SAUDE                                                                                                                                                                                                                                ;SAUDE - 10;ATENCAO BASICA - 301;TRANSFERENCIA DE RECURSOS DO SISTEMA UNICO DE SAUDE - SUS - BLOCO DE MANUTENCAO DAS ACOES E SERVICOS PUBLICOS DE SAUDE - 107;MEDITON FARMACEUTICA LTDA;DESP. COM AQUISICAO DE MEDICAMENTOS PARA SMS - PREGAO ELETRONICO Nº 90002/2025-ATA DE REGISTRO DE PREÇO 044/2025 MEMORANDO 252 GEREMO-PARECER 331 GERPSR- DESPACHO 801 PRECEL - RENUME - 100% PAB. SCC 795411 -SOLICITACAO FINANCEI-RA:175201 - 2025 - SEI 25.29.000043806-0.                                   .                                                                           ITEM 01- R26-METILFENIDATO CLORIDRATO 10 MG COMPRIMIDO M:EMS                COD:40483-7................70.000,00UN........0,3700...............25.900,00VALOR TOTAL:.......................................................25.900,00.                                                                           ENTREGA:O FORNECIMENTO DEVERA SER EFETUADO, C/ PRAZO DE ENTREGA NAO SUPERIORA 20 (VINTE)DIAS, CONTADOS A PARTIR DO RECEBIMENTO DA NOTA DE EMPENHO/AUTORIZACAO DE FORNECIMENTO E ACOMPANHADOS DOS DOCUMENTOS FISCAIS RESPECTIVOS,DEVECONTER, OBRIGATORIAMENTE, A ESPECIFICAçãO DO ITEM,MARCA DO FABRICANTE E QUANTIDADE ENTREGUE.O BEM DEVERA SER ENTREGUE NO ALMOXARIFADO CENTRAL DA SECRETARIA MUNICIPAL DE SAúDE NO SEGUINTE ENDEREçO: AVENIDA PERIMETRAL NORTE,  CON-DOMINIO GOIAZEM, BLOCO E,GALPãO 09 E 10,VILA JOãO VAZ,CEP: 74.445-190,GOI-  ANIA - GOIAS. TELEFONES: (62) 3524-3401 / 3524-3407, NO HORARIO DAS 08H00M  IN AS 17H00MIN, MEDIANTE AGENDAMENTO PREVIO PELO E-MAIL CIAD.GOIANIA@BRANETLOGISTICA.COM.BR. DEMAIS ESCLARECIMENTOS CONF.MEMO 252/25-GEREMO E EDITAL AN-DAMENTO 8529412 NO SEI 25.29.000043806-0.                                   .                                                                           FONTE:107 - TRANSFERENCIA DE RECURSOS DO SISTEMA UNICO DE SAUDE - SUS -BLOCODE MANUTENCAO DAS ACOES E SERVICOS PUBLICOS DE SAUDE                        FONTE DETALHADA:8 - TRANSFERENCIA DE RECURSOS DO SUS - ATENCAO PRIMARIA     ;Pregão;000900022025
20252150008010129;12/11/2025 00:00:00;9000,00;;;0,00;;;0,00;33903600;OUTROS SERVICOS DE TERCEIROS - PESSOA FISICA;00078398940115;SECRETARIA MUNICIPAL DE SAUDE;9000,00;SECRETARIA MUNICIPAL DE SAUDE                                                                                                                                                                                                                                ;SAUDE - 10;ATENCAO BASICA - 301;TRANSFERENCIA DE RECURSOS DO SISTEMA UNICO DE SAUDE - SUS - BLOCO DE MANUTENCAO DAS ACOES E SERVICOS PUBLICOS DE SAUDE - 107;NEULA DIAS DOS SANTOS;CONTRATO DE LOCAÇÃO DO IMOVEL LOCALIZADO NA RUA DA VITORIA, QUADRA 01, LOTE 27, SETOR GRAJAU - GOIÂNIA UBS GRAJAU - SCC:788989 - SEI:25.29.000010325-4  OBS.: VALORES CONFORME DESPACHO Nº 313/2025, PEDIDO DE COMPRAS Nº 380/2025  PAGAMENTO REF. SETEMBRO A NOVEMBRO 2025                                     .                                                                           VALOR TOTAL:........................................................9.000,00.                                                                           8 - TRANSFERENCIA DE RECURSOS DO SUS - ATENCAO PRIMARIA                     SOLICITACAO FINANCEIRA:167176/2025                                          ;Inexigibilidade de Licitação;000002422025
20252150008030128;04/11/2025 00:00:00;16572,81;;;0,00;;;0,00;33903600;OUTROS SERVICOS DE TERCEIROS - PESSOA FISICA;00008909903104;SECRETARIA MUNICIPAL DE SAUDE;16572,81;SECRETARIA MUNICIPAL DE SAUDE                                                                                                                                                                                                                                ;SAUDE - 10;ATENCAO BASICA - 301;TRANSFERENCIA DE RECURSOS DO SISTEMA UNICO DE SAUDE - SUS - BLOCO DE MANUTENCAO DAS ACOES E SERVICOS PUBLICOS DE SAUDE - 107;JOAO OLIVEIRA GODINHO;DESPESA C/CONTRATO NR2084/2025 DE LOCACAO DE IMOVEL LOCALIZADO NA R.21 N245,QD. 41 LT.27, ST.CENTRAL-GOIANIA/GO, P/ CONTINUIDADE DOS SERVICOS DA UNIDADEDE TRABALHO E PRODUCAO SOLIDARIA-GERARTE I E CENTRO MUN.DE COMERCIALIZACAO  DE ECONOMIA SOLIDARIA DO GERARTE, SCC:789292, SEI:25.29.000019320-2.        .                                                                           .                                                                           VALOR EMPENHADO DE 09/2025, 10/2025 E 11/2025 COM MENSAIS DE:.......5.524,27VALOR TOTAL:.......................................................16.572,81.                                                                           8- TRANSFERENCIA DE RECURSOS DO SUS- ATENCAO PRIMARIA                       SOLICITACAO FINANCEIRA: 167747 - 2025                                       ;Inexigibilidade de Licitação;000005092025
20252150008030130;14/11/2025 00:00:00;5602,00;;;0,00;;;0,00;33903600;OUTROS SERVICOS DE TERCEIROS - PESSOA FISICA;00054911966149;SECRETARIA MUNICIPAL DE SAUDE;5602,00;SECRETARIA MUNICIPAL DE SAUDE                                                                                                                                                                                                                                ;SAUDE - 10;ATENCAO BASICA - 301;TRANSFERENCIA DE RECURSOS DO SISTEMA UNICO DE SAUDE - SUS - BLOCO DE MANUTENCAO DAS ACOES E SERVICOS PUBLICOS DE SAUDE - 107;REGINALDO JOSE NATALINO DE SOUZA;VALOR TOTAL:......................................................5.602,00  .                                                                           8 - TRANSFERENCIA DE RECURSOS DO SUS - ATENCAO PRIMARIA                     SOLICITACAO FINANCEIRA:174249/2025                                          CONTRATO DE LOCACAO PARA REALIZACAO DOS SERVICOS DO CENIRO DE SAUDE DA FAMILIA VALERIA APARECIDA MARTINS DA SILVA (GARAVELO B), INSTALADO NO IMOVEL LOCALIZADO NA RUA CIRO MANOEL,QUADRA 01, LOTE 23 - SEI:25.29.000027136-0        VIGENCIA DO CONTRATO: 12 MESES CONFORME DESPACHO 453 GERINF, MEMO 202 GERINFPAGAMENTO REFERENTE NOVEMBRO A DEZEMBRO/2025 - SCC:793559                   .                                                                           VALOR EMPENHADO DE 11/2025 E 12/2025 COM MENSAIS DE:..............2.801,00  ;Inexigibilidade de Licitação;000004532025
20252150008510076;04/11/2025 00:00:00;466631,62;;;0,00;;;0,00;33903900;OUTROS SERVICOS DE TERCEIROS - PESSOA JURIDICA;00555766000132;SECRETARIA MUNICIPAL DE SAUDE;466631,62;SECRETARIA MUNICIPAL DE SAUDE                                                                                                                                                                                                                                ;SAUDE - 10;ATENCAO BASICA - 301;TRANSFERENCIA DE RECURSOS DO SISTEMA UNICO DE SAUDE - SUS - BLOCO DE MANUTENCAO DAS ACOES E SERVICOS PUBLICOS DE SAUDE - 107;NEW LINE SISTEMAS DE SEGURANCA LTDA;DESP. C/TERMO ADITIVO DE 25% AO CONTRATO N.2305/2021 RELATIVO A PRESTACAO DESERV.DE MONITORAMENTO E SEGURANCA ELETRONICA INTEGRADA NAS UNIDADES DE SAUDEDA SMS / SEI 25.29.000019910-3.                                             CONF. DESPACHO 102/2025 - GERADM, PEDIDO DE COMPRA 358/2025 - SCC:569845 - 5.                                                                           VALOR TOTAL:......................................................466.631,62.                                                                           8 - TRANSFERENCIA DE RECURSOS DO SUS - ATENCAO PRIMARIA                     SOLICITACAO FINANCEIRA:170164 - 2025                                        ;Pregão;000000802020
20252150008510077;04/11/2025 00:00:00;362190,00;;;0,00;;;0,00;33903900;OUTROS SERVICOS DE TERCEIROS - PESSOA JURIDICA;06273582000166;SECRETARIA MUNICIPAL DE SAUDE;362190,00;SECRETARIA MUNICIPAL DE SAUDE                                                                                                                                                                                                                                ;SAUDE - 10;ATENCAO BASICA - 301;TRANSFERENCIA DE RECURSOS DO SISTEMA UNICO DE SAUDE - SUS - BLOCO DE MANUTENCAO DAS ACOES E SERVICOS PUBLICOS DE SAUDE - 107;RS PRODUTOS E SERVICOS LTDA;DESP.COM CONT.DE EMPRESA ESPECIALIZADA NA PREST.DE SERVICOS DE LOCACAO DE VEICULOS AUTOMOTORES ATRAVES DE ADESAO A ATA DE REGISTRO DE PRECOS 1.317/2024,PE075/2024,MUN.SENADOR CANEDO.BLOCO PAB, PED.DE COMPRA 268/25,PARECER 137/25-GERPSR/SMS,DESP.472/25-GERCOM/SMS-VALOR TOTAL DO CONT.R$1.580.760,00 158/  (TERMO DE REFERENCIA-ANEXO 7442631), EM CONF.C/DECRETO 134/2025, MENSAIS OUT/NOV/DEZ/2025.                                                              .                                                                           VALOR TOTAL:....................................................362.190,00  .                                                                           8 - TRANSFERENCIA DE RECURSOS DO SUS - ATENCAO PRIMARIA                     SOLICITACAO FINANCEIRA: 165803/2025                                         ;Pregão;000000752024
20252150008510080;07/11/2025 00:00:00;7504,37;;;0,00;;;0,00;33903900;OUTROS SERVICOS DE TERCEIROS - PESSOA JURIDICA;07119310000179;SECRETARIA MUNICIPAL DE SAUDE;7504,37;SECRETARIA MUNICIPAL DE SAUDE                                                                                                                                                                                                                                ;SAUDE - 10;ATENCAO BASICA - 301;TRANSFERENCIA DE RECURSOS DO SISTEMA UNICO DE SAUDE - SUS - BLOCO DE MANUTENCAO DAS ACOES E SERVICOS PUBLICOS DE SAUDE - 107;MATA PRAGAS CONTROLE DE PRAGAS LTDA;DESPESA 2º TERMO ADITIVO AO CONTRATO Nº 638/2023 PARA PRESTACAO DE SERVICOS DE LIMPEZA DE FOSSAS SEPTICAS PARA ATENDIMENTO DAS DEMANDAS DA SMS          VIG: 10/12/25 A 09/12/26 - DESPACHO 298 E 304 GERADM - DESPACHO 862 GERCOM -REFERENTE AO MES DE DEZEMBRO/25- 50% PAB - SCC:669769-2                     SEI:25.29.000036829-0                                                       .                                                                           VALOR TOTAL:........................................................7.504,37.                                                                           8 - TRANSFERENCIA DE RECURSOS DO SUS - ATENCAO PRIMAR                       SOLICITACAO FINANCEIRA:172996/2025                                          ;Pregão;000000032023
20252150008510081;19/11/2025 00:00:00;100000,00;;;0,00;;;0,00;33903900;OUTROS SERVICOS DE TERCEIROS - PESSOA JURIDICA;01616929000102;SECRETARIA MUNICIPAL DE SAUDE;100000,00;SECRETARIA MUNICIPAL DE SAUDE                                                                                                                                                                                                                                ;SAUDE - 10;ATENCAO BASICA - 301;TRANSFERENCIA DE RECURSOS DO SISTEMA UNICO DE SAUDE - SUS - BLOCO DE MANUTENCAO DAS ACOES E SERVICOS PUBLICOS DE SAUDE - 107;SANEAMENTO DE GOIAS SA  SANEAGO;.                                                                           SOLICITACAO FINANCEIRA: 175276 - 2025                                       DESPESA COM A EMPRESA DE SANEAMENTO DE GOIAS/SANEAGO REFERENTE AOS SERVICOS DE FORNECIMENTO DE AGUA E TRATAMENTO DE ESGOTO DAS UNIDADES DE SAUDE DESTA  SECRETARIA MUNICIPAL DE SAUDE. SEI 24.29.000002932-6 , SCC  577643.         OBS:VALORES RELATIVOS AOS MESES DE SETEMBRO, OUTUBRO E NOVEMBRO/2025.       .                                                                           VALOR TOTAL:......................................................100.000,00.                                                                           FONTE 107-TRANSFERENCIA DE RECURSOS DO SISTEMA UNICO DE SAUDE -SUS- BLOCO DEMANUTENCAO DAS ACOES E SERVICOS PUBLICOS DE SAUDE                           FONTE DETALHADA 8 - TRANSFERENCIA DE RECURSOS DO SUS - ATENCAO PRIMARIA     ;Pregão;000000212022
20252150008510082;24/11/2025 00:00:00;222656,00;;;0,00;;;0,00;33903900;OUTROS SERVICOS DE TERCEIROS - PESSOA JURIDICA;03883919000169;SECRETARIA MUNICIPAL DE SAUDE;222656,00;SECRETARIA MUNICIPAL DE SAUDE                                                                                                                                                                                                                                ;SAUDE - 10;ATENCAO BASICA - 301;TRANSFERENCIA DE RECURSOS DO SISTEMA UNICO DE SAUDE - SUS - BLOCO DE MANUTENCAO DAS ACOES E SERVICOS PUBLICOS DE SAUDE - 107;DESPRAG DEDETIZADORA LTDA;DESPESA COM PRESTACAO DE SERVICOS DE CONTROLE DE PRAGAS NAS UNIDADES DA SMS ADESAO DE ATA Nº002/2025 - PREGAO ELETRONICO Nº009/2023 CONF.DESPACHO 509/2025-GERCOM, PARECER Nº 140/2025-GERPSR, MAPA DE PRECOS (7839097)- GERCOM ,SCC786943. SEI 25.29.000021333-5 - SOLICITACAO FINANCEIRA: 174571 - 2025.      .                                                                           VALOR TOTAL:......................................................222.656,00.                                                                           8 - TRANSFERENCIA DE RECURSOS DO SUS - ATENCAO PRIMARIA                     ;Pregão;000000092023
20252150008530075;03/11/2025 00:00:00;565058,82;0287872025;19/11/2025 00:00:00;218068,63;202521500085300750001;26/11/2025 00:00:00;218068,63;33903900;OUTROS SERVICOS DE TERCEIROS - PESSOA JURIDICA;03979504000193;SECRETARIA MUNICIPAL DE SAUDE;346990,19;SECRETARIA MUNICIPAL DE SAUDE                                                                                                                                                                                                                                ;SAUDE - 10;ATENCAO BASICA - 301;TRANSFERENCIA DE RECURSOS DO SISTEMA UNICO DE SAUDE - SUS - BLOCO DE MANUTENCAO DAS ACOES E SERVICOS PUBLICOS DE SAUDE - 107;HEBROM COMERCIO E SERVICOS LTDA;FONTE:                                                                      107 - TRANSFERENCIA DE RECURSOS DO SISTEMA UNICO DE SAUDE - SUS - BLOCO DE  MANUTENCAO DAS ACOES E SERVICOS PUBLICOS DE SAUDE                           FONTE DETALHADA:08 - TRANSFERENCIAS DE RECURSOS DO SUS-ATENCAO PRIMARIA     SOLICITACAO FINANCEIRA NR. 165135-2025 SEI: 25.29.000015420-7               CONTRATACAO DIRETA EMERGENCIAL DE EMPRESA ESPECIALIZADA PARA PRESTACAO DE   SERVICOS CONTINUOS DE MANUTENCAO PREDIAL CORRETIVA E PREDITIVA, COM FORNE   CIMENTO DE MAO DE OBRA,FERRAMENTAS,MATERIAIS E INSUMOS - SCC:780147         PARA AS UNIDADES DA SMS/GOIANIA CONFORME DESPACHO NR 211/2025/GERINF        VALOR REFERENTE AS PARCELAS DE JULHO/2025 A SETEMBRO/2025                   .                                                                           VALOR EMPENHADO EM JUL/25:......................................188.352,94  VALOR EMPENHADO DE AGO/25 A SET/25:.............................188.352,94  VALOR TOTAL:....................................................565.058,82  .                                                                           ;Dispensa de Licitação;000900452025
20252150008530078;04/11/2025 00:00:00;11700,00;;;0,00;;;0,00;33903900;OUTROS SERVICOS DE TERCEIROS - PESSOA JURIDICA;01569466005649;SECRETARIA MUNICIPAL DE SAUDE;11700,00;SECRETARIA MUNICIPAL DE SAUDE                                                                                                                                                                                                                                ;SAUDE - 10;ATENCAO BASICA - 301;TRANSFERENCIA DE RECURSOS DO SISTEMA UNICO DE SAUDE - SUS - BLOCO DE MANUTENCAO DAS ACOES E SERVICOS PUBLICOS DE SAUDE - 107;ARQUIDIOCESE DE GOIANIA PAROQ N SRA DO PERPETUO SOCORRO;DESPESA C/CONT.DE LOCACAO N.2132/2025 PARA FUNCIONAMENTO DO CENTRO          DE SAUDE: NORTE FERROVIARIO - VIG: 12 MESES (10/2025 A 09/2026), MEMO       106/2025-GERINF, MEMO.390/2025-GERINF, PEDIDO DE COMPRA 538/2025            DESPACHO 770/2025 GERCOM  - VALORES OUT/NOV/DEZ 2025. SCC:790703.           .                                                                           VALOR MENSAL EMPENHADO DE OUT/25 A DEZ/25........................3.900,00   VALOR TOTAL.....................................................11.700,00   .                                                                           8- TRANSFERENCIA DE RECURSOS DO SUS - ATENCAO PRIMARIA                      SOLICITACAO FINANCEIRA:168393 - 2025.                                       ;Inexigibilidade de Licitação;000003902025
20252150008530079;04/11/2025 00:00:00;5725488,12;;;0,00;;;0,00;33903900;OUTROS SERVICOS DE TERCEIROS - PESSOA JURIDICA;08247960000162;SECRETARIA MUNICIPAL DE SAUDE;5725488,12;SECRETARIA MUNICIPAL DE SAUDE                                                                                                                                                                                                                                ;SAUDE - 10;ATENCAO BASICA - 301;TRANSFERENCIA DE RECURSOS DO SISTEMA UNICO DE SAUDE - SUS - BLOCO DE MANUTENCAO DAS ACOES E SERVICOS PUBLICOS DE SAUDE - 107;REAL JG FACILITIES EIRELI;DESPESA C/ EMPRESA PARA PRESTACAO DE SERVICOS DE LIMPEZA, HIGIENIZACAO      E CONSERVACAO DAS UNIDADES DA SMS CONF.TERMO DE HOMOLOGACAO DO PE           90022/2025-SAUDE, PED.COMPRAS N.167/2025, DESP.713/2025-PRECEL,             SEI 25.29.000018258-8 - SCC:792251-CONTRATO 2138/2025.                      .                                                                           VALORES ESTIMADOS RELATIVOS A NOVEMBRO E DEZEMBRO/2025 EM CONSONANCIA       COM O DECRETO N.134/2025.                                                   .                                                                           NOV/2025:...................................................R$2.862.744,06  E DEZ/2025:.................................................R$2.862.744,06  VALOR TOTAL:................................................R$5.725.488,12  .                                                                           FONTE-107-TRANSFERENCIA DE RECURSOS DO SISTEMA UNICO DE SAUDE - SUS BLOCO   DE MANUTENCAO DA ACOES E SERVICOS PUBLICOS DE SAUDE                         FONTE DETALHADA-8-TRANSFERENCIA DE RECURSOS DO SUS-ATENCAO PRIMARIA.        FONTE / CO STN:1600 0000-TRANSFERENCIAS FUNDO A FUNDO DE RECURSOS DO        SUS PROVENIENTES DO GOVERNO FEDERAL-BLOCO DE MANUTENCAO DAS ACOES E         SERVICOS PUBLICOS DE SAUDE. PREGAO ELETRONICO 90022/2025/TERMO DE           REFERENCIA(7525446) - SOLICITACAO FINANCEIRA: 165639-2025.                  ;Pregão;000900222025
20252150013210005;04/11/2025 00:00:00;580000,00;;;0,00;;;0,00;44905200;EQUIPAMENTOS E MATERIAL PERMANENTE;03535902000897;SECRETARIA MUNICIPAL DE SAUDE;580000,00;SECRETARIA MUNICIPAL DE SAUDE                                                                                                                                                                                                                                ;SAUDE - 10;ATENCAO BASICA - 301;TRANSFERENCIA DE RECURSOS DO SISTEMA UNICO DE SAUDE - SUS - BLOCO DE MANUTENCAO DAS ACOES E SERVICOS PUBLICOS DE SAUDE - 107;DECISION SERVICOS DE TECNOLOGIA DA INFORMACAO LTDA;MERGENCIAL, CONFORME DOCUMENTO DE FORMALIZACAO DE DEMANDA - DFD6, PEDIDO COM.                                                                           PRAZO E FORMA DE ENTREGA:O PRAZO DE ENTREGA DO OBJETO E DE ATE 30 DIAS CORRIDOS CONTADOS DO DIA UTIL SUBSEQUENTE AO RECEBIMENTO DA NOTA DE EMPENHO, CON-TRATO OU DOCUMENTO EQUIVALENTE, EM REMESSA UNICA.O FORNECEDOR E RESPONSAVEL PELO TRANSPORTE E ENTREGA AO LOCAL ESPECIFICADO, ACOMPANHADOS, SE FOR O CASODOS DOCUMENTOS NECESSARIOS COMO NOTAS FISCAIS E RELATORIOS DE CONFORMIDADE. DEVIDAMENTE JUSTIFICADO E COM PELO MENOS 10 (DEZ) DIAS UTEIS DE ANTECEDENCIADO PRAZO FINAL DE ENTREGA, O FORNECEDOR PODERA SOLICITAR PRORROGACAO DE PRA-ZO, FICANDO A CARGO DA AREA DEMANDANTE ACOLHER A SOLICITACAO, DESDE QUE  NAOHAJA PREJUIZO, RESSALVADAS SITUACOES DE CASO FORTUITO E FORCA MAIOR.        LOCAL, HORARIO E CONDICOES DE ENTREGA:                                      OS MATERIAIS DEVERAO SER ENTREGUES NO SEGUINTE ENDERECO:ALMOXARIFADO CENTRALDA SECRETARIA MUNICIPAL DE SAUDE DE GOIANIA, SITO A AVENIDA PERIMETRAL NORTECONDOMINIO GOIAZEM, BLOCO E, GALPAO 09 E 10,VILA JOAO VAZ, CEP: 74.425-090, GOIANIA-GO.A ENTREGA DEVERA SER EFETUADA MEDIANTE AGENDAMENTO PREVIO,ATRAVESDO E-MAIL: CIAD.GOIANIA@BRANETLOGISTICA.COM.BR                              O FORNECEDOR OBRIGA-SE A ENTREGAR OS OBJETOS EM CONFORMIDADE COM AS ESPECIFICACOES DESCRITAS NA PROPOSTA DE PRECOS E NO TERMO DE REFERENCIA,SENDO DE SUAINTEIRA RESPONSABILIDADE A SUBSTITUICAO, CASO NAO ESTEJA EM CONFORMIDADE COMAS REFERIDAS ESPECIFICACOES.                                                .                                                                           OS BENS FORNECIDOS SERAO MONTADOS/INSTALADOS PELO FORNECEDOR NO PRAZO DE 05 (CINCO) DIAS CORRIDOS APOS A SOLICITACAO DO MUNICIPIO DE GOIANIA, A MONTAGEM/INSTALACAO OCORRERá NO LOCAL INDICADO PELA SECRETARIA MUNICIPAL DE SAUDE,NOENDERECO: AV. DO CERRADO, N. 999, PARQUE LOZANDEZ - CENTRO ADMINISTRATIVO MUNICIPAL, GOIANIA-GO, PREVIAMENTE ALINHADOS ENTRE O MUNICIPIO DE GOIANIA  E OFORNECEDOR. DEMAIS ESCLARECIMENTOS CONFORME DOCUMENTOS EM ANEXO NO PROCESSO:SEI 25.29.000014210-1. SOLICITACAO FINANCEIRA:164748- 2025.                 .                                                                           FONTE:107 - TRANSFERENCIA DE RECURSOS DO SISTEMA UNICO DE SAUDE -SUS- BLOCO DE MANUTENCAO DAS ACOES E SERVICOS PUBLICOS DE SAUDE                        .                                                                           PRA NR.130/25-FMS, ITEM 01/02(DUAS)UNIDADES-PAB-SCC:781623,SEI25290000142101.                                                                           ITEM 1-  APARELHO SERVIDOR REDE M:DELL.                                     COD:22651-3..................02..UN...........290.000,0000........580.000,00VALOR TOTAL:......................................................580.000,00DESPESA COM AQUISICAO DE EQUIPAMENTO PERMANENTE DE TECNOLOGIA DE INFORMACAO-SERVIDOR DE REDE, CONTEMPLANDO INSTALACAO DO EQUIPAMENTO, SUPORTE E ASSISTENCIA TECNICA POR UM PERIODO DE 05(CINCO)ANOS.CONTRATACAO DIRETA EM CARATER E-FONTE DETALHADA:8 - TRANSFERENCIA DE RECURSOS DO SUS - ATENCAO PRIMARIA     ;Dispensa de Licitação;000900462025
20252150021810308;03/11/2025 00:00:00;24192,00;;;0,00;;;0,00;33903000;MATERIAL DE CONSUMO;08821528000133;SECRETARIA MUNICIPAL DE SAUDE;24192,00;SECRETARIA MUNICIPAL DE SAUDE                                                                                                                                                                                                                                ;SAUDE - 10;ASSISTENCIA HOSPITALAR E AMBULATORIAL - 302;TRANSFERENCIA DE RECURSOS DO SISTEMA UNICO DE SAUDE - SUS - BLOCO DE MANUTENCAO DAS ACOES E SERVICOS PUBLICOS DE SAUDE - 107;WORLD CLEAN DISTR DE PROD E UTENS DE HIGIENE LTDA;NOTA FISCAL, DETALHANDO MARCA/FABRICANTE/MODELO/TIPO/PROCEDENCIA. DEMAIS    .                                                                           64 - TRANSFERENCIAS DE RECURSOS DO SUS - ATENCAO ESPECIALIZADA              SOLICITACAO FINANCEIRA: 174624/2025                                         ESCLARECIMENTOS CONFORME PARECER 307/2025, PROCESSO SEI: 25.29.000039449-6  E DOCUMENTOS EM ANEXO.                                                      .                                                                           LOCAL DA ENTREGA:ALMOXARIFADO CENTRAL SMS, AV.PERIMETRAL NORTE COND.GOIA    ZEM, BL.E, GALPOES 09/10, VL.JOAO VAZ, CEP:74.425-090, GO/GO. FONES:62-3    524-3401/3407, HORARIO:08:00 AS 17:00.                                      DESPESA COM AQUISICAO DE SANEANTES VISANDO SUPRIR AS NECESSIADES DE PROCESSAMENTO DE ROUPAS (LAVANDERIAS) EXISTENTES NAS UNIDADES DE SAUDE DA SMS CONF. DOCUMENTO DE FORMALIZAÇÃO DA DEMANDA 135 - GEREMO, PARECER 307/2025-GERPSR, PEDIDO DE COMPRA 597/2025 / ITENS 02, 03 E 04                               SCC:793541 - SEI:25.29.000039449-6                                          .                                                                           02 - ALVEJANTE PARA ROUPAS HOSPITALARES - MARCA: KALYLAV PROX               COD:738891...............540L..............19,90..................10.746,00 03 - NEUTRALIZANTE QUIMICO PARA ROUPAS - MARCA: KALYLAV SOURG               COD:738905...............540L..............11,40...................6.156,00 04 - ADITIVO ALCALINO CONCENTRADO PARA ROUPAS                               MARCA: KALYLAV FORCE                                                        COD:738913...............540L..............13,50...................7.290,00 VALOR TOTAL:......................................................24.192,00 .                                                                           OBS: O FORNECIMENTO DEVERA SER EFETUADO C/ PRAZO NAO SUP. A 10 DIAS         CORRIDOS CONFORME TERMO DE REFERENCIA (8276158) CONTADOS A PARTIR DO        RECEBIMENTO DA NOTA DE EMPENHO,ENTREGA EM PERFEITAS CONDICOES C/A DEVIDA    ;Dispensa de Licitação;000000292025
20252150021810309;03/11/2025 00:00:00;11610,00;;;0,00;;;0,00;33903000;MATERIAL DE CONSUMO;08821528000133;SECRETARIA MUNICIPAL DE SAUDE;11610,00;SECRETARIA MUNICIPAL DE SAUDE                                                                                                                                                                                                                                ;SAUDE - 10;ASSISTENCIA HOSPITALAR E AMBULATORIAL - 302;TRANSFERENCIA DE RECURSOS DO SISTEMA UNICO DE SAUDE - SUS - BLOCO DE MANUTENCAO DAS ACOES E SERVICOS PUBLICOS DE SAUDE - 107;WORLD CLEAN DISTR DE PROD E UTENS DE HIGIENE LTDA;SCC:793541 - SEI:25.29.000039449-6                                          .                                                                           01 - DETERGENTE LIQUIDO CONCENTRADO P/ROUPAS                                MARCA: KALYLAV ENZY                                                         COD:611590...............540L..............16,00...................8.640,00 DESPESA COM AQUISICAO DE SANEANTE VISANDO SUPRIR AS NECESSIADES DE PROCESSAMENTO DE ROUPAS (LAVANDERIAS) EXISTENTES NAS UNIDADES DE SAÚDE DA SMS CONF. DOCUMENTO DE FORMALIZAÇÃO DA DEMANDA 135 - GEREMO, PARECER 307/2025-GERPSR PEDIDO DE COMPRA 597/2025 / ITENS 01 E 05                                     ESCLARECIMENTOS CONFORME PARECER 307/2025, PROCESSO SEI: 25.29.000039449-6  E DOCUMENTOS EM ANEXO.                                                      .                                                                           LOCAL DA ENTREGA:ALMOXARIFADO CENTRAL SMS, AV.PERIMETRAL NORTE COND.GOIA    ZEM, BL.E, GALPOES 09/10, VL.JOAO VAZ, CEP:74.425-090, GO/GO. FONES:62-3    524-3401/3407, HORARIO:08:00 AS 17:00.                                      .                                                                           64 - TRANSFERENCIAS DE RECURSOS DO SUS - ATENCAO ESPECIALIZADA              SOLICITACAO FINANCEIRA: 174623/2025                                         05 - AMACIANTE ROUPA CONCETRANDO - MARCA: KALYLAV SOFTG                     COD:491497...............540L..............05,50...................2.970,00 VALOR TOTAL:......................................................11.610,00 .                                                                           OBS: O FORNECIMENTO DEVERA SER EFETUADO C/ PRAZO NAO SUP. A 10 DIAS         CORRIDOS CONFORME TERMO DE REFERENCIA (8276158) CONTADOS A PARTIR DO        RECEBIMENTO DA NOTA DE EMPENHO,ENTREGA EM PERFEITAS CONDICOES C/A DEVIDA    NOTA FISCAL, DETALHANDO MARCA/FABRICANTE/MODELO/TIPO/PROCEDENCIA. DEMAIS    ;Dispensa de Licitação;000000292025
20252150021810310;04/11/2025 00:00:00;643800,00;;;0,00;;;0,00;33903000;MATERIAL DE CONSUMO;82873068000816;SECRETARIA MUNICIPAL DE SAUDE;643800,00;SECRETARIA MUNICIPAL DE SAUDE                                                                                                                                                                                                                                ;SAUDE - 10;ASSISTENCIA HOSPITALAR E AMBULATORIAL - 302;TRANSFERENCIA DE RECURSOS DO SISTEMA UNICO DE SAUDE - SUS - BLOCO DE MANUTENCAO DAS ACOES E SERVICOS PUBLICOS DE SAUDE - 107;GENESIO A MENDES & CIA LTDA;DESPESA COM AQUISICAO EMERGENCIAL DE INSULINA GLARGINA PARA ABASTECIMENTO DASMS DE GOIANIA,CONF.PARECER 293/2025-GERPSR,DOC.FORM.DA DEMANDA 131/2025-GE-REMO, PED.COMPRAS 562/2025, TERMO DE REFFERENCIA 8182559.                   .                                                                           ITEM 1-INSULINA GLARGINA 100UI/ML SISTEMA APLICADOR UN C/3,0ML M:LANTUS SOLOSTAR................QUANTIDADE........VALOR UNITÁRIO............VALOR TOTAL COD:48728-7.........22.200,00.UN......29,0000...................R$643.800,00VALOR TOTAL:....................................................R$643.800,00.                                                                           ENTREGA CONFORME TERMO DE REFERENCIA:                                       5.MODELO DE EXECUCAO DO OBJETO                                              5.1 O PRAZO DE ENTREGA DOS BENS E DE 15 (QUINZE) DIAS, EM PARCELA UNICA, CONTADOS APOS O RECEBIMENTO DA ORDEM DE ENTREGA OU NOTA DE EMPENHO/AUTORIZACAO DE FORNECIMENTO, ACOMPANHADOS DOS DOCUMENTOS FISCAIS RESPECTIVOS, QUE DEVEM CONTER OBRIGATORIAMENTE,A  ESPECIFICACAO DO ITEM, MARCA DO FABRICANTE E QUANTIDADE ENTREGUE. 5.2 NA IMPOSSIBILIDADE DE ENTREGA NA DATA ASSINALADA, A EM-PRESA DEVERA COMUNICAR A ADMINISTRACAO AS RAZOES RESPECTIVAS EM ATE 05(CINCO) DIAS APOS O ENVIO DA INTIMACAO, PARA QUALQUER PLEITO DE PRORROGACAO DE PRAZO SEJA ANALISADO, RESSALVADAS SITUACOES DE CASO FORTUITO E FORCA MAIOR.    .                                                                           LOCAL:5.3OS BENS DEVERAO SER ENTREGUES NO ALMOXARIFADO CENTRAL DA SECRETARIAMUNICIPAL DE SAUDE,NO SEGUINTE ENDERECO:AVENIDA PERIMETRAL NORTE, CONDOMINIOGOIAZEM, BLOCO E, GALPAO 09 E 10, VILA JOAO VAZ, CEP: 74.425-090, GOIANIA/GO5.4AS ENTREGAS DEVERAO SER EFETUADAS MEDIANTE AGENDAMENTO PREVIO, ATRAVES DOE-MAIL CIAD.GOIANIA@BRANETLOGISTICA.COM.BR, MAIORES INFORMACOES PELOS TELEFONES: (62)3524-3404/3407- 5.5 O PRAZO DE VALIDADE NA DATA DA ENTREGA NAO PODERA SER INFERIOR A 80% DO PRAZO TOTAL RECOMENDADO PELO FABRICANTE. SCC:793010SEI 25.29.000037931-4 CONTRATO:2174/2025-SOLICITACAO FINANCEIRA:174551-2025 .                                                                           64 - TRANSFERENCIAS DE RECURSOS DO SUS - ATENCAO ESPECIALIZADA              ;Dispensa de Licitação;000000852025
20252150021810311;12/11/2025 00:00:00;970,00;;;0,00;;;0,00;33903000;MATERIAL DE CONSUMO;09034672000192;SECRETARIA MUNICIPAL DE SAUDE;970,00;SECRETARIA MUNICIPAL DE SAUDE                                                                                                                                                                                                                                ;SAUDE - 10;ASSISTENCIA HOSPITALAR E AMBULATORIAL - 302;TRANSFERENCIA DE RECURSOS DO SISTEMA UNICO DE SAUDE - SUS - BLOCO DE MANUTENCAO DAS ACOES E SERVICOS PUBLICOS DE SAUDE - 107;MAEVE PRODUTOS HOSPITALARES LTDA;ATA 52/2025, PROCESSO SEI: 25.29.000042674-6 E DOCUMENTOS EM ANEXO.         .                                                                           LOCAL DA ENTREGA:ALMOXARIFADO CENTRAL SMS, AV.PERIMETRAL NORTE COND.GOIA    ZEM, BL.E, GALPOES 09/10, VL.JOAO VAZ, CEP:74.425-090, GO/GO. FONES:62-3    524-3401/3407, HORARIO:08:00 AS 17:00.                                      .                                                                           64 - TRANSFERENCIAS DE RECURSOS DO SUS - ATENCAO ESPECIALIZADA              SOLICITACAO FINANCEIRA: 174847/2025                                         ESCLARECIMENTOS CONFORME MEMO 244/2025, PARECER 323/2025, PE 90001/2025,    NOTA FISCAL, DETALHANDO MARCA/FABRICANTE/MODELO/TIPO/PROCEDENCIA. DEMAIS    RECEBIMENTO DA NOTA DE EMPENHO,ENTREGA EM PERFEITAS CONDICOES C/A DEVIDA    CORRIDOS CONFORME TERMO DE REFERENCIA (8457480) CONTADOS A PARTIR DO        OBS: O FORNECIMENTO DEVERA SER EFETUADO C/ PRAZO NAO SUP. A 20 DIAS         .                                                                           VALOR TOTAL:.........................................................970,00 COD:176303..............500FR..............01,94.....................970,00 MARCA: UNIAO QUIMICA                                                        02 (ITEM R27) - DESLANOSIDEO 0,2MG/ML INJETAVEL AMPOLA FR C/2ML             .                                                                           SCC:794091 - SEI:25.29.000042674-6                                          75 PRECEL - AQUISICAO DE 02 MESES - ITEM 02 - REMUME -100% MAC              MEMORANDO 244 GEREMO - PARECER 323 GERPSR - DESPACHO 947 GERCOM - DESPACHO 7LHO PREGAO ELETRONICO Nº 90001/2025 - ATA DE REGISTRO DE PRECO Nº 052/2025  AQUISICAO DE MEDICAMENTOS PARA ABASTECIMENTO DAS UNIDADES SMS - 5º PEDIDO FI;Pregão;000900012025
20252150021810312;12/11/2025 00:00:00;31356,00;;;0,00;;;0,00;33903000;MATERIAL DE CONSUMO;21681325000157;SECRETARIA MUNICIPAL DE SAUDE;31356,00;SECRETARIA MUNICIPAL DE SAUDE                                                                                                                                                                                                                                ;SAUDE - 10;ASSISTENCIA HOSPITALAR E AMBULATORIAL - 302;TRANSFERENCIA DE RECURSOS DO SISTEMA UNICO DE SAUDE - SUS - BLOCO DE MANUTENCAO DAS ACOES E SERVICOS PUBLICOS DE SAUDE - 107;MULTIFARMA COMERCIAL LTDA;AQUISICAO DE MEDICAMENTOS PARA ABASTECIMENTO DAS UNIDADES DE SAUDE SMS - 2º PEDIDO FILHO PREGÃO ELETRÔNICO Nº90001/2025 - ATA REGISTRO PREÇO Nº056/2025 MEMORANDO 247 GEREMO - PARECERE 325 GERPSR - DESPACHO 944 GERCOM - DESPACHO 772 PRECEL - AQUISICAO 04 MESES - 100% MAC - REMUNE                         SCC:794113 - SEI:25.29.000042988-5                                          .                                                                           01 (ITEM R35) - ESCETAMINA CLORIDRATO 50MG/ML AMPOLA FR C/10ML              MARCA: CRISTALIA                                                            COD:712388..............400FR..............78,39..................31.356,00 VALOR TOTAL:......................................................31.356,00 .                                                                           OBS: O FORNECIMENTO DEVERA SER EFETUADO C/ PRAZO NAO SUP. A 20 DIAS         CORRIDOS CONFORME TERMO DE REFERENCIA (8477465) CONTADOS A PARTIR DO        RECEBIMENTO DA NOTA DE EMPENHO,ENTREGA EM PERFEITAS CONDICOES C/A DEVIDA    NOTA FISCAL, DETALHANDO MARCA/FABRICANTE/MODELO/TIPO/PROCEDENCIA. DEMAIS    ESCLARECIMENTOS CONFORME MEMO 247/2025, PARECER 325/2025, PE 90001/2025,    ATA 56/2025, PROCESSO SEI: 25.29.000042988-5 E DOCUMENTOS EM ANEXO.         .                                                                           LOCAL DA ENTREGA:ALMOXARIFADO CENTRAL SMS, AV.PERIMETRAL NORTE COND.GOIA    ZEM, BL.E, GALPOES 09/10, VL.JOAO VAZ, CEP:74.425-090, GO/GO. FONES:62-3    524-3401/3407, HORARIO:08:00 AS 17:00.                                      .                                                                           64 - TRANSFERENCIAS DE RECURSOS DO SUS - ATENCAO ESPECIALIZADA              SOLICITACAO FINANCEIRA: 174833/2025                                         ;Pregão;000900012025
20252150021810313;12/11/2025 00:00:00;404690,00;;;0,00;;;0,00;33903000;MATERIAL DE CONSUMO;52415745000115;SECRETARIA MUNICIPAL DE SAUDE;404690,00;SECRETARIA MUNICIPAL DE SAUDE                                                                                                                                                                                                                                ;SAUDE - 10;ASSISTENCIA HOSPITALAR E AMBULATORIAL - 302;TRANSFERENCIA DE RECURSOS DO SISTEMA UNICO DE SAUDE - SUS - BLOCO DE MANUTENCAO DAS ACOES E SERVICOS PUBLICOS DE SAUDE - 107;VIA PRIME NUTRICAO HOSPITALAR LTDA;AQUISICAO DE DIETAS ESPECIAIS E FORMULAS INFANTIS PARA ABASTECIMENTO NA SMS PREGAO ELETRONICO Nº 90006/2025 - ATA REGISTRO DE PRECO Nº 030/2025, MEMORANDO 241 GEREMO - PARECER 315 GERPSR - DESPACHO 928 GERCOM - DESPACHO 756 PRECEL - AQUISIÇÃO 03 MESES - 100% MAC - SCC:794156 - SEI:25.29.000042104-3     .                                                                           01 (ITEM R14) - FORMULA NUT. ENT./ORAL LIQ.,POLIM.,HIPERCAL.(1,5KCAL/ML)    C/MIX FIBRAS SOL. E INSOL. S/LAC.,SACAR. E GLUTEN UN C/1000ML               MARCA: ISOSOURCE 1.5/NESTLE                                                 COD:720658...........14.300UN..............28,30.................404.690,00 VALOR TOTAL:.....................................................404.690,00 .                                                                           OBS: O FORNECIMENTO DEVERA SER EFETUADO C/ PRAZO NAO SUP. A 20 DIAS         CORRIDOS CONFORME TERMO DE REFERENCIA (8419779) CONTADOS A PARTIR DO        RECEBIMENTO DA NOTA DE EMPENHO,ENTREGA EM PERFEITAS CONDICOES C/A DEVIDA    NOTA FISCAL, DETALHANDO MARCA/FABRICANTE/MODELO/TIPO/PROCEDENCIA. DEMAIS    ESCLARECIMENTOS CONFORME MEMO 241/2025, PARECER 315/2025, PE 90006/2025,    ATA 30/2025, PROCESSO SEI: 25.29.000042104-3 E DOCUMENTOS EM ANEXO.         .                                                                           LOCAL DA ENTREGA:ALMOXARIFADO CENTRAL SMS, AV.PERIMETRAL NORTE COND.GOIA    ZEM, BL.E, GALPOES 09/10, VL.JOAO VAZ, CEP:74.425-090, GO/GO. FONES:62-3    524-3401/3407, HORARIO:08:00 AS 17:00.                                      64 - TRANSFERENCIAS DE RECURSOS DO SUS - ATENCAO ESPECIALIZADA              SOLICITACAO FINANCEIRA: 174825/2025                                         .                                                                           ;Pregão;000900062025
20252150021810314;12/11/2025 00:00:00;178354,60;;;0,00;;;0,00;33903000;MATERIAL DE CONSUMO;52415745000115;SECRETARIA MUNICIPAL DE SAUDE;178354,60;SECRETARIA MUNICIPAL DE SAUDE                                                                                                                                                                                                                                ;SAUDE - 10;ASSISTENCIA HOSPITALAR E AMBULATORIAL - 302;TRANSFERENCIA DE RECURSOS DO SISTEMA UNICO DE SAUDE - SUS - BLOCO DE MANUTENCAO DAS ACOES E SERVICOS PUBLICOS DE SAUDE - 107;VIA PRIME NUTRICAO HOSPITALAR LTDA;VALOR TOTAL:.....................................................178.354,60 .                                                                           OBS: O FORNECIMENTO DEVERA SER EFETUADO C/ PRAZO NAO SUP. A 20 DIAS         CORRIDOS CONFORME TERMO DE REFERENCIA (8420106) CONTADOS A PARTIR DO        RECEBIMENTO DA NOTA DE EMPENHO,ENTREGA EM PERFEITAS CONDICOES C/A DEVIDA    NOTA FISCAL, DETALHANDO MARCA/FABRICANTE/MODELO/TIPO/PROCEDENCIA. DEMAIS    ESCLARECIMENTOS CONFORME MEMO 242/2025, PARECER 316/2025, PE 90006/2025,    ATA 30/2025, PROCESSO SEI: 25.29.000042109-4 E DOCUMENTOS EM ANEXO.         .                                                                           LOCAL DA ENTREGA:ALMOXARIFADO CENTRAL SMS, AV.PERIMETRAL NORTE COND.GOIA    ZEM, BL.E, GALPOES 09/10, VL.JOAO VAZ, CEP:74.425-090, GO/GO. FONES:62-3    524-3401/3407, HORARIO:08:00 AS 17:00.                                      .                                                                           64 - TRANSFERENCIAS DE RECURSOS DO SUS - ATENCAO ESPECIALIZADA              SOLICITACAO FINANCEIRA: 174826/2025                                         AQUISICAO DE DIETAS ESPECIAIS E FORMULAS INFANTIS PARA ABASTECIMENTO NA SMS PREGÃO ELETRÔNICO Nº 90006/2025 - ATA REGISTRO DE PRECO Nº 030/2025, MEMORANDO 242 GEREMO - PARECER 316 GERPSR - DESPACHO 929 GERCOM - DESPACHO 757 PRECEL - AQUISIÇÃO DE 03 MESES - 100% MAC - SCC:794121 - SEI:25.29.000042109-4  .                                                                           01 (ITEM R03) - FORMULA NUTR.ENT.POLIM.NORMO: CAL. (1.2KCAL/ML)/PROT.       SOJA S/: FIBRAS/LACT./SACAR./GLUTEN - MARCA: ISOSOURCE SOYA/NESTLE          COD:701548.............1.400L..............15,80..................22.120,00 02 (ITEM R09) - FORMULA INFANTIL PO NUTRICIONAL COMPLETA ELEMENTAR 100% AA  LIVRES - MARCA: ALFAMINO 400G/NESTLE                                        COD:468410..............580KG.............269,37.................156.234,60 ;Pregão;000900062025
20252150021810315;12/11/2025 00:00:00;17316,50;;;0,00;;;0,00;33903000;MATERIAL DE CONSUMO;26457348000104;SECRETARIA MUNICIPAL DE SAUDE;17316,50;SECRETARIA MUNICIPAL DE SAUDE                                                                                                                                                                                                                                ;SAUDE - 10;ASSISTENCIA HOSPITALAR E AMBULATORIAL - 302;TRANSFERENCIA DE RECURSOS DO SISTEMA UNICO DE SAUDE - SUS - BLOCO DE MANUTENCAO DAS ACOES E SERVICOS PUBLICOS DE SAUDE - 107;C. A HOSPITALAR EIRELI;MARCA: HALEX ISTAR                                                          COD:529869..............500FR..............15,82...................7.910,00 VALOR TOTAL:......................................................17.316,50 .                                                                           OBS: O FORNECIMENTO DEVERA SER EFETUADO C/ PRAZO NAO SUP. A 20 DIAS         CORRIDOS CONFORME TERMO DE REFERENCIA (8461087) CONTADOS A PARTIR DO        RECEBIMENTO DA NOTA DE EMPENHO,ENTREGA EM PERFEITAS CONDICOES C/A DEVIDA    NOTA FISCAL, DETALHANDO MARCA/FABRICANTE/MODELO/TIPO/PROCEDENCIA. DEMAIS    ESCLARECIMENTOS CONFORME MEMO 245/2025, PARECER 324/2025, PE 90001/2025,    ATA 47/2025, PROCESSO SEI: 25.29.000042733-5 E DOCUMENTOS EM ANEXO.         .                                                                           LOCAL DA ENTREGA:ALMOXARIFADO CENTRAL SMS, AV.PERIMETRAL NORTE COND.GOIA    ZEM, BL.E, GALPOES 09/10, VL.JOAO VAZ, CEP:74.425-090, GO/GO. FONES:62-3    524-3401/3407, HORARIO:08:00 AS 17:00.                                      .                                                                           64 - TRANSFERENCIAS DE RECURSOS DO SUS - ATENCAO ESPECIALIZADA              SOLICITACAO FINANCEIRA: 174844/2025                                         AQUISICAO DE MEDICAMENTOS PARA ABASTECIMENTO DAS UNIDADES DA SMS - 2º PEDIDOFILHO PREGAO ELETRONICO Nº 90001/2025 - ATA REGISTRO DE PRECO Nº 047/2025   MEMORANDO 245 GEREMO - PARECER 324 GERPSR - DESPACHO 773 PRECEL - AQUISICAO 06 MESES - ITEM 01, 02 E 03 - RENUME - 50% MAC                              SCC:794105 - SEI:25.29.000042733-5                                          .                                                                           01 (ITEM R05) - AMINOFILINA 24MG/ML INJETAVEL FR C/10ML - MARCA: HIPOLABOR  COD:010707............1.100FR..............01,88...................2.068,00 02 (ITEM R37) - ETOMIDATO 2MG INJETAVEL FR C/10ML - MARCA: BLAU             COD:400220..............650FR..............11,29...................7.338,50 03 (ITEM R59) - METOPROLOL TARTARATO 1MG/ML INJETAVEL FR C/5ML              ;Pregão;000900012025
20252150021810316;12/11/2025 00:00:00;46530,00;;;0,00;;;0,00;33903000;MATERIAL DE CONSUMO;55391431000118;SECRETARIA MUNICIPAL DE SAUDE;46530,00;SECRETARIA MUNICIPAL DE SAUDE                                                                                                                                                                                                                                ;SAUDE - 10;ASSISTENCIA HOSPITALAR E AMBULATORIAL - 302;TRANSFERENCIA DE RECURSOS DO SISTEMA UNICO DE SAUDE - SUS - BLOCO DE MANUTENCAO DAS ACOES E SERVICOS PUBLICOS DE SAUDE - 107;OURO FLEX COMERCIAL LTDA;UTEIS    CONFORME TERMO DE REFERENCIA (8415742) CONTADOS A PARTIR DO        RECEBIMENTO DA NOTA DE EMPENHO,ENTREGA EM PERFEITAS CONDICOES C/A DEVIDA    NOTA FISCAL, DETALHANDO MARCA/FABRICANTE/MODELO/TIPO/PROCEDENCIA. DEMAIS    ESCLARECIMENTOS CONFORME MEMO 240/2025, PARECER 314/2025, PE 90017/2025,    ATA 125/2025, PROCESSO SEI: 25.29.000042042-0 E DOCUMENTOS EM ANEXO.        .                                                                           LOCAL DA ENTREGA:ALMOXARIFADO CENTRAL SMS, AV.PERIMETRAL NORTE COND.GOIA    ZEM, BL.E, GALPOES 09/10, VL.JOAO VAZ, CEP:74.425-090, GO/GO. FONES:62-3524-3401/3407, HORARIO:08:00 AS 17:00.                                          .                                                                           64 - TRANSFERENCIAS DE RECURSOS DO SUS - ATENCAO ESPECIALIZADA              SOLICITACAO FINANCEIRA: 174836/2025                                         AQUISICAO DE MATERIAL DE LIMPEZA E CONSERVACAO ART. DOMEST. (COLCHAO ESPUMA)1º PEDIDO FILHO DO PREGAO ELETRONICO Nº 90017/2025 - ATA REGISTRO DE PRECO N125/2025, MEMORANDO 240 GEREMO - PARECER 314 GERPSR - DESPACHO 770 PRECEL - 50% MAC - ITEM 01 E 02 - SCC:794181 - SEI:25.29.000042042-0                 .                                                                           01 (ITEM R02) - COLCHAO ESPUMA BERCO - MARCA: OUROFLEX                      COD:065528...............20UN..............69,00...................1.380,00 02 (ITEM R03) - COLCHAO ESPUMA CAMA ADULTO - MARCA: OUROFLEX                COD:164682..............210UN.............215,00..................45.150,00 VALOR TOTAL:......................................................46.530,00 .                                                                           OBS: O FORNECIMENTO DEVERA SER EFETUADO C/ PRAZO NAO SUP. A 20 DIAS         ;Pregão;000900172025
20252150021810317;12/11/2025 00:00:00;14910,00;;;0,00;;;0,00;33903000;MATERIAL DE CONSUMO;55391431000118;SECRETARIA MUNICIPAL DE SAUDE;14910,00;SECRETARIA MUNICIPAL DE SAUDE                                                                                                                                                                                                                                ;SAUDE - 10;ASSISTENCIA HOSPITALAR E AMBULATORIAL - 302;TRANSFERENCIA DE RECURSOS DO SISTEMA UNICO DE SAUDE - SUS - BLOCO DE MANUTENCAO DAS ACOES E SERVICOS PUBLICOS DE SAUDE - 107;OURO FLEX COMERCIAL LTDA;3401/3407, HORARIO:08:00 AS 17:00.                                          .                                                                           64 - TRANSFERENCIAS DE RECURSOS DO SUS - ATENCAO ESPECIALIZADA              SOLICITACAO FINANCEIRA: 174839/2025                                         OBS: O FORNECIMENTO DEVERA SER EFETUADO C/ PRAZO NAO SUP. A 20 DIAS         UTEIS    CONFORME TERMO DE REFERENCIA (8415742) CONTADOS A PARTIR DO        RECEBIMENTO DA NOTA DE EMPENHO,ENTREGA EM PERFEITAS CONDICOES C/A DEVIDA    NOTA FISCAL, DETALHANDO MARCA/FABRICANTE/MODELO/TIPO/PROCEDENCIA. DEMAIS    ESCLARECIMENTOS CONFORME MEMO 240/2025, PARECER 314/2025, PE 90017/2025,    ATA 125/2025, PROCESSO SEI: 25.29.000042042-0 E DOCUMENTOS EM ANEXO.        .                                                                           LOCAL DA ENTREGA:ALMOXARIFADO CENTRAL SMS, AV.PERIMETRAL NORTE COND.GOIA    ZEM, BL.E, GALPOES 09/10, VL.JOAO VAZ, CEP:74.425-090, GO/GO. FONES:62-3524-AQUISICAO DE MATERIAL CLINICO HOSPITALAR (COLCHAO ESPUMA) - 1º PEDIDO FILHO DO PREGAO ELETRONICO Nº 90017/2025 - ATA REGISTRO DE PRECO N 125/2025, MEMORANDO 240 GEREMO - PARECER 314 GERPSR - DESPACHO 770 PRECEL - 50% MAC - ITEM 03 E 04 - SCC:794181 - SEI:25.29.000042042-0                                .                                                                           03 (ITEM R04) - COLCHAO ESPUMA MACA D28 OBESO - MARCA: OUROFLEX             COD:651451...............70UN.............135,00...................9.450,00 04 (ITEM R05) - COLCHAO ESPUMA MACA D28 SOLTEIRO - MARCA: OUROFLEX          COD:651460..............105UN..............52,00...................5.460,00 VALOR TOTAL:......................................................14.910,00 .                                                                           ;Pregão;000900172025
20252150021810318;17/11/2025 00:00:00;7394,04;;;0,00;;;0,00;33903000;MATERIAL DE CONSUMO;09034672000192;SECRETARIA MUNICIPAL DE SAUDE;7394,04;SECRETARIA MUNICIPAL DE SAUDE                                                                                                                                                                                                                                ;SAUDE - 10;ASSISTENCIA HOSPITALAR E AMBULATORIAL - 302;TRANSFERENCIA DE RECURSOS DO SISTEMA UNICO DE SAUDE - SUS - BLOCO DE MANUTENCAO DAS ACOES E SERVICOS PUBLICOS DE SAUDE - 107;MAEVE PRODUTOS HOSPITALARES LTDA;DESPESA COM AQUISICAO DE MEDICAMENTOS 1 PEDIDO FILHO DO PREGAO ELETRONICO   NR 90002/2025, ATA DE REGISTRO DE PRECOS NR 33/2025, CONFORME MEMORANDO     NR 114/2025/GEREMO, PARECER 144/2025/GERPSR, PARA ABASTECIMENTO DAS         UNIDADES BASICAS DE SAUDE/SMS POR UM PERIODO ESTIMADOS DE 6 MESES           60% MAC - SCC: 784410 - SEI:25.29.000029650-8                               .                                                                           01 (ITEM R31) - ZOLPIDEM HEMITARTARATO 10MG COMPRIMIDO - MARCA:SANDOZ       COD:460591...........68.400UN.............0,1081...................7.394,04 VALOR TOTAL:.......................................................7.394,04 .                                                                           OBS: O FORNECIMENTO DEVERA SER EFETUADO C/ PRAZO NAO SUP. A 20 DIAS         CONTADOS A PARTIR DO RECEBIMENTO DA NOTA DE EMPENHO,ENTREGA EM PERFEITAS    CONDICOES C/A DEVIDA NOTA FISCAL,DETALHANDO MARCA/FABRICANTE/MODELO/TIPO/   PROCEDENCIA.DEMAIS ESCLARECIMENTOS CONF MEMO 114/2025, ATA 33/2025,         PE 90002/2025 E PARECER 144/2025 PROCESSO SEI: 25.29.000029650-8 E          DOCUMENTOS EM ANEXO.                                                        .                                                                           LOCAL DA ENTREGA:ALMOXARIFADO CENTRAL SMS, AV.PERIMETRAL NORTE COND.GOIA    ZEM, BL.E, GALPOES 09/10, VL.JOAO VAZ, CEP:74.425-090, GO/GO. FONES:62-3    524-3401/3407, HORARIO:08:00 AS 17:00.                                      .                                                                           64 - TRANSFERENCIAS DE RECURSOS DO SUS - ATENCAO ESPECIALIZADA              SOLICITACAO FINANCEIRA: 165954/2025                                         ;Pregão;000900022025
20252150022310024;07/11/2025 00:00:00;297360,00;;;0,00;;;0,00;33903000;MATERIAL DE CONSUMO;43975707000126;SECRETARIA MUNICIPAL DE SAUDE;297360,00;SECRETARIA MUNICIPAL DE SAUDE                                                                                                                                                                                                                                ;SAUDE - 10;ASSISTENCIA HOSPITALAR E AMBULATORIAL - 302;TRANSFERENCIA DE RECURSOS DO SISTEMA UNICO DE SAUDE - SUS / ESTADOS - 131;NORTE PHARMA COM. ATAC. DE PROD. FARM. E HOSP. LTDA;"DAS POR AGENDAMENTO PREVIO,PELO E-MAIL:CIAD.GOIANIA@BRANETOLGISTICA.COM.BR  MAIORES INFORMACOES PELOS TELEFONES:(62)3524-3404/3407.                     .                                                                           SOLICITACAO FINANCEIRA:174713 - 2025.                                       .                                                                           FONTE:131-TRANSFERENCIA DE RECURSOS DO SISTEMA UNICO DE SAUDE-SUS/ESTADOS   FONTE DETALHADA:17 - MEDIA ALTA COMPLEXIDADE - MAC                          FONTE/CO STN:1621 0000 - TRANSFERENCIAS FUNDO A FUNDO DE RECURSOS DO SUS PROVENIENTES DO GOVERNO ESTADUAL                                               09/10, VL.JOAO VAZ, CEP:74425-090, GOIANIA/GO.AS ENTREGAS DEVERAO SER EFETUAGUINTE ENDERECO: AVENIDA PERIMETRAL NORTE, CONDOMINIO GOIAZEM, BL.E, GALPOESLOCAL DA ENTREGA:ALMOXARIFADO CENTRAL DA SECRETARIA MUNICIPAL DE SAUDE,NO SEDE PRAZO SEJA ANALISADO,RESSALVADAS SITUACOES DE CASO FORTUITO E FORCA MAIORTRO)HORAS QUE ANTECEDE A ENTREGA, PARA QUE QUALQUER PLEITO DE PRORROGACAO DECAR A ADMINISTRACAO AS RAZOES RESPECTIVAS NO PRAZO MAXIMO DE 24 (VINTE E QUACASO NAO SEJA POSSIVEL A ENTREGA NA DATA ASSINALADA, A EMPRESA DEVERA COMUNIZO TOTAL RECOMENDADO PELO FABRICANTE PARA LIQUIDOS ORAIS OU INJETAVEIS.     ZO TOTAL RECOMENDADO PELO FABRICANTE PARA SOLIDOS OU 15 MESES OU 65% DO PRA-VALIDADE NA DATA DA ENTREGA NAO PODERA SER INFERIOR A 16 MESES OU 70% DO PRAESPECIFICACAO DO ITEM, MARCA DO FABRICANTE E QUANTIDADE ENTREGUE;O PRAZO  DENHADOS DOS DOCUMENTOS FISCAIS RESPECTIVOS, DEVE CONTER, OBRIGATORIAMENTE,  ADA ORDEM DE ENTREGA OU NOTA DE EMPENHO/AUTORIZACAO DE FORNECIMENTO E ACOMPA-O PRAZO DE ENTREGA DOS BENS E DE 20(VINTE)DIAS, CONTADOS APOS O RECEBIMENTO .                                                                           VALOR TOTAL:......................................................297.360,00COD:01222-0...............59.000,00FR.........5,0400..............297.360,000ML                                                                         ITEM 1(R31) - CLORETO SODIO 0,9% SOLUCAO INJETAVEL SISTEMA FECHADO FR C/500,.                                                                           AQUISICAO PARA 45 DIAS CONF.ANEXOS SEI 25.29.000031184-1 - SCC:789772.      - DESPACHO 430 PRECEL - P/ ABASTECER AS UNIDADES DESAUDE DA SMS DE GOIANIA, 24-PE 029/2024-SRP. MEMO 128 GEREMO -PED.COMPRAS 346/2025-PARECER 171 GERPSRDESPESA COM AQUISICA DE MEDICAMENTOS - 7º PED.FILHO DA ATA DE PRECO N 086/20";Pregão;000900292024
20252150022310025;26/11/2025 00:00:00;97061,00;;;0,00;;;0,00;33903000;MATERIAL DE CONSUMO;12889035000293;SECRETARIA MUNICIPAL DE SAUDE;97061,00;SECRETARIA MUNICIPAL DE SAUDE                                                                                                                                                                                                                                ;SAUDE - 10;ASSISTENCIA HOSPITALAR E AMBULATORIAL - 302;TRANSFERENCIA DE RECURSOS DO SISTEMA UNICO DE SAUDE - SUS / ESTADOS - 131;INOVAMED HOSPITALAR LTDA;DESPESA COM AQUISICAO DE MEDICAMENTOS ATRAVES DO 2º PEDIDO FILHO, PREGAO ELETRONICO Nº 90002/2025, ATA DE REGISTRO DE PRECOS Nº 045/2025, CONF.MEMORANDONº 254/2025-SMS/GEREMO, PARECER Nº 339/2025-SMS/GERPSR, PEDIDO DE COMPRA Nº 660/2025. SEI 25.29.000044662-3. SCC:795934.                                .                                                                           ITEM 01 (R29) -SERTRALINA CLORIDRATO 50 MG COMPRIMIDO M:CIMED.              COD:395315...................961.000,00UN.......0,1010.............97.061,00VALOR TOTAL:.......................................................97.061,00.                                                                           O FORNECIMENTO DEVERA SER EFETUADO,C/PRAZO DE ENTREGA NAO SUPERIOR A 20 (VINTE) DIAS, CONTADOS A PARTIR DO RECEBIMENTO DA NOTA DE EMPENHO/AUTORIZACAO DEFORNECIMENTO E ACOMPANHADOS DOS DOCUMENTOS FISCAIS RESPECTIVOS, DEVE CONTER,OBRIGATORIAMENTE, A ESPECIFICACAO DO ITEM, MARCA DO FABRICANTE E QUANTIDADE ENTREGUE.DEMAIS ESCLARECIMENTOS CONF.MEMO 254/25-GEREMO E EDITAL EV.8589218.LOCAL:ALMOXARIFADO CENTRAL DA SECRETARIA MUNICIPAL DE SAUDE NO SEGUINTE ENDERECO:AVENIDA PERIMETRAL NORTE, CONDOMINIO GOIAZEM, BLOCO E, GALPAO 09 E 10, VILA JOAO VAZ, CEP: 74.425-090, GOIANIA - GOIAS. TELEFONES: (62) 3524-3401 /3524-3407, NO HORARIO DAS 08H00MIN AS 17H00MIN, MEDIANTE AGENDAMENTO PREVIO PELO E-MAIL CIAD.GOIANIA@BRANETLOGISTICA.COM.BR.                            .                                                                           FONTE 131-TRANSFERENCIA DE RECURSOS DO SISTEMA UNICO DE SAUDE - SUS/ESTADOS FONTE DETALHADA 17 - MEDIA ALTA COMPLEXIDADE - MAC                          SOLICITACAO FINANCEIRA: 175416 - 2025.                                      ;Pregão;000900022025
20252150022710066;17/11/2025 00:00:00;7796,75;;;0,00;;;0,00;33903200;MATERIAL DE DISTRIBUICAO GRATUITA;48174071000137;SECRETARIA MUNICIPAL DE SAUDE;7796,75;SECRETARIA MUNICIPAL DE SAUDE                                                                                                                                                                                                                                ;SAUDE - 10;ASSISTENCIA HOSPITALAR E AMBULATORIAL - 302;TRANSFERENCIA DE RECURSOS DO SISTEMA UNICO DE SAUDE - SUS - BLOCO DE MANUTENCAO DAS ACOES E SERVICOS PUBLICOS DE SAUDE - 107;WISDOM DISTRIBUIDORA DE MEDICAMENTOS LTDA;"O PRAZO DE VALIDADE DO SENSOR NAO PODERA SER INFERIOR A 12 MESES OU   80% DOPRAZO TOTAL RECOMENDADO PELO FABRICANTE. DEMAIS ESCLARECIMENTOS CONFORME TERMO DE REFERENCIA EM ANEXO NOS AUTOS(EVENTO7141838).LOCAL:OS BENS DEVERAO SERENTREGUES NO ALMOXARIFADO CENTRAL DA SECRETARIA MUNICIPAL DE SAUDE, ENDERECOAVENIDA PERIMETRAL NORTE, CONDOMINIO GOIAZEM, BLOCO E, GALPAO 09 E 10, VILA JOAO VAZ, CEP:74.425-090, GOIANIA/GOIAS.AS ENTREGAS DEVERAO SER EFETUADAS MEDIANTE AGENDAMENTO PREVIO, ATRAVES DO E-MAIL CIAD.GOIANIA@BRANETOLGISTICA.COM.BR, MAIORES INFORMACOES PELOS TELEFONES:(62)3524-3404/3407.               SOLICITACAO FINANCEIRA: 174698 - 2025.                                      .                                                                           FONTE:107-TRANSFERENCIA DE RECURSOS DO SISTEMA UNICO DE SAUDE -SUS- BLOCODE MANUTENCAO DAS ACOES E SERVICOS PUBLICOS DE SAUDE                           FONTE DETALHADA:64-TRANSFERENCIAS DE RECURSOS DO SUS - ATENCAO ESPECIALIZADAN.921/2025 (GERCOM),PED.COMPRAS 207/2025 - SCC:79527, SEI 25.29.000017424-0..                                                                           ITEM 01-KIT MONITOR PORTATIL GLICEMIA P/SENSOR INTERSTICIAL C/SENSORES GLICOSE 5 X 35MM X 5G.  M:ABBOTT.                                                COD:73609-0..........1,00UN................7.796,7500...............7.796,75VALOR TOTAL:........................................................7.796,75.                                                                           ENTREGA:SERA EM REMESSA UNICA, NO PRAZO NAO SUPERIOR A 15 (QUINZE) DIAS, CONTADOS APOS O RECEBIMENTO DA ORDEM DE ENTREGA OU NOTA DE EMPENHO/AUTORIZACAO DE FORNECIMENTO, ACOMPANHADOS DOS DOCUMENTOS FISCAIS RESPECTIVOS,DEVE CONTEROBRIGATORIAMENTE, A ESPECIFICACAO DO ITEM, MARCA DO FABRICANTE E QUANTIDADE ENTREGUE, BEM COMO O SEU ACONDICIONAMENTO;RESSALTA-SE QUE NA DATA DA ENTREGADESPESA C/AQUISICAO DE KIT MONITOR PORT.DE GLICEMIA  EM ATENDIMENTO DE MANDADO DE NOTIF.E INTIMACAO APRESENTADO PELO PJE GOIAS,REFERENTE AO PROCESSO JU-DICIAL N. 5225651-09.2025.8.09.0051, MEMO N.366/2025 GERESP,PARECER N. 98/2025(GERPSR),AVISO N.72/2025 DISPENSA ELETRONICA N.90061/2025(GERCOM),DESPACHO";Dispensa de Licitação;000000282025
20252150022710067;18/11/2025 00:00:00;8602,80;;;0,00;;;0,00;33903200;MATERIAL DE DISTRIBUICAO GRATUITA;48174071000137;SECRETARIA MUNICIPAL DE SAUDE;8602,80;SECRETARIA MUNICIPAL DE SAUDE                                                                                                                                                                                                                                ;SAUDE - 10;ASSISTENCIA HOSPITALAR E AMBULATORIAL - 302;TRANSFERENCIA DE RECURSOS DO SISTEMA UNICO DE SAUDE - SUS - BLOCO DE MANUTENCAO DAS ACOES E SERVICOS PUBLICOS DE SAUDE - 107;WISDOM DISTRIBUIDORA DE MEDICAMENTOS LTDA;"AQUISICAO DE KIT SENSORES PARA MONITORAZACAO CONTINUA DE GLICEMIA EM CUMPRIMENTO A DECISAO JUDICIAL PROCESSO 5079214-96.2025.8.09.0051 PEDIDO DE COMPRA 97/2025 DESPACHO 442/2025 - SCC:786021 - SEI:25.6.000003768-7               .                                                                           ITEM 1 - SENSOR GLICOSE 5 X 35MM X 5G VIDA UTIL - MARCA:ABBOTT              COD:731439...............24UN.............358,45...................8.602,80 VALOR TOTAL:.......................................................8.602,80 .                                                                           QUANTO AS CONDICOES E PRAZO DE ENTREGA: SERA EM REMESSA UNICA, NO PRAZO NAO SUPERIOR A 15(QUINZE) DIAS, CONTADOS APOS O RECEBIMENTO DA ORDEM DE ENTREGA OU NOTA DE EMPENHO/AUTORIZACAO DE FORNECIMENTO, ACOMPANHADOS DOS DOCUMENTOS FISCAIS RESPECTIVOS, DEVE CONTER, OBRIGATORIAMENTE, A ESPECIFICACAO DO ITEM,MARCA DO FABRICANTE E QUANTIDADE ENTREGUE, BEM COMO O SEU ACONDICIONAMENTO; DEMAIS ESCLARECIMENTOS CONFORME TERMO DE REFERENCIA E ANEXOS.               OS BENS DEVERAO SER ENTREGUES NO ALMOXARIFADO CENTRAL DA SECRETARIA MUNICI- PAL DE SAUDE, NO SEGUINTE ENDERECO:AVENIDA PERIMETRAL NORTE,CONDOMINIO GOIA-ZEM, BLOCO E, GALPAO 09 E 10, VILA JOAO VAZ, CEP: 74.425-090, GOIANIA/GOIAS..                                                                           64 - TRANSFERENCIAS DE RECURSOS DO SUS - ATENCAO ESPECIALIZADA              SOLICITACAO FINANCEIRA: 165562/2025                                         ";Dispensa de Licitação;000900282025
20252150024030062;04/11/2025 00:00:00;6027,09;;;0,00;;;0,00;33903600;OUTROS SERVICOS DE TERCEIROS - PESSOA FISICA;00084476346120;SECRETARIA MUNICIPAL DE SAUDE;6027,09;SECRETARIA MUNICIPAL DE SAUDE                                                                                                                                                                                                                                ;SAUDE - 10;ASSISTENCIA HOSPITALAR E AMBULATORIAL - 302;TRANSFERENCIA DE RECURSOS DO SISTEMA UNICO DE SAUDE - SUS - BLOCO DE MANUTENCAO DAS ACOES E SERVICOS PUBLICOS DE SAUDE - 107;VANUSA MARIA DE FATIMA BORBA;DESPESA COM RENOVACAO DE LOCACAO IMOVEL VISANDO CONTINUIDADE DOS SERVICOS DARESIDENCIA TERAPEUTICA ESPERANCA II.VALOR RELATIVO AO PERIODO DE SETEMBRO A DEZEMBRO DE 2025, CONF.DESPACHO N.356/2025-GERINF/SMS,PEDIDO DE COMPRAS 492/2025-GERCOM. SCC : 789004  - SEI 25.29.000016708-2.                         .                                                                           VALOR MENSAL DE SETEMBRO A NOVEMBRO DE 2025:........................2.009,03VALOR TOTAL:........................................................6.027,09.                                                                           64 - TRANSFERENCIAS DE RECURSOS DO SUS - ATENCAO ESPECIALIZADA              SOLICITACAO FINANCEIRA:167583/2025                                          ;Inexigibilidade de Licitação;000003562025
20252150024030063;04/11/2025 00:00:00;6249,15;;;0,00;;;0,00;33903600;OUTROS SERVICOS DE TERCEIROS - PESSOA FISICA;00084476346120;SECRETARIA MUNICIPAL DE SAUDE;6249,15;SECRETARIA MUNICIPAL DE SAUDE                                                                                                                                                                                                                                ;SAUDE - 10;ASSISTENCIA HOSPITALAR E AMBULATORIAL - 302;TRANSFERENCIA DE RECURSOS DO SISTEMA UNICO DE SAUDE - SUS - BLOCO DE MANUTENCAO DAS ACOES E SERVICOS PUBLICOS DE SAUDE - 107;VANUSA MARIA DE FATIMA BORBA;.                                                                           VALOR EMPENHADO DE 10/2025 A 12/2025 COM MENSAIS DE:..............2.083,05  DESPESA RENOVAÇÃO DE LOCAÇÃO IMOVVEL VISANDO CONTINUIDADE DOS SERVIÇOS DA RESIDENCIA TERAPEUTICA ESPERANÇA I, MEMORANDO 173,309 E 355 GERINF - DESPACHO 150 SEGOV/PRECAIMU - DESPACHO 696 GERCOM- SETEMBRO/25 A AGOSTO/26           SCC:789012 - SEI:25.29.0000167074                                           VALOR TOTAL:......................................................6.249,15  .                                                                           64 - TRANSFERENCIAS DE RECURSOS DO SUS - ATENCAO ESPECIALIZADA              SOLICITACAO FINANCEIRA: 167585/2025                                         ;Inexigibilidade de Licitação;000003552025
20252150024030064;04/11/2025 00:00:00;8121,00;;;0,00;;;0,00;33903600;OUTROS SERVICOS DE TERCEIROS - PESSOA FISICA;00097388564187;SECRETARIA MUNICIPAL DE SAUDE;8121,00;SECRETARIA MUNICIPAL DE SAUDE                                                                                                                                                                                                                                ;SAUDE - 10;ASSISTENCIA HOSPITALAR E AMBULATORIAL - 302;TRANSFERENCIA DE RECURSOS DO SISTEMA UNICO DE SAUDE - SUS - BLOCO DE MANUTENCAO DAS ACOES E SERVICOS PUBLICOS DE SAUDE - 107;LIDIANE FERNANDES DA SILVA NOGUEIRA;DESPESA COM CONTRATO DE ALUGUEL PARA CONTINUIDADE DOS SERVIÇOS DA RESIDENCIATERAPEUTICA NOVO MUNDO II,MEMORANDO 172, 293 E 354 GERIFN-DESPACHO 145 SEGOV/PRECAIMU - DESPACHO 544 PRECEL, PED.COMPRAS 455/2025 -SCC:788997, CONT.2081/2025,  VIGENCIA:  SETEMBRO/25 A AGOSTO/26.                                 .                                                                           VALOR COM PARCELAS PARA SET/25 E OUT/25.............................5.414,00VALOR PARCELA NOV/25................................................2.707,00VALOR TOTAL:........................................................8.121,00.                                                                           64 - TRANSFERENCIAS DE RECURSOS DO SUS - ATENCAO ESPECIALIZADA              SOLICITACAO FINANCEIRA: 167593 - 2025                                       ;Inexigibilidade de Licitação;000003542025
20252150024810098;26/11/2025 00:00:00;51100,45;0298142025;26/11/2025 00:00:00;51100,45;202521500248100980001;26/11/2025 00:00:00;51100,45;33903900;OUTROS SERVICOS DE TERCEIROS - PESSOA JURIDICA;60701190000104;SECRETARIA MUNICIPAL DE SAUDE;0,00;SECRETARIA MUNICIPAL DE SAUDE                                                                                                                                                                                                                                ;SAUDE - 10;ASSISTENCIA HOSPITALAR E AMBULATORIAL - 302;TRANSFERENCIA DE RECURSOS DO SISTEMA UNICO DE SAUDE - SUS - BLOCO DE MANUTENCAO DAS ACOES E SERVICOS PUBLICOS DE SAUDE - 107;ITAU UNIBANCO S.A.;DESPESA C/REPASSE FINANCEIRO COMPLEMENTAR DECORRENTE DA ASSISTENCIA FINANCEIRA DA UNIAO/MS DESTINADA AO PISO SALARIAL DA ENFERMAGEM A FOLHA DE PAGAMENTO/PESSOAL DA SMS - SCC:792757 - SEI:25.29.000000934-7.                       RELATIVO AO MES DE NOVEMBRO/2025.                                           .                                                                           VALOR TOTAL:.......................................................51.100,45.                                                                           97 - ASSISTENCIA FINANCEIRA PARA COMPLEMENTACAO PISO - ENFERMAGEM           SOLICITACAO FINANCEIRA:175339/2025.                                         ;Outros (Convênios, ajustes, similares, etc.);000043552025
20252150024910797;04/11/2025 00:00:00;373305,30;;;0,00;;;0,00;33903900;OUTROS SERVICOS DE TERCEIROS - PESSOA JURIDICA;00555766000132;SECRETARIA MUNICIPAL DE SAUDE;373305,30;SECRETARIA MUNICIPAL DE SAUDE                                                                                                                                                                                                                                ;SAUDE - 10;ASSISTENCIA HOSPITALAR E AMBULATORIAL - 302;TRANSFERENCIA DE RECURSOS DO SISTEMA UNICO DE SAUDE - SUS - BLOCO DE MANUTENCAO DAS ACOES E SERVICOS PUBLICOS DE SAUDE - 107;NEW LINE SISTEMAS DE SEGURANCA LTDA;64 - TRANSFERENCIAS DE RECURSOS DO SUS - ATENCAO ESPECIALIZADA              SOLICITACAO FINANCEIRA:170170 - 2025.                                       DESP. C/TERMO ADITIVO DE 25% AO CONTRATO N.2305/2021 RELATIVO A PRESTACAO DESERV.DE MONITORAMENTO E SEGURANCA ELETRONICA INTEGRADA NAS UNIDADES DE SAUDEDA SMS / SEI 25.29.000019910-3.                                             CONF. DESPACHO 102/2025 - GERADM, PEDIDO DE COMPRA 358/2025 - SCC:569845 - 5.                                                                           VALOR TOTAL:......................................................373.305,30.                                                                           ;Pregão;000000802020
20252150024910798;04/11/2025 00:00:00;189000,00;;;0,00;;;0,00;33903900;OUTROS SERVICOS DE TERCEIROS - PESSOA JURIDICA;01287416000103;SECRETARIA MUNICIPAL DE SAUDE;189000,00;SECRETARIA MUNICIPAL DE SAUDE                                                                                                                                                                                                                                ;SAUDE - 10;ASSISTENCIA HOSPITALAR E AMBULATORIAL - 302;TRANSFERENCIA DE RECURSOS DO SISTEMA UNICO DE SAUDE - SUS - BLOCO DE MANUTENCAO DAS ACOES E SERVICOS PUBLICOS DE SAUDE - 107;ASSOCIACAO PESTALOZZI DE GOIANIA;DESP.C/ II TERMO ADITIVO DO CONTRATO N.938/2020 PARA A EXECUCAO DE  SERVICOSMEDICOS DE ASSISTENCIA A SAUDE AMBULATORIAL (HOSPITALAR) E/OU APOIO DIAGNOS-TICO TERAPEUTICO.PERÍODO DE VIGÊNCIA:03/11/2025 A 02/11/2026 EXERCICIO DE 2025 PEDIDO DE COMPRA N:445/2025-FMS, SEI 25.29.000029047-0, CONTRATO:938/2020SCC:518531-2, POR MAIS 12 MESES, RESOLUCAO NORMATIVA 44/2025 SEFAZ/CCG.     .                                                                           VALOR TOTAL:......................................................189.000,00.                                                                           FONTE 107-TRANSFERENCIA DE RECURSOS DO SIST.UNICO DE SAUDE-SUS-BLOCO DE MANUTENCAO DAS ACOES E SERVICOS PUBLICOS DE SAUDE.                              FONTE DETALHADA -TRANSFERENCIAS DE RECURSOS DO SUS - ATENCAO ESPECIALIZADA  FONTE/CO STN 1600 0000-TRANSFERENCIAS FUNDO A FUNDO DE RECURSOS DO SUS PROVENIENTES DO GOVERNO FEDERAL - BLOCO DE MANUTENCAO DAS ACOES E SERVICOS PUBLI-COS DE SAUDE    -    SOLICITACAO FINANCEIRA: 168272 - 2025.                 ;Inexigibilidade de Licitação;000000052020
20252150024910799;04/11/2025 00:00:00;33000,00;;;0,00;;;0,00;33903900;OUTROS SERVICOS DE TERCEIROS - PESSOA JURIDICA;06273582000166;SECRETARIA MUNICIPAL DE SAUDE;33000,00;SECRETARIA MUNICIPAL DE SAUDE                                                                                                                                                                                                                                ;SAUDE - 10;ASSISTENCIA HOSPITALAR E AMBULATORIAL - 302;TRANSFERENCIA DE RECURSOS DO SISTEMA UNICO DE SAUDE - SUS - BLOCO DE MANUTENCAO DAS ACOES E SERVICOS PUBLICOS DE SAUDE - 107;RS PRODUTOS E SERVICOS LTDA;DESP.COM CONT.DE EMPRESA ESPECIALIZADA NA PREST.DE SERVICOS DE LOCACAO DE VEICULOS AUTOMOTORES ATRAVES DE ADESAO A ATA DE REGISTRO DE PRECOS 1.317/2024,PE075/2024, MUN.SENADOR CANEDO. BLOCO MAC, PED.DE COMPRA 268/25,PARECER 137/25-GERPSR/SMS,DESP.472/25-GERCOM/SMS-VALOR TOTAL DO CONT.R$1.580.760,00 158(TERMO DE REFERENCIA-ANEXO 7442631), EM CONF.COM DECRETO 134/2025,MENSAIS OUT/NOV/DEZ/2025                                                               .                                                                           VALOR TOTAL:.....................................................33.000,00  .                                                                           64 - TRANSFERENCIAS DE RECURSOS DO SUS - ATENCAO ESPECIALIZADA              SOLICITACAO FINANCEIRA: 165804/2025                                         ;Pregão;000000752024
20252150024910800;04/11/2025 00:00:00;10741,40;;;0,00;;;0,00;33903900;OUTROS SERVICOS DE TERCEIROS - PESSOA JURIDICA;49637563000184;SECRETARIA MUNICIPAL DE SAUDE;10741,40;SECRETARIA MUNICIPAL DE SAUDE                                                                                                                                                                                                                                ;SAUDE - 10;ASSISTENCIA HOSPITALAR E AMBULATORIAL - 302;TRANSFERENCIA DE RECURSOS DO SISTEMA UNICO DE SAUDE - SUS - BLOCO DE MANUTENCAO DAS ACOES E SERVICOS PUBLICOS DE SAUDE - 107;INSTITUTO CIDADAO DE EDUCACAO, SAUDE, CULTURA, ESPORTE E LAZ;DESPESA COM CONTRATO NR. 2090/2025 PARA A EXECUCAO DE SERVICOS MEDICOS DE   ASSISTENCIA A SAUDE AMBULATORIAL (HOSPITALAR) E/OU APOIO DIAGNOSTICO        TERAPEUTICO PARA ATENDIMENTO DOS USUARIOS DO SUS - SEI: 25.29.000019195-1   REF.: COMPETENCIAS 09/2025 A 12/2025, VALORES ESTIMADOS - SCC: 789853       .                                                                           VALOR EMPENHADO EM SET/25 A DEZ/25:................................2.685,35 VALOR TOTAL:......................................................10.741,40 .                                                                           64-TRANSF. DE RECURSOS/SUS-ATENCAO ESPECIALIZADA - SOLIC.FINANC.: 167340-25 ;Inexigibilidade de Licitação;000000022025
20252150024910801;04/11/2025 00:00:00;2705496,56;0273912025;07/11/2025 00:00:00;305496,56;202521500249108010001;05/12/2025 00:00:00;305496,56;33903900;OUTROS SERVICOS DE TERCEIROS - PESSOA JURIDICA;19095352000104;SECRETARIA MUNICIPAL DE SAUDE;211264,12;SECRETARIA MUNICIPAL DE SAUDE                                                                                                                                                                                                                                ;SAUDE - 10;ASSISTENCIA HOSPITALAR E AMBULATORIAL - 302;TRANSFERENCIA DE RECURSOS DO SISTEMA UNICO DE SAUDE - SUS - BLOCO DE MANUTENCAO DAS ACOES E SERVICOS PUBLICOS DE SAUDE - 107;VERDE SERRANO ALIMENTOS LTDA;DESPESA COM 4 ADITIVO DO CONTRATO NR 626/2023 RELATIVO AO FORNECIMENTO DE ALIMENTACAO PRONTA E TRANSPORTADA AOS PACIENTES/USUARIOS DO PSP WASSILY CHUC, CAPS E GERARTES, ENFERMARIAS DAS UPAS, CAIS, CIAMS - SCC:669220-4           VALORES RELATIVOS AO PERIODO COMPLEMT. SET/2025 E OUT/NOV/2025 CONF. DESPACHO NR 309/2025- GERADM, PEDIDO DE COMPRA Nº 201/2025, VIGÊNCIA: 19/06/2025 A 18/06/2026 - SEI:25.29.000023147-3                                          .                                                                           VALOR TOTAL:....................................................2.705.496,56.                                                                           64-TRANSF. DE RECURSOS/SUS-ATENCAO ESPECIALIZADA - SOLIC.FINANC.: 171828-25 ;Pregão;000000162023
20252150024910801;04/11/2025 00:00:00;2705496,56;0284292025;18/11/2025 00:00:00;1128940,16;202521500249108010002;18/12/2025 00:00:00;1128940,16;33903900;OUTROS SERVICOS DE TERCEIROS - PESSOA JURIDICA;19095352000104;SECRETARIA MUNICIPAL DE SAUDE;211264,12;SECRETARIA MUNICIPAL DE SAUDE                                                                                                                                                                                                                                ;SAUDE - 10;ASSISTENCIA HOSPITALAR E AMBULATORIAL - 302;TRANSFERENCIA DE RECURSOS DO SISTEMA UNICO DE SAUDE - SUS - BLOCO DE MANUTENCAO DAS ACOES E SERVICOS PUBLICOS DE SAUDE - 107;VERDE SERRANO ALIMENTOS LTDA;DESPESA COM 4 ADITIVO DO CONTRATO NR 626/2023 RELATIVO AO FORNECIMENTO DE ALIMENTACAO PRONTA E TRANSPORTADA AOS PACIENTES/USUARIOS DO PSP WASSILY CHUC, CAPS E GERARTES, ENFERMARIAS DAS UPAS, CAIS, CIAMS - SCC:669220-4           VALORES RELATIVOS AO PERIODO COMPLEMT. SET/2025 E OUT/NOV/2025 CONF. DESPACHO NR 309/2025- GERADM, PEDIDO DE COMPRA Nº 201/2025, VIGÊNCIA: 19/06/2025 A 18/06/2026 - SEI:25.29.000023147-3                                          .                                                                           VALOR TOTAL:....................................................2.705.496,56.                                                                           64-TRANSF. DE RECURSOS/SUS-ATENCAO ESPECIALIZADA - SOLIC.FINANC.: 171828-25 ;Pregão;000000162023
20252150024910801;04/11/2025 00:00:00;2705496,56;0313232025;05/12/2025 00:00:00;1059795,72;202521500249108010003;21/01/2026 00:00:00;1059795,72;33903900;OUTROS SERVICOS DE TERCEIROS - PESSOA JURIDICA;19095352000104;SECRETARIA MUNICIPAL DE SAUDE;211264,12;SECRETARIA MUNICIPAL DE SAUDE                                                                                                                                                                                                                                ;SAUDE - 10;ASSISTENCIA HOSPITALAR E AMBULATORIAL - 302;TRANSFERENCIA DE RECURSOS DO SISTEMA UNICO DE SAUDE - SUS - BLOCO DE MANUTENCAO DAS ACOES E SERVICOS PUBLICOS DE SAUDE - 107;VERDE SERRANO ALIMENTOS LTDA;DESPESA COM 4 ADITIVO DO CONTRATO NR 626/2023 RELATIVO AO FORNECIMENTO DE ALIMENTACAO PRONTA E TRANSPORTADA AOS PACIENTES/USUARIOS DO PSP WASSILY CHUC, CAPS E GERARTES, ENFERMARIAS DAS UPAS, CAIS, CIAMS - SCC:669220-4           VALORES RELATIVOS AO PERIODO COMPLEMT. SET/2025 E OUT/NOV/2025 CONF. DESPACHO NR 309/2025- GERADM, PEDIDO DE COMPRA Nº 201/2025, VIGÊNCIA: 19/06/2025 A 18/06/2026 - SEI:25.29.000023147-3                                          .                                                                           VALOR TOTAL:....................................................2.705.496,56.                                                                           64-TRANSF. DE RECURSOS/SUS-ATENCAO ESPECIALIZADA - SOLIC.FINANC.: 171828-25 ;Pregão;000000162023
20252150024910803;05/11/2025 00:00:00;113551,50;0272642025;06/11/2025 00:00:00;33551,50;202521500249108030001;27/11/2025 00:00:00;33551,50;33903900;OUTROS SERVICOS DE TERCEIROS - PESSOA JURIDICA;35820448002341;SECRETARIA MUNICIPAL DE SAUDE;13340,00;SECRETARIA MUNICIPAL DE SAUDE                                                                                                                                                                                                                                ;SAUDE - 10;ASSISTENCIA HOSPITALAR E AMBULATORIAL - 302;TRANSFERENCIA DE RECURSOS DO SISTEMA UNICO DE SAUDE - SUS - BLOCO DE MANUTENCAO DAS ACOES E SERVICOS PUBLICOS DE SAUDE - 107;WHITE MARTINS GASES INDUSTRIAIS LTDA;DESPESA COM CONTRATO N.2314/21 RELATIVO A CONTRATACAO DE EMPRESA ESPECIALIZADA NA PRESTACAO DE SERVICOS LOCACAO DE CILINDROS DE OXIGENIO.VALOR RELATIVO AO PERIODO DE AGOSTO, SETEMBRO E OUTUBRO/2025 CONFORME MEMORANDO Nº 487/2025-GERFAR, SCC:570398-4(4º ADITIVO). SEI 22.29.000011989-8.                   .                                                                           VALOR TOTAL:......................................................113.551,50.                                                                           FONTE:107-TRANSFERENCIA DE RECURSOS DO SISTEMA UNICO DE SAUDE-SUS-BLOCO DE  MANUTENCAO DAS ACOES E SERVICOS PUBLICOS DE SAUDE                           FONTE DETALHADA:64-TRANSFERENCIAS DE RECURSOS DO SUS-ATENCAO ESPECIALIZADA  SOLICITACAO FINANCEIRA: 174716 - 2025                                       ;Pregão;000000182021
20252150024910803;05/11/2025 00:00:00;113551,50;0276162025;12/11/2025 00:00:00;33551,50;202521500249108030003;02/12/2025 00:00:00;33551,50;33903900;OUTROS SERVICOS DE TERCEIROS - PESSOA JURIDICA;35820448002341;SECRETARIA MUNICIPAL DE SAUDE;13340,00;SECRETARIA MUNICIPAL DE SAUDE                                                                                                                                                                                                                                ;SAUDE - 10;ASSISTENCIA HOSPITALAR E AMBULATORIAL - 302;TRANSFERENCIA DE RECURSOS DO SISTEMA UNICO DE SAUDE - SUS - BLOCO DE MANUTENCAO DAS ACOES E SERVICOS PUBLICOS DE SAUDE - 107;WHITE MARTINS GASES INDUSTRIAIS LTDA;DESPESA COM CONTRATO N.2314/21 RELATIVO A CONTRATACAO DE EMPRESA ESPECIALIZADA NA PRESTACAO DE SERVICOS LOCACAO DE CILINDROS DE OXIGENIO.VALOR RELATIVO AO PERIODO DE AGOSTO, SETEMBRO E OUTUBRO/2025 CONFORME MEMORANDO Nº 487/2025-GERFAR, SCC:570398-4(4º ADITIVO). SEI 22.29.000011989-8.                   .                                                                           VALOR TOTAL:......................................................113.551,50.                                                                           FONTE:107-TRANSFERENCIA DE RECURSOS DO SISTEMA UNICO DE SAUDE-SUS-BLOCO DE  MANUTENCAO DAS ACOES E SERVICOS PUBLICOS DE SAUDE                           FONTE DETALHADA:64-TRANSFERENCIAS DE RECURSOS DO SUS-ATENCAO ESPECIALIZADA  SOLICITACAO FINANCEIRA: 174716 - 2025                                       ;Pregão;000000182021
20252150024910803;05/11/2025 00:00:00;113551,50;0288242025;19/11/2025 00:00:00;33108,50;202521500249108030002;02/12/2025 00:00:00;33108,50;33903900;OUTROS SERVICOS DE TERCEIROS - PESSOA JURIDICA;35820448002341;SECRETARIA MUNICIPAL DE SAUDE;13340,00;SECRETARIA MUNICIPAL DE SAUDE                                                                                                                                                                                                                                ;SAUDE - 10;ASSISTENCIA HOSPITALAR E AMBULATORIAL - 302;TRANSFERENCIA DE RECURSOS DO SISTEMA UNICO DE SAUDE - SUS - BLOCO DE MANUTENCAO DAS ACOES E SERVICOS PUBLICOS DE SAUDE - 107;WHITE MARTINS GASES INDUSTRIAIS LTDA;DESPESA COM CONTRATO N.2314/21 RELATIVO A CONTRATACAO DE EMPRESA ESPECIALIZADA NA PRESTACAO DE SERVICOS LOCACAO DE CILINDROS DE OXIGENIO.VALOR RELATIVO AO PERIODO DE AGOSTO, SETEMBRO E OUTUBRO/2025 CONFORME MEMORANDO Nº 487/2025-GERFAR, SCC:570398-4(4º ADITIVO). SEI 22.29.000011989-8.                   .                                                                           VALOR TOTAL:......................................................113.551,50.                                                                           FONTE:107-TRANSFERENCIA DE RECURSOS DO SISTEMA UNICO DE SAUDE-SUS-BLOCO DE  MANUTENCAO DAS ACOES E SERVICOS PUBLICOS DE SAUDE                           FONTE DETALHADA:64-TRANSFERENCIAS DE RECURSOS DO SUS-ATENCAO ESPECIALIZADA  SOLICITACAO FINANCEIRA: 174716 - 2025                                       ;Pregão;000000182021
20252150024910804;07/11/2025 00:00:00;7504,38;;;0,00;;;0,00;33903900;OUTROS SERVICOS DE TERCEIROS - PESSOA JURIDICA;07119310000179;SECRETARIA MUNICIPAL DE SAUDE;7504,38;SECRETARIA MUNICIPAL DE SAUDE                                                                                                                                                                                                                                ;SAUDE - 10;ASSISTENCIA HOSPITALAR E AMBULATORIAL - 302;TRANSFERENCIA DE RECURSOS DO SISTEMA UNICO DE SAUDE - SUS - BLOCO DE MANUTENCAO DAS ACOES E SERVICOS PUBLICOS DE SAUDE - 107;MATA PRAGAS CONTROLE DE PRAGAS LTDA;DESPESA 2º TERMO ADITIVO AO CONTRATO Nº 638/2023 PARA PRESTACAO DE SERVICOS DE LIMPEZA DE FOSSAS SEPTICAS PARA ATENDIMENTO DAS DEMANDAS DA SMS          VIG: 10/12/25 A 09/12/26 - DESPACHO 298 E 304 GERADM - DESPACHO 862 GERCOM -REFERENTE AO MES DE DEZEMBRO/25-50% MAC - SCC:669769-2                      SEI:25.29.000036829-0                                                       .                                                                           VALOR TOTAL:........................................................7.504,38.                                                                           64 - TRANSFERENCIAS DE RECURSOS DO SUS - ATENCAO ESPECIALIZADA              SOLICITACAO FINANCEIRA: 172988/2025                                         ;Pregão;000000032023
20252150024910805;12/11/2025 00:00:00;515446,45;;;0,00;;;0,00;33903900;OUTROS SERVICOS DE TERCEIROS - PESSOA JURIDICA;10703748000104;SECRETARIA MUNICIPAL DE SAUDE;515446,45;SECRETARIA MUNICIPAL DE SAUDE                                                                                                                                                                                                                                ;SAUDE - 10;ASSISTENCIA HOSPITALAR E AMBULATORIAL - 302;TRANSFERENCIA DE RECURSOS DO SISTEMA UNICO DE SAUDE - SUS - BLOCO DE MANUTENCAO DAS ACOES E SERVICOS PUBLICOS DE SAUDE - 107;HOSPITAL DE OLHOS VILA NOVA EIRELI ME;APOIO DIAGNOSTICO TERAPEUTICO - SCC:514692-1 - SEI:25.29.000029001-1        PERIODO DE VIGENCIA: 30/09/2025 A 29/09/2026, EXERCICIO DE 2025             .                                                                           VALOR TOTAL:......................................................515.446,45.                                                                           64- TRANSFERENCIA DE RECURSOS DO SUS - ATENCAO ESPECIALIZADA                SOLICITACAO FINANCEIRA:165971/2025                                          DESPESA COM TERMO ADITIVO DO CONTRATO NR. 761/2020 PARA A EXECUCAO DE       SERVICOS MEDICOS DE ASSISTENCIA A SAUDE AMBULATORIAL (HOSPITALAR) E/OU      ;Inexigibilidade de Licitação;000064522020
20252150024910806;12/11/2025 00:00:00;189000,00;0283372025;17/11/2025 00:00:00;189000,00;202521500249108060001;18/11/2025 00:00:00;189000,00;33903900;OUTROS SERVICOS DE TERCEIROS - PESSOA JURIDICA;02917870000155;SECRETARIA MUNICIPAL DE SAUDE;0,00;SECRETARIA MUNICIPAL DE SAUDE                                                                                                                                                                                                                                ;SAUDE - 10;ASSISTENCIA HOSPITALAR E AMBULATORIAL - 302;TRANSFERENCIA DE RECURSOS DO SISTEMA UNICO DE SAUDE - SUS - BLOCO DE MANUTENCAO DAS ACOES E SERVICOS PUBLICOS DE SAUDE - 107;ASSOCIACAO DOS DEFICIENTES FISICOS DO ESTADO DE GOIAS;DESPESA COM CONTRATO NR.1488/2021  PARA A EXECUCAO DE SERVICOS MEDICOS DE   ASSISTENCIA A SAUDE AMBULATORIAL (HOSPITALAR) E/OU APOIO DIAGNOSTICO        TERAPEUTICO PARA ATENDIMENTO DOS USUARIOS DO SUS - SEI: 22.29.000011869-7   REF.: COMPETENCIAS 09/2025 - SCC: 550141.                                   .                                                                           VALOR TOTAL:......................................................189.000,00.                                                                           64-TRANSF. DE RECURSOS/SUS-ATENCAO ESPECIALIZADA-SOLIC.FINANC.:174991 - 2025;Inexigibilidade de Licitação;000000052020
20252150024910807;12/11/2025 00:00:00;182832,42;0281272025;17/11/2025 00:00:00;182832,42;202521500249108070001;17/11/2025 00:00:00;182832,42;33903900;OUTROS SERVICOS DE TERCEIROS - PESSOA JURIDICA;07821779000155;SECRETARIA MUNICIPAL DE SAUDE;0,00;SECRETARIA MUNICIPAL DE SAUDE                                                                                                                                                                                                                                ;SAUDE - 10;ASSISTENCIA HOSPITALAR E AMBULATORIAL - 302;TRANSFERENCIA DE RECURSOS DO SISTEMA UNICO DE SAUDE - SUS - BLOCO DE MANUTENCAO DAS ACOES E SERVICOS PUBLICOS DE SAUDE - 107;CLINICA MEDICA DE EXAMES VIDA E SAUDE LIMITADA - EPP;DESPESA COM CONTRATO NR.004/2024  PARA A EXECUCAO DE SERVICOS MEDICOS DE    ASSISTENCIA A SAUDE AMBULATORIAL (HOSPITALAR) E/OU APOIO DIAGNOSTICO        TERAPEUTICO PARA ATENDIMENTO DOS USUARIOS DO SUS - SEI:24.29.000027124-0.   REF.: COMPETENCIAS 09/2025 - SCC:729940.                                    .                                                                           VALOR TOTAL:......................................................182.832,42.                                                                           64-TRANSF. DE RECURSOS/SUS-ATENCAO ESPECIALIZADA-SOLIC.FINANC.:174987 - 2025;Inexigibilidade de Licitação;000000052020
20252150024910808;12/11/2025 00:00:00;189000,00;0278572025;14/11/2025 00:00:00;189000,00;202521500249108080001;14/11/2025 00:00:00;189000,00;33903900;OUTROS SERVICOS DE TERCEIROS - PESSOA JURIDICA;01287416000103;SECRETARIA MUNICIPAL DE SAUDE;0,00;SECRETARIA MUNICIPAL DE SAUDE                                                                                                                                                                                                                                ;SAUDE - 10;ASSISTENCIA HOSPITALAR E AMBULATORIAL - 302;TRANSFERENCIA DE RECURSOS DO SISTEMA UNICO DE SAUDE - SUS - BLOCO DE MANUTENCAO DAS ACOES E SERVICOS PUBLICOS DE SAUDE - 107;ASSOCIACAO PESTALOZZI DE GOIANIA;DESPESA COM CONTRATO NR. 938/2020 PARA A EXECUCAO DE SERVIÇOS MEDICOS DE    ASSISTENCIA A SAUDE AMBULATORIAL (HOSPITALAR) E/OU APOIO DIAGNOSTICO TERAPEUTICO PARA ATENDIMENTO DOS USUARIOS DO SUS. SEI 22290000118760.              REFERENCIA: COMPETENCIA 09/2025 - PEDIDO DE COMPRA 006/2021.                .                                                                           VALOR TOTAL:......................................................189.000,00.                                                                           64-TRANSF. DE RECURSOS/SUS-ATENCAO ESPECIALIZADA-SOLIC.FINANC.:174993 - 2025;Inexigibilidade de Licitação;000000052020
20252150024910809;12/11/2025 00:00:00;26009,00;0278842025;14/11/2025 00:00:00;26009,00;202521500249108090001;14/11/2025 00:00:00;26009,00;33903900;OUTROS SERVICOS DE TERCEIROS - PESSOA JURIDICA;01234848000148;SECRETARIA MUNICIPAL DE SAUDE;0,00;SECRETARIA MUNICIPAL DE SAUDE                                                                                                                                                                                                                                ;SAUDE - 10;ASSISTENCIA HOSPITALAR E AMBULATORIAL - 302;TRANSFERENCIA DE RECURSOS DO SISTEMA UNICO DE SAUDE - SUS - BLOCO DE MANUTENCAO DAS ACOES E SERVICOS PUBLICOS DE SAUDE - 107;LABORATORIO CAPC LTDA;DESPESA COM CONTRATO NR. 927/2020 PARA A EXECUÇÃO DE SERVIÇOS MÉDICOS DE    ASSISTÊNCIA A SAÚDE AMBULATORIAL(HOSPITALAR)E/OU APOIO DIAGNÓSTICO TERAPÊUTICO PARA ATENDIMENTO DOS USUÁRIOS DO SUS. SEI22290000121060.                 REFERÊNCIA: COMPETÊNCIA 09/2025                                             .                                                                           VALOR TOTAL:.......................................................26.009,00.                                                                           64-TRANSF. DE RECURSOS/SUS-ATENCAO ESPECIALIZADA-SOLIC.FINANC.:174967 - 2025;Inexigibilidade de Licitação;000000052020
20252150024910810;12/11/2025 00:00:00;5026,88;0285802025;18/11/2025 00:00:00;5026,88;202521500249108100001;19/11/2025 00:00:00;5026,88;33903900;OUTROS SERVICOS DE TERCEIROS - PESSOA JURIDICA;01615632000122;SECRETARIA MUNICIPAL DE SAUDE;0,00;SECRETARIA MUNICIPAL DE SAUDE                                                                                                                                                                                                                                ;SAUDE - 10;ASSISTENCIA HOSPITALAR E AMBULATORIAL - 302;TRANSFERENCIA DE RECURSOS DO SISTEMA UNICO DE SAUDE - SUS - BLOCO DE MANUTENCAO DAS ACOES E SERVICOS PUBLICOS DE SAUDE - 107;HOSPITAL GOIANIA LESTE LTDA;DESPESA COM CONTRATO NR. 1039/2020 PARA A EXECUCAO DE SERVIÇOS MÉDICOS DE   ASSISTÊNCIA A SAÚDE AMBULATORIAL(HOSPITALAR)E/OU APOIO DIAGNÓSTICO TERAPÊUTICO PARA ATENDIMENTO DOS USUÁRIOS DO SUS. REFERÊNCIA: COMPETÊNCIA 09/2025.   PEDIDO DE COMPRA NR. 037-2021.                                              .                                                                           VALOR TOTAL:........................................................5.026,88.                                                                           64-TRANSF. DE RECURSOS/SUS-ATENCAO ESPECIALIZADA-SOLIC.FINANC.:174906 - 2025;Inexigibilidade de Licitação;000074822020
20252150024910811;12/11/2025 00:00:00;270133,47;0278232025;14/11/2025 00:00:00;270133,47;202521500249108110001;14/11/2025 00:00:00;270133,47;33903900;OUTROS SERVICOS DE TERCEIROS - PESSOA JURIDICA;02081131000176;SECRETARIA MUNICIPAL DE SAUDE;0,00;SECRETARIA MUNICIPAL DE SAUDE                                                                                                                                                                                                                                ;SAUDE - 10;ASSISTENCIA HOSPITALAR E AMBULATORIAL - 302;TRANSFERENCIA DE RECURSOS DO SISTEMA UNICO DE SAUDE - SUS - BLOCO DE MANUTENCAO DAS ACOES E SERVICOS PUBLICOS DE SAUDE - 107;LABORATORIO BARROS TERRA LTDA E OUTROS;DESPESA COM CONTRATO NR. 1.103/2023 PARA A EXECUCAO DE SERVICOS MEDICOS DE  ASSISTENCIA A SAUDE AMBULATORIAL (HOSPITALAR) E/OU APOIO DIAGNOSTICO TERAPEUTICO PARA ATENDIMENTO DOS USUARIOS DO SUS. SEI 24.29.000010415-8.           REFERENCIA: COMPETENCIA 09/2025 - PEDIDO DE COMPRA 530/2023. SCC 702758.    .                                                                           VALOR TOTAL:......................................................270.133,47.                                                                           64-TRANSF. DE RECURSOS/SUS-ATENCAO ESPECIALIZADA-SOLIC.FINANC.:175002 - 2025;Inexigibilidade de Licitação;000039632023
20252150024910812;12/11/2025 00:00:00;22470,95;;;0,00;;;0,00;33903900;OUTROS SERVICOS DE TERCEIROS - PESSOA JURIDICA;01246198000150;SECRETARIA MUNICIPAL DE SAUDE;22470,95;SECRETARIA MUNICIPAL DE SAUDE                                                                                                                                                                                                                                ;SAUDE - 10;ASSISTENCIA HOSPITALAR E AMBULATORIAL - 302;TRANSFERENCIA DE RECURSOS DO SISTEMA UNICO DE SAUDE - SUS - BLOCO DE MANUTENCAO DAS ACOES E SERVICOS PUBLICOS DE SAUDE - 107;LABORATORIO MODERNO LTDA;DESPESA COM CONTRATO NR.653/2020 PARA A EXECUCAO DE SERV. MÉDICOS DE ASSISTENCIA A SAUDE AMBULAT.(HOSPITALAR)E/OU APOIO DIAGNÓSTICO TERAPÊUTICOPARA ATENDIMENTO DOS USUARIOS DO SUS. SEI:22.29.000012148-5,  REFERENCIA:COMPETENCIA:09/2025 - SCC513637                                                         .                                                                           .                                                                           VALOR TOTAL:.......................................................22.470,95.                                                                           64-TRANSF. DE RECURSOS/SUS-ATENCAO ESPECIALIZADA-SOLIC.FINANC.:174957 - 2025;Inexigibilidade de Licitação;000000052020
20252150024910813;12/11/2025 00:00:00;21144,75;0281922025;17/11/2025 00:00:00;21144,75;202521500249108130001;17/11/2025 00:00:00;21144,75;33903900;OUTROS SERVICOS DE TERCEIROS - PESSOA JURIDICA;03877107000100;SECRETARIA MUNICIPAL DE SAUDE;0,00;SECRETARIA MUNICIPAL DE SAUDE                                                                                                                                                                                                                                ;SAUDE - 10;ASSISTENCIA HOSPITALAR E AMBULATORIAL - 302;TRANSFERENCIA DE RECURSOS DO SISTEMA UNICO DE SAUDE - SUS - BLOCO DE MANUTENCAO DAS ACOES E SERVICOS PUBLICOS DE SAUDE - 107;CADI LABORATORIO AVICENNA DE DIAGNOSTICOS LTDA;DESPESA COM CONTRATO NR. 779/2020 PARA A EXECUCAO DE SERVIÇOS MEDICOS DE    ASSISTENCIA A SAÚDE AMBULATORIAL(HOSPITALAR) E/OU APOIO DIAGNÓSTICO TERAPEU-TICO PARA ATENDIMENTO DOS USUARIOS DO SUS._ SEI 22290000118808.             REFERENCIA: COMPETENCIA 09/2025  SCC 515265.                                .                                                                           VALOR TOTAL:.......................................................21.144,7564-TRANSF. DE RECURSOS/SUS-ATENCAO ESPECIALIZADA-SOLIC.FINANC.:174949 - 2025;Inexigibilidade de Licitação;000069312020
20252150024910814;12/11/2025 00:00:00;18896,18;0281712025;17/11/2025 00:00:00;18896,18;202521500249108140001;17/11/2025 00:00:00;18896,18;33903900;OUTROS SERVICOS DE TERCEIROS - PESSOA JURIDICA;01607944000194;SECRETARIA MUNICIPAL DE SAUDE;0,00;SECRETARIA MUNICIPAL DE SAUDE                                                                                                                                                                                                                                ;SAUDE - 10;ASSISTENCIA HOSPITALAR E AMBULATORIAL - 302;TRANSFERENCIA DE RECURSOS DO SISTEMA UNICO DE SAUDE - SUS - BLOCO DE MANUTENCAO DAS ACOES E SERVICOS PUBLICOS DE SAUDE - 107;LABORATORIO SANTA MARTA LTDA;DESPESA COM CONTRATO NR. 1028/2020 PARA A EXECUÇÃO DE SERVIÇOS MÉDICOS DE   ASSISTÊNCIA A SAÚDE AMBULATORIAL(HOSPITALAR)E/OU APOIO DIAGNÓSTICO TERAPÊUTICO PARA ATENDIMENTO DOS USUARIOS DO SUS. REFERÊNCIA: COMPETÊNCIA 09/2025.   SCC:521001 - SEI 22.29.000012169-8.                                         .                                                                           VALOR TOTAL:.......................................................18.896,18.                                                                           64-TRANSF. DE RECURSOS/SUS-ATENCAO ESPECIALIZADA-SOLIC.FINANC.:174947 - 2025;Inexigibilidade de Licitação;000000052020
20252150024910815;12/11/2025 00:00:00;18254,97;0278862025;14/11/2025 00:00:00;18254,97;202521500249108150001;14/11/2025 00:00:00;18254,97;33903900;OUTROS SERVICOS DE TERCEIROS - PESSOA JURIDICA;22653841000130;SECRETARIA MUNICIPAL DE SAUDE;0,00;SECRETARIA MUNICIPAL DE SAUDE                                                                                                                                                                                                                                ;SAUDE - 10;ASSISTENCIA HOSPITALAR E AMBULATORIAL - 302;TRANSFERENCIA DE RECURSOS DO SISTEMA UNICO DE SAUDE - SUS - BLOCO DE MANUTENCAO DAS ACOES E SERVICOS PUBLICOS DE SAUDE - 107;J.C.D.F CLINICA MEDICA LTDA;64-TRANSF. DE RECURSOS/SUS-ATENCAO ESPECIALIZADA-SOLIC.FINANC.:174945 - 2025.                                                                           VALOR TOTAL:.......................................................18.254,97.                                                                           SCC:526194- SEI 22.29.000012092-6.                                          CO PARA ATENDIMENTO DOS USUARIOS DO SUS. REFERÊNCIA: COMPETÊNCIA 09/2025.   ASSISTÊNCIA A SAÚDE AMBULATORIAL(HOSPITALAR)E/OU APOIO DIAGNÓSTICO TERAPÊUTIDESPESA COM CONTRATO NR. 1129/2020 PARA A EXECUCAO DE SERVICOS MÉDICOS DE   ;Inexigibilidade de Licitação;000074802020
20252150024910816;12/11/2025 00:00:00;17749,58;0278272025;14/11/2025 00:00:00;17749,58;202521500249108160001;14/11/2025 00:00:00;17749,58;33903900;OUTROS SERVICOS DE TERCEIROS - PESSOA JURIDICA;07929079000189;SECRETARIA MUNICIPAL DE SAUDE;0,00;SECRETARIA MUNICIPAL DE SAUDE                                                                                                                                                                                                                                ;SAUDE - 10;ASSISTENCIA HOSPITALAR E AMBULATORIAL - 302;TRANSFERENCIA DE RECURSOS DO SISTEMA UNICO DE SAUDE - SUS - BLOCO DE MANUTENCAO DAS ACOES E SERVICOS PUBLICOS DE SAUDE - 107;AMTR ASSESSORIA MEDICA ESPECIALIZADA LTDA;DESPESA COM CONTRATO NR. 759/2020 PARA A EXECUCAO DE SERVICOS MEDICOS DE AS-SISTÊNCIA A SAUDE AMBULATORIAL(HOSPITALAR)E/OU APOIO DIAGNOSTICO TERAPEUTICOPARA ATENDIMENTO DOS USUARIOS DO SUS. SCC 514676 - SEI 22.29.000011853-0.   REFERÊNCIA: COMPETÊNCIA 09/2025.                                            .                                                                           VALOR TOTAL:.......................................................17.749,58.                                                                           64-TRANSF. DE RECURSOS/SUS-ATENCAO ESPECIALIZADA-SOLIC.FINANC.:174941 - 2025;Inexigibilidade de Licitação;000063602020
20252150024910817;12/11/2025 00:00:00;16919,03;0287342025;18/11/2025 00:00:00;16919,03;202521500249108170001;19/11/2025 00:00:00;16919,03;33903900;OUTROS SERVICOS DE TERCEIROS - PESSOA JURIDICA;05029600000600;SECRETARIA MUNICIPAL DE SAUDE;0,00;SECRETARIA MUNICIPAL DE SAUDE                                                                                                                                                                                                                                ;SAUDE - 10;ASSISTENCIA HOSPITALAR E AMBULATORIAL - 302;TRANSFERENCIA DE RECURSOS DO SISTEMA UNICO DE SAUDE - SUS - BLOCO DE MANUTENCAO DAS ACOES E SERVICOS PUBLICOS DE SAUDE - 107;ASSOCIACAO DE GESTAO, INOVACAO E RESULTADOS EM SAUDE;ASSISTÊNCIA A SAÚDE AMBULATORIAL(HOSPITALAR)E/OU APOIO DIAGNÓSTICO TERAPÊUTICO PARA ATENDIMENTO DOS USUÁRIOS DO SUS. REFERENCIA: COMPETÊNCIA 09/2025.   SCC 767051 - SEI 25.29.000016121-1.                                         .                                                                           VALOR TOTAL:.......................................................16.919,03.                                                                           64-TRANSF. DE RECURSOS/SUS-ATENCAO ESPECIALIZADA-SOLIC.FINANC.:174935 - 2025DESPESA COM CONTRATO NR. 031/2025 PARA A EXECUÇÃO DE SERVIÇOS MÉDICOS DE    ;Inexigibilidade de Licitação;000000052020
20252150024910818;12/11/2025 00:00:00;15340,26;0287482025;18/11/2025 00:00:00;15340,26;202521500249108180001;19/11/2025 00:00:00;15340,26;33903900;OUTROS SERVICOS DE TERCEIROS - PESSOA JURIDICA;00958245000126;SECRETARIA MUNICIPAL DE SAUDE;0,00;SECRETARIA MUNICIPAL DE SAUDE                                                                                                                                                                                                                                ;SAUDE - 10;ASSISTENCIA HOSPITALAR E AMBULATORIAL - 302;TRANSFERENCIA DE RECURSOS DO SISTEMA UNICO DE SAUDE - SUS - BLOCO DE MANUTENCAO DAS ACOES E SERVICOS PUBLICOS DE SAUDE - 107;CLINICOR CLINICA CARDIOLOGICA LTDA;DESPESA COM CONTRATO NR. 733/2020 PARA A EXECUCAO DE SERVICOS MÉDICOS DE AS-SISTENCIA A SAÚDE AMBULATORIAL(HOSPITALAR)E/OU APOIO DIAGNÓSTICO TERAPÊUTICOPARA ATENDIMENTO DOS USUÁRIOS DO SUS. REFERÊNCIA: COMPETÊNCIA 09/2025.      SCC:513874 - SEI 22290000119677.                                            .                                                                           VALOR TOTAL:.......................................................15.340,26.                                                                           64-TRANSF. DE RECURSOS/SUS-ATENCAO ESPECIALIZADA-SOLIC.FINANC.:174925 - 2025;Inexigibilidade de Licitação;000000052020
20252150024910819;12/11/2025 00:00:00;13685,58;0288292025;19/11/2025 00:00:00;13684,58;202521500249108190001;19/11/2025 00:00:00;13684,58;33903900;OUTROS SERVICOS DE TERCEIROS - PESSOA JURIDICA;03692316000180;SECRETARIA MUNICIPAL DE SAUDE;1,00;SECRETARIA MUNICIPAL DE SAUDE                                                                                                                                                                                                                                ;SAUDE - 10;ASSISTENCIA HOSPITALAR E AMBULATORIAL - 302;TRANSFERENCIA DE RECURSOS DO SISTEMA UNICO DE SAUDE - SUS - BLOCO DE MANUTENCAO DAS ACOES E SERVICOS PUBLICOS DE SAUDE - 107;LABORATORIO CITOCLINICO LTDA E OUTROS;DESPESA COM CONTRATO NR. 731/2020 PARA A EXECUCAO DE SERVIÇOS MÉDICOS DE    ASSISTÊNCIA A SAÚDE AMBULATORIAL(HOSPITALAR)E/OU APOIO DIAGNÓSTICO TERAPÊUTICO PARA ATENDIMENTO DOS USUÁRIOS DO SUS. REFERENCIA: COMPETÊNCIA 09/2025.   SCC:513858__- SEI 22.29.000012112-4.                                        .                                                                           VALOR TOTAL:.......................................................13.685,58.                                                                           64-TRANSF. DE RECURSOS/SUS-ATENCAO ESPECIALIZADA-SOLIC.FINANC.:174922 - 2025;Inexigibilidade de Licitação;000000052020
20252150024910820;12/11/2025 00:00:00;8000,00;0309942025;04/12/2025 00:00:00;8000,00;;;0,00;33903900;OUTROS SERVICOS DE TERCEIROS - PESSOA JURIDICA;00467443000197;SECRETARIA MUNICIPAL DE SAUDE;0,00;SECRETARIA MUNICIPAL DE SAUDE                                                                                                                                                                                                                                ;SAUDE - 10;ASSISTENCIA HOSPITALAR E AMBULATORIAL - 302;TRANSFERENCIA DE RECURSOS DO SISTEMA UNICO DE SAUDE - SUS - BLOCO DE MANUTENCAO DAS ACOES E SERVICOS PUBLICOS DE SAUDE - 107;CLINICA MEDICA DE ENDOSCOPIA E CIRURGIA LTDA;.                                                                           VALOR TOTAL:........................................................8.000,00.                                                                           64-TRANSF. DE RECURSOS/SUS-ATENCAO ESPECIALIZADA-SOLIC.FINANC.:174915 - 2025DESPESA COM CONTRATO NR. 1038/2020 PARA A EXECUCAO DE SERVIÇOS MÉDICOS DE   ASSISTÊNCIA A SAÚDE AMBULATORIAL(HOSPITALAR)E/OU APOIO DIAGNÓSTICO TERAPÊUTICO PARA ATENDIMENTO DOS USUÁRIOS DO SUS. REFERENCIA: COMPETENCIA 09/2025.   SEI 22.29.000011962-6_ -  SCC  521117.                                      ;Inexigibilidade de Licitação;000068692020
20252150024910821;12/11/2025 00:00:00;400,00;0294572025;24/11/2025 00:00:00;400,00;202521500249108210001;25/11/2025 00:00:00;400,00;33903900;OUTROS SERVICOS DE TERCEIROS - PESSOA JURIDICA;01526714000109;SECRETARIA MUNICIPAL DE SAUDE;0,00;SECRETARIA MUNICIPAL DE SAUDE                                                                                                                                                                                                                                ;SAUDE - 10;ASSISTENCIA HOSPITALAR E AMBULATORIAL - 302;TRANSFERENCIA DE RECURSOS DO SISTEMA UNICO DE SAUDE - SUS - BLOCO DE MANUTENCAO DAS ACOES E SERVICOS PUBLICOS DE SAUDE - 107;HOSPITAL CORACAO DE JESUS LTDA;DESPESA COM CONTRATO NR. 1111/2020 PARA A EXECUCAO DE SERVIÇOS MÉDICOS DE   ASSISTÊNCIA A SAÚDE AMBULATORIAL (HOSPITALAR) E/OU APOIO DIAGNÓSTICO TERAPÊUTICO PARA ATENDIMENTO DOS USUÁRIOS DO SUS. REFERÊNCIA: COMPETÊNCIA 07/2025 -PAGAMENTO ADMINISTRATIVO PEDIDO DE COMPRA NR:034-2021 DADOS PARA EMPENHO:11-7487/2020- 04 VIGÊNCIA/TÉRMINO DO CONTRATO: 20/11/20 A 19/11/25-SCC:525791. .                                                                           VALOR TOTAL:..........................................................400,00.                                                                           64-TRANSF. DE RECURSOS/SUS-ATENCAO ESPECIALIZADA-SOLIC.FINANC.:174996 - 2025SEI 25.5.000065530-8.                                                       ;Inexigibilidade de Licitação;000074872020
20252150024910822;12/11/2025 00:00:00;6055,04;;;0,00;;;0,00;33903900;OUTROS SERVICOS DE TERCEIROS - PESSOA JURIDICA;03979504000193;SECRETARIA MUNICIPAL DE SAUDE;6055,04;SECRETARIA MUNICIPAL DE SAUDE                                                                                                                                                                                                                                ;SAUDE - 10;ASSISTENCIA HOSPITALAR E AMBULATORIAL - 302;TRANSFERENCIA DE RECURSOS DO SISTEMA UNICO DE SAUDE - SUS - BLOCO DE MANUTENCAO DAS ACOES E SERVICOS PUBLICOS DE SAUDE - 107;HEBROM COMERCIO E SERVICOS LTDA;.                                                                           VALOR TOTAL:........................................................6.055,04.                                                                           64 - TRANSFERENCIAS DE RECURSOS DO SUS - ATENCAO ESPECIALIZADA              SOLICITACAO FINANCEIRA:174752/2025                                          DESPESA COM CONTRATO 1264/2020 PARA MANUTENCAO DE SETE GRUPOS MOTOR-GERADOR (SERVIÇO DE LOCAÇÃO), VALORES ESTIMADOS REFERENTES AO PERIODO DE 28 A 31/12/2025 CONFORME DESPACHO Nº 302/2025-GERADM                                   SCC:529894-9 - SEI:25.29.000040965-5                                        ;Pregão;000000422020
20252150024910823;12/11/2025 00:00:00;1260,00;0280692025;17/11/2025 00:00:00;1260,00;202521500249108230001;17/11/2025 00:00:00;1260,00;33903900;OUTROS SERVICOS DE TERCEIROS - PESSOA JURIDICA;00812514000141;SECRETARIA MUNICIPAL DE SAUDE;0,00;SECRETARIA MUNICIPAL DE SAUDE                                                                                                                                                                                                                                ;SAUDE - 10;ASSISTENCIA HOSPITALAR E AMBULATORIAL - 302;TRANSFERENCIA DE RECURSOS DO SISTEMA UNICO DE SAUDE - SUS - BLOCO DE MANUTENCAO DAS ACOES E SERVICOS PUBLICOS DE SAUDE - 107;INSTITUTO GOIANO DE CARDIOLOGIA SERVICOS MEDICOS LTDA  EPP;DESPESA COM CONTRATO NR. 061/2024 PARA A EXECUCAO DE SERVIÇOS MEDICOS DE AS-SISTENCIA  A SAUDE AMBULATORIAL(HOSPITALAR) E/OU APOIO DIAGNOSTICO TERAPEUTICO PARA ATENDIMENTO DOS USUARIOS DO SUS - REFERENCIA: COMPETENCIA 09/2025.  SCC: 726746 - SEI 24.29.000037681-6.                                        .                                                                           VALOR TOTAL:........................................................1.260,00.                                                                           64-TRANSF. DE RECURSOS/SUS-ATENCAO ESPECIALIZADA-SOLIC.FINANC.:174902 - 2025;Inexigibilidade de Licitação;000000052020
20252150024910824;12/11/2025 00:00:00;2404,71;0283182025;17/11/2025 00:00:00;2404,71;202521500249108240001;17/11/2025 00:00:00;2404,71;33903900;OUTROS SERVICOS DE TERCEIROS - PESSOA JURIDICA;08796528000201;SECRETARIA MUNICIPAL DE SAUDE;0,00;SECRETARIA MUNICIPAL DE SAUDE                                                                                                                                                                                                                                ;SAUDE - 10;ASSISTENCIA HOSPITALAR E AMBULATORIAL - 302;TRANSFERENCIA DE RECURSOS DO SISTEMA UNICO DE SAUDE - SUS - BLOCO DE MANUTENCAO DAS ACOES E SERVICOS PUBLICOS DE SAUDE - 107;BRAZIL HUMAN ANIMAL NON GOVERNMENTAL ORGANIZATION;DESPESA C/ CONTRATO NR.884/2023 PARA A EXECUÇÃO DE SERVIÇOS MÉDICOS DE ASSISTENCIA  A SAÚDE AMBULATORIAL(HOSPITALAR) E/OU APOIO DIAGNÓSTICO TERAPÊUTICO PARA ATENDIMENTO DOS USUÁRIOS DO SUS. REFERÊNCIA: COMPETÊNCIA 09/2025.      SCC: 687074 - SEI 25.29.000013818-0.                                        .                                                                           VALOR TOTAL:....................................................... 2.404,71.                                                                           64-TRANSF. DE RECURSOS/SUS-ATENCAO ESPECIALIZADA-SOLIC.FINANC.:174903 - 2025;Inexigibilidade de Licitação;000000052020
20252150024910825;12/11/2025 00:00:00;3356,72;0283102025;17/11/2025 00:00:00;3356,72;202521500249108250001;18/11/2025 00:00:00;3356,72;33903900;OUTROS SERVICOS DE TERCEIROS - PESSOA JURIDICA;37839396000175;SECRETARIA MUNICIPAL DE SAUDE;0,00;SECRETARIA MUNICIPAL DE SAUDE                                                                                                                                                                                                                                ;SAUDE - 10;ASSISTENCIA HOSPITALAR E AMBULATORIAL - 302;TRANSFERENCIA DE RECURSOS DO SISTEMA UNICO DE SAUDE - SUS - BLOCO DE MANUTENCAO DAS ACOES E SERVICOS PUBLICOS DE SAUDE - 107;BASE LABORATORIO MEDICO LTDA;DESPESA COM CONTRATO NR. 756/2020 PARA A EXECUCAO   DE SERVIÇOS MÉDICOS  DE ASSISTÊNCIA A SAÚDE AMBULATORIAL(HOSPITALAR)E/OU APOIO DIAGNÓSTICO TERAPÊUTICO PARA ATENDIMENTO DOS USUÁRIOS DO SUS. REFERÊNCIA: COMPETÊNCIA 09/2025.   SCC:514196 - SEI 22.29.000011878-6.                                         .                                                                           VALOR TOTAL:....................................................... 3.356,72.                                                                           64-TRANSF. DE RECURSOS/SUS-ATENCAO ESPECIALIZADA-SOLIC.FINANC.:174904 - 2025;Inexigibilidade de Licitação;000000052020
20252150024910826;12/11/2025 00:00:00;190737,24;0288312025;19/11/2025 00:00:00;190737,24;202521500249108260001;19/11/2025 00:00:00;190737,24;33903900;OUTROS SERVICOS DE TERCEIROS - PESSOA JURIDICA;01587609000686;SECRETARIA MUNICIPAL DE SAUDE;0,00;SECRETARIA MUNICIPAL DE SAUDE                                                                                                                                                                                                                                ;SAUDE - 10;ASSISTENCIA HOSPITALAR E AMBULATORIAL - 302;TRANSFERENCIA DE RECURSOS DO SISTEMA UNICO DE SAUDE - SUS - BLOCO DE MANUTENCAO DAS ACOES E SERVICOS PUBLICOS DE SAUDE - 107;SOCIEDADE GOIANA DE CULTURA;64-TRANSF. DE RECURSOS/SUS-ATENCAO ESPECIALIZADA-SOLIC.FINANC.:174998 - 2025.                                                                           VALOR TOTAL:......................................................190.737,24.                                                                           SCC:611701 - SEI 25.29.000006936-6.                                         PEDIDO DE COMPRA 081/2024 - CLINICA ESCOLA VIDA CRESA - CER II.             TICO PARA ATENDIMENTO DOS USUÁRIOS DO SUS REFERÊNCIA: COMPETÊNCIA 09/2025 - ASSISTÊNCIA Á SAÚDE AMBULATORIAL (HOSPITALAR) E/OU APOIO DIAGNÓSTICO TERAPÊUDESPESA COM CONTRATO   NR. 105/2024 PARA A EXECUÇÃO DE SERVIÇOS MÉDICOS  DE ;Inexigibilidade de Licitação;000000052020
20252150024910827;12/11/2025 00:00:00;189000,00;0283312025;17/11/2025 00:00:00;189000,00;202521500249108270001;18/11/2025 00:00:00;0,00;33903900;OUTROS SERVICOS DE TERCEIROS - PESSOA JURIDICA;01103480000189;SECRETARIA MUNICIPAL DE SAUDE;0,00;SECRETARIA MUNICIPAL DE SAUDE                                                                                                                                                                                                                                ;SAUDE - 10;ASSISTENCIA HOSPITALAR E AMBULATORIAL - 302;TRANSFERENCIA DE RECURSOS DO SISTEMA UNICO DE SAUDE - SUS - BLOCO DE MANUTENCAO DAS ACOES E SERVICOS PUBLICOS DE SAUDE - 107;CORAE CENTRO DE ORIENTACAO REABILITACAO E ASSIST. AO ENCEFAL;DESPESA COM CONVENIO NR. 1.205/2020 PARA A EXECUÇÃO DE SERVIÇOS MÉDICOS DE  ASSISTÊNCIA Á SAÚDE AMBULATORIAL (HOSPITALAR) E/OU APOIO DIAGNÓSTICO TERAPÊUTICO PARA ATENDIMENTO DOS USUÁRIOS DO SUS. REFERÊNCIA: COMPETÊNCIA 09/2025 -PEDIDO DE COMPRA 437/2020 - SCC: 529614. SEI 22290000119693.                .                                                                           VALOR TOTAL:......................................................189.000,00.                                                                           64-TRANSF. DE RECURSOS/SUS-ATENCAO ESPECIALIZADA-SOLIC.FINANC.:174995 - 2025;Inexigibilidade de Licitação;000080862020
20252150024910827;12/11/2025 00:00:00;189000,00;0283312025;17/11/2025 00:00:00;189000,00;202521500249108270002;24/11/2025 00:00:00;189000,00;33903900;OUTROS SERVICOS DE TERCEIROS - PESSOA JURIDICA;01103480000189;SECRETARIA MUNICIPAL DE SAUDE;0,00;SECRETARIA MUNICIPAL DE SAUDE                                                                                                                                                                                                                                ;SAUDE - 10;ASSISTENCIA HOSPITALAR E AMBULATORIAL - 302;TRANSFERENCIA DE RECURSOS DO SISTEMA UNICO DE SAUDE - SUS - BLOCO DE MANUTENCAO DAS ACOES E SERVICOS PUBLICOS DE SAUDE - 107;CORAE CENTRO DE ORIENTACAO REABILITACAO E ASSIST. AO ENCEFAL;DESPESA COM CONVENIO NR. 1.205/2020 PARA A EXECUÇÃO DE SERVIÇOS MÉDICOS DE  ASSISTÊNCIA Á SAÚDE AMBULATORIAL (HOSPITALAR) E/OU APOIO DIAGNÓSTICO TERAPÊUTICO PARA ATENDIMENTO DOS USUÁRIOS DO SUS. REFERÊNCIA: COMPETÊNCIA 09/2025 -PEDIDO DE COMPRA 437/2020 - SCC: 529614. SEI 22290000119693.                .                                                                           VALOR TOTAL:......................................................189.000,00.                                                                           64-TRANSF. DE RECURSOS/SUS-ATENCAO ESPECIALIZADA-SOLIC.FINANC.:174995 - 2025;Inexigibilidade de Licitação;000080862020
20252150024910828;12/11/2025 00:00:00;65327,49;0288352025;19/11/2025 00:00:00;65327,49;202521500249108280001;25/11/2025 00:00:00;65327,49;33903900;OUTROS SERVICOS DE TERCEIROS - PESSOA JURIDICA;01277573000120;SECRETARIA MUNICIPAL DE SAUDE;0,00;SECRETARIA MUNICIPAL DE SAUDE                                                                                                                                                                                                                                ;SAUDE - 10;ASSISTENCIA HOSPITALAR E AMBULATORIAL - 302;TRANSFERENCIA DE RECURSOS DO SISTEMA UNICO DE SAUDE - SUS - BLOCO DE MANUTENCAO DAS ACOES E SERVICOS PUBLICOS DE SAUDE - 107;INGOH - INSTITUTO GOIANO DE ONCOLOGIA E HEMATOLOGIA S/S LTDA;DESPESA COM CONTRATO NR. 1.133/2020 PARA A EXECUÇÃO DE SERVIÇOS MÉDICOS DE  ASSISTÊNCIA Á SAÚDE AMBULATORIAL (HOSPITALAR) E/OU APOIO DIAGNÓSTICO TERAPÊUTICO PARA ATENDIMENTO DOS USUÁRIOS DO SUS. REFERÊNCIA: COMPETÊNCIA 09/2025 -PEDIDO DE COMPRA 041/2021. SCC: 526381 - SEI 22.29.000012075-6.             .                                                                           VALOR TOTAL:.......................................................65.327,49.                                                                           64-TRANSF. DE RECURSOS/SUS-ATENCAO ESPECIALIZADA-SOLIC.FINANC.:174930 - 2025;Inexigibilidade de Licitação;000074782020
20252150024910829;12/11/2025 00:00:00;6061,03;0279312025;17/11/2025 00:00:00;6061,03;202521500249108290001;17/11/2025 00:00:00;6061,03;33903900;OUTROS SERVICOS DE TERCEIROS - PESSOA JURIDICA;02713282000108;SECRETARIA MUNICIPAL DE SAUDE;0,00;SECRETARIA MUNICIPAL DE SAUDE                                                                                                                                                                                                                                ;SAUDE - 10;ASSISTENCIA HOSPITALAR E AMBULATORIAL - 302;TRANSFERENCIA DE RECURSOS DO SISTEMA UNICO DE SAUDE - SUS - BLOCO DE MANUTENCAO DAS ACOES E SERVICOS PUBLICOS DE SAUDE - 107;GOIAMO CONSULTORIA E ASSESSORIA EM MEDICINA DE SAUDE LTDA;DESPESA COM CONTRATO NR. 780/2020 PARA A EXECUÇÃO DE SERVIÇOS MÉDICOS DE AS-SISTENCIA A SAÚDE AMBULATORIAL(HOSPITALAR)E/OU APOIO DIAGNÓSTICO TERAPÊUTICOPARA ATENDIMENTO DOS USUÁRIOS DO SUS.REFERÊNCIA: COMPETÊNCIA 09/2025        SCC:515257  -  SEI 22290000120560.                                          .                                                                           VALOR TOTAL:........................................................6.061,03.                                                                           64-TRANSF. DE RECURSOS/SUS-ATENCAO ESPECIALIZADA-SOLIC.FINANC.:174908 - 2025;Inexigibilidade de Licitação;000000052020
20252150024910830;12/11/2025 00:00:00;216877,68;0278072025;14/11/2025 00:00:00;216877,68;202521500249108300001;14/11/2025 00:00:00;216877,68;33903900;OUTROS SERVICOS DE TERCEIROS - PESSOA JURIDICA;07060518000160;SECRETARIA MUNICIPAL DE SAUDE;0,00;SECRETARIA MUNICIPAL DE SAUDE                                                                                                                                                                                                                                ;SAUDE - 10;ASSISTENCIA HOSPITALAR E AMBULATORIAL - 302;TRANSFERENCIA DE RECURSOS DO SISTEMA UNICO DE SAUDE - SUS - BLOCO DE MANUTENCAO DAS ACOES E SERVICOS PUBLICOS DE SAUDE - 107;VITA D COR CENTRO MEDICO LTDA;DESPESA COM CONTRATO NR. 757/2020 PARA A   EXECUÇÃO DE SERVIÇOS   MÉDICOS DEASSISTÊNCIA Á SAÚDE AMBULATORIAL (HOSPITALAR) E/OU APOIO DIAGNÓSTICO TERAPÊUTICO PARA ATENDIMENTO DOS USUÁRIOS DO SUS. REFERÊNCIA: COMPETÊNCIA 09/2025 -PEDIDO DE COMPRA 078/2021. SCC:514200 - SEI 22.29.000012227-9.              .                                                                           VALOR TOTAL:..................................................... 216.877,68.                                                                           64-TRANSF. DE RECURSOS/SUS-ATENCAO ESPECIALIZADA-SOLIC.FINANC.:174999 - 2025;Inexigibilidade de Licitação;000062822020
20252150024910831;12/11/2025 00:00:00;135,72;0310512025;04/12/2025 00:00:00;135,72;;;0,00;33903900;OUTROS SERVICOS DE TERCEIROS - PESSOA JURIDICA;11508515000113;SECRETARIA MUNICIPAL DE SAUDE;0,00;SECRETARIA MUNICIPAL DE SAUDE                                                                                                                                                                                                                                ;SAUDE - 10;ASSISTENCIA HOSPITALAR E AMBULATORIAL - 302;TRANSFERENCIA DE RECURSOS DO SISTEMA UNICO DE SAUDE - SUS - BLOCO DE MANUTENCAO DAS ACOES E SERVICOS PUBLICOS DE SAUDE - 107;R & R PRESTACAO DE SERVICOS MEDICOS LTDA;DESPESA COM CONTRATO NR. 931/2020 PARA A EXECUÇÃO DE SERVIÇOS  MÉDICOS  DE  ASSISTÊNCIA Á SAÚDE AMBULATORIAL(HOSPITALAR)E/OU APOIO DIAGNÓSTICO TERAPÊUTICO PARA ATENDIMENTO DOS USUÁRIOS DO SUS. REFERÊNCIA: COMPETÊNCIA 09/2025.   SCC:518469 - SEI 22.29.000012213-9.                                         .                                                                           VALOR TOTAL:..........................................................135,72.                                                                           64-TRANSF. DE RECURSOS/SUS-ATENCAO ESPECIALIZADA-SOLIC.FINANC.:174900 - 2025;Inexigibilidade de Licitação;000000052020
20252150024910832;12/11/2025 00:00:00;6281,40;0293382025;24/11/2025 00:00:00;6281,40;202521500249108320001;28/11/2025 00:00:00;6281,40;33903900;OUTROS SERVICOS DE TERCEIROS - PESSOA JURIDICA;00686074000123;SECRETARIA MUNICIPAL DE SAUDE;0,00;SECRETARIA MUNICIPAL DE SAUDE                                                                                                                                                                                                                                ;SAUDE - 10;ASSISTENCIA HOSPITALAR E AMBULATORIAL - 302;TRANSFERENCIA DE RECURSOS DO SISTEMA UNICO DE SAUDE - SUS - BLOCO DE MANUTENCAO DAS ACOES E SERVICOS PUBLICOS DE SAUDE - 107;CEDOG CENTRO DE DENSITOMETRIA OSSEA E OSTEOPOROSE DE GOIAS L;DESPESA COM CONTRATO NR. 555/2023 PARA A EXECUÇÃO DE SERVIÇOS MÉDICOS DE    ASSISTÊNCIA Á SAÚDE AMBULATORIAL(HOSPITALAR)E/OU APOIO DIAGNÓSTICO TERAPÊUTICO PARA ATENDIMENTO DOS USUÁRIOS DO SUS.REFERÊNCIA: COMPETÊNCIA 09/2025.    SCC: 666387  -  SEI 24.29.000026866-5.                                      .                                                                           VALOR TOTAL:........................................................6.281,40.                                                                           64-TRANSF. DE RECURSOS/SUS-ATENCAO ESPECIALIZADA-SOLIC.FINANC.:174912 - 2025;Inexigibilidade de Licitação;000000052020
20252150024910833;13/11/2025 00:00:00;8911,23;0291642025;24/11/2025 00:00:00;8911,23;202521500249108330001;24/11/2025 00:00:00;8911,23;33903900;OUTROS SERVICOS DE TERCEIROS - PESSOA JURIDICA;03025402000139;SECRETARIA MUNICIPAL DE SAUDE;0,00;SECRETARIA MUNICIPAL DE SAUDE                                                                                                                                                                                                                                ;SAUDE - 10;ASSISTENCIA HOSPITALAR E AMBULATORIAL - 302;TRANSFERENCIA DE RECURSOS DO SISTEMA UNICO DE SAUDE - SUS - BLOCO DE MANUTENCAO DAS ACOES E SERVICOS PUBLICOS DE SAUDE - 107;ELETRO NEURO MEDICINA LTDA;.                                                                           VALOR TOTAL......................................................8.911,23   .                                                                           64 - TRANSFERENCIAS DE RECURSOS DO SUS - ATENCAO ESPECIALIZADA              SOLICITACAO FINANCEIRA: 174916/2025                                         DESPESA COM CONTRATO NR. 925/2020 PARA A EXECUCAO DE SERVICOS MEDICOS DE    ASSISTENCIA A SAUDE AMBULATORIAL (HOSPITALAR) E/OU APOIO DIAGNOSTICO        TERAPEUTICO PARA ATENDIMENTO DOS USUARIOS DO SUS, REFERENCIA:               COMPETENCIA 09/2025 - SCC:518400 - SEI:22.29.000011977-4                    ;Inexigibilidade de Licitação;000000052020
20252150024910834;13/11/2025 00:00:00;9216,79;0288332025;19/11/2025 00:00:00;9216,79;202521500249108340001;24/11/2025 00:00:00;9216,79;33903900;OUTROS SERVICOS DE TERCEIROS - PESSOA JURIDICA;01567601000143;SECRETARIA MUNICIPAL DE SAUDE;0,00;SECRETARIA MUNICIPAL DE SAUDE                                                                                                                                                                                                                                ;SAUDE - 10;ASSISTENCIA HOSPITALAR E AMBULATORIAL - 302;TRANSFERENCIA DE RECURSOS DO SISTEMA UNICO DE SAUDE - SUS - BLOCO DE MANUTENCAO DAS ACOES E SERVICOS PUBLICOS DE SAUDE - 107;UNIVERSIDADE FEDERAL DE GOIAS;DESPESA COM CONVENIO NR. 002/2021 PARA A EXECUCAO DE SERVICOS MEDICOS DE    ASSISTENCIA A SAUDE AMBULATORIAL (HOSPITALAR) E/OU APOIO DIAGNOSTICO        TERAPEUTICO PARA ATENDIMENTO DOS USUARIOS DO SUS, REFERENCIA:               COMPETENCIA 09/2025 - SCC:529355 - SEI:22.29.000012081-0                    .                                                                           VALOR TOTAL......................................................9.216,79   .                                                                           64 - TRANSFERENCIAS DE RECURSOS DO SUS - ATENCAO ESPECIALIZADA              SOLICITACAO FINANCEIRA: 174919/2025                                         ;Inexigibilidade de Licitação;000025752020
20252150024910835;13/11/2025 00:00:00;10061,75;0282192025;17/11/2025 00:00:00;10061,75;202521500249108350001;17/11/2025 00:00:00;10061,75;33903900;OUTROS SERVICOS DE TERCEIROS - PESSOA JURIDICA;02425104000173;SECRETARIA MUNICIPAL DE SAUDE;0,00;SECRETARIA MUNICIPAL DE SAUDE                                                                                                                                                                                                                                ;SAUDE - 10;ASSISTENCIA HOSPITALAR E AMBULATORIAL - 302;TRANSFERENCIA DE RECURSOS DO SISTEMA UNICO DE SAUDE - SUS - BLOCO DE MANUTENCAO DAS ACOES E SERVICOS PUBLICOS DE SAUDE - 107;CENTRO DIAGNOSTICO RIBEIRO GOMES LTDA;DESPESA COM CONTRATO NR. 933/2020 PARA A EXECUCAO DE SERVICOS MEDICOS DE    ASSISTENCIA A SAUDE AMBULATORIAL (HOSPITALAR) E/OU APOIO DIAGNOSTICO        TERAPEUTICO PARA ATENDIMENTO DOS USUARIOS DO SUS, REFERENCIA:               COMPETENCIA 09/2025 - SCC:518485 - SEI:22.29.000011931-6                    .                                                                           VALOR TOTAL.....................................................10.061,75   .                                                                           64 - TRANSFERENCIAS DE RECURSOS DO SUS - ATENCAO ESPECIALIZADA              SOLICITACAO FINANCEIRA: 174920/2025                                         ;Inexigibilidade de Licitação;000000052020
20252150024910836;13/11/2025 00:00:00;313600,00;0277832025;13/11/2025 00:00:00;313600,00;202521500249108360001;14/11/2025 00:00:00;313600,00;33903900;OUTROS SERVICOS DE TERCEIROS - PESSOA JURIDICA;01617489000108;SECRETARIA MUNICIPAL DE SAUDE;0,00;SECRETARIA MUNICIPAL DE SAUDE                                                                                                                                                                                                                                ;SAUDE - 10;ASSISTENCIA HOSPITALAR E AMBULATORIAL - 302;TRANSFERENCIA DE RECURSOS DO SISTEMA UNICO DE SAUDE - SUS - BLOCO DE MANUTENCAO DAS ACOES E SERVICOS PUBLICOS DE SAUDE - 107;INSTITUTO GOIANO DE PEDIATRIA LTDA;DESPESA COM CONTRATO NR. 019/2023 PARA A EXECUÇÃO DE SERVIÇOS MÉDICOS DE ASSISTÊNCIA A SAÚDE AMBULATORIAL (HOSPITALAR) E/OU APOIO DIAGNÓSTICO TERAPÊUTICO PARA ATENDIMENTO DOS USUÁRIOS DO SUS - SCC:640825 - SEI:25.5.000065677-0  REFERÊNCIA: COMPETÊNCIA 07/2025 - PAGAMENTO ADMINISTRATIVO PEDIDO DE COMPRA NR. 069-2023 DADOS PARA EMPENHO: 11 - 005/2020 - 04 VIGÊNCIA/TÉRMINO DO CONTRATO: 08/02/2023 A 07/02/2028                                               .                                                                           VALOR TOTAL:......................................................313.600,00.                                                                           64 - TRANSFERENCIAS DE RECURSOS DO SUS - ATENCAO ESPECIALIZADA              SOLICITACAO FINANCEIRA: 174988/2025                                         ;Inexigibilidade de Licitação;000000052020
20252150024910837;13/11/2025 00:00:00;26269,75;0281252025;17/11/2025 00:00:00;26269,75;202521500249108370001;17/11/2025 00:00:00;26269,75;33903900;OUTROS SERVICOS DE TERCEIROS - PESSOA JURIDICA;26696633000170;SECRETARIA MUNICIPAL DE SAUDE;0,00;SECRETARIA MUNICIPAL DE SAUDE                                                                                                                                                                                                                                ;SAUDE - 10;ASSISTENCIA HOSPITALAR E AMBULATORIAL - 302;TRANSFERENCIA DE RECURSOS DO SISTEMA UNICO DE SAUDE - SUS - BLOCO DE MANUTENCAO DAS ACOES E SERVICOS PUBLICOS DE SAUDE - 107;CENTRO TECNOLOGICO DE ANALISES E PESQUISAS CLINICAS LTDA;DESPESA COM CONTRATO NR. 936/2020 PARA A EXECUCAO DE SERVICOS MEDICOS DE    ASSISTENCIA A SAUDE AMBULATORIAL (HOSPITALAR) E/OU APOIO DIAGNOSTICO        TERAPEUTICO PARA ATENDIMENTO DOS USUARIOS DO SUS, REFERENCIA:               COMPETENCIA 09/2025 - SCC:518515 - SEI:22.29.000011934-0                    .                                                                           VALOR TOTAL.....................................................26.269,75   .                                                                           64 - TRANSFERENCIAS DE RECURSOS DO SUS - ATENCAO ESPECIALIZADA              SOLICITACAO FINANCEIRA: 174969/2025                                         ;Inexigibilidade de Licitação;000068722020
20252150024910838;13/11/2025 00:00:00;37826,67;0291412025;24/11/2025 00:00:00;37826,67;202521500249108380001;24/11/2025 00:00:00;37826,67;33903900;OUTROS SERVICOS DE TERCEIROS - PESSOA JURIDICA;01407360000175;SECRETARIA MUNICIPAL DE SAUDE;0,00;SECRETARIA MUNICIPAL DE SAUDE                                                                                                                                                                                                                                ;SAUDE - 10;ASSISTENCIA HOSPITALAR E AMBULATORIAL - 302;TRANSFERENCIA DE RECURSOS DO SISTEMA UNICO DE SAUDE - SUS - BLOCO DE MANUTENCAO DAS ACOES E SERVICOS PUBLICOS DE SAUDE - 107;AMIGO ASSISTENCIA MEDICA INFANTIL DE GOIANIA LTDA;64 - TRANSFERENCIAS DE RECURSOS DO SUS - ATENCAO ESPECIALIZADA              SOLICITACAO FINANCEIRA: 174914/2025                                         DESPESA COM CONTRATO NR. 1.024/2020 PARA A EXECUCAO DE SERVICOS MEDICOS DE  ASSISTENCIA A SAUDE AMBULATORIAL (HOSPITALAR) E/OU APOIO DIAGNOSTICO        TERAPEUTICO PARA ATENDIMENTO DOS USUARIOS DO SUS, REFERENCIA:               COMPETENCIA 09/2025 - SCC:520951 - SEI:22.29.000011843-3                    .                                                                           VALOR TOTAL.....................................................37.826,67   .                                                                           ;Inexigibilidade de Licitação;000068872020
20252150024910839;13/11/2025 00:00:00;26388,36;0280732025;17/11/2025 00:00:00;0,00;;;0,00;33903900;OUTROS SERVICOS DE TERCEIROS - PESSOA JURIDICA;02105435000126;SECRETARIA MUNICIPAL DE SAUDE;3000,00;SECRETARIA MUNICIPAL DE SAUDE                                                                                                                                                                                                                                ;SAUDE - 10;ASSISTENCIA HOSPITALAR E AMBULATORIAL - 302;TRANSFERENCIA DE RECURSOS DO SISTEMA UNICO DE SAUDE - SUS - BLOCO DE MANUTENCAO DAS ACOES E SERVICOS PUBLICOS DE SAUDE - 107;ASSOCIACAO DOS SURDOS DE GOIANIA;DESPESA COM CONTRATO NR. 471/2023 PARA A EXECUCAO DE SERVICOS MEDICOS DE    ASSISTENCIA A SAUDE AMBULATORIAL (HOSPITALAR) E/OU APOIO DIAGNOSTICO        TERAPEUTICO PARA ATENDIMENTO DOS USUARIOS DO SUS, REFERENCIA:               COMPETENCIA 09/2025 - SCC:656993 - SEI:24.29.000003841-4                    .                                                                           VALOR TOTAL.....................................................26.388,36   .                                                                           64 - TRANSFERENCIAS DE RECURSOS DO SUS - ATENCAO ESPECIALIZADA              SOLICITACAO FINANCEIRA: 174970/2025                                         ;Inexigibilidade de Licitação;000000052020
20252150024910839;13/11/2025 00:00:00;26388,36;0281202025;17/11/2025 00:00:00;23388,36;202521500249108390001;17/11/2025 00:00:00;23388,36;33903900;OUTROS SERVICOS DE TERCEIROS - PESSOA JURIDICA;02105435000126;SECRETARIA MUNICIPAL DE SAUDE;3000,00;SECRETARIA MUNICIPAL DE SAUDE                                                                                                                                                                                                                                ;SAUDE - 10;ASSISTENCIA HOSPITALAR E AMBULATORIAL - 302;TRANSFERENCIA DE RECURSOS DO SISTEMA UNICO DE SAUDE - SUS - BLOCO DE MANUTENCAO DAS ACOES E SERVICOS PUBLICOS DE SAUDE - 107;ASSOCIACAO DOS SURDOS DE GOIANIA;DESPESA COM CONTRATO NR. 471/2023 PARA A EXECUCAO DE SERVICOS MEDICOS DE    ASSISTENCIA A SAUDE AMBULATORIAL (HOSPITALAR) E/OU APOIO DIAGNOSTICO        TERAPEUTICO PARA ATENDIMENTO DOS USUARIOS DO SUS, REFERENCIA:               COMPETENCIA 09/2025 - SCC:656993 - SEI:24.29.000003841-4                    .                                                                           VALOR TOTAL.....................................................26.388,36   .                                                                           64 - TRANSFERENCIAS DE RECURSOS DO SUS - ATENCAO ESPECIALIZADA              SOLICITACAO FINANCEIRA: 174970/2025                                         ;Inexigibilidade de Licitação;000000052020
20252150024910840;13/11/2025 00:00:00;26820,00;0281952025;17/11/2025 00:00:00;26820,00;202521500249108400001;17/11/2025 00:00:00;26820,00;33903900;OUTROS SERVICOS DE TERCEIROS - PESSOA JURIDICA;00828905000154;SECRETARIA MUNICIPAL DE SAUDE;0,00;SECRETARIA MUNICIPAL DE SAUDE                                                                                                                                                                                                                                ;SAUDE - 10;ASSISTENCIA HOSPITALAR E AMBULATORIAL - 302;TRANSFERENCIA DE RECURSOS DO SISTEMA UNICO DE SAUDE - SUS - BLOCO DE MANUTENCAO DAS ACOES E SERVICOS PUBLICOS DE SAUDE - 107;HOSPITAL MEMORIAL BATISTA DO CENTENARIO;ASSISTENCIA A SAUDE AMBULATORIAL (HOSPITALAR) E/OU APOIO DIAGNOSTICO        TERAPEUTICO PARA ATENDIMENTO DOS USUARIOS DO SUS, REFERENCIA:               COMPETENCIA 09/2025 - SCC:514021 - SEI:22.29.000025573-2                    .                                                                           VALOR TOTAL.....................................................26.820,00   .                                                                           64 - TRANSFERENCIAS DE RECURSOS DO SUS - ATENCAO ESPECIALIZADA              SOLICITACAO FINANCEIRA: 174972/2025                                         DESPESA COM CONTRATO NR. 744/2020 PARA A EXECUCAO DE SERVICOS MEDICOS DE    ;Inexigibilidade de Licitação;000063392020
20252150024910841;13/11/2025 00:00:00;141572,05;0281852025;17/11/2025 00:00:00;141572,05;202521500249108410001;17/11/2025 00:00:00;141572,05;33903900;OUTROS SERVICOS DE TERCEIROS - PESSOA JURIDICA;02091999000157;SECRETARIA MUNICIPAL DE SAUDE;0,00;SECRETARIA MUNICIPAL DE SAUDE                                                                                                                                                                                                                                ;SAUDE - 10;ASSISTENCIA HOSPITALAR E AMBULATORIAL - 302;TRANSFERENCIA DE RECURSOS DO SISTEMA UNICO DE SAUDE - SUS - BLOCO DE MANUTENCAO DAS ACOES E SERVICOS PUBLICOS DE SAUDE - 107;INSTITUTO DE OLHOS DE GOIANIA LTDA;SOLICITACAO FINANCEIRA: 174971/2025                                         64 - TRANSFERENCIAS DE RECURSOS DO SUS - ATENCAO ESPECIALIZADA              .                                                                           VALOR TOTAL....................................................141.572,05   .                                                                           COMPETENCIA 09/2025 - SCC:523179 - SEI:22.29.000012078-0                    TERAPEUTICO PARA ATENDIMENTO DOS USUARIOS DO SUS, REFERENCIA:               ASSISTENCIA A SAUDE AMBULATORIAL (HOSPITALAR) E/OU APOIO DIAGNOSTICO        DESPESA COM CONTRATO NR. 922/2020 PARA A EXECUCAO DE SERVICOS MEDICOS DE    ;Inexigibilidade de Licitação;000000052020
20252150024910842;13/11/2025 00:00:00;141415,35;0279252025;17/11/2025 00:00:00;141415,35;202521500249108420001;17/11/2025 00:00:00;141415,35;33903900;OUTROS SERVICOS DE TERCEIROS - PESSOA JURIDICA;16997407000175;SECRETARIA MUNICIPAL DE SAUDE;0,00;SECRETARIA MUNICIPAL DE SAUDE                                                                                                                                                                                                                                ;SAUDE - 10;ASSISTENCIA HOSPITALAR E AMBULATORIAL - 302;TRANSFERENCIA DE RECURSOS DO SISTEMA UNICO DE SAUDE - SUS - BLOCO DE MANUTENCAO DAS ACOES E SERVICOS PUBLICOS DE SAUDE - 107;CLINICA DE IMAGEM BUENO LTDA;DESPESA COM CONTRATO NR. 277/2021 PARA A EXECUCAO DE SERVICOS MEDICOS DE    ASSISTENCIA A SAUDE AMBULATORIAL (HOSPITALAR) E/OU APOIO DIAGNOSTICO        TERAPEUTICO PARA ATENDIMENTO DOS USUARIOS DO SUS, REFERENCIA:               COMPETENCIA 09/2025 - SCC:532593 - SEI:22.29.000011953-7                    .                                                                           VALOR TOTAL....................................................141.415,35   .                                                                           64 - TRANSFERENCIAS DE RECURSOS DO SUS - ATENCAO ESPECIALIZADA              SOLICITACAO FINANCEIRA: 174968/2025                                         ;Inexigibilidade de Licitação;000000052020
20252150024910843;13/11/2025 00:00:00;140455,36;0280142025;17/11/2025 00:00:00;140455,36;202521500249108430001;17/11/2025 00:00:00;140455,36;33903900;OUTROS SERVICOS DE TERCEIROS - PESSOA JURIDICA;01526714000109;SECRETARIA MUNICIPAL DE SAUDE;0,00;SECRETARIA MUNICIPAL DE SAUDE                                                                                                                                                                                                                                ;SAUDE - 10;ASSISTENCIA HOSPITALAR E AMBULATORIAL - 302;TRANSFERENCIA DE RECURSOS DO SISTEMA UNICO DE SAUDE - SUS - BLOCO DE MANUTENCAO DAS ACOES E SERVICOS PUBLICOS DE SAUDE - 107;HOSPITAL CORACAO DE JESUS LTDA;DESPESA COM CONTRATO NR. 1.111/2020 PARA A EXECUCAO DE SERVICOS MEDICOS DE  ASSISTENCIA A SAUDE AMBULATORIAL (HOSPITALAR) E/OU APOIO DIAGNOSTICO        TERAPEUTICO PARA ATENDIMENTO DOS USUARIOS DO SUS, REFERENCIA:               COMPETENCIA 09/2025 - SCC:525791 - SEI:22.29.000012060-8                    .                                                                           VALOR TOTAL....................................................140.455,36   .                                                                           64 - TRANSFERENCIAS DE RECURSOS DO SUS - ATENCAO ESPECIALIZADA              SOLICITACAO FINANCEIRA: 174966/2025                                         ;Inexigibilidade de Licitação;000074872020
20252150024910844;13/11/2025 00:00:00;139403,40;0281662025;17/11/2025 00:00:00;139403,40;202521500249108440001;18/11/2025 00:00:00;139403,40;33903900;OUTROS SERVICOS DE TERCEIROS - PESSOA JURIDICA;07488727000109;SECRETARIA MUNICIPAL DE SAUDE;0,00;SECRETARIA MUNICIPAL DE SAUDE                                                                                                                                                                                                                                ;SAUDE - 10;ASSISTENCIA HOSPITALAR E AMBULATORIAL - 302;TRANSFERENCIA DE RECURSOS DO SISTEMA UNICO DE SAUDE - SUS - BLOCO DE MANUTENCAO DAS ACOES E SERVICOS PUBLICOS DE SAUDE - 107;NEUROCENTRO SERVICOS MEDICOS E CLINICOS LTDA;SOLICITACAO FINANCEIRA: 174965/2025                                         64 - TRANSFERENCIAS DE RECURSOS DO SUS - ATENCAO ESPECIALIZADA              .                                                                           VALOR TOTAL....................................................139.403,40   .                                                                           COMPETENCIA 09/2025 - SCC:513998 - SEI:22.29.000012185-0                    TERAPEUTICO PARA ATENDIMENTO DOS USUARIOS DO SUS, REFERENCIA:               ASSISTENCIA A SAUDE AMBULATORIAL (HOSPITALAR) E/OU APOIO DIAGNOSTICO        DESPESA COM CONTRATO NR. 741/2020 PARA A EXECUCAO DE SERVICOS MEDICOS DE    ;Inexigibilidade de Licitação;000062652020
20252150024910845;13/11/2025 00:00:00;128272,31;0281352025;17/11/2025 00:00:00;128272,31;202521500249108450001;17/11/2025 00:00:00;128272,31;33903900;OUTROS SERVICOS DE TERCEIROS - PESSOA JURIDICA;04586133000142;SECRETARIA MUNICIPAL DE SAUDE;0,00;SECRETARIA MUNICIPAL DE SAUDE                                                                                                                                                                                                                                ;SAUDE - 10;ASSISTENCIA HOSPITALAR E AMBULATORIAL - 302;TRANSFERENCIA DE RECURSOS DO SISTEMA UNICO DE SAUDE - SUS - BLOCO DE MANUTENCAO DAS ACOES E SERVICOS PUBLICOS DE SAUDE - 107;LUMINA DIAGNOSTICO POR IMAGEM LTDA - ME;DESPESA COM CONTRATO NR. 020/2024 PARA A EXECUCAO DE SERVICOS MEDICOS DE    ASSISTENCIA A SAUDE AMBULATORIAL (HOSPITALAR) E/OU APOIO DIAGNOSTICO        TERAPEUTICO PARA ATENDIMENTO DOS USUARIOS DO SUS, REFERENCIA:               COMPETENCIA 09/2025 - SCC:767302 - SEI:25.29.000005583-7                    .                                                                           VALOR TOTAL....................................................128.272,31   .                                                                           64 - TRANSFERENCIAS DE RECURSOS DO SUS - ATENCAO ESPECIALIZADA              SOLICITACAO FINANCEIRA: 174963/2025                                         ;Inexigibilidade de Licitação;000000052020
20252150024910846;13/11/2025 00:00:00;125314,20;0278812025;14/11/2025 00:00:00;125314,20;202521500249108460001;14/11/2025 00:00:00;125314,20;33903900;OUTROS SERVICOS DE TERCEIROS - PESSOA JURIDICA;23596236000138;SECRETARIA MUNICIPAL DE SAUDE;0,00;SECRETARIA MUNICIPAL DE SAUDE                                                                                                                                                                                                                                ;SAUDE - 10;ASSISTENCIA HOSPITALAR E AMBULATORIAL - 302;TRANSFERENCIA DE RECURSOS DO SISTEMA UNICO DE SAUDE - SUS - BLOCO DE MANUTENCAO DAS ACOES E SERVICOS PUBLICOS DE SAUDE - 107;EPITHELIUM CENTRO CLINICO E TRATAMENTO DE FERIDAS LTDA;DESPESA COM CONTRATO NR. 021/2024 PARA A EXECUCAO DE SERVICOS MEDICOS DE    ASSISTENCIA A SAUDE AMBULATORIAL (HOSPITALAR) E/OU APOIO DIAGNOSTICO        TERAPEUTICO PARA ATENDIMENTO DOS USUARIOS DO SUS, REFERENCIA:               COMPETENCIA 09/2025 - SCC:721825 - SEI:24.29.000037676-0                    .                                                                           VALOR TOTAL....................................................125.314,20   .                                                                           64 - TRANSFERENCIAS DE RECURSOS DO SUS - ATENCAO ESPECIALIZADA              SOLICITACAO FINANCEIRA: 174960/2025                                         ;Inexigibilidade de Licitação;000011192023
20252150024910847;13/11/2025 00:00:00;122080,48;0278022025;14/11/2025 00:00:00;122080,48;202521500249108470001;14/11/2025 00:00:00;122080,48;33903900;OUTROS SERVICOS DE TERCEIROS - PESSOA JURIDICA;21870088000172;SECRETARIA MUNICIPAL DE SAUDE;0,00;SECRETARIA MUNICIPAL DE SAUDE                                                                                                                                                                                                                                ;SAUDE - 10;ASSISTENCIA HOSPITALAR E AMBULATORIAL - 302;TRANSFERENCIA DE RECURSOS DO SISTEMA UNICO DE SAUDE - SUS - BLOCO DE MANUTENCAO DAS ACOES E SERVICOS PUBLICOS DE SAUDE - 107;ATICA CLINICA MEDICA LTDA - ME;DESPESA COM CONTRATO NR. 256/2023 PARA A EXECUCAO DE SERVICOS MEDICOS DE    ASSISTENCIA A SAUDE AMBULATORIAL (HOSPITALAR) E/OU APOIO DIAGNOSTICO        TERAPEUTICO PARA ATENDIMENTO DOS USUARIOS DO SUS, REFERENCIA:               COMPETENCIA 09/2025 - SCC:621715 - SEI:23.29.000022814-5                    .                                                                           VALOR TOTAL....................................................122.080,48   .                                                                           64 - TRANSFERENCIAS DE RECURSOS DO SUS - ATENCAO ESPECIALIZADA              SOLICITACAO FINANCEIRA: 174959/2025                                         ;Inexigibilidade de Licitação;000000052020
20252150024910848;13/11/2025 00:00:00;121062,56;0282102025;17/11/2025 00:00:00;121062,56;202521500249108480001;17/11/2025 00:00:00;121062,56;33903900;OUTROS SERVICOS DE TERCEIROS - PESSOA JURIDICA;00175569000198;SECRETARIA MUNICIPAL DE SAUDE;0,00;SECRETARIA MUNICIPAL DE SAUDE                                                                                                                                                                                                                                ;SAUDE - 10;ASSISTENCIA HOSPITALAR E AMBULATORIAL - 302;TRANSFERENCIA DE RECURSOS DO SISTEMA UNICO DE SAUDE - SUS - BLOCO DE MANUTENCAO DAS ACOES E SERVICOS PUBLICOS DE SAUDE - 107;DNA LABORATORIO CLINICO LTDA - EPP;.                                                                           64 - TRANSFERENCIAS DE RECURSOS DO SUS - ATENCAO ESPECIALIZADA              SOLICITACAO FINANCEIRA: 174958/2025                                         DESPESA COM CONTRATO NR. 192/2023 PARA A EXECUCAO DE SERVICOS MEDICOS DE    ASSISTENCIA A SAUDE AMBULATORIAL (HOSPITALAR) E/OU APOIO DIAGNOSTICO        TERAPEUTICO PARA ATENDIMENTO DOS USUARIOS DO SUS, REFERENCIA:               COMPETENCIA 09/2025 - SCC:640311 - SEI:23.29.000030467-4                    .                                                                           VALOR TOTAL....................................................121.062,56   ;Inexigibilidade de Licitação;000000052020
20252150024910849;13/11/2025 00:00:00;768702,17;0278832025;14/11/2025 00:00:00;768702,17;202521500249108490001;14/11/2025 00:00:00;768702,17;33903900;OUTROS SERVICOS DE TERCEIROS - PESSOA JURIDICA;10703748000104;SECRETARIA MUNICIPAL DE SAUDE;0,00;SECRETARIA MUNICIPAL DE SAUDE                                                                                                                                                                                                                                ;SAUDE - 10;ASSISTENCIA HOSPITALAR E AMBULATORIAL - 302;TRANSFERENCIA DE RECURSOS DO SISTEMA UNICO DE SAUDE - SUS - BLOCO DE MANUTENCAO DAS ACOES E SERVICOS PUBLICOS DE SAUDE - 107;HOSPITAL DE OLHOS VILA NOVA EIRELI ME;DESPESA COM CONTRATO NR. 761/2020 PARA A EXECUCAO DE SERVICOS MEDICOS DE    ASSISTENCIA A SAUDE AMBULATORIAL (HOSPITALAR) E/OU APOIO DIAGNOSTICO        TERAPEUTICO PARA ATENDIMENTO DOS USUARIOS DO SUS, REFERENCIA:               COMPETENCIA 09/2025 - SCC:514692 - SEI:22.29.000012061-6                    .                                                                           VALOR TOTAL....................................................768.702,17   .                                                                           64 - TRANSFERENCIAS DE RECURSOS DO SUS - ATENCAO ESPECIALIZADA              SOLICITACAO FINANCEIRA: 175020/2025                                         ;Inexigibilidade de Licitação;000064522020
20252150024910850;13/11/2025 00:00:00;756112,10;0280062025;17/11/2025 00:00:00;756112,10;202521500249108500001;17/11/2025 00:00:00;756112,10;33903900;OUTROS SERVICOS DE TERCEIROS - PESSOA JURIDICA;01552868000167;SECRETARIA MUNICIPAL DE SAUDE;0,00;SECRETARIA MUNICIPAL DE SAUDE                                                                                                                                                                                                                                ;SAUDE - 10;ASSISTENCIA HOSPITALAR E AMBULATORIAL - 302;TRANSFERENCIA DE RECURSOS DO SISTEMA UNICO DE SAUDE - SUS - BLOCO DE MANUTENCAO DAS ACOES E SERVICOS PUBLICOS DE SAUDE - 107;HOSPITAL SANTA LUCIA LTDA;DESPESA COM CONTRATO NR. 1.027/2020 PARA A EXECUCAO DE SERVICOS MEDICOS DE  ASSISTENCIA A SAUDE AMBULATORIAL (HOSPITALAR) E/OU APOIO DIAGNOSTICO        TERAPEUTICO PARA ATENDIMENTO DOS USUARIOS DO SUS, REFERENCIA:               COMPETENCIA 09/2025 - SCC:520994 - SEI:22.29.000012072-1                    .                                                                           VALOR TOTAL....................................................756.112,10   .                                                                           64 - TRANSFERENCIAS DE RECURSOS DO SUS - ATENCAO ESPECIALIZADA              SOLICITACAO FINANCEIRA: 175019/2025                                         ;Inexigibilidade de Licitação;000000052020
20252150024910851;13/11/2025 00:00:00;636934,28;0288302025;19/11/2025 00:00:00;636934,28;202521500249108510001;25/11/2025 00:00:00;636934,28;33903900;OUTROS SERVICOS DE TERCEIROS - PESSOA JURIDICA;01004795000179;SECRETARIA MUNICIPAL DE SAUDE;0,00;SECRETARIA MUNICIPAL DE SAUDE                                                                                                                                                                                                                                ;SAUDE - 10;ASSISTENCIA HOSPITALAR E AMBULATORIAL - 302;TRANSFERENCIA DE RECURSOS DO SISTEMA UNICO DE SAUDE - SUS - BLOCO DE MANUTENCAO DAS ACOES E SERVICOS PUBLICOS DE SAUDE - 107;DAVITA SERVICOS DE NEFROLOGIA GOIANIA LTDA.;DESPESA COM CONTRATO NR. 1.651/2021 PARA A EXECUCAO DE SERVICOS MEDICOS DE  ASSISTENCIA A SAUDE AMBULATORIAL (HOSPITALAR) E/OU APOIO DIAGNOSTICO        TERAPEUTICO PARA ATENDIMENTO DOS USUARIOS DO SUS, REFERENCIA:               COMPETENCIA 09/2025 - SCC:552195 - SEI:22.29.000012358-5                    .                                                                           VALOR TOTAL....................................................636.934,28   .                                                                           64 - TRANSFERENCIAS DE RECURSOS DO SUS - ATENCAO ESPECIALIZADA              SOLICITACAO FINANCEIRA: 175017/2025                                         ;Inexigibilidade de Licitação;000000052020
20252150024910852;13/11/2025 00:00:00;611480,20;0278622025;14/11/2025 00:00:00;611480,20;202521500249108520001;14/11/2025 00:00:00;611480,20;33903900;OUTROS SERVICOS DE TERCEIROS - PESSOA JURIDICA;01957797000182;SECRETARIA MUNICIPAL DE SAUDE;0,00;SECRETARIA MUNICIPAL DE SAUDE                                                                                                                                                                                                                                ;SAUDE - 10;ASSISTENCIA HOSPITALAR E AMBULATORIAL - 302;TRANSFERENCIA DE RECURSOS DO SISTEMA UNICO DE SAUDE - SUS - BLOCO DE MANUTENCAO DAS ACOES E SERVICOS PUBLICOS DE SAUDE - 107;CLINICA DE DOENCAS RENAIS LTDA;DESPESA COM CONTRATO NR. 929/2020 PARA A EXECUCAO DE SERVICOS MEDICOS DE    ASSISTENCIA A SAUDE AMBULATORIAL (HOSPITALAR) E/OU APOIO DIAGNOSTICO        TERAPEUTICO PARA ATENDIMENTO DOS USUARIOS DO SUS, REFERENCIA:               COMPETENCIA 09/2025 - SCC:518442 - SEI:22.29.000012353-4                    .                                                                           VALOR TOTAL....................................................611.480,20   .                                                                           64 - TRANSFERENCIAS DE RECURSOS DO SUS - ATENCAO ESPECIALIZADA              SOLICITACAO FINANCEIRA: 175016/2025                                         ;Inexigibilidade de Licitação;000068942020
20252150024910853;13/11/2025 00:00:00;116575,10;0311742025;04/12/2025 00:00:00;116575,10;;;0,00;33903900;OUTROS SERVICOS DE TERCEIROS - PESSOA JURIDICA;33413981000158;SECRETARIA MUNICIPAL DE SAUDE;0,00;SECRETARIA MUNICIPAL DE SAUDE                                                                                                                                                                                                                                ;SAUDE - 10;ASSISTENCIA HOSPITALAR E AMBULATORIAL - 302;TRANSFERENCIA DE RECURSOS DO SISTEMA UNICO DE SAUDE - SUS - BLOCO DE MANUTENCAO DAS ACOES E SERVICOS PUBLICOS DE SAUDE - 107;CENTRO DE HEMOTERAPIA DE GOIANIA LTDA;DESPESA COM CONTRATO NR. 2.123/2021 PARA A EXECUCAO DE SERVICOS MEDICOS DE  ASSISTENCIA A SAUDE AMBULATORIAL (HOSPITALAR) E/OU APOIO DIAGNOSTICO        TERAPEUTICO PARA ATENDIMENTO DOS USUARIOS DO SUS, REFERENCIA:               COMPETENCIA 09/2025 - SCC:566382 - SEI:22.29.000011899-9                    .                                                                           VALOR TOTAL....................................................116.575,10   .                                                                           64 - TRANSFERENCIAS DE RECURSOS DO SUS - ATENCAO ESPECIALIZADA              SOLICITACAO FINANCEIRA: 174956/2025                                         ;Inexigibilidade de Licitação;000000052020
20252150024910854;13/11/2025 00:00:00;26956,07;0292202025;24/11/2025 00:00:00;26956,07;202521500249108540001;24/11/2025 00:00:00;26956,07;33903900;OUTROS SERVICOS DE TERCEIROS - PESSOA JURIDICA;02638362000138;SECRETARIA MUNICIPAL DE SAUDE;0,00;SECRETARIA MUNICIPAL DE SAUDE                                                                                                                                                                                                                                ;SAUDE - 10;ASSISTENCIA HOSPITALAR E AMBULATORIAL - 302;TRANSFERENCIA DE RECURSOS DO SISTEMA UNICO DE SAUDE - SUS - BLOCO DE MANUTENCAO DAS ACOES E SERVICOS PUBLICOS DE SAUDE - 107;CITOGENS - LABORATORIO DE ANALISE CLINICAS LTDA;DESPESA COM CONTRATO NR. 748/2020 PARA A EXECUCAO DE SERVICOS MEDICOS DE    ASSISTENCIA A SAUDE AMBULATORIAL (HOSPITALAR) E/OU APOIO DIAGNOSTICO        TERAPEUTICO PARA ATENDIMENTO DOS USUARIOS DO SUS, REFERENCIA:               COMPETENCIA 09/2025 - SCC:514064 - SEI:22.29.000011937-5                    .                                                                           VALOR TOTAL.....................................................26.956,07   .                                                                           64 - TRANSFERENCIAS DE RECURSOS DO SUS - ATENCAO ESPECIALIZADA              SOLICITACAO FINANCEIRA: 174973/2025                                         ;Inexigibilidade de Licitação;000000052020
20252150024910855;13/11/2025 00:00:00;27361,32;0281382025;17/11/2025 00:00:00;27361,32;202521500249108550001;17/11/2025 00:00:00;27361,32;33903900;OUTROS SERVICOS DE TERCEIROS - PESSOA JURIDICA;07738336000103;SECRETARIA MUNICIPAL DE SAUDE;0,00;SECRETARIA MUNICIPAL DE SAUDE                                                                                                                                                                                                                                ;SAUDE - 10;ASSISTENCIA HOSPITALAR E AMBULATORIAL - 302;TRANSFERENCIA DE RECURSOS DO SISTEMA UNICO DE SAUDE - SUS - BLOCO DE MANUTENCAO DAS ACOES E SERVICOS PUBLICOS DE SAUDE - 107;CENTRO BRASILEIRO DE MEDICINA NUCLEAR E IMAGEM MOLECULAR LTD;.                                                                           VALOR TOTAL.....................................................27.361,32   .                                                                           64 - TRANSFERENCIAS DE RECURSOS DO SUS - ATENCAO ESPECIALIZADA              SOLICITACAO FINANCEIRA: 174974/2025                                         COMPETENCIA 09/2025 - SCC:537005 - SEI:22.29.000011887-5                    TERAPEUTICO PARA ATENDIMENTO DOS USUARIOS DO SUS, REFERENCIA:               ASSISTENCIA A SAUDE AMBULATORIAL (HOSPITALAR) E/OU APOIO DIAGNOSTICO        DESPESA COM CONTRATO NR. 378/2021 PARA A EXECUCAO DE SERVICOS MEDICOS DE    ;Inexigibilidade de Licitação;000011482021
20252150024910856;13/11/2025 00:00:00;27903,63;0288572025;19/11/2025 00:00:00;27903,63;202521500249108560001;25/11/2025 00:00:00;27903,63;33903900;OUTROS SERVICOS DE TERCEIROS - PESSOA JURIDICA;02083913000144;SECRETARIA MUNICIPAL DE SAUDE;0,00;SECRETARIA MUNICIPAL DE SAUDE                                                                                                                                                                                                                                ;SAUDE - 10;ASSISTENCIA HOSPITALAR E AMBULATORIAL - 302;TRANSFERENCIA DE RECURSOS DO SISTEMA UNICO DE SAUDE - SUS - BLOCO DE MANUTENCAO DAS ACOES E SERVICOS PUBLICOS DE SAUDE - 107;LABORATORIO MEDICO OSWALDO CRUZ LTDA;DESPESA COM CONTRATO NR. 726/2020 PARA A EXECUCAO DE SERVICOS MEDICOS DE    ASSISTENCIA A SAUDE AMBULATORIAL (HOSPITALAR) E/OU APOIO DIAGNOSTICO        TERAPEUTICO PARA ATENDIMENTO DOS USUARIOS DO SUS, REFERENCIA:               COMPETENCIA 09/2025 - SCC:513807 - SEI:22.29.000012145-0                    .                                                                           VALOR TOTAL.....................................................27.903,63   .                                                                           64 - TRANSFERENCIAS DE RECURSOS DO SUS - ATENCAO ESPECIALIZADA              SOLICITACAO FINANCEIRA: 174975/2025                                         ;Inexigibilidade de Licitação;000000052020
20252150024910857;13/11/2025 00:00:00;28366,67;;;0,00;;;0,00;33903900;OUTROS SERVICOS DE TERCEIROS - PESSOA JURIDICA;01567601000143;SECRETARIA MUNICIPAL DE SAUDE;28366,67;SECRETARIA MUNICIPAL DE SAUDE                                                                                                                                                                                                                                ;SAUDE - 10;ASSISTENCIA HOSPITALAR E AMBULATORIAL - 302;TRANSFERENCIA DE RECURSOS DO SISTEMA UNICO DE SAUDE - SUS - BLOCO DE MANUTENCAO DAS ACOES E SERVICOS PUBLICOS DE SAUDE - 107;UNIVERSIDADE FEDERAL DE GOIAS;DESPESA COM CONVENIO NR. 001/2021 PARA A EXECUCAO DE SERVICOS MEDICOS DE    ASSISTENCIA A SAUDE AMBULATORIAL (HOSPITALAR) E/OU APOIO DIAGNOSTICO        TERAPEUTICO PARA ATENDIMENTO DOS USUARIOS DO SUS, REFERENCIA:               COMPETENCIA 09/2025 - SCC:534235 - SEI:22.29.000012134-5                    .                                                                           VALOR TOTAL.....................................................28.366,67   .                                                                           64 - TRANSFERENCIAS DE RECURSOS DO SUS - ATENCAO ESPECIALIZADA              SOLICITACAO FINANCEIRA: 174976/2025                                         ;Outros (Convênios, ajustes, similares, etc.);000025942020
20252150024910858;13/11/2025 00:00:00;28601,55;0281482025;17/11/2025 00:00:00;28601,55;202521500249108580001;17/11/2025 00:00:00;28601,55;33903900;OUTROS SERVICOS DE TERCEIROS - PESSOA JURIDICA;03810678000128;SECRETARIA MUNICIPAL DE SAUDE;0,00;SECRETARIA MUNICIPAL DE SAUDE                                                                                                                                                                                                                                ;SAUDE - 10;ASSISTENCIA HOSPITALAR E AMBULATORIAL - 302;TRANSFERENCIA DE RECURSOS DO SISTEMA UNICO DE SAUDE - SUS - BLOCO DE MANUTENCAO DAS ACOES E SERVICOS PUBLICOS DE SAUDE - 107;CITOCENTER LABORATORIO MEDICO S/S LTDA;DESPESA COM CONTRATO NR. 083/2023 PARA A EXECUCAO DE SERVICOS MEDICOS DE    ASSISTENCIA A SAUDE AMBULATORIAL (HOSPITALAR) E/OU APOIO DIAGNOSTICO        TERAPEUTICO PARA ATENDIMENTO DOS USUARIOS DO SUS, REFERENCIA:               COMPETENCIA 09/2025 - SCC:615073 - SEI:23.29.000018225-0                    .                                                                           VALOR TOTAL.....................................................28.601,55   .                                                                           64 - TRANSFERENCIAS DE RECURSOS DO SUS - ATENCAO ESPECIALIZADA              SOLICITACAO FINANCEIRA: 174978/2025                                         ;Inexigibilidade de Licitação;000001282023
20252150024910859;13/11/2025 00:00:00;30492,14;;;0,00;;;0,00;33903900;OUTROS SERVICOS DE TERCEIROS - PESSOA JURIDICA;01531714000199;SECRETARIA MUNICIPAL DE SAUDE;30492,14;SECRETARIA MUNICIPAL DE SAUDE                                                                                                                                                                                                                                ;SAUDE - 10;ASSISTENCIA HOSPITALAR E AMBULATORIAL - 302;TRANSFERENCIA DE RECURSOS DO SISTEMA UNICO DE SAUDE - SUS - BLOCO DE MANUTENCAO DAS ACOES E SERVICOS PUBLICOS DE SAUDE - 107;S R HOSPITALAR LTDA;DESPESA COM CONTRATO NR. 1.269/2024 PARA A EXECUCAO DE SERVICOS MEDICOS DE  ASSISTENCIA A SAUDE AMBULATORIAL (HOSPITALAR) E/OU APOIO DIAGNOSTICO        TERAPEUTICO PARA ATENDIMENTO DOS USUARIOS DO SUS, REFERENCIA:               COMPETENCIA 09/2025 - SCC:766713 - SEI:25.29.000006929-3                    .                                                                           VALOR TOTAL.....................................................30.492,14   .                                                                           64 - TRANSFERENCIAS DE RECURSOS DO SUS - ATENCAO ESPECIALIZADA              SOLICITACAO FINANCEIRA: 174979/2025                                         ;Inexigibilidade de Licitação;000000052024
20252150024910860;13/11/2025 00:00:00;7175,23;;;0,00;;;0,00;33903900;OUTROS SERVICOS DE TERCEIROS - PESSOA JURIDICA;01567601000143;SECRETARIA MUNICIPAL DE SAUDE;7175,23;SECRETARIA MUNICIPAL DE SAUDE                                                                                                                                                                                                                                ;SAUDE - 10;ASSISTENCIA HOSPITALAR E AMBULATORIAL - 302;TRANSFERENCIA DE RECURSOS DO SISTEMA UNICO DE SAUDE - SUS - BLOCO DE MANUTENCAO DAS ACOES E SERVICOS PUBLICOS DE SAUDE - 107;UNIVERSIDADE FEDERAL DE GOIAS;DESPESA COM CONVENIO NR. 022/2021 PARA A EXECUCAO DE SERVICOS MEDICOS DE    ASSISTENCIA A SAUDE AMBULATORIAL (HOSPITALAR) E/OU APOIO DIAGNOSTICO        TERAPEUTICO PARA ATENDIMENTO DOS USUARIOS DO SUS, REFERENCIA:               COMPETENCIA 09/2025 - SCC:549721 - SEI:22.29.000011983-9                    .                                                                           VALOR TOTAL......................................................7.175,23   .                                                                           64 - TRANSFERENCIAS DE RECURSOS DO SUS - ATENCAO ESPECIALIZADA              SOLICITACAO FINANCEIRA: 174913/2025                                         ;Outros (Convênios, ajustes, similares, etc.);000920802021
20252150024910861;13/11/2025 00:00:00;15000,00;;;0,00;;;0,00;33903900;OUTROS SERVICOS DE TERCEIROS - PESSOA JURIDICA;37864667000142;SECRETARIA MUNICIPAL DE SAUDE;15000,00;SECRETARIA MUNICIPAL DE SAUDE                                                                                                                                                                                                                                ;SAUDE - 10;ASSISTENCIA HOSPITALAR E AMBULATORIAL - 302;TRANSFERENCIA DE RECURSOS DO SISTEMA UNICO DE SAUDE - SUS - BLOCO DE MANUTENCAO DAS ACOES E SERVICOS PUBLICOS DE SAUDE - 107;ENDOCENTRO SERVICOS MEDICOS LTDA;DESPESA COM CONVENIO NR. 1.040/2020 PARA A EXECUCAO DE SERVICOS MEDICOS DE  ASSISTENCIA A SAUDE AMBULATORIAL (HOSPITALAR) E/OU APOIO DIAGNOSTICO        TERAPEUTICO PARA ATENDIMENTO DOS USUARIOS DO SUS, REFERENCIA:               COMPETENCIA 09/2025 - SCC:521133 - SEI:22.29.000011979-0                    .                                                                           VALOR TOTAL.....................................................15.000,00   .                                                                           64 - TRANSFERENCIAS DE RECURSOS DO SUS - ATENCAO ESPECIALIZADA              SOLICITACAO FINANCEIRA: 174924/2025                                         ;Inexigibilidade de Licitação;000000052020
20252150024910862;13/11/2025 00:00:00;33804,47;0288542025;19/11/2025 00:00:00;33804,47;202521500249108620001;25/11/2025 00:00:00;33804,47;33903900;OUTROS SERVICOS DE TERCEIROS - PESSOA JURIDICA;37005725000182;SECRETARIA MUNICIPAL DE SAUDE;0,00;SECRETARIA MUNICIPAL DE SAUDE                                                                                                                                                                                                                                ;SAUDE - 10;ASSISTENCIA HOSPITALAR E AMBULATORIAL - 302;TRANSFERENCIA DE RECURSOS DO SISTEMA UNICO DE SAUDE - SUS - BLOCO DE MANUTENCAO DAS ACOES E SERVICOS PUBLICOS DE SAUDE - 107;CLINICA MEDICA SAO LUIS LTDA;DESPESA COM CONVENIO NR. 1.576/2021 PARA A EXECUCAO DE SERVICOS MEDICOS DE  ASSISTENCIA A SAUDE AMBULATORIAL (HOSPITALAR) E/OU APOIO DIAGNOSTICO        TERAPEUTICO PARA ATENDIMENTO DOS USUARIOS DO SUS, REFERENCIA:               COMPETENCIA 09/2025 - SCC:526178 - SEI:22.29.000020442-9                    .                                                                           VALOR TOTAL.....................................................33.804,47   .                                                                           64 - TRANSFERENCIAS DE RECURSOS DO SUS - ATENCAO ESPECIALIZADA              SOLICITACAO FINANCEIRA: 174981/2025                                         ;Inexigibilidade de Licitação;000000052020
20252150024910863;13/11/2025 00:00:00;35798,12;0280622025;17/11/2025 00:00:00;35798,12;202521500249108630001;17/11/2025 00:00:00;35798,12;33903900;OUTROS SERVICOS DE TERCEIROS - PESSOA JURIDICA;37018009000130;SECRETARIA MUNICIPAL DE SAUDE;0,00;SECRETARIA MUNICIPAL DE SAUDE                                                                                                                                                                                                                                ;SAUDE - 10;ASSISTENCIA HOSPITALAR E AMBULATORIAL - 302;TRANSFERENCIA DE RECURSOS DO SISTEMA UNICO DE SAUDE - SUS - BLOCO DE MANUTENCAO DAS ACOES E SERVICOS PUBLICOS DE SAUDE - 107;PRO LIFE LABORATORIO DE ANALISES CLINICAS LTDA;DESPESA COM CONVENIO NR. 727/2020 PARA A EXECUCAO DE SERVICOS MEDICOS DE    ASSISTENCIA A SAUDE AMBULATORIAL (HOSPITALAR) E/OU APOIO DIAGNOSTICO        TERAPEUTICO PARA ATENDIMENTO DOS USUARIOS DO SUS, REFERENCIA:               COMPETENCIA 09/2025 - SCC:513815 - SEI:22.29.000012209-0                    .                                                                           VALOR TOTAL.....................................................35.798,12   .                                                                           64 - TRANSFERENCIAS DE RECURSOS DO SUS - ATENCAO ESPECIALIZADA              SOLICITACAO FINANCEIRA: 174905/2025                                         ;Inexigibilidade de Licitação;000063322020
20252150024910864;13/11/2025 00:00:00;79600,00;0277902025;13/11/2025 00:00:00;79600,00;202521500249108640001;14/11/2025 00:00:00;79600,00;33903900;OUTROS SERVICOS DE TERCEIROS - PESSOA JURIDICA;01525849000141;SECRETARIA MUNICIPAL DE SAUDE;0,00;SECRETARIA MUNICIPAL DE SAUDE                                                                                                                                                                                                                                ;SAUDE - 10;ASSISTENCIA HOSPITALAR E AMBULATORIAL - 302;TRANSFERENCIA DE RECURSOS DO SISTEMA UNICO DE SAUDE - SUS - BLOCO DE MANUTENCAO DAS ACOES E SERVICOS PUBLICOS DE SAUDE - 107;MATERNIDADE E HOSPITAL SAO JUDAS TADEU LTDA;CO PARA ATENDIMENTO DOS USUÁRIOS DO SUS - SCC:513823 - SEI:25.5.000056060-9 REFERENCIA: COMPETENCIA 07/2025 - PAGAMENTO ADMINISTRATIVO PEDIDO DE COMPRA NR.:063-2021 DADOS PARA EMPENHO: 11 - 6366/2020 - 04                        DESPESA COM CONTRATO NR. 0728/2020 PARA A EXECUCAO DE SERVICOS MEDICOS DE ASSISTENCIA A SAUDE AMBULATORIAL (HOSPITALAR) E/OU APOIO DIAGNOSTICO TERAPEUTIVIGÊNCIA/TÉRMINO DO CONTRATO: 07/10/20 A 06/10/25                           .                                                                           VALOR TOTAL:.......................................................79.600,00.                                                                           64 - TRANSFERENCIAS DE RECURSOS DO SUS - ATENCAO ESPECIALIZADA              SOLICITACAO FINANCEIRA: 174922/2025                                         ;Inexigibilidade de Licitação;000063662020
20252150024910865;13/11/2025 00:00:00;332200,00;0277952025;14/11/2025 00:00:00;332200,00;202521500249108650001;17/11/2025 00:00:00;332200,00;33903900;OUTROS SERVICOS DE TERCEIROS - PESSOA JURIDICA;01619790000150;SECRETARIA MUNICIPAL DE SAUDE;0,00;SECRETARIA MUNICIPAL DE SAUDE                                                                                                                                                                                                                                ;SAUDE - 10;ASSISTENCIA HOSPITALAR E AMBULATORIAL - 302;TRANSFERENCIA DE RECURSOS DO SISTEMA UNICO DE SAUDE - SUS - BLOCO DE MANUTENCAO DAS ACOES E SERVICOS PUBLICOS DE SAUDE - 107;SANTA CASA DE MISERICORDIA DE GOIANIA;SOLICITACAO FINANCEIRA: 174997/2025                                         64 - TRANSFERENCIAS DE RECURSOS DO SUS - ATENCAO ESPECIALIZADA              .                                                                           VALOR TOTAL:......................................................332.200,00.                                                                           NR.:009/2024 VIGÊNCIA/TÉRMINO DO CONTRATO: 18/04/2024 A 17/04/2029          REFERÊNCIA: COMPETÊNCIA 07/2025 - PAGAMENTO ADMINISTRATIVO PEDIDO DE COMPRA O PARA ATENDIMENTO DOS USUÁRIOS DO SUS - SCC:722856 - SEI:25.5.000061031-2  ISTÊNCIA A SAÚDE AMBULATORIAL (HOSPITALAR) E/OU APOIO DIAGNÓSTICO TERAPÊUTICDESPESA COM CONVÊNIO NR. 021/2024 PARA A EXECUÇÃO DE SERVIÇOS MÉDICOS DE ASS;Outros (Convênios, ajustes, similares, etc.);000000212024
20252150024910866;13/11/2025 00:00:00;231842,54;0281362025;17/11/2025 00:00:00;231842,54;202521500249108660001;17/11/2025 00:00:00;231842,54;33903900;OUTROS SERVICOS DE TERCEIROS - PESSOA JURIDICA;00136446000148;SECRETARIA MUNICIPAL DE SAUDE;0,00;SECRETARIA MUNICIPAL DE SAUDE                                                                                                                                                                                                                                ;SAUDE - 10;ASSISTENCIA HOSPITALAR E AMBULATORIAL - 302;TRANSFERENCIA DE RECURSOS DO SISTEMA UNICO DE SAUDE - SUS - BLOCO DE MANUTENCAO DAS ACOES E SERVICOS PUBLICOS DE SAUDE - 107;NEFROCLINICA CLINICA DE DOENCAS RENAIS LTDA;DESPESA COM CONTRATO NR. 928/2020 PARA A EXECUCAO DE SERVICOS MEDICOS DE    ASSISTENCIA A SAUDE AMBULATORIAL (HOSPITALAR) E/OU APOIO DIAGNOSTICO        TERAPEUTICO PARA ATENDIMENTO DOS USUARIOS DO SUS, REFERENCIA:               COMPETENCIA 09/2025 - SCC:518434 - SEI:22.29.000013329-7                    .                                                                           VALOR TOTAL....................................................231.842,54   .                                                                           64 - TRANSFERENCIAS DE RECURSOS DO SUS - ATENCAO ESPECIALIZADA              SOLICITACAO FINANCEIRA: 175000/2025                                         ;Inexigibilidade de Licitação;000068912020
20252150024910867;13/11/2025 00:00:00;68371,63;0283192025;17/11/2025 00:00:00;68371,63;202521500249108670001;18/11/2025 00:00:00;68371,63;33903900;OUTROS SERVICOS DE TERCEIROS - PESSOA JURIDICA;07976161000164;SECRETARIA MUNICIPAL DE SAUDE;0,00;SECRETARIA MUNICIPAL DE SAUDE                                                                                                                                                                                                                                ;SAUDE - 10;ASSISTENCIA HOSPITALAR E AMBULATORIAL - 302;TRANSFERENCIA DE RECURSOS DO SISTEMA UNICO DE SAUDE - SUS - BLOCO DE MANUTENCAO DAS ACOES E SERVICOS PUBLICOS DE SAUDE - 107;VITALABOR CLINICA DE SEGURANCA E MEDICINA DO TRABALHO LTDA;SOLICITACAO FINANCEIRA: 174931/2025                                         64 - TRANSFERENCIAS DE RECURSOS DO SUS - ATENCAO ESPECIALIZADA              .                                                                           VALOR TOTAL.....................................................68.371,63   .                                                                           COMPETENCIA 09/2025 - SCC:532607 - SEI:22.29.000012347-0                    TERAPEUTICO PARA ATENDIMENTO DOS USUARIOS DO SUS, REFERENCIA:               ASSISTENCIA A SAUDE AMBULATORIAL (HOSPITALAR) E/OU APOIO DIAGNOSTICO        DESPESA COM CONTRATO NR. 278/2021 PARA A EXECUCAO DE SERVICOS MEDICOS DE    ;Inexigibilidade de Licitação;000000052020
20252150024910868;13/11/2025 00:00:00;68489,10;0280712025;17/11/2025 00:00:00;68489,10;202521500249108680001;17/11/2025 00:00:00;68489,10;33903900;OUTROS SERVICOS DE TERCEIROS - PESSOA JURIDICA;01082973000180;SECRETARIA MUNICIPAL DE SAUDE;0,00;SECRETARIA MUNICIPAL DE SAUDE                                                                                                                                                                                                                                ;SAUDE - 10;ASSISTENCIA HOSPITALAR E AMBULATORIAL - 302;TRANSFERENCIA DE RECURSOS DO SISTEMA UNICO DE SAUDE - SUS - BLOCO DE MANUTENCAO DAS ACOES E SERVICOS PUBLICOS DE SAUDE - 107;LABORATORIO SALUTI LTDA;ASSISTENCIA A SAUDE AMBULATORIAL (HOSPITALAR) E/OU APOIO DIAGNOSTICO        TERAPEUTICO PARA ATENDIMENTO DOS USUARIOS DO SUS, REFERENCIA:               COMPETENCIA 09/2025 - SCC:514056 - SEI:22.29.000012168-0                    .                                                                           VALOR TOTAL.....................................................68.489,10   .                                                                           64 - TRANSFERENCIAS DE RECURSOS DO SUS - ATENCAO ESPECIALIZADA              SOLICITACAO FINANCEIRA: 174932/2025                                         DESPESA COM CONTRATO NR. 747/2020 PARA A EXECUCAO DE SERVICOS MEDICOS DE    ;Inexigibilidade de Licitação;000000052020
20252150024910869;13/11/2025 00:00:00;69407,63;0278602025;14/11/2025 00:00:00;69407,63;202521500249108690001;14/11/2025 00:00:00;69407,63;33903900;OUTROS SERVICOS DE TERCEIROS - PESSOA JURIDICA;11543844000103;SECRETARIA MUNICIPAL DE SAUDE;0,00;SECRETARIA MUNICIPAL DE SAUDE                                                                                                                                                                                                                                ;SAUDE - 10;ASSISTENCIA HOSPITALAR E AMBULATORIAL - 302;TRANSFERENCIA DE RECURSOS DO SISTEMA UNICO DE SAUDE - SUS - BLOCO DE MANUTENCAO DAS ACOES E SERVICOS PUBLICOS DE SAUDE - 107;NEUROFISIOLOGIA CLINICA AVANCADA LTDA;DESPESA COM CONTRATO NR. 654/2020 PARA A EXECUCAO DE SERVICOS MEDICOS DE    ASSISTENCIA A SAUDE AMBULATORIAL (HOSPITALAR) E/OU APOIO DIAGNOSTICO        TERAPEUTICO PARA ATENDIMENTO DOS USUARIOS DO SUS, REFERENCIA:               COMPETENCIA 09/2025 - SCC:513645 - SEI:22.29.000012186-8                    .                                                                           VALOR TOTAL.....................................................69.407,63   .                                                                           64 - TRANSFERENCIAS DE RECURSOS DO SUS - ATENCAO ESPECIALIZADA              SOLICITACAO FINANCEIRA: 174933/2025                                         ;Inexigibilidade de Licitação;000000052020
20252150024910870;13/11/2025 00:00:00;357331,45;0283202025;17/11/2025 00:00:00;357331,45;202521500249108700001;18/11/2025 00:00:00;357331,45;33903900;OUTROS SERVICOS DE TERCEIROS - PESSOA JURIDICA;26904011000190;SECRETARIA MUNICIPAL DE SAUDE;0,00;SECRETARIA MUNICIPAL DE SAUDE                                                                                                                                                                                                                                ;SAUDE - 10;ASSISTENCIA HOSPITALAR E AMBULATORIAL - 302;TRANSFERENCIA DE RECURSOS DO SISTEMA UNICO DE SAUDE - SUS - BLOCO DE MANUTENCAO DAS ACOES E SERVICOS PUBLICOS DE SAUDE - 107;UNIDADE DE DIAGNOSTICOS MEDICOS LTDA;DESPESA COM CONTRATO NR. 266/2023 PARA A EXECUCAO DE SERVICOS MEDICOS DE    ASSISTENCIA A SAUDE AMBULATORIAL (HOSPITALAR) E/OU APOIO DIAGNOSTICO        TERAPEUTICO PARA ATENDIMENTO DOS USUARIOS DO SUS, REFERENCIA:               COMPETENCIA 09/2025 - SCC:650987 - SEI:24.29.000022524-9                    .                                                                           VALOR TOTAL....................................................357.331,45   .                                                                           64 - TRANSFERENCIAS DE RECURSOS DO SUS - ATENCAO ESPECIALIZADA              SOLICITACAO FINANCEIRA: 175005/2025                                         ;Inexigibilidade de Licitação;000000052020
20252150024910871;13/11/2025 00:00:00;71610,70;0282862025;17/11/2025 00:00:00;71610,70;202521500249108710001;18/11/2025 00:00:00;71610,70;33903900;OUTROS SERVICOS DE TERCEIROS - PESSOA JURIDICA;01567668000188;SECRETARIA MUNICIPAL DE SAUDE;0,00;SECRETARIA MUNICIPAL DE SAUDE                                                                                                                                                                                                                                ;SAUDE - 10;ASSISTENCIA HOSPITALAR E AMBULATORIAL - 302;TRANSFERENCIA DE RECURSOS DO SISTEMA UNICO DE SAUDE - SUS - BLOCO DE MANUTENCAO DAS ACOES E SERVICOS PUBLICOS DE SAUDE - 107;HOSPITAL SANTA CATARINA LTDA;DESPESA COM CONTRATO NR. 521/2021 PARA A EXECUCAO DE SERVICOS MEDICOS DE    ASSISTENCIA A SAUDE AMBULATORIAL (HOSPITALAR) E/OU APOIO DIAGNOSTICO        TERAPEUTICO PARA ATENDIMENTO DOS USUARIOS DO SUS, REFERENCIA:               COMPETENCIA 09/2025 - SCC:537714 - SEI:22.29.000012070-5                    .                                                                           VALOR TOTAL.....................................................71.610,70   .                                                                           64 - TRANSFERENCIAS DE RECURSOS DO SUS - ATENCAO ESPECIALIZADA              SOLICITACAO FINANCEIRA: 174934/2025                                         ;Inexigibilidade de Licitação;000000052020
20252150024910872;13/11/2025 00:00:00;4563708,03;0287402025;18/11/2025 00:00:00;4563708,03;202521500249108720001;19/11/2025 00:00:00;4563708,03;33903900;OUTROS SERVICOS DE TERCEIROS - PESSOA JURIDICA;01619790000150;SECRETARIA MUNICIPAL DE SAUDE;0,00;SECRETARIA MUNICIPAL DE SAUDE                                                                                                                                                                                                                                ;SAUDE - 10;ASSISTENCIA HOSPITALAR E AMBULATORIAL - 302;TRANSFERENCIA DE RECURSOS DO SISTEMA UNICO DE SAUDE - SUS - BLOCO DE MANUTENCAO DAS ACOES E SERVICOS PUBLICOS DE SAUDE - 107;SANTA CASA DE MISERICORDIA DE GOIANIA;DESPESA COM CONTRATO NR. 021/2024 PARA A EXECUCAO DE SERVICOS MEDICOS DE    ASSISTENCIA A SAUDE AMBULATORIAL (HOSPITALAR) E/OU APOIO DIAGNOSTICO        TERAPEUTICO PARA ATENDIMENTO DOS USUARIOS DO SUS, REFERENCIA:               COMPETENCIA 09/2025 - SCC:722856 - SEI:24.29.000022638-5                    .                                                                           VALOR TOTAL..................................................4.563.708,03   .                                                                           64 - TRANSFERENCIAS DE RECURSOS DO SUS - ATENCAO ESPECIALIZADA              SOLICITACAO FINANCEIRA: 175102/2025                                         ;Outros (Convênios, ajustes, similares, etc.);000000212024
20252150024910873;13/11/2025 00:00:00;72429,21;0311112025;04/12/2025 00:00:00;72429,21;202521500249108730001;16/03/2026 00:00:00;72429,21;33903900;OUTROS SERVICOS DE TERCEIROS - PESSOA JURIDICA;01588888003375;SECRETARIA MUNICIPAL DE SAUDE;0,00;SECRETARIA MUNICIPAL DE SAUDE                                                                                                                                                                                                                                ;SAUDE - 10;ASSISTENCIA HOSPITALAR E AMBULATORIAL - 302;TRANSFERENCIA DE RECURSOS DO SISTEMA UNICO DE SAUDE - SUS - BLOCO DE MANUTENCAO DAS ACOES E SERVICOS PUBLICOS DE SAUDE - 107;LABORATORIO PADRAO S.A.;DESPESA COM CONTRATO NR. 1.103/2020 PARA A EXECUCAO DE SERVICOS MEDICOS DE  ASSISTENCIA A SAUDE AMBULATORIAL (HOSPITALAR) E/OU APOIO DIAGNOSTICO        TERAPEUTICO PARA ATENDIMENTO DOS USUARIOS DO SUS, REFERENCIA:               COMPETENCIA 09/2025 - SCC:524001 - SEI:22.29.000012149-3                    .                                                                           VALOR TOTAL.....................................................72.429,21   .                                                                           64 - TRANSFERENCIAS DE RECURSOS DO SUS - ATENCAO ESPECIALIZADA              SOLICITACAO FINANCEIRA: 174936/2025                                         ;Inexigibilidade de Licitação;000000052020
20252150024910874;13/11/2025 00:00:00;370558,26;0281332025;17/11/2025 00:00:00;370558,26;202521500249108740001;17/11/2025 00:00:00;370558,26;33903900;OUTROS SERVICOS DE TERCEIROS - PESSOA JURIDICA;02043906000119;SECRETARIA MUNICIPAL DE SAUDE;0,00;SECRETARIA MUNICIPAL DE SAUDE                                                                                                                                                                                                                                ;SAUDE - 10;ASSISTENCIA HOSPITALAR E AMBULATORIAL - 302;TRANSFERENCIA DE RECURSOS DO SISTEMA UNICO DE SAUDE - SUS - BLOCO DE MANUTENCAO DAS ACOES E SERVICOS PUBLICOS DE SAUDE - 107;RENALCLINICA CLINICA DE NEFROLOGIA LTDA;DESPESA COM CONTRATO NR. 777/2020 PARA A EXECUCAO DE SERVICOS MEDICOS DE    ASSISTENCIA A SAUDE AMBULATORIAL (HOSPITALAR) E/OU APOIO DIAGNOSTICO        TERAPEUTICO PARA ATENDIMENTO DOS USUARIOS DO SUS, REFERENCIA:               COMPETENCIA 09/2025 - SCC:515249 - SEI:22.29.000012369-0                    .                                                                           VALOR TOTAL....................................................370.558,26   .                                                                           64 - TRANSFERENCIAS DE RECURSOS DO SUS - ATENCAO ESPECIALIZADA              SOLICITACAO FINANCEIRA: 175007/2025                                         ;Inexigibilidade de Licitação;000063712020
20252150024910875;13/11/2025 00:00:00;86281,13;0288532025;19/11/2025 00:00:00;86281,13;202521500249108750001;25/11/2025 00:00:00;86281,13;33903900;OUTROS SERVICOS DE TERCEIROS - PESSOA JURIDICA;01617489000108;SECRETARIA MUNICIPAL DE SAUDE;0,00;SECRETARIA MUNICIPAL DE SAUDE                                                                                                                                                                                                                                ;SAUDE - 10;ASSISTENCIA HOSPITALAR E AMBULATORIAL - 302;TRANSFERENCIA DE RECURSOS DO SISTEMA UNICO DE SAUDE - SUS - BLOCO DE MANUTENCAO DAS ACOES E SERVICOS PUBLICOS DE SAUDE - 107;INSTITUTO GOIANO DE PEDIATRIA LTDA;.                                                                           VALOR TOTAL.....................................................86.281,13   .                                                                           64 - TRANSFERENCIAS DE RECURSOS DO SUS - ATENCAO ESPECIALIZADA              SOLICITACAO FINANCEIRA: 174938/2025                                         DESPESA COM CONTRATO NR. 019/2023 PARA A EXECUCAO DE SERVICOS MEDICOS DE    ASSISTENCIA A SAUDE AMBULATORIAL (HOSPITALAR) E/OU APOIO DIAGNOSTICO        TERAPEUTICO PARA ATENDIMENTO DOS USUARIOS DO SUS, REFERENCIA:               COMPETENCIA 09/2025 - SCC:640825 - SEI:23.29.000018638-8                    ;Inexigibilidade de Licitação;000000052020
20252150024910876;13/11/2025 00:00:00;85352,60;0283232025;17/11/2025 00:00:00;85352,60;202521500249108760001;18/11/2025 00:00:00;85352,60;33903900;OUTROS SERVICOS DE TERCEIROS - PESSOA JURIDICA;01631225000370;SECRETARIA MUNICIPAL DE SAUDE;0,00;SECRETARIA MUNICIPAL DE SAUDE                                                                                                                                                                                                                                ;SAUDE - 10;ASSISTENCIA HOSPITALAR E AMBULATORIAL - 302;TRANSFERENCIA DE RECURSOS DO SISTEMA UNICO DE SAUDE - SUS - BLOCO DE MANUTENCAO DAS ACOES E SERVICOS PUBLICOS DE SAUDE - 107;INSTITUTO GOIANO DE RADIOLOGIA LTDA;DESPESA COM CONTRATO NR. 554/2023 PARA A EXECUCAO DE SERVICOS MEDICOS DE    ASSISTENCIA A SAUDE AMBULATORIAL (HOSPITALAR) E/OU APOIO DIAGNOSTICO        TERAPEUTICO PARA ATENDIMENTO DOS USUARIOS DO SUS, REFERENCIA:               COMPETENCIA 09/2025 - SCC:666344 - SEI:23.29.000047639-4                    .                                                                           VALOR TOTAL.....................................................85.352,60   .                                                                           64 - TRANSFERENCIAS DE RECURSOS DO SUS - ATENCAO ESPECIALIZADA              SOLICITACAO FINANCEIRA: 174937/2025                                         ;Inexigibilidade de Licitação;000000052020
20252150024910877;13/11/2025 00:00:00;86749,10;0282032025;17/11/2025 00:00:00;86749,10;202521500249108770001;17/11/2025 00:00:00;86749,10;33903900;OUTROS SERVICOS DE TERCEIROS - PESSOA JURIDICA;06337035000105;SECRETARIA MUNICIPAL DE SAUDE;0,00;SECRETARIA MUNICIPAL DE SAUDE                                                                                                                                                                                                                                ;SAUDE - 10;ASSISTENCIA HOSPITALAR E AMBULATORIAL - 302;TRANSFERENCIA DE RECURSOS DO SISTEMA UNICO DE SAUDE - SUS - BLOCO DE MANUTENCAO DAS ACOES E SERVICOS PUBLICOS DE SAUDE - 107;HONCORD  HEMATOLOGIA ONCOLOGIA E CONGELAMENTO DE CELULASTRON;DESPESA COM CONTRATO NR. 1.102/2020 PARA A EXECUCAO DE SERVICOS MEDICOS DE  ASSISTENCIA A SAUDE AMBULATORIAL (HOSPITALAR) E/OU APOIO DIAGNOSTICO        TERAPEUTICO PARA ATENDIMENTO DOS USUARIOS DO SUS, REFERENCIA:               COMPETENCIA 09/2025 - SCC:523209 - SEI:22.29.000025502-3                    .                                                                           VALOR TOTAL.....................................................86.749,10   .                                                                           64 - TRANSFERENCIAS DE RECURSOS DO SUS - ATENCAO ESPECIALIZADA              SOLICITACAO FINANCEIRA: 174939/2025                                         ;Inexigibilidade de Licitação;000075452020
20252150024910878;13/11/2025 00:00:00;424187,02;0278852025;14/11/2025 00:00:00;424187,02;202521500249108780001;14/11/2025 00:00:00;424187,02;33903900;OUTROS SERVICOS DE TERCEIROS - PESSOA JURIDICA;01590900000107;SECRETARIA MUNICIPAL DE SAUDE;0,00;SECRETARIA MUNICIPAL DE SAUDE                                                                                                                                                                                                                                ;SAUDE - 10;ASSISTENCIA HOSPITALAR E AMBULATORIAL - 302;TRANSFERENCIA DE RECURSOS DO SISTEMA UNICO DE SAUDE - SUS - BLOCO DE MANUTENCAO DAS ACOES E SERVICOS PUBLICOS DE SAUDE - 107;HOSPITAL UROLOGICO DE GOIANIA LTDA;SOLICITACAO FINANCEIRA: 175008/2025                                         DESPESA COM CONTRATO NR. 980/2020 PARA A EXECUCAO DE SERVICOS MEDICOS DE    ASSISTENCIA A SAUDE AMBULATORIAL (HOSPITALAR) E/OU APOIO DIAGNOSTICO        TERAPEUTICO PARA ATENDIMENTO DOS USUARIOS DO SUS, REFERENCIA:               COMPETENCIA 09/2025 - SCC:518990 - SEI:22.29.000012356-9                    .                                                                           VALOR TOTAL....................................................424.187,02   .                                                                           64 - TRANSFERENCIAS DE RECURSOS DO SUS - ATENCAO ESPECIALIZADA              ;Inexigibilidade de Licitação;000068732020
20252150024910879;13/11/2025 00:00:00;485537,48;0303452025;02/12/2025 00:00:00;485537,48;202521500249108790001;23/01/2026 00:00:00;485537,48;33903900;OUTROS SERVICOS DE TERCEIROS - PESSOA JURIDICA;03757265000127;SECRETARIA MUNICIPAL DE SAUDE;0,00;SECRETARIA MUNICIPAL DE SAUDE                                                                                                                                                                                                                                ;SAUDE - 10;ASSISTENCIA HOSPITALAR E AMBULATORIAL - 302;TRANSFERENCIA DE RECURSOS DO SISTEMA UNICO DE SAUDE - SUS - BLOCO DE MANUTENCAO DAS ACOES E SERVICOS PUBLICOS DE SAUDE - 107;CENTRO CARDIOLOGICO DE GOIAS EIRELI ME;DESPESA COM CONTRATO NR. 257/2023 PARA A EXECUCAO DE SERVICOS MEDICOS DE    ASSISTENCIA A SAUDE AMBULATORIAL (HOSPITALAR) E/OU APOIO DIAGNOSTICO        TERAPEUTICO PARA ATENDIMENTO DOS USUARIOS DO SUS, REFERENCIA:               COMPETENCIA 09/2025 - SCC:627161 - SEI:24.29.000022819-1                    .                                                                           VALOR TOTAL....................................................485.537,48   .                                                                           64 - TRANSFERENCIAS DE RECURSOS DO SUS - ATENCAO ESPECIALIZADA              SOLICITACAO FINANCEIRA: 175009/2025                                         ;Inexigibilidade de Licitação;000000052020
20252150024910880;13/11/2025 00:00:00;500077,64;0286892025;18/11/2025 00:00:00;500077,64;202521500249108800001;19/11/2025 00:00:00;500077,64;33903900;OUTROS SERVICOS DE TERCEIROS - PESSOA JURIDICA;03706577000101;SECRETARIA MUNICIPAL DE SAUDE;0,00;SECRETARIA MUNICIPAL DE SAUDE                                                                                                                                                                                                                                ;SAUDE - 10;ASSISTENCIA HOSPITALAR E AMBULATORIAL - 302;TRANSFERENCIA DE RECURSOS DO SISTEMA UNICO DE SAUDE - SUS - BLOCO DE MANUTENCAO DAS ACOES E SERVICOS PUBLICOS DE SAUDE - 107;DAVITA SERVICOS DE NEFROLOGIA MARISTA LTDA.;DESPESA COM CONTRATO NR. 774/2020 PARA A EXECUCAO DE SERVICOS MEDICOS DE    ASSISTENCIA A SAUDE AMBULATORIAL (HOSPITALAR) E/OU APOIO DIAGNOSTICO        TERAPEUTICO PARA ATENDIMENTO DOS USUARIOS DO SUS, REFERENCIA:               COMPETENCIA 09/2025 - SCC:515214 - SEI:22.29.000012351-8                    .                                                                           VALOR TOTAL....................................................500.077,64   .                                                                           64 - TRANSFERENCIAS DE RECURSOS DO SUS - ATENCAO ESPECIALIZADA              SOLICITACAO FINANCEIRA: 175012/2025                                         ;Inexigibilidade de Licitação;000062862020
20252150024910881;13/11/2025 00:00:00;89368,02;0281302025;17/11/2025 00:00:00;89368,02;202521500249108810001;17/11/2025 00:00:00;89368,02;33903900;OUTROS SERVICOS DE TERCEIROS - PESSOA JURIDICA;24999864000127;SECRETARIA MUNICIPAL DE SAUDE;0,00;SECRETARIA MUNICIPAL DE SAUDE                                                                                                                                                                                                                                ;SAUDE - 10;ASSISTENCIA HOSPITALAR E AMBULATORIAL - 302;TRANSFERENCIA DE RECURSOS DO SISTEMA UNICO DE SAUDE - SUS - BLOCO DE MANUTENCAO DAS ACOES E SERVICOS PUBLICOS DE SAUDE - 107;CENTRO DE ANALISE CLINICA SAO MARCOS LTDA;DESPESA COM CONTRATO NR. 728/2023 PARA A EXECUCAO DE SERVICOS MEDICOS DE    ASSISTENCIA A SAUDE AMBULATORIAL (HOSPITALAR) E/OU APOIO DIAGNOSTICO        TERAPEUTICO PARA ATENDIMENTO DOS USUARIOS DO SUS, REFERENCIA:               COMPETENCIA 09/2025 - SCC:673952 - SEI:24.29.000004923-8                    .                                                                           VALOR TOTAL.....................................................89.368,02   .                                                                           64 - TRANSFERENCIAS DE RECURSOS DO SUS - ATENCAO ESPECIALIZADA              SOLICITACAO FINANCEIRA: 174942/2025                                         ;Inexigibilidade de Licitação;000000052020
20252150024910882;13/11/2025 00:00:00;92461,38;0282912025;17/11/2025 00:00:00;92461,38;202521500249108820001;18/11/2025 00:00:00;92461,38;33903900;OUTROS SERVICOS DE TERCEIROS - PESSOA JURIDICA;06912461000117;SECRETARIA MUNICIPAL DE SAUDE;0,00;SECRETARIA MUNICIPAL DE SAUDE                                                                                                                                                                                                                                ;SAUDE - 10;ASSISTENCIA HOSPITALAR E AMBULATORIAL - 302;TRANSFERENCIA DE RECURSOS DO SISTEMA UNICO DE SAUDE - SUS - BLOCO DE MANUTENCAO DAS ACOES E SERVICOS PUBLICOS DE SAUDE - 107;CLINICA CIRURGICA DIGESTIVA E OBESIDADE LTDA;DESPESA COM CONTRATO NR. 739/2023 PARA A EXECUCAO DE SERVICOS MEDICOS DE    ASSISTENCIA A SAUDE AMBULATORIAL (HOSPITALAR) E/OU APOIO DIAGNOSTICO        TERAPEUTICO PARA ATENDIMENTO DOS USUARIOS DO SUS, REFERENCIA:               COMPETENCIA 09/2025 - SCC:675289 - SEI:24.29.000001508-2                    .                                                                           VALOR TOTAL.....................................................92.461,38   .                                                                           64 - TRANSFERENCIAS DE RECURSOS DO SUS - ATENCAO ESPECIALIZADA              SOLICITACAO FINANCEIRA: 174943/2025                                         ;Inexigibilidade de Licitação;000000052023
20252150024910883;13/11/2025 00:00:00;95701,27;0291152025;24/11/2025 00:00:00;95701,27;202521500249108830001;24/11/2025 00:00:00;95701,27;33903900;OUTROS SERVICOS DE TERCEIROS - PESSOA JURIDICA;01586380000150;SECRETARIA MUNICIPAL DE SAUDE;0,00;SECRETARIA MUNICIPAL DE SAUDE                                                                                                                                                                                                                                ;SAUDE - 10;ASSISTENCIA HOSPITALAR E AMBULATORIAL - 302;TRANSFERENCIA DE RECURSOS DO SISTEMA UNICO DE SAUDE - SUS - BLOCO DE MANUTENCAO DAS ACOES E SERVICOS PUBLICOS DE SAUDE - 107;CRD  CENTRO DE RECURSOS DIAGNOSTICOS LTDA;DESPESA COM CONTRATO NR. 526/2023 PARA A EXECUCAO DE SERVICOS MEDICOS DE    ASSISTENCIA A SAUDE AMBULATORIAL (HOSPITALAR) E/OU APOIO DIAGNOSTICO        TERAPEUTICO PARA ATENDIMENTO DOS USUARIOS DO SUS, REFERENCIA:               COMPETENCIA 09/2025 - SCC:660249 - SEI:23.29.000027193-8                    .                                                                           VALOR TOTAL.....................................................95.701,27   .                                                                           64 - TRANSFERENCIAS DE RECURSOS DO SUS - ATENCAO ESPECIALIZADA              SOLICITACAO FINANCEIRA: 174946/2025                                         ;Inexigibilidade de Licitação;000011792023
20252150024910884;13/11/2025 00:00:00;103160,20;0287532025;18/11/2025 00:00:00;103160,20;202521500249108840001;19/11/2025 00:00:00;103160,20;33903900;OUTROS SERVICOS DE TERCEIROS - PESSOA JURIDICA;06283679000150;SECRETARIA MUNICIPAL DE SAUDE;0,00;SECRETARIA MUNICIPAL DE SAUDE                                                                                                                                                                                                                                ;SAUDE - 10;ASSISTENCIA HOSPITALAR E AMBULATORIAL - 302;TRANSFERENCIA DE RECURSOS DO SISTEMA UNICO DE SAUDE - SUS - BLOCO DE MANUTENCAO DAS ACOES E SERVICOS PUBLICOS DE SAUDE - 107;GOIANIA PROCARDIACO SS;DESPESA COM CONTRATO NR. 1.112/2023 PARA A EXECUCAO DE SERVICOS MEDICOS DE  ASSISTENCIA A SAUDE AMBULATORIAL (HOSPITALAR) E/OU APOIO DIAGNOSTICO        TERAPEUTICO PARA ATENDIMENTO DOS USUARIOS DO SUS, REFERENCIA:               COMPETENCIA 09/2025 - SCC:635325 - SEI:24.29.000031953-7                    .                                                                           VALOR TOTAL....................................................103.160,20   .                                                                           64 - TRANSFERENCIAS DE RECURSOS DO SUS - ATENCAO ESPECIALIZADA              SOLICITACAO FINANCEIRA: 174948/2025                                         ;Inexigibilidade de Licitação;000000052020
20252150024910885;13/11/2025 00:00:00;105894,89;0283502025;17/11/2025 00:00:00;105894,89;202521500249108850001;18/11/2025 00:00:00;105894,89;33903900;OUTROS SERVICOS DE TERCEIROS - PESSOA JURIDICA;00418954000119;SECRETARIA MUNICIPAL DE SAUDE;0,00;SECRETARIA MUNICIPAL DE SAUDE                                                                                                                                                                                                                                ;SAUDE - 10;ASSISTENCIA HOSPITALAR E AMBULATORIAL - 302;TRANSFERENCIA DE RECURSOS DO SISTEMA UNICO DE SAUDE - SUS - BLOCO DE MANUTENCAO DAS ACOES E SERVICOS PUBLICOS DE SAUDE - 107;HEMOLABOR - HEMATOLOGIA E LABORATORIO DE PESQUISAS CLINICAS;DESPESA COM CONTRATO NR. 742/2020 PARA A EXECUCAO DE SERVICOS MEDICOS DE    ASSISTENCIA A SAUDE AMBULATORIAL (HOSPITALAR) E/OU APOIO DIAGNOSTICO        TERAPEUTICO PARA ATENDIMENTO DOS USUARIOS DO SUS, REFERENCIA:               COMPETENCIA 09/2025 - SCC:514005 - SEI:22.29.000012057-8                    .                                                                           VALOR TOTAL....................................................105.894,89   .                                                                           64 - TRANSFERENCIAS DE RECURSOS DO SUS - ATENCAO ESPECIALIZADA              SOLICITACAO FINANCEIRA: 174950/2025                                         ;Inexigibilidade de Licitação;000062712020
20252150024910886;13/11/2025 00:00:00;515784,63;;;0,00;;;0,00;33903900;OUTROS SERVICOS DE TERCEIROS - PESSOA JURIDICA;01525849000141;SECRETARIA MUNICIPAL DE SAUDE;515784,63;SECRETARIA MUNICIPAL DE SAUDE                                                                                                                                                                                                                                ;SAUDE - 10;ASSISTENCIA HOSPITALAR E AMBULATORIAL - 302;TRANSFERENCIA DE RECURSOS DO SISTEMA UNICO DE SAUDE - SUS - BLOCO DE MANUTENCAO DAS ACOES E SERVICOS PUBLICOS DE SAUDE - 107;MATERNIDADE E HOSPITAL SAO JUDAS TADEU LTDA;DESPESA COM CONTRATO NR. 728/2020 PARA A EXECUCAO DE SERVICOS MEDICOS DE    ASSISTENCIA A SAUDE AMBULATORIAL (HOSPITALAR) E/OU APOIO DIAGNOSTICO        TERAPEUTICO PARA ATENDIMENTO DOS USUARIOS DO SUS, REFERENCIA:               COMPETENCIA 09/2025 - SCC:513823-1 - SEI:22.29.000012181-7                  .                                                                           VALOR TOTAL....................................................515.784,63   .                                                                           64 - TRANSFERENCIAS DE RECURSOS DO SUS - ATENCAO ESPECIALIZADA              SOLICITACAO FINANCEIRA: 175014/2025                                         ;Inexigibilidade de Licitação;000063662020
20252150024910887;13/11/2025 00:00:00;107178,24;0278132025;14/11/2025 00:00:00;107178,24;202521500249108870001;14/11/2025 00:00:00;107178,24;33903900;OUTROS SERVICOS DE TERCEIROS - PESSOA JURIDICA;01551502000173;SECRETARIA MUNICIPAL DE SAUDE;0,00;SECRETARIA MUNICIPAL DE SAUDE                                                                                                                                                                                                                                ;SAUDE - 10;ASSISTENCIA HOSPITALAR E AMBULATORIAL - 302;TRANSFERENCIA DE RECURSOS DO SISTEMA UNICO DE SAUDE - SUS - BLOCO DE MANUTENCAO DAS ACOES E SERVICOS PUBLICOS DE SAUDE - 107;PULMONAR CLINICA DO APARELHO RESPIRATORIO S/C LTDA;DESPESA COM CONTRATO NR. 484/2023 PARA A EXECUCAO DE SERVICOS MEDICOS DE    ASSISTENCIA A SAUDE AMBULATORIAL (HOSPITALAR) E/OU APOIO DIAGNOSTICO        TERAPEUTICO PARA ATENDIMENTO DOS USUARIOS DO SUS, REFERENCIA:               COMPETENCIA 09/2025 - SCC:611736 - SEI:23.29.000047706-4                    .                                                                           VALOR TOTAL....................................................107.178,24   .                                                                           64 - TRANSFERENCIAS DE RECURSOS DO SUS - ATENCAO ESPECIALIZADA              SOLICITACAO FINANCEIRA: 174951/2025                                         ;Inexigibilidade de Licitação;000000052020
20252150024910888;13/11/2025 00:00:00;107212,22;0287462025;18/11/2025 00:00:00;107212,22;202521500249108880001;19/11/2025 00:00:00;107212,22;33903900;OUTROS SERVICOS DE TERCEIROS - PESSOA JURIDICA;33361486000142;SECRETARIA MUNICIPAL DE SAUDE;0,00;SECRETARIA MUNICIPAL DE SAUDE                                                                                                                                                                                                                                ;SAUDE - 10;ASSISTENCIA HOSPITALAR E AMBULATORIAL - 302;TRANSFERENCIA DE RECURSOS DO SISTEMA UNICO DE SAUDE - SUS - BLOCO DE MANUTENCAO DAS ACOES E SERVICOS PUBLICOS DE SAUDE - 107;LABORATORIO DE CITOPATOLOGIA E PATOLOGIA DE GOIANIA LTDA;DESPESA COM CONTRATO NR. 212/2024 PARA A EXECUCAO DE SERVICOS MEDICOS DE    ASSISTENCIA A SAUDE AMBULATORIAL (HOSPITALAR) E/OU APOIO DIAGNOSTICO        TERAPEUTICO PARA ATENDIMENTO DOS USUARIOS DO SUS, REFERENCIA:               COMPETENCIA 09/2025 - SCC:754812 - SEI:25.29.000006939-0                    .                                                                           VALOR TOTAL....................................................107.212,22   .                                                                           64 - TRANSFERENCIAS DE RECURSOS DO SUS - ATENCAO ESPECIALIZADA              SOLICITACAO FINANCEIRA: 174952/2025                                         ;Inexigibilidade de Licitação;000000052020
20252150024910889;13/11/2025 00:00:00;110166,07;0278592025;14/11/2025 00:00:00;110166,07;202521500249108890001;14/11/2025 00:00:00;110166,07;33903900;OUTROS SERVICOS DE TERCEIROS - PESSOA JURIDICA;01430115000189;SECRETARIA MUNICIPAL DE SAUDE;0,00;SECRETARIA MUNICIPAL DE SAUDE                                                                                                                                                                                                                                ;SAUDE - 10;ASSISTENCIA HOSPITALAR E AMBULATORIAL - 302;TRANSFERENCIA DE RECURSOS DO SISTEMA UNICO DE SAUDE - SUS - BLOCO DE MANUTENCAO DAS ACOES E SERVICOS PUBLICOS DE SAUDE - 107;LABORATORIO SALUS LTDA;DESPESA COM CONTRATO NR. 10/2024 PARA A EXECUCAO DE SERVICOS MEDICOS DE     .                                                                           VALOR TOTAL....................................................110.166,07   .                                                                           64 - TRANSFERENCIAS DE RECURSOS DO SUS - ATENCAO ESPECIALIZADA              SOLICITACAO FINANCEIRA: 174954/2025                                         ASSISTENCIA A SAUDE AMBULATORIAL (HOSPITALAR) E/OU APOIO DIAGNOSTICO        TERAPEUTICO PARA ATENDIMENTO DOS USUARIOS DO SUS, REFERENCIA:               COMPETENCIA 09/2025 - SCC:688925 - SEI:24.29.000015573-9                    ;Inexigibilidade de Licitação;000000052020
20252150024910890;13/11/2025 00:00:00;572372,65;0287422025;18/11/2025 00:00:00;572372,65;202521500249108900001;19/11/2025 00:00:00;572372,65;33903900;OUTROS SERVICOS DE TERCEIROS - PESSOA JURIDICA;04529890000184;SECRETARIA MUNICIPAL DE SAUDE;0,00;SECRETARIA MUNICIPAL DE SAUDE                                                                                                                                                                                                                                ;SAUDE - 10;ASSISTENCIA HOSPITALAR E AMBULATORIAL - 302;TRANSFERENCIA DE RECURSOS DO SISTEMA UNICO DE SAUDE - SUS - BLOCO DE MANUTENCAO DAS ACOES E SERVICOS PUBLICOS DE SAUDE - 107;DAVITA SERVICOS DE NEFROLOGIA JARDIM AMERICA LTDA;DESPESA COM CONTRATO NR. 1.128/2020 PARA A EXECUCAO DE SERVICOS MEDICOS DE  ASSISTENCIA A SAUDE AMBULATORIAL (HOSPITALAR) E/OU APOIO DIAGNOSTICO        TERAPEUTICO PARA ATENDIMENTO DOS USUARIOS DO SUS, REFERENCIA:               COMPETENCIA 09/2025 - SCC:526186 - SEI:22.29.000012367-4                    .                                                                           VALOR TOTAL....................................................572.372,65   .                                                                           64 - TRANSFERENCIAS DE RECURSOS DO SUS - ATENCAO ESPECIALIZADA              SOLICITACAO FINANCEIRA: 175015/2025                                         ;Inexigibilidade de Licitação;000000052020
20252150024910891;13/11/2025 00:00:00;885099,14;;;0,00;;;0,00;33903900;OUTROS SERVICOS DE TERCEIROS - PESSOA JURIDICA;01240688000140;SECRETARIA MUNICIPAL DE SAUDE;885099,14;SECRETARIA MUNICIPAL DE SAUDE                                                                                                                                                                                                                                ;SAUDE - 10;ASSISTENCIA HOSPITALAR E AMBULATORIAL - 302;TRANSFERENCIA DE RECURSOS DO SISTEMA UNICO DE SAUDE - SUS - BLOCO DE MANUTENCAO DAS ACOES E SERVICOS PUBLICOS DE SAUDE - 107;APAE - ASSOCIACAO DE PAIS E AMIGOS DOS EXC DE GOIANIA;VALOR TOTAL....................................................885.099,14   .                                                                           64 - TRANSFERENCIAS DE RECURSOS DO SUS - ATENCAO ESPECIALIZADA              SOLICITACAO FINANCEIRA: 175099/2025                                         DESPESA COM CONTRATO NR. 746/2020 PARA A EXECUCAO DE SERVICOS MEDICOS DE    ASSISTENCIA A SAUDE AMBULATORIAL (HOSPITALAR) E/OU APOIO DIAGNOSTICO        TERAPEUTICO PARA ATENDIMENTO DOS USUARIOS DO SUS, REFERENCIA:               COMPETENCIA 09/2025 - SCC:514048 - SEI:22.29.000011864-6                    .                                                                           ;Inexigibilidade de Licitação;000000052020
20252150024910892;13/11/2025 00:00:00;2910080,26;0279602025;17/11/2025 00:00:00;0,00;;;0,00;33903900;OUTROS SERVICOS DE TERCEIROS - PESSOA JURIDICA;01081470000190;SECRETARIA MUNICIPAL DE SAUDE;94440,98;SECRETARIA MUNICIPAL DE SAUDE                                                                                                                                                                                                                                ;SAUDE - 10;ASSISTENCIA HOSPITALAR E AMBULATORIAL - 302;TRANSFERENCIA DE RECURSOS DO SISTEMA UNICO DE SAUDE - SUS - BLOCO DE MANUTENCAO DAS ACOES E SERVICOS PUBLICOS DE SAUDE - 107;HOSPITAL RUY AZEREDO LTDA;DESPESA COM CONTRATO NR. 114/2025 PARA A EXECUCAO DE SERVICOS MEDICOS DE    ASSISTENCIA A SAUDE AMBULATORIAL (HOSPITALAR) E/OU APOIO DIAGNOSTICO        TERAPEUTICO PARA ATENDIMENTO DOS USUARIOS DO SUS, REFERENCIA:               COMPETENCIA 09/2025 - SCC:774244 - SEI:25.29.000016572-1                    .                                                                           VALOR TOTAL..................................................2.910.080,26   .                                                                           64 - TRANSFERENCIAS DE RECURSOS DO SUS - ATENCAO ESPECIALIZADA              SOLICITACAO FINANCEIRA: 175101/2025                                         ;Inexigibilidade de Licitação;000000052020
20252150024910892;13/11/2025 00:00:00;2910080,26;0279682025;17/11/2025 00:00:00;0,00;;;0,00;33903900;OUTROS SERVICOS DE TERCEIROS - PESSOA JURIDICA;01081470000190;SECRETARIA MUNICIPAL DE SAUDE;94440,98;SECRETARIA MUNICIPAL DE SAUDE                                                                                                                                                                                                                                ;SAUDE - 10;ASSISTENCIA HOSPITALAR E AMBULATORIAL - 302;TRANSFERENCIA DE RECURSOS DO SISTEMA UNICO DE SAUDE - SUS - BLOCO DE MANUTENCAO DAS ACOES E SERVICOS PUBLICOS DE SAUDE - 107;HOSPITAL RUY AZEREDO LTDA;DESPESA COM CONTRATO NR. 114/2025 PARA A EXECUCAO DE SERVICOS MEDICOS DE    ASSISTENCIA A SAUDE AMBULATORIAL (HOSPITALAR) E/OU APOIO DIAGNOSTICO        TERAPEUTICO PARA ATENDIMENTO DOS USUARIOS DO SUS, REFERENCIA:               COMPETENCIA 09/2025 - SCC:774244 - SEI:25.29.000016572-1                    .                                                                           VALOR TOTAL..................................................2.910.080,26   .                                                                           64 - TRANSFERENCIAS DE RECURSOS DO SUS - ATENCAO ESPECIALIZADA              SOLICITACAO FINANCEIRA: 175101/2025                                         ;Inexigibilidade de Licitação;000000052020
20252150024910892;13/11/2025 00:00:00;2910080,26;0279872025;17/11/2025 00:00:00;2815639,28;202521500249108920001;17/11/2025 00:00:00;2815639,28;33903900;OUTROS SERVICOS DE TERCEIROS - PESSOA JURIDICA;01081470000190;SECRETARIA MUNICIPAL DE SAUDE;94440,98;SECRETARIA MUNICIPAL DE SAUDE                                                                                                                                                                                                                                ;SAUDE - 10;ASSISTENCIA HOSPITALAR E AMBULATORIAL - 302;TRANSFERENCIA DE RECURSOS DO SISTEMA UNICO DE SAUDE - SUS - BLOCO DE MANUTENCAO DAS ACOES E SERVICOS PUBLICOS DE SAUDE - 107;HOSPITAL RUY AZEREDO LTDA;DESPESA COM CONTRATO NR. 114/2025 PARA A EXECUCAO DE SERVICOS MEDICOS DE    ASSISTENCIA A SAUDE AMBULATORIAL (HOSPITALAR) E/OU APOIO DIAGNOSTICO        TERAPEUTICO PARA ATENDIMENTO DOS USUARIOS DO SUS, REFERENCIA:               COMPETENCIA 09/2025 - SCC:774244 - SEI:25.29.000016572-1                    .                                                                           VALOR TOTAL..................................................2.910.080,26   .                                                                           64 - TRANSFERENCIAS DE RECURSOS DO SUS - ATENCAO ESPECIALIZADA              SOLICITACAO FINANCEIRA: 175101/2025                                         ;Inexigibilidade de Licitação;000000052020
20252150024910893;13/11/2025 00:00:00;93890,42;0288342025;19/11/2025 00:00:00;93890,42;202521500249108930001;19/11/2025 00:00:00;93890,42;33903900;OUTROS SERVICOS DE TERCEIROS - PESSOA JURIDICA;01587609001496;SECRETARIA MUNICIPAL DE SAUDE;0,00;SECRETARIA MUNICIPAL DE SAUDE                                                                                                                                                                                                                                ;SAUDE - 10;ASSISTENCIA HOSPITALAR E AMBULATORIAL - 302;TRANSFERENCIA DE RECURSOS DO SISTEMA UNICO DE SAUDE - SUS - BLOCO DE MANUTENCAO DAS ACOES E SERVICOS PUBLICOS DE SAUDE - 107;SOCIEDADE GOIANA DE CULTURA;DESPESA COM CONTRATO NR. 1.258/2022 PARA A EXECUCAO DE SERVICOS MEDICOS DE  ASSISTENCIA A SAUDE AMBULATORIAL (HOSPITALAR) E/OU APOIO DIAGNOSTICO        TERAPEUTICO PARA ATENDIMENTO DOS USUARIOS DO SUS, REFERENCIA:               COMPETENCIA 09/2025 - SCC:611698 - SEI:23.29.000003701-3                    .                                                                           VALOR TOTAL.....................................................93.890,42   .                                                                           64 - TRANSFERENCIAS DE RECURSOS DO SUS - ATENCAO ESPECIALIZADA              SOLICITACAO FINANCEIRA: 174944/2025                                         ;Inexigibilidade de Licitação;000000052020
20252150024910894;13/11/2025 00:00:00;125101,48;0286232025;18/11/2025 00:00:00;62550,74;202521500249108940001;03/12/2025 00:00:00;62550,74;33903900;OUTROS SERVICOS DE TERCEIROS - PESSOA JURIDICA;03979504000193;SECRETARIA MUNICIPAL DE SAUDE;0,00;SECRETARIA MUNICIPAL DE SAUDE                                                                                                                                                                                                                                ;SAUDE - 10;ASSISTENCIA HOSPITALAR E AMBULATORIAL - 302;TRANSFERENCIA DE RECURSOS DO SISTEMA UNICO DE SAUDE - SUS - BLOCO DE MANUTENCAO DAS ACOES E SERVICOS PUBLICOS DE SAUDE - 107;HEBROM COMERCIO E SERVICOS LTDA;DESPESA COM CONTRATO 1264/2020 PARA MANUTENCAO DE SETE GRUPOS MOTOR-GERADOR VALORES ESTIMADOS REFERENTES AO PERIODO DE OUTUBRO E NOVEMBRO/2025, SERVICO DE LOCACAO - SCC:529894-7 - SEI:24.29.000040670-7                           .                                                                           VALOR TOTAL:......................................................125.101,48.                                                                           64 - TRANSFERENCIAS DE RECURSOS DO SUS - ATENCAO ESPECIALIZADA              SOLICITACAO FINANCEIRA: 175125/2025                                         ;Pregão;000000422020
20252150024910894;13/11/2025 00:00:00;125101,48;0316972025;10/12/2025 00:00:00;62550,74;202521500249108940002;02/02/2026 00:00:00;62550,74;33903900;OUTROS SERVICOS DE TERCEIROS - PESSOA JURIDICA;03979504000193;SECRETARIA MUNICIPAL DE SAUDE;0,00;SECRETARIA MUNICIPAL DE SAUDE                                                                                                                                                                                                                                ;SAUDE - 10;ASSISTENCIA HOSPITALAR E AMBULATORIAL - 302;TRANSFERENCIA DE RECURSOS DO SISTEMA UNICO DE SAUDE - SUS - BLOCO DE MANUTENCAO DAS ACOES E SERVICOS PUBLICOS DE SAUDE - 107;HEBROM COMERCIO E SERVICOS LTDA;DESPESA COM CONTRATO 1264/2020 PARA MANUTENCAO DE SETE GRUPOS MOTOR-GERADOR VALORES ESTIMADOS REFERENTES AO PERIODO DE OUTUBRO E NOVEMBRO/2025, SERVICO DE LOCACAO - SCC:529894-7 - SEI:24.29.000040670-7                           .                                                                           VALOR TOTAL:......................................................125.101,48.                                                                           64 - TRANSFERENCIAS DE RECURSOS DO SUS - ATENCAO ESPECIALIZADA              SOLICITACAO FINANCEIRA: 175125/2025                                         ;Pregão;000000422020
20252150024910895;13/11/2025 00:00:00;1681839,16;0278872025;14/11/2025 00:00:00;1681839,16;202521500249108950001;14/11/2025 00:00:00;1681839,16;33903900;OUTROS SERVICOS DE TERCEIROS - PESSOA JURIDICA;02600740000194;SECRETARIA MUNICIPAL DE SAUDE;0,00;SECRETARIA MUNICIPAL DE SAUDE                                                                                                                                                                                                                                ;SAUDE - 10;ASSISTENCIA HOSPITALAR E AMBULATORIAL - 302;TRANSFERENCIA DE RECURSOS DO SISTEMA UNICO DE SAUDE - SUS - BLOCO DE MANUTENCAO DAS ACOES E SERVICOS PUBLICOS DE SAUDE - 107;FUNDACAO BANCO DE OLHOS DE GOIAS;DESPESA COM CONVENIO NR. 367/2020 PARA A EXECUCAO DE SERVICOS MEDICOS DE    ASSISTENCIA A SAUDE AMBULATORIAL (HOSPITALAR) E/OU APOIO DIAGNOSTICO        TERAPEUTICO PARA ATENDIMENTO DOS USUARIOS DO SUS, REFERENCIA:               COMPETENCIA 09/2025 - SCC:498891 - SEI:22.29.000011984-7                    .                                                                           VALOR TOTAL..................................................1.681.839,16   .                                                                           64 - TRANSFERENCIAS DE RECURSOS DO SUS - ATENCAO ESPECIALIZADA              SOLICITACAO FINANCEIRA: 175100/2025                                         ;Inexigibilidade de Licitação;000043202020
20252150024910896;13/11/2025 00:00:00;11753649,40;0280192025;17/11/2025 00:00:00;11753649,40;202521500249108960001;17/11/2025 00:00:00;11753649,40;33903900;OUTROS SERVICOS DE TERCEIROS - PESSOA JURIDICA;01585595000157;SECRETARIA MUNICIPAL DE SAUDE;0,00;SECRETARIA MUNICIPAL DE SAUDE                                                                                                                                                                                                                                ;SAUDE - 10;ASSISTENCIA HOSPITALAR E AMBULATORIAL - 302;TRANSFERENCIA DE RECURSOS DO SISTEMA UNICO DE SAUDE - SUS - BLOCO DE MANUTENCAO DAS ACOES E SERVICOS PUBLICOS DE SAUDE - 107;ASSOCIACAO DE COMBATE AO CANCER EM GOIAS;DESPESA COM CONVENIO NR. 1.110/2020 PARA A EXECUCAO DE SERVICOS MEDICOS DE  ASSISTENCIA A SAUDE AMBULATORIAL (HOSPITALAR) E/OU APOIO DIAGNOSTICO        TERAPEUTICO PARA ATENDIMENTO DOS USUARIOS DO SUS, REFERENCIA:               COMPETENCIA 09/2025 - SCC:525783 - SEI:22.29.000011865-4                    .                                                                           VALOR TOTAL.................................................11.753.649,40   .                                                                           64 - TRANSFERENCIAS DE RECURSOS DO SUS - ATENCAO ESPECIALIZADA              SOLICITACAO FINANCEIRA: 175123/2025                                         ;Inexigibilidade de Licitação;000032602020
20252150024910897;13/11/2025 00:00:00;37625,66;0278912025;14/11/2025 00:00:00;37625,66;202521500249108970001;14/11/2025 00:00:00;37625,66;33903900;OUTROS SERVICOS DE TERCEIROS - PESSOA JURIDICA;26646109000194;SECRETARIA MUNICIPAL DE SAUDE;0,00;SECRETARIA MUNICIPAL DE SAUDE                                                                                                                                                                                                                                ;SAUDE - 10;ASSISTENCIA HOSPITALAR E AMBULATORIAL - 302;TRANSFERENCIA DE RECURSOS DO SISTEMA UNICO DE SAUDE - SUS - BLOCO DE MANUTENCAO DAS ACOES E SERVICOS PUBLICOS DE SAUDE - 107;LABORCENTER LABORATORIO MEDICO LTDA;DESPESA COM CONVENIO NR. 020/2024 PARA A EXECUCAO DE SERVICOS MEDICOS DE    ASSISTENCIA A SAUDE AMBULATORIAL (HOSPITALAR) E/OU APOIO DIAGNOSTICO        TERAPEUTICO PARA ATENDIMENTO DOS USUARIOS DO SUS, REFERENCIA:               COMPETENCIA 09/2025 - SCC:721817 - SEI:24.29.000034866-9                    .                                                                           VALOR TOTAL.....................................................37.625,66   .                                                                           64 - TRANSFERENCIAS DE RECURSOS DO SUS - ATENCAO ESPECIALIZADA              SOLICITACAO FINANCEIRA: 174910/2025                                         ;Inexigibilidade de Licitação;000000052020
20252150024910898;13/11/2025 00:00:00;43229,36;0282262025;17/11/2025 00:00:00;43229,36;202521500249108980001;18/11/2025 00:00:00;43229,36;33903900;OUTROS SERVICOS DE TERCEIROS - PESSOA JURIDICA;02778769000160;SECRETARIA MUNICIPAL DE SAUDE;0,00;SECRETARIA MUNICIPAL DE SAUDE                                                                                                                                                                                                                                ;SAUDE - 10;ASSISTENCIA HOSPITALAR E AMBULATORIAL - 302;TRANSFERENCIA DE RECURSOS DO SISTEMA UNICO DE SAUDE - SUS - BLOCO DE MANUTENCAO DAS ACOES E SERVICOS PUBLICOS DE SAUDE - 107;CEMPRE III CENTRO DE MEDICINA INTEGRADA LTDA;DESPESA COM CONVENIO NR. 749/2020 PARA A EXECUCAO DE SERVICOS MEDICOS DE    ASSISTENCIA A SAUDE AMBULATORIAL (HOSPITALAR) E/OU APOIO DIAGNOSTICO        TERAPEUTICO PARA ATENDIMENTO DOS USUARIOS DO SUS, REFERENCIA:               COMPETENCIA 09/2025 - SCC:514072 - SEI:22.29.000011885-9                    .                                                                           VALOR TOTAL.....................................................43.229,36   .                                                                           64 - TRANSFERENCIAS DE RECURSOS DO SUS - ATENCAO ESPECIALIZADA              SOLICITACAO FINANCEIRA: 174918/2025                                         ;Inexigibilidade de Licitação;000061102020
20252150024910899;13/11/2025 00:00:00;705600,00;;;0,00;;;0,00;33903900;OUTROS SERVICOS DE TERCEIROS - PESSOA JURIDICA;01525849000141;SECRETARIA MUNICIPAL DE SAUDE;705600,00;SECRETARIA MUNICIPAL DE SAUDE                                                                                                                                                                                                                                ;SAUDE - 10;ASSISTENCIA HOSPITALAR E AMBULATORIAL - 302;TRANSFERENCIA DE RECURSOS DO SISTEMA UNICO DE SAUDE - SUS - BLOCO DE MANUTENCAO DAS ACOES E SERVICOS PUBLICOS DE SAUDE - 107;MATERNIDADE E HOSPITAL SAO JUDAS TADEU LTDA;DESPESA COM CONTRATO NR. 0728/2020 PARA A EXECUÇÃO DE SERVIÇOS MÉDICOS DE ASSISTÊNCIA A SAÚDE AMBULATORIAL (HOSPITALAR) E/OU APOIO DIAGNÓSTICO TERAPÊUTICO PARA ATENDIMENTO DOS USUÁRIOS DO SUS - SCC:513823-1 - SEI:25.5.0000634742REFERÊNCIA: COMPETÊNCIA 07/2025 - PAGAMENTO ADMINISTRATIVO PEDIDO DE COMPRA NR.:063-2021 DADOS PARA EMPENHO: 11 - 6366/2020 - 04                        VIGÊNCIA/TÉRMINO DO CONTRATO: 07/10/20 A 06/10/25                           .                                                                           VALOR TOTAL:......................................................705.600,00.                                                                           64 - TRANSFERENCIAS DE RECURSOS DO SUS - ATENCAO ESPECIALIZADA              SOLICITACAO FINANCEIRA: 174989/2025                                         ;Inexigibilidade de Licitação;000063662020
20252150024910900;13/11/2025 00:00:00;63850,00;0277962025;14/11/2025 00:00:00;63850,00;202521500249109000001;14/11/2025 00:00:00;63850,00;33903900;OUTROS SERVICOS DE TERCEIROS - PESSOA JURIDICA;01552868000167;SECRETARIA MUNICIPAL DE SAUDE;0,00;SECRETARIA MUNICIPAL DE SAUDE                                                                                                                                                                                                                                ;SAUDE - 10;ASSISTENCIA HOSPITALAR E AMBULATORIAL - 302;TRANSFERENCIA DE RECURSOS DO SISTEMA UNICO DE SAUDE - SUS - BLOCO DE MANUTENCAO DAS ACOES E SERVICOS PUBLICOS DE SAUDE - 107;HOSPITAL SANTA LUCIA LTDA;DESPESA COM CONTRATO NR. 1027/2020 PARA A EXECUÇÃO DE SERVIÇOS MÉDICOS DE ASSISTÊNCIA A SAÚDE AMBULATORIAL (HOSPITALAR) E/OU APOIO DIAGNÓSTICO TERAPÊUTICO PARA ATENDIMENTO DOS USUÁRIOS DO SUS - SCC:520994 - SEI:25.5.000065538-3 REFERÊNCIA: COMPETÊNCIA 07/2025 - PAGAMENTO ADMINISTRATIVO PEDIDO DE COMPRA NR.: 039-2021 DADOS PARA EMPENHO: 11 - 0005/2020 - 04                       VIGÊNCIA/TÉRMINO DO CONTRATO: 03/11/2020 A 02/11/2025                       .                                                                           VALOR TOTAL:.......................................................63.850,00.                                                                           64 - TRANSFERENCIAS DE RECURSOS DO SUS - ATENCAO ESPECIALIZADA              SOLICITACAO FINANCEIRA: 174994/2025                                         ;Inexigibilidade de Licitação;000000052020
20252150024910901;13/11/2025 00:00:00;261258,74;0280672025;17/11/2025 00:00:00;261258,74;202521500249109010001;17/11/2025 00:00:00;261258,74;33903900;OUTROS SERVICOS DE TERCEIROS - PESSOA JURIDICA;01609387000140;SECRETARIA MUNICIPAL DE SAUDE;0,00;SECRETARIA MUNICIPAL DE SAUDE                                                                                                                                                                                                                                ;SAUDE - 10;ASSISTENCIA HOSPITALAR E AMBULATORIAL - 302;TRANSFERENCIA DE RECURSOS DO SISTEMA UNICO DE SAUDE - SUS - BLOCO DE MANUTENCAO DAS ACOES E SERVICOS PUBLICOS DE SAUDE - 107;TOCANTINS DIAGNOSTICO MEDICO E LABORATORIAL LTDA.;PEDIDO DE COMPRA 075/2021. SCC: 513831-2  -  SEI 22.29.000012222-8.         .                                                                           DESPESA COM CONTRATO NR. 729/2020 PARA A EXECUCAO DE SERVIÇOS MÉDICOS DE    ASSISTÊNCIA Á SAÚDE AMBULATORIAL (HOSPITALAR) E/OU APOIO DIAGNÓSTICO TERAPÊUTICO PARA ATENDIMENTO DOS USUÁRIOS DO SUS. REFERÊNCIA: COMPETÊNCIA 09/2025 -VALOR TOTAL:......................................................261.258,74.                                                                           64-TRANSF. DE RECURSOS/SUS-ATENCAO ESPECIALIZADA-SOLIC.FINANC.:175001 - 2025;Inexigibilidade de Licitação;000062852020
20252150024910902;13/11/2025 00:00:00;510509,24;0281232025;17/11/2025 00:00:00;510509,24;202521500249109020001;17/11/2025 00:00:00;510509,24;33903900;OUTROS SERVICOS DE TERCEIROS - PESSOA JURIDICA;01554104000100;SECRETARIA MUNICIPAL DE SAUDE;0,00;SECRETARIA MUNICIPAL DE SAUDE                                                                                                                                                                                                                                ;SAUDE - 10;ASSISTENCIA HOSPITALAR E AMBULATORIAL - 302;TRANSFERENCIA DE RECURSOS DO SISTEMA UNICO DE SAUDE - SUS - BLOCO DE MANUTENCAO DAS ACOES E SERVICOS PUBLICOS DE SAUDE - 107;HOSPITAL E MATERNIDADE SAO MARCOS E OUTROS;DESPESA COM CONTRATO NR. 274/2020 PARA A EXECUCAO DE SERVICOS MEDICOS DE    ASSISTENCIA A SAUDE AMBULATORIAL (HOSPITALAR) E/OU APOIO DIAGNOSTICO TERAPEUTICO PARA ATENDIMENTO DOS USUARIOS DO SUS. SEI 22.29.000012063-2.           REFERÊNCIA: COMPETENCIA 09/2025 - PEDIDO DE COMPRA 442/2020. SCC 496112.    .                                                                           VALOR TOTAL:......................................................510.509,24.                                                                           64-TRANSF. DE RECURSOS/SUS-ATENCAO ESPECIALIZADA-SOLIC.FINANC.:175013 - 2025;Inexigibilidade de Licitação;000043362020
20252150024910903;14/11/2025 00:00:00;50206,25;0278922025;14/11/2025 00:00:00;50206,25;202521500249109030001;14/11/2025 00:00:00;50206,25;33903900;OUTROS SERVICOS DE TERCEIROS - PESSOA JURIDICA;01624477000100;SECRETARIA MUNICIPAL DE SAUDE;0,00;SECRETARIA MUNICIPAL DE SAUDE                                                                                                                                                                                                                                ;SAUDE - 10;ASSISTENCIA HOSPITALAR E AMBULATORIAL - 302;TRANSFERENCIA DE RECURSOS DO SISTEMA UNICO DE SAUDE - SUS - BLOCO DE MANUTENCAO DAS ACOES E SERVICOS PUBLICOS DE SAUDE - 107;CLINICA RAIOS X NABYH SALUM S/S;DESPESA COM CONVENIO NR. 799/2020 PARA A EXECUCAO DE SERVICOS MEDICOS DE    ASSISTENCIA A SAUDE AMBULATORIAL (HOSPITALAR) E/OU APOIO DIAGNOSTICO        TERAPEUTICO PARA ATENDIMENTO DOS USUARIOS DO SUS, REFERENCIA:               COMPETENCIA 09/2025 - SCC:516202 - SEI:22.29.000011965-0                    .                                                                           VALOR TOTAL.....................................................50.206,25   .                                                                           64 - TRANSFERENCIAS DE RECURSOS DO SUS - ATENCAO ESPECIALIZADA              SOLICITACAO FINANCEIRA: 174923/2025                                         ;Inexigibilidade de Licitação;000063372020
20252150024910904;14/11/2025 00:00:00;52366,16;0280222025;17/11/2025 00:00:00;52366,16;202521500249109040001;17/11/2025 00:00:00;52366,16;33903900;OUTROS SERVICOS DE TERCEIROS - PESSOA JURIDICA;02732571000146;SECRETARIA MUNICIPAL DE SAUDE;0,00;SECRETARIA MUNICIPAL DE SAUDE                                                                                                                                                                                                                                ;SAUDE - 10;ASSISTENCIA HOSPITALAR E AMBULATORIAL - 302;TRANSFERENCIA DE RECURSOS DO SISTEMA UNICO DE SAUDE - SUS - BLOCO DE MANUTENCAO DAS ACOES E SERVICOS PUBLICOS DE SAUDE - 107;CEMED CENTRO MEDICO SS LTDA;DESPESA COM CONVENIO NR. 015/2024 PARA A EXECUCAO DE SERVICOS MEDICOS DE    ASSISTENCIA A SAUDE AMBULATORIAL (HOSPITALAR) E/OU APOIO DIAGNOSTICO        TERAPEUTICO PARA ATENDIMENTO DOS USUARIOS DO SUS, REFERENCIA:               COMPETENCIA 09/2025 - SCC:697355 - SEI:24.29.000022458-7                    .                                                                           VALOR TOTAL.....................................................52.366,16   .                                                                           64 - TRANSFERENCIAS DE RECURSOS DO SUS - ATENCAO ESPECIALIZADA              SOLICITACAO FINANCEIRA: 174926/2025                                         ;Inexigibilidade de Licitação;000000052020
20252150024910905;14/11/2025 00:00:00;53701,96;0279952025;17/11/2025 00:00:00;53701,96;202521500249109050001;17/11/2025 00:00:00;53701,96;33903900;OUTROS SERVICOS DE TERCEIROS - PESSOA JURIDICA;10309312000135;SECRETARIA MUNICIPAL DE SAUDE;0,00;SECRETARIA MUNICIPAL DE SAUDE                                                                                                                                                                                                                                ;SAUDE - 10;ASSISTENCIA HOSPITALAR E AMBULATORIAL - 302;TRANSFERENCIA DE RECURSOS DO SISTEMA UNICO DE SAUDE - SUS - BLOCO DE MANUTENCAO DAS ACOES E SERVICOS PUBLICOS DE SAUDE - 107;TRS TERAPIA RENAL SUBSTITUTIVA LTDA ME;64 - TRANSFERENCIAS DE RECURSOS DO SUS - ATENCAO ESPECIALIZADA              SOLICITACAO FINANCEIRA: 174927/2025                                         .                                                                           VALOR TOTAL.....................................................53.701,96   .                                                                           DESPESA COM CONVENIO NR. 055/2025 PARA A EXECUCAO DE SERVICOS MEDICOS DE    ASSISTENCIA A SAUDE AMBULATORIAL (HOSPITALAR) E/OU APOIO DIAGNOSTICO        TERAPEUTICO PARA ATENDIMENTO DOS USUARIOS DO SUS, REFERENCIA:               COMPETENCIA 09/2025 - SCC:772594 - SEI:25.29.000021135-9                    ;Inexigibilidade de Licitação;000000052020
20252150024910906;14/11/2025 00:00:00;40407,62;0279342025;17/11/2025 00:00:00;40407,62;202521500249109060001;17/11/2025 00:00:00;40407,62;33903900;OUTROS SERVICOS DE TERCEIROS - PESSOA JURIDICA;03845195000169;SECRETARIA MUNICIPAL DE SAUDE;0,00;SECRETARIA MUNICIPAL DE SAUDE                                                                                                                                                                                                                                ;SAUDE - 10;ASSISTENCIA HOSPITALAR E AMBULATORIAL - 302;TRANSFERENCIA DE RECURSOS DO SISTEMA UNICO DE SAUDE - SUS - BLOCO DE MANUTENCAO DAS ACOES E SERVICOS PUBLICOS DE SAUDE - 107;PINHEIRO OLIVEIRA LABORATORIO CLINICO LTDAA;DESPESA COM CONVENIO NR. 932/2020 PARA A EXECUCAO DE SERVICOS MEDICOS DE    ASSISTENCIA A SAUDE AMBULATORIAL (HOSPITALAR) E/OU APOIO DIAGNOSTICO        TERAPEUTICO PARA ATENDIMENTO DOS USUARIOS DO SUS, REFERENCIA:               COMPETENCIA 09/2025 - SCC:518477 - SEI:22.29.000012193-0                    .                                                                           VALOR TOTAL.....................................................40.407,62   .                                                                           64 - TRANSFERENCIAS DE RECURSOS DO SUS - ATENCAO ESPECIALIZADA              SOLICITACAO FINANCEIRA: 174917/2025                                         ;Inexigibilidade de Licitação;000000052020
20252150024910907;14/11/2025 00:00:00;57889,49;0279282025;17/11/2025 00:00:00;57889,49;202521500249109070001;23/01/2026 00:00:00;57889,49;33903900;OUTROS SERVICOS DE TERCEIROS - PESSOA JURIDICA;00088925000136;SECRETARIA MUNICIPAL DE SAUDE;0,00;SECRETARIA MUNICIPAL DE SAUDE                                                                                                                                                                                                                                ;SAUDE - 10;ASSISTENCIA HOSPITALAR E AMBULATORIAL - 302;TRANSFERENCIA DE RECURSOS DO SISTEMA UNICO DE SAUDE - SUS - BLOCO DE MANUTENCAO DAS ACOES E SERVICOS PUBLICOS DE SAUDE - 107;IMEN INSTITUTO DE MEDICINA NUCLEAR LTDA;DESPESA COM CONVENIO NR. 303/2021 PARA A EXECUCAO DE SERVICOS MEDICOS DE    ASSISTENCIA A SAUDE AMBULATORIAL (HOSPITALAR) E/OU APOIO DIAGNOSTICO        TERAPEUTICO PARA ATENDIMENTO DOS USUARIOS DO SUS, REFERENCIA:               COMPETENCIA 09/2025 - SCC:534294 - SEI:22.29.000012074-8                    .                                                                           VALOR TOTAL.....................................................57.889,49   .                                                                           64 - TRANSFERENCIAS DE RECURSOS DO SUS - ATENCAO ESPECIALIZADA              SOLICITACAO FINANCEIRA: 174929/2025                                         ;Inexigibilidade de Licitação;000000052020
20252150024910908;14/11/2025 00:00:00;55911,72;0278722025;14/11/2025 00:00:00;55911,72;202521500249109080001;14/11/2025 00:00:00;55911,72;33903900;OUTROS SERVICOS DE TERCEIROS - PESSOA JURIDICA;01618164000140;SECRETARIA MUNICIPAL DE SAUDE;0,00;SECRETARIA MUNICIPAL DE SAUDE                                                                                                                                                                                                                                ;SAUDE - 10;ASSISTENCIA HOSPITALAR E AMBULATORIAL - 302;TRANSFERENCIA DE RECURSOS DO SISTEMA UNICO DE SAUDE - SUS - BLOCO DE MANUTENCAO DAS ACOES E SERVICOS PUBLICOS DE SAUDE - 107;CENTRO RADIOLOGICO DE GOIANIA S/S LTDA;DESPESA COM CONVENIO NR. 1.565/2022 PARA A EXECUCAO DE SERVICOS MEDICOS DE  ASSISTENCIA A SAUDE AMBULATORIAL (HOSPITALAR) E/OU APOIO DIAGNOSTICO        TERAPEUTICO PARA ATENDIMENTO DOS USUARIOS DO SUS, REFERENCIA:               COMPETENCIA 09/2025 - SCC:629503 - SEI:23.29.000024655-0                    .                                                                           VALOR TOTAL.....................................................55.911,72   .                                                                           64 - TRANSFERENCIAS DE RECURSOS DO SUS - ATENCAO ESPECIALIZADA              SOLICITACAO FINANCEIRA: 174928/2025                                         ;Inexigibilidade de Licitação;000000052020
20252150024910909;14/11/2025 00:00:00;30638,07;0280562025;17/11/2025 00:00:00;30638,07;202521500249109090001;17/11/2025 00:00:00;30638,07;33903900;OUTROS SERVICOS DE TERCEIROS - PESSOA JURIDICA;04537819000143;SECRETARIA MUNICIPAL DE SAUDE;0,00;SECRETARIA MUNICIPAL DE SAUDE                                                                                                                                                                                                                                ;SAUDE - 10;ASSISTENCIA HOSPITALAR E AMBULATORIAL - 302;TRANSFERENCIA DE RECURSOS DO SISTEMA UNICO DE SAUDE - SUS - BLOCO DE MANUTENCAO DAS ACOES E SERVICOS PUBLICOS DE SAUDE - 107;CENTRO DE DIAGNOSTICO AVANCADOS SS LTDA;DESPESA COM CONVENIO NR. 1.492/2025 PARA A EXECUCAO DE SERVICOS MEDICOS DE  ASSISTENCIA A SAUDE AMBULATORIAL (HOSPITALAR) E/OU APOIO DIAGNOSTICO        TERAPEUTICO PARA ATENDIMENTO DOS USUARIOS DO SUS, REFERENCIA:               COMPETENCIA 09/2025 - SCC:776441 - SEI:25.29.000032326-2                    .                                                                           VALOR TOTAL.....................................................30.638,07   .                                                                           64 - TRANSFERENCIAS DE RECURSOS DO SUS - ATENCAO ESPECIALIZADA              SOLICITACAO FINANCEIRA: 174980/2025                                         ;Inexigibilidade de Licitação;000000052020
20252150024910910;14/11/2025 00:00:00;25304,50;0288372025;19/11/2025 00:00:00;25304,50;202521500249109100001;24/11/2025 00:00:00;0,00;33903900;OUTROS SERVICOS DE TERCEIROS - PESSOA JURIDICA;04693442000111;SECRETARIA MUNICIPAL DE SAUDE;0,00;SECRETARIA MUNICIPAL DE SAUDE                                                                                                                                                                                                                                ;SAUDE - 10;ASSISTENCIA HOSPITALAR E AMBULATORIAL - 302;TRANSFERENCIA DE RECURSOS DO SISTEMA UNICO DE SAUDE - SUS - BLOCO DE MANUTENCAO DAS ACOES E SERVICOS PUBLICOS DE SAUDE - 107;JB PRESTACOES DE SERVICOS DIAGNOSTICOS LTDA;DESPESA COM 1 TERMO ADITIVO DO CONTRATO NR. 755/2020 PARA A EXECUCAO        DE SERVICOS MEDICOS DE ASSISTENCIA A SAUDE AMBULATORIAL (HOSPITALAR)        E/OU APOIO DIAGNOSTICO TERAPEUTICO PARA ATENDIMENTO DOS USUARIOS DO         SUS, REFERENCIA:COMPETENCIA 09/2025 - SCC:514188-2 - SEI:22.29.000012098-5  .                                                                           VALOR TOTAL.....................................................25.304,50   .                                                                           64 - TRANSFERENCIAS DE RECURSOS DO SUS - ATENCAO ESPECIALIZADA              SOLICITACAO FINANCEIRA: 174962/2025                                         ;Inexigibilidade de Licitação;000062602020
20252150024910910;14/11/2025 00:00:00;25304,50;0288372025;19/11/2025 00:00:00;25304,50;202521500249109100002;26/11/2025 00:00:00;25304,50;33903900;OUTROS SERVICOS DE TERCEIROS - PESSOA JURIDICA;04693442000111;SECRETARIA MUNICIPAL DE SAUDE;0,00;SECRETARIA MUNICIPAL DE SAUDE                                                                                                                                                                                                                                ;SAUDE - 10;ASSISTENCIA HOSPITALAR E AMBULATORIAL - 302;TRANSFERENCIA DE RECURSOS DO SISTEMA UNICO DE SAUDE - SUS - BLOCO DE MANUTENCAO DAS ACOES E SERVICOS PUBLICOS DE SAUDE - 107;JB PRESTACOES DE SERVICOS DIAGNOSTICOS LTDA;DESPESA COM 1 TERMO ADITIVO DO CONTRATO NR. 755/2020 PARA A EXECUCAO        DE SERVICOS MEDICOS DE ASSISTENCIA A SAUDE AMBULATORIAL (HOSPITALAR)        E/OU APOIO DIAGNOSTICO TERAPEUTICO PARA ATENDIMENTO DOS USUARIOS DO         SUS, REFERENCIA:COMPETENCIA 09/2025 - SCC:514188-2 - SEI:22.29.000012098-5  .                                                                           VALOR TOTAL.....................................................25.304,50   .                                                                           64 - TRANSFERENCIAS DE RECURSOS DO SUS - ATENCAO ESPECIALIZADA              SOLICITACAO FINANCEIRA: 174962/2025                                         ;Inexigibilidade de Licitação;000062602020
20252150024910911;14/11/2025 00:00:00;44275,70;0281412025;17/11/2025 00:00:00;44275,70;202521500249109110001;17/11/2025 00:00:00;44275,70;33903900;OUTROS SERVICOS DE TERCEIROS - PESSOA JURIDICA;36830859000175;SECRETARIA MUNICIPAL DE SAUDE;0,00;SECRETARIA MUNICIPAL DE SAUDE                                                                                                                                                                                                                                ;SAUDE - 10;ASSISTENCIA HOSPITALAR E AMBULATORIAL - 302;TRANSFERENCIA DE RECURSOS DO SISTEMA UNICO DE SAUDE - SUS - BLOCO DE MANUTENCAO DAS ACOES E SERVICOS PUBLICOS DE SAUDE - 107;ANALISE LABORATORIO CLINICO LTDA;DESPESA COM CONTRATO NR. 800/2020 PARA A EXECUCAO DE SERVICOS MEDICOS       DE ASSISTENCIA A SAUDE AMBULATORIAL (HOSPITALAR) E/OU APOIO DIAGNOSTICO     TERAPEUTICO PARA ATENDIMENTO DOS USUARIOS DO SUS,                           REFERENCIA:COMPETENCIA 09/2025 - SCC:516211-1 - SEI:22.29.000011859-0       .                                                                           VALOR TOTAL.....................................................44.275,70   .                                                                           64 - TRANSFERENCIAS DE RECURSOS DO SUS - ATENCAO ESPECIALIZADA              SOLICITACAO FINANCEIRA: 174921/2025                                         ;Inexigibilidade de Licitação;000000052020
20252150024910912;14/11/2025 00:00:00;25357,50;0287502025;18/11/2025 00:00:00;25357,50;202521500249109120001;19/11/2025 00:00:00;25357,50;33903900;OUTROS SERVICOS DE TERCEIROS - PESSOA JURIDICA;01231876000101;SECRETARIA MUNICIPAL DE SAUDE;0,00;SECRETARIA MUNICIPAL DE SAUDE                                                                                                                                                                                                                                ;SAUDE - 10;ASSISTENCIA HOSPITALAR E AMBULATORIAL - 302;TRANSFERENCIA DE RECURSOS DO SISTEMA UNICO DE SAUDE - SUS - BLOCO DE MANUTENCAO DAS ACOES E SERVICOS PUBLICOS DE SAUDE - 107;CLINICA CORDIAL S/C;64-TRANSF. DE RECURSOS/SUS-ATENCAO ESPECIALIZADA-SOLIC.FINANC.:174964 - 2025.                                                                           VALOR TOTAL:.......................................................25.357,50.                                                                           OBS:REFERENCIA: COMPETENCIA 09/2025 - SCC: 754065 - SEI 25.29.000044490-6.  CO PARA ATENDIMENTO DOS USUARIOS DO SUS.                                    ASSISTENCIA A SAUDE AMBULATORIAL(HOSPITALAR)E/OU APOIO DIAGNÓSTICO TERAPEUTIDESPESA COM  CONTRATO NR. 211/2024   PARA A EXECUCAO DE SERVICOS MEDICOS  DE;Inexigibilidade de Licitação;000000052020
20252150024910913;17/11/2025 00:00:00;86707,45;;;0,00;;;0,00;33903900;OUTROS SERVICOS DE TERCEIROS - PESSOA JURIDICA;02091999000157;SECRETARIA MUNICIPAL DE SAUDE;86707,45;SECRETARIA MUNICIPAL DE SAUDE                                                                                                                                                                                                                                ;SAUDE - 10;ASSISTENCIA HOSPITALAR E AMBULATORIAL - 302;TRANSFERENCIA DE RECURSOS DO SISTEMA UNICO DE SAUDE - SUS - BLOCO DE MANUTENCAO DAS ACOES E SERVICOS PUBLICOS DE SAUDE - 107;INSTITUTO DE OLHOS DE GOIANIA LTDA;DESPESA COM TERMO ADITIVO DO CONTRATO N.922/2020 PARA A EXECUCAO DE SERVICOSMÉDICOS DE ASSISTÊNCIA A SAÚDE AMBULATORIAL(HOSPITALAR)E/OU APOIO DIAGNÓSTI-CO TERAPÊUTICO. PERÍODO DE VIGÊNCIA:20/11/2025 A 19/11/2026, EXERCÍCIO DE 2025 PEDIDO DE COMPRA NR.:609/2025-FMS. SEI 25.5.000073004-0 - SCC:523179.    .                                                                           VALOR TOTAL:......................................................86.707,45 .                                                                           FONTE:107-TRANSFERENCIA DE RECURSOS DO SISTEMA UNICO DE SAUDE - SUS -  BLOCODE MANUTENCAO DAS ACOES E SERVICOS PUBLICOS DE SAUDE                        FONTE DETALHADA:64-TRANSFERENCIAS DE RECURSOS DO SUS - ATENCAO ESPECIALIZADASOLICITACAO FINANCEIRA: 175197 - 2025.                                      ;Inexigibilidade de Licitação;000000052020
20252150024910914;19/11/2025 00:00:00;705600,00;0287792025;19/11/2025 00:00:00;705600,00;202521500249109140001;19/11/2025 00:00:00;705600,00;33903900;OUTROS SERVICOS DE TERCEIROS - PESSOA JURIDICA;01525849000141;SECRETARIA MUNICIPAL DE SAUDE;0,00;SECRETARIA MUNICIPAL DE SAUDE                                                                                                                                                                                                                                ;SAUDE - 10;ASSISTENCIA HOSPITALAR E AMBULATORIAL - 302;TRANSFERENCIA DE RECURSOS DO SISTEMA UNICO DE SAUDE - SUS - BLOCO DE MANUTENCAO DAS ACOES E SERVICOS PUBLICOS DE SAUDE - 107;MATERNIDADE E HOSPITAL SAO JUDAS TADEU LTDA;FONTE DETALHADA:64 -TRANSFERENCIAS DE RECURSOS DO SUS-ATENCAO ESPECIALIZADA SOLICITACAO FINANCEIRA:174989/2025, SCC:513823, SEI 25.5.000063474-2.       DESPESA COM CONTRATO NR. 0728/2020 PARA A EXECUCAO DE SERVICOS MEDICOS DE   ASSISTÊNCIA A SAÚDE AMBULATORIAL (HOSPITALAR) E/OU APOIO DIAGNÓSTICO TERAPEUTICO PARA ATENDIMENTO DOS USUÁRIOS DO SUS.REFERENCIA: COMPETENCIA 07/2025 - PAGAMENTO ADMINISTRATIVO PEDIDO DE COMPRA NR.:063-2021 DADOS PARA EMPENHO:11- 6366/2020 - 04 VIGENCIA/TERMINO DO CONTRATO: 07/10/20 A 06/10/25.         .                                                                           VALOR TOTAL:......................................................705.600,00.                                                                           ;Inexigibilidade de Licitação;000063662020
20252150024910915;19/11/2025 00:00:00;515784,63;0287742025;19/11/2025 00:00:00;515784,63;202521500249109150001;19/11/2025 00:00:00;515784,63;33903900;OUTROS SERVICOS DE TERCEIROS - PESSOA JURIDICA;01525849000141;SECRETARIA MUNICIPAL DE SAUDE;0,00;SECRETARIA MUNICIPAL DE SAUDE                                                                                                                                                                                                                                ;SAUDE - 10;ASSISTENCIA HOSPITALAR E AMBULATORIAL - 302;TRANSFERENCIA DE RECURSOS DO SISTEMA UNICO DE SAUDE - SUS - BLOCO DE MANUTENCAO DAS ACOES E SERVICOS PUBLICOS DE SAUDE - 107;MATERNIDADE E HOSPITAL SAO JUDAS TADEU LTDA;DESPESA C/ CONTRATO NR.728/2020 PARA A EXECUCAO DE SERVICOS MEDICOS DE ASSISTENCIA A SAUDE AMBULATORIAL (HOSPITALAR) E/OU APOIO DIAGNOSTICO TERAPEUTICO PARA ATENDIMENTO DOS USUARIOS DO SUS. REFERENCIA: COMPETENCIA 09/2025 - PEDIDO DE COMPRA 063/2021.                                                      .                                                                           VALOR TOTAL:......................................................515.784,63.                                                                           FONTE DETALHADA:64-TRANSFERENCIAS DE RECURSOS DO SUS - ATENCAO ESPECIALIZADASOLICITACAO FINANCEIRA:175014/2025, SCC:513823, SEI 22.29.000012181-7.      ;Inexigibilidade de Licitação;000063662020
20252150024910916;19/11/2025 00:00:00;972847,50;0290772025;24/11/2025 00:00:00;972847,50;202521500249109160001;24/11/2025 00:00:00;972847,50;33903900;OUTROS SERVICOS DE TERCEIROS - PESSOA JURIDICA;01240688000140;SECRETARIA MUNICIPAL DE SAUDE;0,00;SECRETARIA MUNICIPAL DE SAUDE                                                                                                                                                                                                                                ;SAUDE - 10;ASSISTENCIA HOSPITALAR E AMBULATORIAL - 302;TRANSFERENCIA DE RECURSOS DO SISTEMA UNICO DE SAUDE - SUS - BLOCO DE MANUTENCAO DAS ACOES E SERVICOS PUBLICOS DE SAUDE - 107;APAE - ASSOCIACAO DE PAIS E AMIGOS DOS EXC DE GOIANIA;DESPESA COM CONTRATO NR. 746/2020 PARA A EXECUCAO DE SERVICOS MEDICOS DE AS-SISTENCIA A SAUDE AMBULATORIAL(HOSPITALAR)E/OU APOIO DIAGNOSTICO TERAPEUTICOPARA ATENDIMENTO DOS USUARIOS DO SUS. SEI 22.29.000011864-6. SCC 514048.    OBS:REFERENCIA: COMPETENCIA 09/2025-EM SUBSTITUICAO A SOLICITACAO NR.175099/2025, VALOR INCORRETO.                                                      .                                                                           VALOR TOTAL:......................................................972.847,50.                                                                           FONTE 107-TRANSFERENCIA DE RECURSOS DO SISTEMA UNICO DE SAUDE -SUS- BLOCO DEMANUTENCAO DAS ACOES E SERVICOS PUBLICOS DE SAUDE                           FONTE DETALHADA 64-TRANSFERENCIAS DE RECURSOS DO SUS - ATENCAO ESPECIALIZADASOLICITACAO FINANCEIRA 175274 - 2025.                                       ;Inexigibilidade de Licitação;000000052020
20252150024910917;19/11/2025 00:00:00;1316100,00;0292512025;24/11/2025 00:00:00;0,00;;;0,00;33903900;OUTROS SERVICOS DE TERCEIROS - PESSOA JURIDICA;01554104000100;SECRETARIA MUNICIPAL DE SAUDE;0,00;SECRETARIA MUNICIPAL DE SAUDE                                                                                                                                                                                                                                ;SAUDE - 10;ASSISTENCIA HOSPITALAR E AMBULATORIAL - 302;TRANSFERENCIA DE RECURSOS DO SISTEMA UNICO DE SAUDE - SUS - BLOCO DE MANUTENCAO DAS ACOES E SERVICOS PUBLICOS DE SAUDE - 107;HOSPITAL E MATERNIDADE SAO MARCOS E OUTROS;FONTE DETALHADA 64-TRANSFERENCIAS DE RECURSOS DO SUS - ATENCAO ESPECIALIZADASOLICITACAO FINANCEIRA 174985 - 2025.                                       DESPESA COM CONTRATO NR. 0274/2020 PARA A EXECUCAO DE SERVICOS MEDICOS DE   ASSISTENCIA A SAUDE AMBULATORIAL (HOSPITALAR) E/OU APOIO DIAGNOSTICO TERAPEUTICO PARA ATENDIMENTO DOS USUARIOS DO SUS. SEI 25.5.000054923-0.            OBS:REFERENCIA: COMPETENCIA 07/2025 - PAGAMENTO ADMINISTRATIVO PEDIDO DE COMPRA N.:442/20 DADOS P/EMPENHO:11-4436/20-99/VIG./TERMINO 01/05/20A 30/04/26..                                                                           VALOR TOTAL:....................................................1.316.100,00.                                                                           FONTE 107-TRANSFERENCIA DE RECURSOS DO SISTEMA UNICO DE SAUDE -SUS- BLOCO DEMANUTENCAO DAS ACOES E SERVICOS PUBLICOS DE SAUDE                           ;Inexigibilidade de Licitação;000043362020
20252150024910917;19/11/2025 00:00:00;1316100,00;0293212025;24/11/2025 00:00:00;1316100,00;202521500249109170001;25/11/2025 00:00:00;1316100,00;33903900;OUTROS SERVICOS DE TERCEIROS - PESSOA JURIDICA;01554104000100;SECRETARIA MUNICIPAL DE SAUDE;0,00;SECRETARIA MUNICIPAL DE SAUDE                                                                                                                                                                                                                                ;SAUDE - 10;ASSISTENCIA HOSPITALAR E AMBULATORIAL - 302;TRANSFERENCIA DE RECURSOS DO SISTEMA UNICO DE SAUDE - SUS - BLOCO DE MANUTENCAO DAS ACOES E SERVICOS PUBLICOS DE SAUDE - 107;HOSPITAL E MATERNIDADE SAO MARCOS E OUTROS;FONTE DETALHADA 64-TRANSFERENCIAS DE RECURSOS DO SUS - ATENCAO ESPECIALIZADASOLICITACAO FINANCEIRA 174985 - 2025.                                       DESPESA COM CONTRATO NR. 0274/2020 PARA A EXECUCAO DE SERVICOS MEDICOS DE   ASSISTENCIA A SAUDE AMBULATORIAL (HOSPITALAR) E/OU APOIO DIAGNOSTICO TERAPEUTICO PARA ATENDIMENTO DOS USUARIOS DO SUS. SEI 25.5.000054923-0.            OBS:REFERENCIA: COMPETENCIA 07/2025 - PAGAMENTO ADMINISTRATIVO PEDIDO DE COMPRA N.:442/20 DADOS P/EMPENHO:11-4436/20-99/VIG./TERMINO 01/05/20A 30/04/26..                                                                           VALOR TOTAL:....................................................1.316.100,00.                                                                           FONTE 107-TRANSFERENCIA DE RECURSOS DO SISTEMA UNICO DE SAUDE -SUS- BLOCO DEMANUTENCAO DAS ACOES E SERVICOS PUBLICOS DE SAUDE                           ;Inexigibilidade de Licitação;000043362020
20252150024910918;19/11/2025 00:00:00;558802,54;0294872025;24/11/2025 00:00:00;558802,54;202521500249109180001;02/12/2025 00:00:00;558802,54;33903900;OUTROS SERVICOS DE TERCEIROS - PESSOA JURIDICA;02630826000160;SECRETARIA MUNICIPAL DE SAUDE;0,00;SECRETARIA MUNICIPAL DE SAUDE                                                                                                                                                                                                                                ;SAUDE - 10;ASSISTENCIA HOSPITALAR E AMBULATORIAL - 302;TRANSFERENCIA DE RECURSOS DO SISTEMA UNICO DE SAUDE - SUS - BLOCO DE MANUTENCAO DAS ACOES E SERVICOS PUBLICOS DE SAUDE - 107;BRANET GESTAO DE LOGISTICA EM SAUDE LTDA;DESPESA COM CONTRATO Nº1484/2020 PARA SERVICOS DE GESTAO E LOGISTICA INTEGRADA/REVERSA, RECEBIMENTO, CONFERENCIA, ARMAZENAMENTO, CONTROLE DE EXPEDICAO, TRANSPORTE, DISTRIBUICAO DE MATERIAIS DA SMS. SEI 25.29.000009996-6.        VALORES REFERENTE AO PERIODO DE AGOSTO/2025 - SCC: 532585.                  .                                                                           VALOR TOTAL:......................................................558.802,54.                                                                           FONTE 107-TRANSFERENCIA DE RECURSOS DO SISTEMA UNICO DE SAUDE -SUS- BLOCO DEMANUTENCAO DAS ACOES E SERVICOS PUBLICOS DE SAUDE                           FONTE 64-TRANSFERENCIAS DE  RECURSOS DO SUS - ATENCAO ESPECIALIZADA         SOLICITACAO FINANCEIRA: 175194 - 2025.                                      ;Pregão;000000902020
20252150024910919;19/11/2025 00:00:00;26875,00;;;0,00;;;0,00;33903900;OUTROS SERVICOS DE TERCEIROS - PESSOA JURIDICA;40870928000141;SECRETARIA MUNICIPAL DE SAUDE;26875,00;SECRETARIA MUNICIPAL DE SAUDE                                                                                                                                                                                                                                ;SAUDE - 10;ASSISTENCIA HOSPITALAR E AMBULATORIAL - 302;TRANSFERENCIA DE RECURSOS DO SISTEMA UNICO DE SAUDE - SUS - BLOCO DE MANUTENCAO DAS ACOES E SERVICOS PUBLICOS DE SAUDE - 107;GRAFICA PREMIO COMUNICACAO VISUAL E SERVICOS IMPRESSAO;"MENTO DA ORDEM DE ENTREGA OU NOTA DE EMPENHO/AUTORIZACAO DE FORNECIMENTO E ACOMPANHADOS DOS DOCUMENTOS FISCAIS RESPECTIVOS, DEVE CONTER,OBRIGATORIAMENTEA ESPECIFICACAO DO ITEM, MARCA DO FABRICANTE E QUANTIDADE ENTREGUE;DEMAIS ESCLARECIMENTOS CONFORME EDITAL PE90037/2024 SRP, PROCESSO ""MAE"" SEI Nº 24.29.000026428-7 - ATA DE REGISTRO DE PRECO Nº006/2025 E MEMO 248/2025-GEREMO E ANEXOS.LOCAL DA ENTREGA:ALMOXARIFADO CENTRAL DA SECRETARIA MUNICIPAL DE SAUDENO SEGUINTE ENDERECO:AVENIDA PERIMETRAL NORTE N.2.859, VILA JOAO VAZ, CONDO-MINIO GOIAZEM, BLOCO E GALPOES DE 06 A 10, CEP 74.445-190, GOIANIA-GO.      AS ENTREGAS DEVERAO SER EFETUADAS MEDIANTE AGENDAMENTO PREVIO, ATRAVES DO E-MAIL CIAD.GOIANIA@BRANETLOGISTICA.COM.BR. SOLICITACAO FINANCEIRA:175186-2025.                                                                           FONTE 107 - TRANSFERENCIA DE RECURSOS DO SISTEMA UNICO DE SAUDE-SUS-BLOCO DEMANUTENCAO DAS ACOES E SERVICOS PUBLICOS DE SAUDE                           FONTE DETALHADA 64-TRANSFERENCIAS DE RECURSOS DO SUS - ATENCAO ESPECIALIZADAPRAZO DE ENTREGA DOS BENS E DE 20 (VINTE) DIAS UTEIS, CONTADOS APOS O RECEBI.                                                                           VALOR TOTAL:.......................................................26.875.00COD:06167-0.................784,00UN..........2,1500...............1.685,60 ITEM 2-BLOCO DE NOTIFICACAO RECEITA RECEITUARIO AZUL.M:PRÓPRIA (R04)        COD:06167-0..............11.716,00UN..........2,1500..............25.189,40 ITEM 1-BLOCO NOTIFICACAO RECEITA RECEITUARIO AZUL.M:PROPRIA (R03)           .                                                                           DE COMPRAS Nº 636/2025. SEI 25.29.000043079-4.                              OBS:CONFORME MEMORANDO Nº 248/2025-GEREMO, PARECER Nº 327/2025-GERPSR,PEDIDO.                                                                           DE REGISTRO DE PRECOS Nº 006/2025, PREGAO ELETRONICO Nº 90037/2024.SCC795446DESPESA COM AQUISICAO DE MATERIAIS GRAFICOS ATRAVES DO 2º PEDIDO FILHO, ATA ";Pregão;000900372025
20252150024910920;24/11/2025 00:00:00;278320,00;;;0,00;;;0,00;33903900;OUTROS SERVICOS DE TERCEIROS - PESSOA JURIDICA;03883919000169;SECRETARIA MUNICIPAL DE SAUDE;278320,00;SECRETARIA MUNICIPAL DE SAUDE                                                                                                                                                                                                                                ;SAUDE - 10;ASSISTENCIA HOSPITALAR E AMBULATORIAL - 302;TRANSFERENCIA DE RECURSOS DO SISTEMA UNICO DE SAUDE - SUS - BLOCO DE MANUTENCAO DAS ACOES E SERVICOS PUBLICOS DE SAUDE - 107;DESPRAG DEDETIZADORA LTDA;DESPESA COM PRESTACAO DE SERVICOS DE CONTROLE DE PRAGAS NAS UNIDADES DA SMS ADESAO DE ATA Nº002/2025 - PREGAO ELETRONICO Nº009/2023 CONF.DESPACHO 509/2025-GERCOM, PARECER Nº 140/2025-GERPSR, MAPA DE PRECOS (7839097)- GERCOM ,SCC786943. SEI 25.29.000021333-5 - SOLICITACAO FINANCEIRA: 174572 - 2025.      .                                                                           VALOR TOTAL:......................................................278.320,00.                                                                           64 - TRANSFERENCIAS DE RECURSOS DO SUS - ATENCAO ESPECIALIZADA              ;Pregão;000000092023
20252150024910921;24/11/2025 00:00:00;1965,19;;;0,00;;;0,00;33903900;OUTROS SERVICOS DE TERCEIROS - PESSOA JURIDICA;05933252000197;SECRETARIA MUNICIPAL DE SAUDE;1965,19;SECRETARIA MUNICIPAL DE SAUDE                                                                                                                                                                                                                                ;SAUDE - 10;ASSISTENCIA HOSPITALAR E AMBULATORIAL - 302;TRANSFERENCIA DE RECURSOS DO SISTEMA UNICO DE SAUDE - SUS - BLOCO DE MANUTENCAO DAS ACOES E SERVICOS PUBLICOS DE SAUDE - 107;NOMURA E NOMURA LTDA;DESPESA COM TERMO ADITIVO DO CONTRATO NR. 770/2020 PARA A EXECUCAO DE SERVI-COS MEDICOS DE ASSISTENCIA A SAUDE AMBULATORIAL (HOSPITALAR) E/OU APOIO DIA-GNOSTICO TERAPEUTICO, SEI25.29.000031983-4, SOLICITACAO FINANCEIRA:166689/25PERIODO DE VIGENCIA:24/09/2025 A 23/09/2026, EXERCICIO DE 2025 PEDIDO DE COMPRA NR.:369/2025-FMS.                                                       .                                                                           VALOR TOTAL:........................................................1.965,19.                                                                           64 - TRANSFERENCIAS DE RECURSOS DO SUS - ATENCAO ESPECIALIZADA              ;Inexigibilidade de Licitação;000062732020
20252150024910922;26/11/2025 00:00:00;200000,00;;;0,00;;;0,00;33903900;OUTROS SERVICOS DE TERCEIROS - PESSOA JURIDICA;12387543000192;SECRETARIA MUNICIPAL DE SAUDE;200000,00;SECRETARIA MUNICIPAL DE SAUDE                                                                                                                                                                                                                                ;SAUDE - 10;ASSISTENCIA HOSPITALAR E AMBULATORIAL - 302;TRANSFERENCIA DE RECURSOS DO SISTEMA UNICO DE SAUDE - SUS - BLOCO DE MANUTENCAO DAS ACOES E SERVICOS PUBLICOS DE SAUDE - 107;TRANSMEDICA UTI MOVEL E ASSISTENCIA MEDICA LTDA;FONTE 107-TRANSFERENCIA DE RECURSOS DO SISTEMA UNICO DE SAUDE - SUS -  BLOCODE MANUTENCAO DAS ACOES E SERVICOS PUBLICOS DE SAUDE                        FONTE DETALHADA 64 - TRANSFERENCIAS DE RECURSOS DO SUS-ATENCAO ESPECIALIZADADESPESA COM 6ª ADITIVO DO CONTRATO Nº 2096/2021 - PREST. SERVICOS DE ATENCAODOMICILIAR DE ALTA COMPLEXIDADE - HOME CARE, CONFORME DESP. 515/2025 SUPGRA/SMS. SEI 24.29.000025854-6. SCC:565491-6. SOLICITACAO FINANCEIRA:175398/2025OBS:REFERENTE AO MES DE OUTUBRO/2025.                                       .                                                                           .                                                                           VALOR TOTAL:......................................................200.000,00.                                                                           ;Pregão;000000052021
20252150024910923;27/11/2025 00:00:00;1861379,17;0301762025;01/12/2025 00:00:00;574150,83;202521500249109230001;23/03/2026 00:00:00;287075,41;33903900;OUTROS SERVICOS DE TERCEIROS - PESSOA JURIDICA;01588128000180;SECRETARIA MUNICIPAL DE SAUDE;0,00;SECRETARIA MUNICIPAL DE SAUDE                                                                                                                                                                                                                                ;SAUDE - 10;ASSISTENCIA HOSPITALAR E AMBULATORIAL - 302;TRANSFERENCIA DE RECURSOS DO SISTEMA UNICO DE SAUDE - SUS - BLOCO DE MANUTENCAO DAS ACOES E SERVICOS PUBLICOS DE SAUDE - 107;PRONTO SOCORRO PARA QUEIMADURAS LTDA;DESPESA COM CONTRATO NR. 782/2020 PARA A EXECUCAO DE SERVICOS MEDICOS DE AS-SISTENCIA A SAUDE AMBULATORIAL (HOSPITALAR) E/OU APOIO DIAGNOSTICO TERAPEUTICO PARA ATENDIMENTO DOS USUARIOS DO SUS. SEI 22.29.000012210-4. SCC 515362. OBS:REFERENCIA: COMPETENCIAS 07/2025, 08/2025 E 09/2025.                    .                                                                           .                                                                           VALOR TOTAL:....................................................1.861.379,17.                                                                           64 - TRANSFERENCIAS DE RECURSOS DO SUS - ATENCAO ESPECIALIZADA              SOLICITACAO FINANCEIRA: 175437 - 2025.                                      ;Inexigibilidade de Licitação;000063722020
20252150024910923;27/11/2025 00:00:00;1861379,17;0301762025;01/12/2025 00:00:00;574150,83;202521500249109230002;27/04/2026 00:00:00;287075,42;33903900;OUTROS SERVICOS DE TERCEIROS - PESSOA JURIDICA;01588128000180;SECRETARIA MUNICIPAL DE SAUDE;0,00;SECRETARIA MUNICIPAL DE SAUDE                                                                                                                                                                                                                                ;SAUDE - 10;ASSISTENCIA HOSPITALAR E AMBULATORIAL - 302;TRANSFERENCIA DE RECURSOS DO SISTEMA UNICO DE SAUDE - SUS - BLOCO DE MANUTENCAO DAS ACOES E SERVICOS PUBLICOS DE SAUDE - 107;PRONTO SOCORRO PARA QUEIMADURAS LTDA;DESPESA COM CONTRATO NR. 782/2020 PARA A EXECUCAO DE SERVICOS MEDICOS DE AS-SISTENCIA A SAUDE AMBULATORIAL (HOSPITALAR) E/OU APOIO DIAGNOSTICO TERAPEUTICO PARA ATENDIMENTO DOS USUARIOS DO SUS. SEI 22.29.000012210-4. SCC 515362. OBS:REFERENCIA: COMPETENCIAS 07/2025, 08/2025 E 09/2025.                    .                                                                           .                                                                           VALOR TOTAL:....................................................1.861.379,17.                                                                           64 - TRANSFERENCIAS DE RECURSOS DO SUS - ATENCAO ESPECIALIZADA              SOLICITACAO FINANCEIRA: 175437 - 2025.                                      ;Inexigibilidade de Licitação;000063722020
20252150024910923;27/11/2025 00:00:00;1861379,17;0301802025;01/12/2025 00:00:00;0,00;;;0,00;33903900;OUTROS SERVICOS DE TERCEIROS - PESSOA JURIDICA;01588128000180;SECRETARIA MUNICIPAL DE SAUDE;0,00;SECRETARIA MUNICIPAL DE SAUDE                                                                                                                                                                                                                                ;SAUDE - 10;ASSISTENCIA HOSPITALAR E AMBULATORIAL - 302;TRANSFERENCIA DE RECURSOS DO SISTEMA UNICO DE SAUDE - SUS - BLOCO DE MANUTENCAO DAS ACOES E SERVICOS PUBLICOS DE SAUDE - 107;PRONTO SOCORRO PARA QUEIMADURAS LTDA;DESPESA COM CONTRATO NR. 782/2020 PARA A EXECUCAO DE SERVICOS MEDICOS DE AS-SISTENCIA A SAUDE AMBULATORIAL (HOSPITALAR) E/OU APOIO DIAGNOSTICO TERAPEUTICO PARA ATENDIMENTO DOS USUARIOS DO SUS. SEI 22.29.000012210-4. SCC 515362. OBS:REFERENCIA: COMPETENCIAS 07/2025, 08/2025 E 09/2025.                    .                                                                           .                                                                           VALOR TOTAL:....................................................1.861.379,17.                                                                           64 - TRANSFERENCIAS DE RECURSOS DO SUS - ATENCAO ESPECIALIZADA              SOLICITACAO FINANCEIRA: 175437 - 2025.                                      ;Inexigibilidade de Licitação;000063722020
20252150024910923;27/11/2025 00:00:00;1861379,17;0301832025;01/12/2025 00:00:00;689879,49;;;0,00;33903900;OUTROS SERVICOS DE TERCEIROS - PESSOA JURIDICA;01588128000180;SECRETARIA MUNICIPAL DE SAUDE;0,00;SECRETARIA MUNICIPAL DE SAUDE                                                                                                                                                                                                                                ;SAUDE - 10;ASSISTENCIA HOSPITALAR E AMBULATORIAL - 302;TRANSFERENCIA DE RECURSOS DO SISTEMA UNICO DE SAUDE - SUS - BLOCO DE MANUTENCAO DAS ACOES E SERVICOS PUBLICOS DE SAUDE - 107;PRONTO SOCORRO PARA QUEIMADURAS LTDA;DESPESA COM CONTRATO NR. 782/2020 PARA A EXECUCAO DE SERVICOS MEDICOS DE AS-SISTENCIA A SAUDE AMBULATORIAL (HOSPITALAR) E/OU APOIO DIAGNOSTICO TERAPEUTICO PARA ATENDIMENTO DOS USUARIOS DO SUS. SEI 22.29.000012210-4. SCC 515362. OBS:REFERENCIA: COMPETENCIAS 07/2025, 08/2025 E 09/2025.                    .                                                                           .                                                                           VALOR TOTAL:....................................................1.861.379,17.                                                                           64 - TRANSFERENCIAS DE RECURSOS DO SUS - ATENCAO ESPECIALIZADA              SOLICITACAO FINANCEIRA: 175437 - 2025.                                      ;Inexigibilidade de Licitação;000063722020
20252150024910923;27/11/2025 00:00:00;1861379,17;0301852025;01/12/2025 00:00:00;4559,40;;;0,00;33903900;OUTROS SERVICOS DE TERCEIROS - PESSOA JURIDICA;01588128000180;SECRETARIA MUNICIPAL DE SAUDE;0,00;SECRETARIA MUNICIPAL DE SAUDE                                                                                                                                                                                                                                ;SAUDE - 10;ASSISTENCIA HOSPITALAR E AMBULATORIAL - 302;TRANSFERENCIA DE RECURSOS DO SISTEMA UNICO DE SAUDE - SUS - BLOCO DE MANUTENCAO DAS ACOES E SERVICOS PUBLICOS DE SAUDE - 107;PRONTO SOCORRO PARA QUEIMADURAS LTDA;DESPESA COM CONTRATO NR. 782/2020 PARA A EXECUCAO DE SERVICOS MEDICOS DE AS-SISTENCIA A SAUDE AMBULATORIAL (HOSPITALAR) E/OU APOIO DIAGNOSTICO TERAPEUTICO PARA ATENDIMENTO DOS USUARIOS DO SUS. SEI 22.29.000012210-4. SCC 515362. OBS:REFERENCIA: COMPETENCIAS 07/2025, 08/2025 E 09/2025.                    .                                                                           .                                                                           VALOR TOTAL:....................................................1.861.379,17.                                                                           64 - TRANSFERENCIAS DE RECURSOS DO SUS - ATENCAO ESPECIALIZADA              SOLICITACAO FINANCEIRA: 175437 - 2025.                                      ;Inexigibilidade de Licitação;000063722020
20252150024910923;27/11/2025 00:00:00;1861379,17;0301892025;01/12/2025 00:00:00;592789,45;202521500249109230003;03/06/2026 00:00:00;296394,73;33903900;OUTROS SERVICOS DE TERCEIROS - PESSOA JURIDICA;01588128000180;SECRETARIA MUNICIPAL DE SAUDE;0,00;SECRETARIA MUNICIPAL DE SAUDE                                                                                                                                                                                                                                ;SAUDE - 10;ASSISTENCIA HOSPITALAR E AMBULATORIAL - 302;TRANSFERENCIA DE RECURSOS DO SISTEMA UNICO DE SAUDE - SUS - BLOCO DE MANUTENCAO DAS ACOES E SERVICOS PUBLICOS DE SAUDE - 107;PRONTO SOCORRO PARA QUEIMADURAS LTDA;DESPESA COM CONTRATO NR. 782/2020 PARA A EXECUCAO DE SERVICOS MEDICOS DE AS-SISTENCIA A SAUDE AMBULATORIAL (HOSPITALAR) E/OU APOIO DIAGNOSTICO TERAPEUTICO PARA ATENDIMENTO DOS USUARIOS DO SUS. SEI 22.29.000012210-4. SCC 515362. OBS:REFERENCIA: COMPETENCIAS 07/2025, 08/2025 E 09/2025.                    .                                                                           .                                                                           VALOR TOTAL:....................................................1.861.379,17.                                                                           64 - TRANSFERENCIAS DE RECURSOS DO SUS - ATENCAO ESPECIALIZADA              SOLICITACAO FINANCEIRA: 175437 - 2025.                                      ;Inexigibilidade de Licitação;000063722020
20252150024910924;28/11/2025 00:00:00;2486958,63;0302042025;01/12/2025 00:00:00;0,00;202521500249109240001;01/12/2025 00:00:00;0,00;33903900;OUTROS SERVICOS DE TERCEIROS - PESSOA JURIDICA;00000000000868;SECRETARIA MUNICIPAL DE SAUDE;50282,48;SECRETARIA MUNICIPAL DE SAUDE                                                                                                                                                                                                                                ;SAUDE - 10;ASSISTENCIA HOSPITALAR E AMBULATORIAL - 302;TRANSFERENCIA DE RECURSOS DO SISTEMA UNICO DE SAUDE - SUS - BLOCO DE MANUTENCAO DAS ACOES E SERVICOS PUBLICOS DE SAUDE - 107;BANCO DO BRASIL S/A;DESPESA COM PRESTACAO DE SERVICOS MEDICOS DE TERCEIROS - PESSOA FISICA(PF) EPESSOA JURIDICA (PJ) DE ACORDO COM VALORES BRUTOS POR PRODUCAO - SGIF DA SE-CRETARIA MUNICIPAL DE SAUDE DE GOIANIA. SEI 25.29.000001693-9 / SCC: 772110..                                                                           OBS:REFERENCIA:COMPETENCIA 09/2025 CNPJ A EMPENHAR:00000000000868 - BANCO DOBRASIL(DADOS PARA EMPENHO:99-005/2020-99)/SOLICITACAO FINANCEIRA:175517/2025.                                                                           VALOR TOTAL:....................................................2.486.958,63.                                                                           FONTE:107-TRANSFERENCIA DE RECURSOS DO SISTEMA UNICO DE SAUDE -SUS- BLOCO DEMANUTENCAO DAS ACOES E SERVICOS PUBLICOS DE SAUDE                           FONTE DETALHADA:64-TRANSFERENCIAS DE RECURSOS DO SUS - ATENCAO ESPECIALIZADA;Outros (Convênios, ajustes, similares, etc.);000000052020
20252150024910924;28/11/2025 00:00:00;2486958,63;0302042025;01/12/2025 00:00:00;0,00;202521500249109240002;01/12/2025 00:00:00;0,00;33903900;OUTROS SERVICOS DE TERCEIROS - PESSOA JURIDICA;00000000000868;SECRETARIA MUNICIPAL DE SAUDE;50282,48;SECRETARIA MUNICIPAL DE SAUDE                                                                                                                                                                                                                                ;SAUDE - 10;ASSISTENCIA HOSPITALAR E AMBULATORIAL - 302;TRANSFERENCIA DE RECURSOS DO SISTEMA UNICO DE SAUDE - SUS - BLOCO DE MANUTENCAO DAS ACOES E SERVICOS PUBLICOS DE SAUDE - 107;BANCO DO BRASIL S/A;DESPESA COM PRESTACAO DE SERVICOS MEDICOS DE TERCEIROS - PESSOA FISICA(PF) EPESSOA JURIDICA (PJ) DE ACORDO COM VALORES BRUTOS POR PRODUCAO - SGIF DA SE-CRETARIA MUNICIPAL DE SAUDE DE GOIANIA. SEI 25.29.000001693-9 / SCC: 772110..                                                                           OBS:REFERENCIA:COMPETENCIA 09/2025 CNPJ A EMPENHAR:00000000000868 - BANCO DOBRASIL(DADOS PARA EMPENHO:99-005/2020-99)/SOLICITACAO FINANCEIRA:175517/2025.                                                                           VALOR TOTAL:....................................................2.486.958,63.                                                                           FONTE:107-TRANSFERENCIA DE RECURSOS DO SISTEMA UNICO DE SAUDE -SUS- BLOCO DEMANUTENCAO DAS ACOES E SERVICOS PUBLICOS DE SAUDE                           FONTE DETALHADA:64-TRANSFERENCIAS DE RECURSOS DO SUS - ATENCAO ESPECIALIZADA;Outros (Convênios, ajustes, similares, etc.);000000052020
20252150024910924;28/11/2025 00:00:00;2486958,63;0303602025;02/12/2025 00:00:00;2436676,15;202521500249109240003;02/12/2025 00:00:00;39232,32;33903900;OUTROS SERVICOS DE TERCEIROS - PESSOA JURIDICA;00000000000868;SECRETARIA MUNICIPAL DE SAUDE;50282,48;SECRETARIA MUNICIPAL DE SAUDE                                                                                                                                                                                                                                ;SAUDE - 10;ASSISTENCIA HOSPITALAR E AMBULATORIAL - 302;TRANSFERENCIA DE RECURSOS DO SISTEMA UNICO DE SAUDE - SUS - BLOCO DE MANUTENCAO DAS ACOES E SERVICOS PUBLICOS DE SAUDE - 107;BANCO DO BRASIL S/A;DESPESA COM PRESTACAO DE SERVICOS MEDICOS DE TERCEIROS - PESSOA FISICA(PF) EPESSOA JURIDICA (PJ) DE ACORDO COM VALORES BRUTOS POR PRODUCAO - SGIF DA SE-CRETARIA MUNICIPAL DE SAUDE DE GOIANIA. SEI 25.29.000001693-9 / SCC: 772110..                                                                           OBS:REFERENCIA:COMPETENCIA 09/2025 CNPJ A EMPENHAR:00000000000868 - BANCO DOBRASIL(DADOS PARA EMPENHO:99-005/2020-99)/SOLICITACAO FINANCEIRA:175517/2025.                                                                           VALOR TOTAL:....................................................2.486.958,63.                                                                           FONTE:107-TRANSFERENCIA DE RECURSOS DO SISTEMA UNICO DE SAUDE -SUS- BLOCO DEMANUTENCAO DAS ACOES E SERVICOS PUBLICOS DE SAUDE                           FONTE DETALHADA:64-TRANSFERENCIAS DE RECURSOS DO SUS - ATENCAO ESPECIALIZADA;Outros (Convênios, ajustes, similares, etc.);000000052020
20252150024910924;28/11/2025 00:00:00;2486958,63;0303602025;02/12/2025 00:00:00;2436676,15;202521500249109240004;02/12/2025 00:00:00;2397443,83;33903900;OUTROS SERVICOS DE TERCEIROS - PESSOA JURIDICA;00000000000868;SECRETARIA MUNICIPAL DE SAUDE;50282,48;SECRETARIA MUNICIPAL DE SAUDE                                                                                                                                                                                                                                ;SAUDE - 10;ASSISTENCIA HOSPITALAR E AMBULATORIAL - 302;TRANSFERENCIA DE RECURSOS DO SISTEMA UNICO DE SAUDE - SUS - BLOCO DE MANUTENCAO DAS ACOES E SERVICOS PUBLICOS DE SAUDE - 107;BANCO DO BRASIL S/A;DESPESA COM PRESTACAO DE SERVICOS MEDICOS DE TERCEIROS - PESSOA FISICA(PF) EPESSOA JURIDICA (PJ) DE ACORDO COM VALORES BRUTOS POR PRODUCAO - SGIF DA SE-CRETARIA MUNICIPAL DE SAUDE DE GOIANIA. SEI 25.29.000001693-9 / SCC: 772110..                                                                           OBS:REFERENCIA:COMPETENCIA 09/2025 CNPJ A EMPENHAR:00000000000868 - BANCO DOBRASIL(DADOS PARA EMPENHO:99-005/2020-99)/SOLICITACAO FINANCEIRA:175517/2025.                                                                           VALOR TOTAL:....................................................2.486.958,63.                                                                           FONTE:107-TRANSFERENCIA DE RECURSOS DO SISTEMA UNICO DE SAUDE -SUS- BLOCO DEMANUTENCAO DAS ACOES E SERVICOS PUBLICOS DE SAUDE                           FONTE DETALHADA:64-TRANSFERENCIAS DE RECURSOS DO SUS - ATENCAO ESPECIALIZADA;Outros (Convênios, ajustes, similares, etc.);000000052020
20252150024930796;03/11/2025 00:00:00;452047,05;0287912025;19/11/2025 00:00:00;174454,91;202521500249307960001;02/12/2025 00:00:00;174454,91;33903900;OUTROS SERVICOS DE TERCEIROS - PESSOA JURIDICA;03979504000193;SECRETARIA MUNICIPAL DE SAUDE;277592,14;SECRETARIA MUNICIPAL DE SAUDE                                                                                                                                                                                                                                ;SAUDE - 10;ASSISTENCIA HOSPITALAR E AMBULATORIAL - 302;TRANSFERENCIA DE RECURSOS DO SISTEMA UNICO DE SAUDE - SUS - BLOCO DE MANUTENCAO DAS ACOES E SERVICOS PUBLICOS DE SAUDE - 107;HEBROM COMERCIO E SERVICOS LTDA;CONTRATACAO DIRETA EMERGENCIAL DE EMPRESA ESPECIALIZADA PARA PRESTACAO DE   SERVICOS CONTINUOS DE MANUTENCAO PREDIAL CORRETIVA E PREDITIVA, COM FORNE   CIMENTO DE MAO DE OBRA,FERRAMENTAS,MATERIAIS E INSUMOS - SCC:780147         PARA AS UNIDADES DA SMS/GOIANIA CONFORME DESPACHO NR 211/2025/GERINF        VALOR REFERENTE AS PARCELAS DE JULHO/2025 A SETEMBRO/2025                   .                                                                           VALOR EMPENHADO EM JUL/25:......................................150.682,35  VALOR EMPENHADO DE AGO/25 A SET/25:.............................150.682,35  VALOR TOTAL:....................................................452.047,05  .                                                                           FONTE:                                                                      107 - TRANSFERENCIA DE RECURSOS DO SISTEMA UNICO DE SAUDE - SUS - BLOCO DE  MANUTENCAO DAS ACOES E SERVICOS PUBLICOS DE SAUDE                           FONTE DETALHADA:64-TRANSFERENCIAS DE RECURSOS DO SUS - ATENCAO ESPECIALIZADA;Dispensa de Licitação;000900452025
20252150024930802;04/11/2025 00:00:00;1914288,12;0272162025;05/11/2025 00:00:00;484633,70;202521500249308020001;05/11/2025 00:00:00;484633,70;33903900;OUTROS SERVICOS DE TERCEIROS - PESSOA JURIDICA;06922950000150;SECRETARIA MUNICIPAL DE SAUDE;929005,11;SECRETARIA MUNICIPAL DE SAUDE                                                                                                                                                                                                                                ;SAUDE - 10;ASSISTENCIA HOSPITALAR E AMBULATORIAL - 302;TRANSFERENCIA DE RECURSOS DO SISTEMA UNICO DE SAUDE - SUS - BLOCO DE MANUTENCAO DAS ACOES E SERVICOS PUBLICOS DE SAUDE - 107;PREMIUM VEICULOS LTDA;DESPESA COM 6 TERMO ADITIVO DO CONTRATO NR 1.902/2021 REFERENTE A PRESTACAO DE SERVICOS DE LOCACAO DE VEICULOS COM MOTORISTAS PARA TRANSPORTE DE PACIENTES QUE REALIZAM HEMODIALISE EM GOIANIA - SCC:556522-6 - SEI:25.29.0000155327OBS:VALORES ESTIMADOS REFERENTES AO PERIODO DE AGOSTO A OUTUBRO/2025        CONFORME O DESPACHO NR 223/2025                                             .                                                                           VALOR EMPENHADO DE 08/2025 A 10/2025 COM MENSAIS DE:............638.096,04  VALOR TOTAL:..................................................1.914.288,12  .                                                                           64 - TRANSFERENCIAS DE RECURSOS DO SUS - ATENCAO ESPECIALIZADA              SOLICITACAO FINANCEIRA: 163753/2025                                         ;Pregão;000000352021
20252150024930802;04/11/2025 00:00:00;1914288,12;0280792025;17/11/2025 00:00:00;500649,31;202521500249308020002;02/12/2025 00:00:00;500649,31;33903900;OUTROS SERVICOS DE TERCEIROS - PESSOA JURIDICA;06922950000150;SECRETARIA MUNICIPAL DE SAUDE;929005,11;SECRETARIA MUNICIPAL DE SAUDE                                                                                                                                                                                                                                ;SAUDE - 10;ASSISTENCIA HOSPITALAR E AMBULATORIAL - 302;TRANSFERENCIA DE RECURSOS DO SISTEMA UNICO DE SAUDE - SUS - BLOCO DE MANUTENCAO DAS ACOES E SERVICOS PUBLICOS DE SAUDE - 107;PREMIUM VEICULOS LTDA;DESPESA COM 6 TERMO ADITIVO DO CONTRATO NR 1.902/2021 REFERENTE A PRESTACAO DE SERVICOS DE LOCACAO DE VEICULOS COM MOTORISTAS PARA TRANSPORTE DE PACIENTES QUE REALIZAM HEMODIALISE EM GOIANIA - SCC:556522-6 - SEI:25.29.0000155327OBS:VALORES ESTIMADOS REFERENTES AO PERIODO DE AGOSTO A OUTUBRO/2025        CONFORME O DESPACHO NR 223/2025                                             .                                                                           VALOR EMPENHADO DE 08/2025 A 10/2025 COM MENSAIS DE:............638.096,04  VALOR TOTAL:..................................................1.914.288,12  .                                                                           64 - TRANSFERENCIAS DE RECURSOS DO SUS - ATENCAO ESPECIALIZADA              SOLICITACAO FINANCEIRA: 163753/2025                                         ;Pregão;000000352021
20252150025310026;14/11/2025 00:00:00;1312963,60;0282282025;17/11/2025 00:00:00;1312963,60;202521500253100260001;18/11/2025 00:00:00;1312963,60;33903900;OUTROS SERVICOS DE TERCEIROS - PESSOA JURIDICA;01081470000190;SECRETARIA MUNICIPAL DE SAUDE;0,00;SECRETARIA MUNICIPAL DE SAUDE                                                                                                                                                                                                                                ;SAUDE - 10;ASSISTENCIA HOSPITALAR E AMBULATORIAL - 302;TRANSFERENCIAS DE CONVENIOS - ESTADO/SAUDE - 125;HOSPITAL RUY AZEREDO LTDA;NCIA A SAUDE AMBULATORIAL(HOSPITALAR) E/OU APOIO DIAGNOSTICO TERAPEUTICO PA-RA ATENDIMENTO DOS USUARIOS DO SUS/FUNDO A FUNDO / SEI 25.5.000076192-2.    OBS:REFERENCIA: EXERCICIO DE 2025, VALORES ESTIMADOS-FONTE 125-541( PLANO DEFORTALECIMENTO, REPASSE DE RECURSOS FUNDO A FUNDO). SCC:  774244.           .                                                                           VALOR TOTAL:....................................................1.312.963,60.                                                                           FONTE:125 - TRANSFERENCIAS DE CONVENIOS - ESTADO/SAUDE                      FONTE DETALHADA: 541 - TRANSFERENCIAS DE CONVENIOS - ESTADO/SAUDE           SOLICITACAO FINANCEIRA: 175150 - 2025                                       DESPESA COM CONTRATO NR. 114/2025 P/ EXECUCAO DE SERVICOS MEDICOS DE ASSISTE;Inexigibilidade de Licitação;000000052020
20252150025310027;14/11/2025 00:00:00;1900000,00;0284162025;18/11/2025 00:00:00;1900000,00;202521500253100270001;18/11/2025 00:00:00;1900000,00;33903900;OUTROS SERVICOS DE TERCEIROS - PESSOA JURIDICA;01619790000150;SECRETARIA MUNICIPAL DE SAUDE;0,00;SECRETARIA MUNICIPAL DE SAUDE                                                                                                                                                                                                                                ;SAUDE - 10;ASSISTENCIA HOSPITALAR E AMBULATORIAL - 302;TRANSFERENCIAS DE CONVENIOS - ESTADO/SAUDE - 125;SANTA CASA DE MISERICORDIA DE GOIANIA;E EM ATENDIMENTO à PORTARIA 2912/2023-SES/GO-PROCESSO SEI N.201900010011930 TERMO COMPROMISSO NR.029/20255, SCC:776581.                                 .                                                                           VALOR TOTAL:....................................................1.900.000,00.                                                                           FONTE: 125 - TRANSFERENCIAS DE CONVENIOS - ESTADO/SAUDE                     FONTE DETALHADA: 541 - TRANSFERENCIAS DE CONVENIOS - ESTADO/SAUDE           SOLICITACAO FINANCEIRA:175151/2025  -  SEI 24.29.000037867-3.               DESPESA COM TERMO DE COMPROMISSO QUE VIABILIZA A TRANSFERÊNCIA DE RECURSO PELA UNIDADE REPASSADORA A UNIDADE DE REFERENCIA DOS RECURSOS REPASSADOS PELO FUNDO ESTADUAL DE SAÚDE AO FUNDO A SANTA CASA. CONF.OFÍCIO Nº 65365/2024/SES;Outros (Convênios, ajustes, similares, etc.);000653652024
20252150025530008;07/11/2025 00:00:00;1110000,00;;;0,00;;;0,00;33903900;OUTROS SERVICOS DE TERCEIROS - PESSOA JURIDICA;12532358000144;SECRETARIA MUNICIPAL DE SAUDE;1110000,00;SECRETARIA MUNICIPAL DE SAUDE                                                                                                                                                                                                                                ;SAUDE - 10;ASSISTENCIA HOSPITALAR E AMBULATORIAL - 302;TRANSFERENCIA DE RECURSOS DO SISTEMA UNICO DE SAUDE - SUS / ESTADOS - 131;A  G SERVICOS MEDICOS LTDA;DESPESA COM CONTRATO Nº2274/2025 PARA PRESTACAO DE SERVICOS DE LOCACAO DE AMBULANCIA DE SUPORTE BASICO E AVANCADO SEM CONDUTORES P/ATENDIMENTO DO SAMU -SERVICO DE ATENDIMENTO MOVEL DE URGENCIA. PED.COMPRAS 352/2025-GERCOM, DESP.471/2025-PRECEL, MINUTA DE CONTRATO 89/2025-PRECEL-SCC:793893.              .                                                                           OBS.: VALOR ESTIMADO PARA OS MESES DE JUNHO/AGOSTO E SETEMBRO DE 2025.      .                                                                           VALOR TOTAL:..................................................R$1.110.000,00.                                                                           DEMAIS ESCLARECIMENTOS CONFORME DFDDN.03/2025-GERTRA/SMS, EST.TECNICO PRELI-MINAR(EV.7487921)GERTRA, TERMO DE REFERENCIA-GERTRA/SMS, PARECER 174/2025 - GERPSR/SMS, PREGAO ELETRONICO N.20/2024, ATA 001/2025-SOLICITACAO FINANCEIRA166760-2025.  SEI 25.29.000027912-3.                                        .                                                                           FONTE:131-TRANSFERENCIA DE RECURSOS DO SISTEMA UNICO DE SAUDE-SUS/ESTADOS.  FONTE DETALHADA:20-SERVICOS DE ATENDIMENTO MOVEL DE URGENCIA - SAMU.        FONTE/CO STN:1621 0000-TRANSFERENCIAS FUNDO A FUNDO DE RECURSOS DO SUS PROVENIENTES DO GOVERNO ESTADUAL.                                                ;Pregão;000000202024
20252150025930014;12/11/2025 00:00:00;115000,00;;;0,00;;;0,00;33904000;SERVICOS DE TECNOLOGIA DA INFORMACAO E COMUNICACAO (TIC)-PESSOA JURIDICA;10542126000141;SECRETARIA MUNICIPAL DE SAUDE;115000,00;SECRETARIA MUNICIPAL DE SAUDE                                                                                                                                                                                                                                ;SAUDE - 10;ASSISTENCIA HOSPITALAR E AMBULATORIAL - 302;TRANSFERENCIA DE RECURSOS DO SISTEMA UNICO DE SAUDE - SUS - BLOCO DE MANUTENCAO DAS ACOES E SERVICOS PUBLICOS DE SAUDE - 107;EPIMED SOLUTIONS TECNOLOGIA DE INFORMACOES MEDICA S.A;DESPESA COM CONTRATACAO DE EMPRESA ESPECIALIZADA NA PRESTACAO DE SERVICO    DE GESTAO CLINICA, INDICADORES, DESEMPENHO E QUALIDADE ASSISTENCIAL DOS     LEITOS GERIDOS PELA SMS DE GOIANIA - SCC:776816 - SEI:25.29.000005854-2     PARECER NR 59/2025/GERPSR/SMS - VALOR TOTAL DO CONTRATO: R$:690.000,00      DESPACHO NR 194/2025/GERCOM/SMS                                             .                                                                           VALOR EMPENHADO DE 05/2025 E 06/2025 COM MENSAIS DE:.............57.500,00  VALOR TOTAL:....................................................115.000,00  .                                                                           64- TRANSFERENCIA DE RECURSOS DO SUS - ATENCAO ESPECIALIZADA                SOLICITACAO FINANCEIRA:162779/2025                                          ;Inexigibilidade de Licitação;000000472025
20252150025930014;12/11/2025 00:00:00;115000,00;;;0,00;;;0,00;33904000;SERVICOS DE TECNOLOGIA DA INFORMACAO E COMUNICACAO (TIC)-PESSOA JURIDICA;10542126000141;SECRETARIA MUNICIPAL DE SAUDE;115000,00;SECRETARIA MUNICIPAL DE SAUDE                                                                                                                                                                                                                                ;SAUDE - 10;ASSISTENCIA HOSPITALAR E AMBULATORIAL - 302;TRANSFERENCIA DE RECURSOS DO SISTEMA UNICO DE SAUDE - SUS - BLOCO DE MANUTENCAO DAS ACOES E SERVICOS PUBLICOS DE SAUDE - 107;EPIMED SOLUTIONS TECNOLOGIA DE INFORMACOES MEDICA S.A;DESPESA COM CONTRATACAO DE EMPRESA ESPECIALIZADA NA PRESTACAO DE SERVICO    DE GESTAO CLINICA, INDICADORES, DESEMPENHO E QUALIDADE ASSISTENCIAL DOS     LEITOS GERIDOS PELA SMS DE GOIANIA - SCC:776816 - SEI:25.29.000005854-2     PARECER NR 59/2025/GERPSR/SMS - VALOR TOTAL DO CONTRATO: R$:690.000,00      DESPACHO NR 194/2025/GERCOM/SMS                                             .                                                                           VALOR EMPENHADO DE 05/2025 E 06/2025 COM MENSAIS DE:.............57.500,00  VALOR TOTAL:....................................................115.000,00  .                                                                           64- TRANSFERENCIA DE RECURSOS DO SUS - ATENCAO ESPECIALIZADA                SOLICITACAO FINANCEIRA:162779/2025                                          ;Inexigibilidade de Licitação;000000472025
20252150025930014;12/11/2025 00:00:00;115000,00;;;0,00;;;0,00;33904000;SERVICOS DE TECNOLOGIA DA INFORMACAO E COMUNICACAO (TIC)-PESSOA JURIDICA;10542126000141;SECRETARIA MUNICIPAL DE SAUDE;115000,00;SECRETARIA MUNICIPAL DE SAUDE                                                                                                                                                                                                                                ;SAUDE - 10;ASSISTENCIA HOSPITALAR E AMBULATORIAL - 302;TRANSFERENCIA DE RECURSOS DO SISTEMA UNICO DE SAUDE - SUS - BLOCO DE MANUTENCAO DAS ACOES E SERVICOS PUBLICOS DE SAUDE - 107;EPIMED SOLUTIONS TECNOLOGIA DE INFORMACOES MEDICA S.A;DESPESA COM CONTRATACAO DE EMPRESA ESPECIALIZADA NA PRESTACAO DE SERVICO    DE GESTAO CLINICA, INDICADORES, DESEMPENHO E QUALIDADE ASSISTENCIAL DOS     LEITOS GERIDOS PELA SMS DE GOIANIA - SCC:776816 - SEI:25.29.000005854-2     PARECER NR 59/2025/GERPSR/SMS - VALOR TOTAL DO CONTRATO: R$:690.000,00      DESPACHO NR 194/2025/GERCOM/SMS                                             .                                                                           VALOR EMPENHADO DE 05/2025 E 06/2025 COM MENSAIS DE:.............57.500,00  VALOR TOTAL:....................................................115.000,00  .                                                                           64- TRANSFERENCIA DE RECURSOS DO SUS - ATENCAO ESPECIALIZADA                SOLICITACAO FINANCEIRA:162779/2025                                          ;Inexigibilidade de Licitação;000000472025
20252150027810258;13/11/2025 00:00:00;215335,89;;;0,00;;;0,00;33909200;DESPESAS DE EXERCICIOS ANTERIORES;06955770000174;SECRETARIA MUNICIPAL DE SAUDE;215335,89;SECRETARIA MUNICIPAL DE SAUDE                                                                                                                                                                                                                                ;SAUDE - 10;ASSISTENCIA HOSPITALAR E AMBULATORIAL - 302;TRANSFERENCIA DE RECURSOS DO SISTEMA UNICO DE SAUDE - SUS - BLOCO DE MANUTENCAO DAS ACOES E SERVICOS PUBLICOS DE SAUDE - 107;R MORAES AGENCIA DE TURISMO EIRELI;DESPESA C/4º TERMO ADITIVO AO CONTRATO Nº 330/20214 DE CONTRATACAO DE EMPRE-SA PARA PRESTACAO DE SERVICO DE AGENCIAMENTO E GERENCIAMENTO DE VIAGENS -EXAME DE CONFORMIDADE - CGM(7441187). SEI 24.29.000005299-9.                   .                                                                           OBS:PEDIDO DE COMPRA N115/2024,SCC:534570-4,VIGENCIA:07/05/2024 A 06/05/2025NF N.FT00143375 E FT00143374 NOS VALORES DE R$195.739,004 E R$19.596,89.    .                                                                           VALOR TOTAL:....................................................R$215.335,89.                                                                           FONTE:107 - TRANSFERENCIA DE RECURSOS DO SISTEMA UNICO DE SAUDE-SUS-BLOCO DEMANUTENCAO DAS ACOES E SERVICOS PUBLICOS DE SAUDE                           FONTE DETALHADA:64-TRANSFERENCIAS DE RECURSOS DO SUS - ATENCAO ESPECIALIZADASOLICITACAO FINANCEIRA: 175062 - 2025   -   SEI 24.29.000005299-9.          ;Outros (Convênios, ajustes, similares, etc.);000000412020
20252150028810558;06/11/2025 00:00:00;99,00;0290042025;23/11/2025 00:00:00;99,00;202521500288105580001;21/01/2026 00:00:00;99,00;33909300;INDENIZACOES E RESTITUICOES;00054669758187;SECRETARIA MUNICIPAL DE SAUDE;0,00;SECRETARIA MUNICIPAL DE SAUDE                                                                                                                                                                                                                                ;SAUDE - 10;ASSISTENCIA HOSPITALAR E AMBULATORIAL - 302;TRANSFERENCIA DE RECURSOS DO SISTEMA UNICO DE SAUDE - SUS - BLOCO DE MANUTENCAO DAS ACOES E SERVICOS PUBLICOS DE SAUDE - 107;JANES FERNANDES DOS REIS;RESSARCIMENTO DAS DESPESAS MEDICAS/HOSPITALARES REALIZADAS PELO PACIENTE    BENEFICIARIO DO PROGRAMA DE TFD (TRATAMENTO FORA DO DOMICILIO) - KRESSIA    MARIA DA SILVA REIS - SEI: 25.29.000042204-0                                OBS: VALORES INFORMADOS NO DESPACHO 1.560/2025/GERPMC ANEXO AOS AUTOS.      .                                                                           VALOR TOTAL:.........................................................99,00  .                                                                           64 - TRANSFERENCIAS DE RECURSOS DO SUS - ATENCAO ESPECIALIZADA              SOLICITACAO FINANCEIRA: 174762/2025                                         ;Não se aplica (Ex.: Despesas com Pessoal);000000000000
20252150028810559;06/11/2025 00:00:00;1534,50;;;0,00;;;0,00;33909300;INDENIZACOES E RESTITUICOES;00002502705100;SECRETARIA MUNICIPAL DE SAUDE;1534,50;SECRETARIA MUNICIPAL DE SAUDE                                                                                                                                                                                                                                ;SAUDE - 10;ASSISTENCIA HOSPITALAR E AMBULATORIAL - 302;TRANSFERENCIA DE RECURSOS DO SISTEMA UNICO DE SAUDE - SUS - BLOCO DE MANUTENCAO DAS ACOES E SERVICOS PUBLICOS DE SAUDE - 107;JULIENE GONCALVES FERREIRA DE MORAIS;RESSARCIMENTO DAS DESPESAS MEDICAS/HOSPITALARES REALIZADAS PELO PACIENTE    BENEFICIARIO DO PROGRAMA DE TFD (TRATAMENTO FORA DO DOMICILIO) - JULIENE    GONCALVES FERREIRA DE MORAIS - SEI: 25.29.000042742-4                       OBS: VALORES INFORMADOS NO DESPACHO 1.581/2025/GERPMC ANEXO AOS AUTOS.      .                                                                           VALOR TOTAL:......................................................1.534,50  .                                                                           64 - TRANSFERENCIAS DE RECURSOS DO SUS - ATENCAO ESPECIALIZADA              SOLICITACAO FINANCEIRA: 174766/2025                                         ;Não se aplica (Ex.: Despesas com Pessoal);000000000000
20252150028810560;06/11/2025 00:00:00;16,80;;;0,00;;;0,00;33909300;INDENIZACOES E RESTITUICOES;00058792716172;SECRETARIA MUNICIPAL DE SAUDE;16,80;SECRETARIA MUNICIPAL DE SAUDE                                                                                                                                                                                                                                ;SAUDE - 10;ASSISTENCIA HOSPITALAR E AMBULATORIAL - 302;TRANSFERENCIA DE RECURSOS DO SISTEMA UNICO DE SAUDE - SUS - BLOCO DE MANUTENCAO DAS ACOES E SERVICOS PUBLICOS DE SAUDE - 107;WANESSA DE OLIVEIRA BARCELOS;RESSARCIMENTO DAS DESPESAS MEDICAS/HOSPITALARES REALIZADAS PELO PACIENTE    BENEFICIARIO DO PROGRAMA DE TFD (TRATAMENTO FORA DO DOMICILIO) - MANUELA    BARCELOS BORGES - SEI: 25.29.000042417-4                                    OBS: VALORES INFORMADOS NO DESPACHO 1.570/2025/GERPMC ANEXO AOS AUTOS.      .                                                                           VALOR TOTAL:.........................................................16,80  .                                                                           64 - TRANSFERENCIAS DE RECURSOS DO SUS - ATENCAO ESPECIALIZADA              SOLICITACAO FINANCEIRA: 174765/2025                                         ;Não se aplica (Ex.: Despesas com Pessoal);000000000000
20252150028810561;06/11/2025 00:00:00;16,80;;;0,00;;;0,00;33909300;INDENIZACOES E RESTITUICOES;00058792600115;SECRETARIA MUNICIPAL DE SAUDE;16,80;SECRETARIA MUNICIPAL DE SAUDE                                                                                                                                                                                                                                ;SAUDE - 10;ASSISTENCIA HOSPITALAR E AMBULATORIAL - 302;TRANSFERENCIA DE RECURSOS DO SISTEMA UNICO DE SAUDE - SUS - BLOCO DE MANUTENCAO DAS ACOES E SERVICOS PUBLICOS DE SAUDE - 107;LUCIMAR ALVES DA SILVA;RODRIGUES DOS SANTOS - SEI: 25.29.000042448-4                               OBS: VALORES INFORMADOS NO DESPACHO 1.572/2025/GERPMC ANEXO AOS AUTOS.      .                                                                           VALOR TOTAL:.........................................................16,80  .                                                                           64 - TRANSFERENCIAS DE RECURSOS DO SUS - ATENCAO ESPECIALIZADA              SOLICITACAO FINANCEIRA: 174768/2025                                         BENEFICIARIO DO PROGRAMA DE TFD (TRATAMENTO FORA DO DOMICILIO) - GENIVALDO  RESSARCIMENTO DAS DESPESAS MEDICAS/HOSPITALARES REALIZADAS PELO PACIENTE    ;Não se aplica (Ex.: Despesas com Pessoal);000000000000
20252150028810562;06/11/2025 00:00:00;148,50;;;0,00;;;0,00;33909300;INDENIZACOES E RESTITUICOES;00000103182160;SECRETARIA MUNICIPAL DE SAUDE;148,50;SECRETARIA MUNICIPAL DE SAUDE                                                                                                                                                                                                                                ;SAUDE - 10;ASSISTENCIA HOSPITALAR E AMBULATORIAL - 302;TRANSFERENCIA DE RECURSOS DO SISTEMA UNICO DE SAUDE - SUS - BLOCO DE MANUTENCAO DAS ACOES E SERVICOS PUBLICOS DE SAUDE - 107;JANAINA ROSA DOS REIS;OBS: VALORES INFORMADOS NO DESPACHO 1.567/2025/GERPMC ANEXO AOS AUTOS.      .                                                                           VALOR TOTAL:........................................................148,50  .                                                                           64 - TRANSFERENCIAS DE RECURSOS DO SUS - ATENCAO ESPECIALIZADA              SOLICITACAO FINANCEIRA: 174767/2025                                         ROSA DOS REIS - SEI: 25.29.000042279-1                                      BENEFICIARIO DO PROGRAMA DE TFD (TRATAMENTO FORA DO DOMICILIO) - JANAINA    RESSARCIMENTO DAS DESPESAS MEDICAS/HOSPITALARES REALIZADAS PELO PACIENTE    ;Não se aplica (Ex.: Despesas com Pessoal);000000000000
20252150028810563;06/11/2025 00:00:00;49,50;;;0,00;;;0,00;33909300;INDENIZACOES E RESTITUICOES;00053718739100;SECRETARIA MUNICIPAL DE SAUDE;49,50;SECRETARIA MUNICIPAL DE SAUDE                                                                                                                                                                                                                                ;SAUDE - 10;ASSISTENCIA HOSPITALAR E AMBULATORIAL - 302;TRANSFERENCIA DE RECURSOS DO SISTEMA UNICO DE SAUDE - SUS - BLOCO DE MANUTENCAO DAS ACOES E SERVICOS PUBLICOS DE SAUDE - 107;ANA MARIA CAMILO;RESSARCIMENTO DAS DESPESAS MEDICAS/HOSPITALARES REALIZADAS PELO PACIENTE    BENEFICIARIO DO PROGRAMA DE TFD (TRATAMENTO FORA DO DOMICILIO) - MARCOS     ANTONIO OLIVEIRA ESTEVES - SEI: 25.29.000042279-1                           OBS: VALORES INFORMADOS NO DESPACHO 1.579/2025/GERPMC ANEXO AOS AUTOS.      .                                                                           VALOR TOTAL:.........................................................49,50  .                                                                           64 - TRANSFERENCIAS DE RECURSOS DO SUS - ATENCAO ESPECIALIZADA              SOLICITACAO FINANCEIRA: 174763/2025                                         ;Não se aplica (Ex.: Despesas com Pessoal);000000000000
20252150028810564;06/11/2025 00:00:00;396,00;;;0,00;;;0,00;33909300;INDENIZACOES E RESTITUICOES;00001755508247;SECRETARIA MUNICIPAL DE SAUDE;396,00;SECRETARIA MUNICIPAL DE SAUDE                                                                                                                                                                                                                                ;SAUDE - 10;ASSISTENCIA HOSPITALAR E AMBULATORIAL - 302;TRANSFERENCIA DE RECURSOS DO SISTEMA UNICO DE SAUDE - SUS - BLOCO DE MANUTENCAO DAS ACOES E SERVICOS PUBLICOS DE SAUDE - 107;PATRICIA DE SOUSA E SILVA;RESSARCIMENTO DAS DESPESAS MEDICAS/HOSPITALARES REALIZADAS PELO PACIENTE    BENEFICIARIO DO PROGRAMA DE TFD (TRATAMENTO FORA DO DOMICILIO) - MARIA      INES SOUSA SILVA - SEI: 25.29.000042215-5                                   OBS: VALORES INFORMADOS NO DESPACHO 1.562/2025/GERPMC ANEXO AOS AUTOS.      .                                                                           VALOR TOTAL:........................................................396,00  .                                                                           64 - TRANSFERENCIAS DE RECURSOS DO SUS - ATENCAO ESPECIALIZADA              SOLICITACAO FINANCEIRA: 174764/2025                                         ;Não se aplica (Ex.: Despesas com Pessoal);000000000000
20252150028810565;06/11/2025 00:00:00;49,50;0290052025;23/11/2025 00:00:00;49,50;202521500288105650001;30/03/2026 00:00:00;49,50;33909300;INDENIZACOES E RESTITUICOES;00002293869385;SECRETARIA MUNICIPAL DE SAUDE;0,00;SECRETARIA MUNICIPAL DE SAUDE                                                                                                                                                                                                                                ;SAUDE - 10;ASSISTENCIA HOSPITALAR E AMBULATORIAL - 302;TRANSFERENCIA DE RECURSOS DO SISTEMA UNICO DE SAUDE - SUS - BLOCO DE MANUTENCAO DAS ACOES E SERVICOS PUBLICOS DE SAUDE - 107;YURI TADASSHI COSTA NASCIMENTO;RESSARCIMENTO DAS DESPESAS MEDICAS/HOSPITALARES REALIZADAS PELO PACIENTE    BENEFICIARIO DO PROGRAMA DE TFD (TRATAMENTO FORA DO DOMICILIO) - YURI       TADASHI COSTA NASCIMENTO - SEI: 25.29.000042298-8                           OBS: VALORES INFORMADOS NO DESPACHO 1.568/2025/GERPMC ANEXO AOS AUTOS.      .                                                                           VALOR TOTAL:.........................................................49,50  .                                                                           64 - TRANSFERENCIAS DE RECURSOS DO SUS - ATENCAO ESPECIALIZADA              SOLICITACAO FINANCEIRA: 174769/2025                                         ;Não se aplica (Ex.: Despesas com Pessoal);000000000000
20252150028810566;06/11/2025 00:00:00;1534,50;;;0,00;;;0,00;33909300;INDENIZACOES E RESTITUICOES;00000564123129;SECRETARIA MUNICIPAL DE SAUDE;1534,50;SECRETARIA MUNICIPAL DE SAUDE                                                                                                                                                                                                                                ;SAUDE - 10;ASSISTENCIA HOSPITALAR E AMBULATORIAL - 302;TRANSFERENCIA DE RECURSOS DO SISTEMA UNICO DE SAUDE - SUS - BLOCO DE MANUTENCAO DAS ACOES E SERVICOS PUBLICOS DE SAUDE - 107;JOAO PAULO MARTINS COELHO;RESSARCIMENTO DAS DESPESAS MEDICAS/HOSPITALARES REALIZADAS PELO PACIENTE    BENEFICIARIO DO PROGRAMA DE TFD (TRATAMENTO FORA DO DOMICILIO) - JOAO       PAULO MARTINS COELHO - SEI: 25.29.000042677-0                               OBS: VALORES INFORMADOS NO DESPACHO 1.578/2025/GERPMC ANEXO AOS AUTOS.      .                                                                           VALOR TOTAL:......................................................1.534,50  .                                                                           64 - TRANSFERENCIAS DE RECURSOS DO SUS - ATENCAO ESPECIALIZADA              SOLICITACAO FINANCEIRA: 174772/2025                                         ;Não se aplica (Ex.: Despesas com Pessoal);000000000000
20252150028810567;06/11/2025 00:00:00;8,40;;;0,00;;;0,00;33909300;INDENIZACOES E RESTITUICOES;00017776182826;SECRETARIA MUNICIPAL DE SAUDE;8,40;SECRETARIA MUNICIPAL DE SAUDE                                                                                                                                                                                                                                ;SAUDE - 10;ASSISTENCIA HOSPITALAR E AMBULATORIAL - 302;TRANSFERENCIA DE RECURSOS DO SISTEMA UNICO DE SAUDE - SUS - BLOCO DE MANUTENCAO DAS ACOES E SERVICOS PUBLICOS DE SAUDE - 107;ANDRE BRAZ QUINTINO;RESSARCIMENTO DAS DESPESAS MEDICAS/HOSPITALARES REALIZADAS PELO PACIENTE    BENEFICIARIO DO PROGRAMA DE TFD (TRATAMENTO FORA DO DOMICILIO) - ANDRE      BRAZ QUINTINO - SEI: 25.29.000042729-7                                      OBS: VALORES INFORMADOS NO DESPACHO 1.580/2025/GERPMC ANEXO AOS AUTOS.      .                                                                           VALOR TOTAL:..........................................................8,40  .                                                                           64 - TRANSFERENCIAS DE RECURSOS DO SUS - ATENCAO ESPECIALIZADA              SOLICITACAO FINANCEIRA: 174770/2025                                         ;Não se aplica (Ex.: Despesas com Pessoal);000000000000
20252150028810568;06/11/2025 00:00:00;1138,50;0290062025;23/11/2025 00:00:00;1138,50;202521500288105680001;21/01/2026 00:00:00;1138,50;33909300;INDENIZACOES E RESTITUICOES;00071410153100;SECRETARIA MUNICIPAL DE SAUDE;0,00;SECRETARIA MUNICIPAL DE SAUDE                                                                                                                                                                                                                                ;SAUDE - 10;ASSISTENCIA HOSPITALAR E AMBULATORIAL - 302;TRANSFERENCIA DE RECURSOS DO SISTEMA UNICO DE SAUDE - SUS - BLOCO DE MANUTENCAO DAS ACOES E SERVICOS PUBLICOS DE SAUDE - 107;JHESSICA PEREIRA GONCALVES GOMES;RESSARCIMENTO DAS DESPESAS MEDICAS/HOSPITALARES REALIZADAS PELO PACIENTE    BENEFICIARIO DO PROGRAMA DE TFD (TRATAMENTO FORA DO DOMICILIO) - LION       GONCALVES GOMES - SEI: 25.29.000042771-8                                    OBS: VALORES INFORMADOS NO DESPACHO 1.582/2025/GERPMC ANEXO AOS AUTOS.      .                                                                           VALOR TOTAL:......................................................1.138,50  .                                                                           64 - TRANSFERENCIAS DE RECURSOS DO SUS - ATENCAO ESPECIALIZADA              SOLICITACAO FINANCEIRA: 174771/2025                                         ;Não se aplica (Ex.: Despesas com Pessoal);000000000000
20252150028810569;07/11/2025 00:00:00;1534,50;;;0,00;;;0,00;33909300;INDENIZACOES E RESTITUICOES;00070490785140;SECRETARIA MUNICIPAL DE SAUDE;1534,50;SECRETARIA MUNICIPAL DE SAUDE                                                                                                                                                                                                                                ;SAUDE - 10;ASSISTENCIA HOSPITALAR E AMBULATORIAL - 302;TRANSFERENCIA DE RECURSOS DO SISTEMA UNICO DE SAUDE - SUS - BLOCO DE MANUTENCAO DAS ACOES E SERVICOS PUBLICOS DE SAUDE - 107;WATHILLA ALVES TOMAZ;RESSARCIMENTO DAS DESPESAS MEDICAS/HOSPITALARES REQUERIDO POR WATHILLA ALVESTOMAZ EM FAVOR DE- BENEFICIARIO(A) DO PROGRAMA DE TRATAMENTO FORA DO DOMICI-LIO-TFD. SEI 25.29.000042407-7 - SOLICITACAO FINANCEIRA:174781 - 2025.      .                                                                           OBS.: VALOR A EMPENHAR CONFORME PLANILHA DE VALORES INFORMADA NO DESPACHO Nº1569/2025-GERPMC.                                                           .                                                                           VALOR TOTAL:........................................................1.534,50.                                                                           FONTE:107-TRANSFERENCIA DE RECURSOS DO SISTEMA UNICO DE SAUDE-SUS-  BLOCO DEMANUTENCAO DAS ACOES E SERVICOS PUBLICOS DE SAUDE                           FONTE DETALHADA-64 - TRANSFERENCIAS DE RECURSOS DO SUS-ATENCAO ESPECIALIZADAFONTE/CO STN:1600 0000-TRANSFERENCIAS FUNDO A FUNDO DE RECURSOS DO SUS PROVENIENTES DO GOVERNO FEDERAL-BLOCO DE MANUTENCAO DAS ACOES E SERVICOS PUBLICOSDE SAUDE                                                                    ;Não se aplica (Ex.: Despesas com Pessoal);000000000000
20252150028810570;12/11/2025 00:00:00;247,50;;;0,00;;;0,00;33909300;INDENIZACOES E RESTITUICOES;00000230256112;SECRETARIA MUNICIPAL DE SAUDE;247,50;SECRETARIA MUNICIPAL DE SAUDE                                                                                                                                                                                                                                ;SAUDE - 10;ASSISTENCIA HOSPITALAR E AMBULATORIAL - 302;TRANSFERENCIA DE RECURSOS DO SISTEMA UNICO DE SAUDE - SUS - BLOCO DE MANUTENCAO DAS ACOES E SERVICOS PUBLICOS DE SAUDE - 107;ALCEU BATISTA BARBOSA JUNIOR;.                                                                           64 - TRANSFERENCIAS DE RECURSOS DO SUS - ATENCAO ESPECIALIZADA              SOLICITACAO FINANCEIRA: 175006/2025                                         RESSARCIMENTO DAS DESPESAS MEDICAS/HOSPITALARES REALIZADAS PELO PACIENTE    BENEFICIARIO DO PROGRAMA DE TFD (TRATAMENTO FORA DO DOMICILIO) - VERA       LUCIA LINHARES BATISTA - SEI: 25.29.000043702-0                             OBS: VALORES INFORMADOS NO DESPACHO 1.594/2025/GERPMC ANEXO AOS AUTOS.      .                                                                           VALOR TOTAL:........................................................247,50  ;Não se aplica (Ex.: Despesas com Pessoal);000000000000
20252150028810571;12/11/2025 00:00:00;148,50;;;0,00;;;0,00;33909300;INDENIZACOES E RESTITUICOES;00097666564104;SECRETARIA MUNICIPAL DE SAUDE;148,50;SECRETARIA MUNICIPAL DE SAUDE                                                                                                                                                                                                                                ;SAUDE - 10;ASSISTENCIA HOSPITALAR E AMBULATORIAL - 302;TRANSFERENCIA DE RECURSOS DO SISTEMA UNICO DE SAUDE - SUS - BLOCO DE MANUTENCAO DAS ACOES E SERVICOS PUBLICOS DE SAUDE - 107;ROSINETE MENDES FERNANDES;RESSARCIMENTO DAS DESPESAS MEDICAS/HOSPITALARES REALIZADAS PELO PACIENTE    BENEFICIARIO DO PROGRAMA DE TFD (TRATAMENTO FORA DO DOMICILIO) - NICOLE     MENDES SILVA - SEI: 25.29.000043697-0                                       OBS: VALORES INFORMADOS NO DESPACHO 1.593/2025/GERPMC ANEXO AOS AUTOS.      .                                                                           VALOR TOTAL:........................................................148,50  .                                                                           64 - TRANSFERENCIAS DE RECURSOS DO SUS - ATENCAO ESPECIALIZADA              SOLICITACAO FINANCEIRA: 175010/2025                                         ;Não se aplica (Ex.: Despesas com Pessoal);000000000000
20252150028810572;12/11/2025 00:00:00;99,00;;;0,00;;;0,00;33909300;INDENIZACOES E RESTITUICOES;00008403678134;SECRETARIA MUNICIPAL DE SAUDE;99,00;SECRETARIA MUNICIPAL DE SAUDE                                                                                                                                                                                                                                ;SAUDE - 10;ASSISTENCIA HOSPITALAR E AMBULATORIAL - 302;TRANSFERENCIA DE RECURSOS DO SISTEMA UNICO DE SAUDE - SUS - BLOCO DE MANUTENCAO DAS ACOES E SERVICOS PUBLICOS DE SAUDE - 107;PAULO ANTONIO MENEGAZZO;RESSARCIMENTO DAS DESPESAS MEDICAS/HOSPITALARES REALIZADAS PELO PACIENTE    BENEFICIARIO DO PROGRAMA DE TFD (TRATAMENTO FORA DO DOMICILIO) - PAULO      ANTONIO MENEGAZZO - SEI: 25.29.000042954-0                                  OBS: VALORES INFORMADOS NO DESPACHO 1.587/2025/GERPMC ANEXO AOS AUTOS.      .                                                                           VALOR TOTAL:.........................................................99,00  .                                                                           64 - TRANSFERENCIAS DE RECURSOS DO SUS - ATENCAO ESPECIALIZADA              SOLICITACAO FINANCEIRA: 175018/2025                                         ;Não se aplica (Ex.: Despesas com Pessoal);000000000000
20252150028810573;12/11/2025 00:00:00;49,50;;;0,00;;;0,00;33909300;INDENIZACOES E RESTITUICOES;00072962143172;SECRETARIA MUNICIPAL DE SAUDE;49,50;SECRETARIA MUNICIPAL DE SAUDE                                                                                                                                                                                                                                ;SAUDE - 10;ASSISTENCIA HOSPITALAR E AMBULATORIAL - 302;TRANSFERENCIA DE RECURSOS DO SISTEMA UNICO DE SAUDE - SUS - BLOCO DE MANUTENCAO DAS ACOES E SERVICOS PUBLICOS DE SAUDE - 107;ELOA MACEDO ROCHA;RESSARCIMENTO DAS DESPESAS MEDICAS/HOSPITALARES REALIZADAS PELO PACIENTE    BENEFICIARIO DO PROGRAMA DE TFD (TRATAMENTO FORA DO DOMICILIO) - ELOA       MACEDO ROCHA - SEI: 25.29.000042900-1                                       OBS: VALORES INFORMADOS NO DESPACHO 1.586/2025/GERPMC ANEXO AOS AUTOS.      .                                                                           VALOR TOTAL:.........................................................49,50  .                                                                           64 - TRANSFERENCIAS DE RECURSOS DO SUS - ATENCAO ESPECIALIZADA              SOLICITACAO FINANCEIRA: 175022/2025                                         ;Não se aplica (Ex.: Despesas com Pessoal);000000000000
20252150028810574;12/11/2025 00:00:00;24,75;;;0,00;;;0,00;33909300;INDENIZACOES E RESTITUICOES;00005546980133;SECRETARIA MUNICIPAL DE SAUDE;24,75;SECRETARIA MUNICIPAL DE SAUDE                                                                                                                                                                                                                                ;SAUDE - 10;ASSISTENCIA HOSPITALAR E AMBULATORIAL - 302;TRANSFERENCIA DE RECURSOS DO SISTEMA UNICO DE SAUDE - SUS - BLOCO DE MANUTENCAO DAS ACOES E SERVICOS PUBLICOS DE SAUDE - 107;DIEGO DA SILVA MUNIZ;RESSARCIMENTO DAS DESPESAS MEDICAS/HOSPITALARES REALIZADAS PELO PACIENTE    BENEFICIARIO DO PROGRAMA DE TFD (TRATAMENTO FORA DO DOMICILIO) - DIEGO      DA SILVA MUNIZ - SEI: 25.29.000042898-6                                     OBS: VALORES INFORMADOS NO DESPACHO 1.585/2025/GERPMC ANEXO AOS AUTOS.      .                                                                           VALOR TOTAL:.........................................................24,75  .                                                                           64 - TRANSFERENCIAS DE RECURSOS DO SUS - ATENCAO ESPECIALIZADA              SOLICITACAO FINANCEIRA: 175021/2025                                         ;Não se aplica (Ex.: Despesas com Pessoal);000000000000
20252150028810575;13/11/2025 00:00:00;198,00;;;0,00;;;0,00;33909300;INDENIZACOES E RESTITUICOES;00004247530143;SECRETARIA MUNICIPAL DE SAUDE;198,00;SECRETARIA MUNICIPAL DE SAUDE                                                                                                                                                                                                                                ;SAUDE - 10;ASSISTENCIA HOSPITALAR E AMBULATORIAL - 302;TRANSFERENCIA DE RECURSOS DO SISTEMA UNICO DE SAUDE - SUS - BLOCO DE MANUTENCAO DAS ACOES E SERVICOS PUBLICOS DE SAUDE - 107;CARLA RODRIGUES DA SILVA;RESSARCIMENTO DAS DESPESAS MEDICAS/HOSPITALARES REALIZADAS PELO PACIENTE    BENEFICIARIO DO PROGRAMA DE TFD (TRATAMENTO FORA DO DOMICILIO) - ROSANGELA  MARIA DA SILVA SANTOS - SEI: 25.29.000043890-6                              OBS: VALORES INFORMADOS NO DESPACHO 1.602/2025/GERPMC ANEXO AOS AUTOS.      .                                                                           VALOR TOTAL:........................................................198,00  .                                                                           64 - TRANSFERENCIAS DE RECURSOS DO SUS - ATENCAO ESPECIALIZADA              SOLICITACAO FINANCEIRA: 175121/2025                                         ;Não se aplica (Ex.: Despesas com Pessoal);000000000000
20252150028810576;13/11/2025 00:00:00;396,00;;;0,00;;;0,00;33909300;INDENIZACOES E RESTITUICOES;00000752597108;SECRETARIA MUNICIPAL DE SAUDE;396,00;SECRETARIA MUNICIPAL DE SAUDE                                                                                                                                                                                                                                ;SAUDE - 10;ASSISTENCIA HOSPITALAR E AMBULATORIAL - 302;TRANSFERENCIA DE RECURSOS DO SISTEMA UNICO DE SAUDE - SUS - BLOCO DE MANUTENCAO DAS ACOES E SERVICOS PUBLICOS DE SAUDE - 107;HADOLL FILLIPE FERREIRA ARAUJO;64 - TRANSFERENCIAS DE RECURSOS DO SUS - ATENCAO ESPECIALIZADA              SOLICITACAO FINANCEIRA: 175126/2025                                         RESSARCIMENTO DAS DESPESAS MEDICAS/HOSPITALARES REALIZADAS PELO PACIENTE    BENEFICIARIO DO PROGRAMA DE TFD (TRATAMENTO FORA DO DOMICILIO) - HADOLL     FILLIPE FERREIRA ARAUJO DA SILVA - SEI: 25.29.000043866-3                   OBS: VALORES INFORMADOS NO DESPACHO 1.601/2025/GERPMC ANEXO AOS AUTOS.      .                                                                           VALOR TOTAL:........................................................396,00  .                                                                           ;Não se aplica (Ex.: Despesas com Pessoal);000000000000
20252150028810577;13/11/2025 00:00:00;1534,50;;;0,00;;;0,00;33909300;INDENIZACOES E RESTITUICOES;00095006290110;SECRETARIA MUNICIPAL DE SAUDE;1534,50;SECRETARIA MUNICIPAL DE SAUDE                                                                                                                                                                                                                                ;SAUDE - 10;ASSISTENCIA HOSPITALAR E AMBULATORIAL - 302;TRANSFERENCIA DE RECURSOS DO SISTEMA UNICO DE SAUDE - SUS - BLOCO DE MANUTENCAO DAS ACOES E SERVICOS PUBLICOS DE SAUDE - 107;WELLINGTON FERNANDES DE LIMA;RESSARCIMENTO DAS DESPESAS MEDICAS/HOSPITALARES REALIZADAS PELO PACIENTE    BENEFICIARIO DO PROGRAMA DE TFD (TRATAMENTO FORA DO DOMICILIO) - WELLINGTON FERNANDES DE LIMA - SEI: 25.29.000043809-4                                  OBS: VALORES INFORMADOS NO DESPACHO 1.600/2025/GERPMC ANEXO AOS AUTOS.      .                                                                           VALOR TOTAL:......................................................1.534,50  .                                                                           64 - TRANSFERENCIAS DE RECURSOS DO SUS - ATENCAO ESPECIALIZADA              SOLICITACAO FINANCEIRA: 175127/2025                                         ;Não se aplica (Ex.: Despesas com Pessoal);000000000000
20252150028810578;14/11/2025 00:00:00;16,80;;;0,00;;;0,00;33909300;INDENIZACOES E RESTITUICOES;00001072639122;SECRETARIA MUNICIPAL DE SAUDE;16,80;SECRETARIA MUNICIPAL DE SAUDE                                                                                                                                                                                                                                ;SAUDE - 10;ASSISTENCIA HOSPITALAR E AMBULATORIAL - 302;TRANSFERENCIA DE RECURSOS DO SISTEMA UNICO DE SAUDE - SUS - BLOCO DE MANUTENCAO DAS ACOES E SERVICOS PUBLICOS DE SAUDE - 107;IDALTRO DE MELO SILVA;RESSARCIMENTO DAS DESPESAS MÉDICAS/HOSPITALARES REQUERIDO POR IDALTRO DE ME-LO SILVA EM SEU FAVOR, SENDO O MESMO BENEFICIARIO DO PROGRAMA DE  TRATAMENTOFORA DO DOMICILIO - TFD. SEI 25.29.000044084-6.                             OBS.: VALOR A EMPENHAR CONFORME PLANILHA DE VALORES INFORMADA NO DESPACHO N.1603/2025-GERPMC.  SOLICITACAO FINANCEIRA: 175158 - 2025.                   VALOR TOTAL:...........................................................16,80.                                                                           64 - TRANSFERENCIAS DE RECURSOS DO SUS - ATENCAO ESPECIALIZADA              ;Não se aplica (Ex.: Despesas com Pessoal);000000000000
20252150028810579;14/11/2025 00:00:00;297,00;;;0,00;;;0,00;33909300;INDENIZACOES E RESTITUICOES;00073040940104;SECRETARIA MUNICIPAL DE SAUDE;297,00;SECRETARIA MUNICIPAL DE SAUDE                                                                                                                                                                                                                                ;SAUDE - 10;ASSISTENCIA HOSPITALAR E AMBULATORIAL - 302;TRANSFERENCIA DE RECURSOS DO SISTEMA UNICO DE SAUDE - SUS - BLOCO DE MANUTENCAO DAS ACOES E SERVICOS PUBLICOS DE SAUDE - 107;TATIANE LUZ MACIEL;RESSARCIMENTO DAS DESPESAS MEIICAS/HOSPITALARES REQUERIDO POR TATIANE LUZ MACIELO EM FAVOR DE BERNARDO AUGUSTO MACIEL DE CASTRO-BENEFICIARIO(A) DO  PRO-GRAMA  DE TRATAMENTO FORA DO DOMICILIO - TFD. SEI 25.29.000035714-0.        OBS.: VALOR A EMPENHAR CONFORME PLANILHA DE VALORES INFORMADA NO DESPACHO N.1290/2025-GERPMC. SOLICITACAO FINANCEIRA: 175154 - 2025.                    .                                                                           VALOR TOTAL:..........................................................297,00.                                                                           64 - TRANSFERENCIAS DE RECURSOS DO SUS - ATENCAO ESPECIALIZADA              ;Não se aplica (Ex.: Despesas com Pessoal);000000000000
20252150028810580;14/11/2025 00:00:00;16,80;;;0,00;;;0,00;33909300;INDENIZACOES E RESTITUICOES;00058792716172;SECRETARIA MUNICIPAL DE SAUDE;16,80;SECRETARIA MUNICIPAL DE SAUDE                                                                                                                                                                                                                                ;SAUDE - 10;ASSISTENCIA HOSPITALAR E AMBULATORIAL - 302;TRANSFERENCIA DE RECURSOS DO SISTEMA UNICO DE SAUDE - SUS - BLOCO DE MANUTENCAO DAS ACOES E SERVICOS PUBLICOS DE SAUDE - 107;WANESSA DE OLIVEIRA BARCELOS;RESSARCIMENTO DAS DESPESAS MÉDICAS/HOSPITALARES REQUERIDO   POR WANESSA   DEOLIVEIRA BARCELOS EM   FAVOR DE MANUELA BARCELOS BORGES - BENEFICIÁRIO(A) DOPROGRAMA DE TRATAMENTO FORA DO DOMICILIO - TFD. SEI 25.29.000044160-5.      OBS.: VALOR A EMPENHAR CONFORME PLANILHA DE VALORES INFORMADA NO DESPACHO N.1605/2025-GERPMC. SOLICITACAO FINANCEIRA : 175155 - 2025.                   .                                                                           VALOR TOTAL:...........................................................16,80.                                                                           64 - TRANSFERENCIAS DE RECURSOS DO SUS - ATENCAO ESPECIALIZADA              ;Não se aplica (Ex.: Despesas com Pessoal);000000000000
20252150028810581;14/11/2025 00:00:00;99,00;;;0,00;;;0,00;33909300;INDENIZACOES E RESTITUICOES;00062319264191;SECRETARIA MUNICIPAL DE SAUDE;99,00;SECRETARIA MUNICIPAL DE SAUDE                                                                                                                                                                                                                                ;SAUDE - 10;ASSISTENCIA HOSPITALAR E AMBULATORIAL - 302;TRANSFERENCIA DE RECURSOS DO SISTEMA UNICO DE SAUDE - SUS - BLOCO DE MANUTENCAO DAS ACOES E SERVICOS PUBLICOS DE SAUDE - 107;VALDERLUCIA CELES DE AGUIAR;-TFD.                                                                       OBS.: VALOR A EMPENHAR CONFORME PLANILHA DE VALORES INFORMADA NO DESPACHO N.1604/2025-GERPMC/SEI 25.29.000044148-6 - SOLICITACAO FINANCEIRA:175157-2025..                                                                           VALOR TOTAL:...........................................................99,00.                                                                           64 - TRANSFERENCIAS DE RECURSOS DO SUS - ATENCAO ESPECIALIZADA              CELES DE AGUIAR - BENEFICIARIO(A) DO PROGRAMA DE TRATAMENTO FORADO DOMICILIORESSARCIMENTO DAS DESPESAS MEDICAS / HOSPITALARES REQUERIDO POR VALDERLUCIA ;Não se aplica (Ex.: Despesas com Pessoal);000000000000
20252150028810582;14/11/2025 00:00:00;49,50;;;0,00;;;0,00;33909300;INDENIZACOES E RESTITUICOES;00001385735147;SECRETARIA MUNICIPAL DE SAUDE;49,50;SECRETARIA MUNICIPAL DE SAUDE                                                                                                                                                                                                                                ;SAUDE - 10;ASSISTENCIA HOSPITALAR E AMBULATORIAL - 302;TRANSFERENCIA DE RECURSOS DO SISTEMA UNICO DE SAUDE - SUS - BLOCO DE MANUTENCAO DAS ACOES E SERVICOS PUBLICOS DE SAUDE - 107;MARINES DA COSTA PIRES;RESSARCIMENTO DAS DESPESAS MÉDICAS/HOSPITALARES REQUERIDO POR MARINES DA COSTA PIRES SILVA EM FAVOR DE ANDRESSA LORRANY DA SILVA PIRES - BENEFICIÁRIO(A)DO PROGRAMA DE TRATAMENTO FORA DO DOMICILIO - TFD.                          OBS.: VALOR A EMPENHAR CONFORME PLANILHA DE VALORES INFORMADA NO DESPACHO N.Nº1606/2025-GERPMC/SOLICITACAO FINANCEIRA:175156 - 2025/ SEI2529000044196-6..                                                                           VALOR TOTAL:...........................................................49,50.                                                                           64 - TRANSFERENCIAS DE RECURSOS DO SUS - ATENCAO ESPECIALIZADA              ;Não se aplica (Ex.: Despesas com Pessoal);000000000000
20252150028810583;17/11/2025 00:00:00;99,00;;;0,00;;;0,00;33909300;INDENIZACOES E RESTITUICOES;00092355048134;SECRETARIA MUNICIPAL DE SAUDE;99,00;SECRETARIA MUNICIPAL DE SAUDE                                                                                                                                                                                                                                ;SAUDE - 10;ASSISTENCIA HOSPITALAR E AMBULATORIAL - 302;TRANSFERENCIA DE RECURSOS DO SISTEMA UNICO DE SAUDE - SUS - BLOCO DE MANUTENCAO DAS ACOES E SERVICOS PUBLICOS DE SAUDE - 107;REJANE ALVES MAGALHES;RESSARCIMENTO DAS DESPESAS MÉDICAS/HOSPITALARES REQUERIDO POR : REJANE ALVESMAGALHAES EM FAVOR DE YZADORA MAGALHAES DE CASTRO - BENEFICIARIO(A)DO PROGRAMA DE TRATAMENTO FORA DO DOMICILIO - TFD.                                   OBS.: VALOR A EMPENHAR CONFORME PLANILHA DE VALORES INFORMADA NO DESPACHO Nº1615/2025-GERPMC. SEI 25.29.000044516-3/SOLICITACAO FINANCEIRA:175216-2025. .                                                                           VALOR TOTAL:...........................................................99,00.                                                                           FONTE:107-TRANSFERENCIA DE RECURSOS DO SISTEMA UNICO DE SAUDE - SUS - BLOCO DE MANUTENCAO DAS ACOES E SERVICOS PUBLICOS DE SAUDE                        FONTE DETALHADA:64 -TRANSFERENCIAS DE RECURSOS DO SUS -ATENCAO ESPECIALIZADA;Não se aplica (Ex.: Despesas com Pessoal);000000000000
20252150028810584;17/11/2025 00:00:00;1089,00;;;0,00;;;0,00;33909300;INDENIZACOES E RESTITUICOES;00070493091254;SECRETARIA MUNICIPAL DE SAUDE;1089,00;SECRETARIA MUNICIPAL DE SAUDE                                                                                                                                                                                                                                ;SAUDE - 10;ASSISTENCIA HOSPITALAR E AMBULATORIAL - 302;TRANSFERENCIA DE RECURSOS DO SISTEMA UNICO DE SAUDE - SUS - BLOCO DE MANUTENCAO DAS ACOES E SERVICOS PUBLICOS DE SAUDE - 107;LAENE COSTA RODRIGUES;RESSARCIMENTO DAS DESPESAS MEDICAS/HOSPITALARES REQUERIDO POR LAENE COSTA RODRIGUES EM FAVOR DE ANAYSE GABRIELLA COSTA RODRIGUES-BENEFICIARIA DO PROGRA-MA DE TRATAMENTO FORA DO DOMICILIO - TFD.  SEI 25.29.000044268-7.           OBS.: VALOR A EMPENHAR CONFORME PLANILHA DE VALORES INFORMADA NO DESPACHO Nº1609/2025-GERPMC. SOLICITACAO FINANCEIRA:175196 - 2025.                     .                                                                           VALOR TOTAL:........................................................1.089,00.                                                                           FONTE:107- TRANSFERENCIA DE RECURSOS DO SISTEMA UNICO DE SAUDE - SUS - BLOCODE MANUTENCAO DAS ACOES E SERVICOS PUBLICOS DE SAUDE                        FONTE DETALHADA:64-TRANSFERENCIAS DE RECURSOS DO SUS - ATENCAO ESPECIALIZADA;Não se aplica (Ex.: Despesas com Pessoal);000000000000
20252150028810585;17/11/2025 00:00:00;148,50;;;0,00;;;0,00;33909300;INDENIZACOES E RESTITUICOES;00001193912105;SECRETARIA MUNICIPAL DE SAUDE;148,50;SECRETARIA MUNICIPAL DE SAUDE                                                                                                                                                                                                                                ;SAUDE - 10;ASSISTENCIA HOSPITALAR E AMBULATORIAL - 302;TRANSFERENCIA DE RECURSOS DO SISTEMA UNICO DE SAUDE - SUS - BLOCO DE MANUTENCAO DAS ACOES E SERVICOS PUBLICOS DE SAUDE - 107;RAPHAEL CAVALCANTE CALIXTO;RESSARCIMENTO DAS DESPESAS MEDICAS/HOSPITALARES REQUERIDO POR RAPHAEL CAVAL-CANTE CALIXTO EM FAVOR DE LUISA TAVARES CALIXTO - BENEFICIARIO(A) DO PROGRA-MA DE TRATAMENTO FORA DO DOMICILIO - TFD. SEI 25.29.000044455-8.            OBS.: VALOR A EMPENHAR CONFORME PLANILHA DE VALORES INFORMADA NO DESPACHO Nº1613/2025-GERPMC. SOLICITACAO FINANCEIRA:175214 - 2025.                     .                                                                           VALOR TOTAL:..........................................................148,50.                                                                           FONTE:107-TRANSFERENCIA DE RECURSOS DO SISTEMA UNICO DE SAUDE - SUS - BLOCO DE MANUTENCAO DAS ACOES E SERVICOS PUBLICOS DE SAUDE                        FONTE DETALHADA:64-TRANSFERENCIAS DE RECURSOS DO SUS - ATENCAO ESPECIALIZADA;Não se aplica (Ex.: Despesas com Pessoal);000000000000
20252150028810586;18/11/2025 00:00:00;148,50;;;0,00;;;0,00;33909300;INDENIZACOES E RESTITUICOES;00002582739170;SECRETARIA MUNICIPAL DE SAUDE;148,50;SECRETARIA MUNICIPAL DE SAUDE                                                                                                                                                                                                                                ;SAUDE - 10;ASSISTENCIA HOSPITALAR E AMBULATORIAL - 302;TRANSFERENCIA DE RECURSOS DO SISTEMA UNICO DE SAUDE - SUS - BLOCO DE MANUTENCAO DAS ACOES E SERVICOS PUBLICOS DE SAUDE - 107;ELISLANE SANTOS DE MELO GUIMARAES;RESSARCIMENTO DAS DESPESAS MEDICAS/HOSPITALARES REQUERIDO POR ELISLAINE SAN-TOS DE MELO GUIMARAES EM FAVOR DE DAVI GUIMARAES PRIMO - BENEFICIARIO(A) DO PROGRAMADE TRATAMENTO FORA DO DOMICILIO - TFD, SEI 25.29.000044529-5.       OBS.: VALOR A EMPENHAR CONFORME PLANILHA DE VALORES INFORMADA NO DESPACHO Nº1616/2025-GERPMC -GERPMC.  SOLICITACAO FINANCEIRA:175215 - 2025.            .                                                                           VALOR TOTAL:..........................................................148,50.                                                                           FONTE DETALHADA:64-TRANSFERENCIAS DE RECURSOS DO SUS - ATENCAO ESPECIALIZADA;Não se aplica (Ex.: Despesas com Pessoal);000000000000
20252150028810587;19/11/2025 00:00:00;933016,06;;;0,00;;;0,00;33909300;INDENIZACOES E RESTITUICOES;01567601000143;SECRETARIA MUNICIPAL DE SAUDE;933016,06;SECRETARIA MUNICIPAL DE SAUDE                                                                                                                                                                                                                                ;SAUDE - 10;ASSISTENCIA HOSPITALAR E AMBULATORIAL - 302;TRANSFERENCIA DE RECURSOS DO SISTEMA UNICO DE SAUDE - SUS - BLOCO DE MANUTENCAO DAS ACOES E SERVICOS PUBLICOS DE SAUDE - 107;UNIVERSIDADE FEDERAL DE GOIAS;SOLICITACAO FINANCEIRA:175246 - 2025                                        DESPESA COM PAGAMENTO POR INDENIZACAO (TERMO DE PAGAMENTO) REFERENTE AOS SERVICOS PRESTADOS NA COMPETENCIA  MARCO, ABRIL, MAIO, JULHO, AGOSTO, SETEMBRO E OUTUBRO/2024 - LABORATORIO ROMULO ROCHA. SEI 24.29.000024751-0.           OBS.: VALOR CONFORME INFORMADO NO DESPACHO Nº 315/2025-SUPRAC.              .                                                                           VALOR TOTAL:......................................................933.016,06.                                                                           FONTE 107-TRANSFERENCIA DE RECURSOS DO SISTEMA UNICO DE SAUDE -SUS- BLOCO DEMANUTENCAO DAS ACOES E SERVICOS PUBLICOS DE SAUDE                           FONTE DETALHADA 64-TRANSFERENCIAS DE RECURSOS DO SUS - ATENCAO ESPECIALIZADA.                                                                           ;Não se aplica (Ex.: Despesas com Pessoal);000000000000
20252150028810588;24/11/2025 00:00:00;74,25;;;0,00;;;0,00;33909300;INDENIZACOES E RESTITUICOES;00003651841286;SECRETARIA MUNICIPAL DE SAUDE;74,25;SECRETARIA MUNICIPAL DE SAUDE                                                                                                                                                                                                                                ;SAUDE - 10;ASSISTENCIA HOSPITALAR E AMBULATORIAL - 302;TRANSFERENCIA DE RECURSOS DO SISTEMA UNICO DE SAUDE - SUS - BLOCO DE MANUTENCAO DAS ACOES E SERVICOS PUBLICOS DE SAUDE - 107;HELOISA MEIRE CONCALVES PANTOJA;RESSARCIMENTO DAS DESPESAS MEDICAS/HOSPITALARES REQUERIDO POR HELOISA MEIRE GONCALVES PANTOJA EM FAVOR DE - BENEFICIARIO(A) DO PROGRAMA DE TRATAMENTO FORA DO DOMICILIO - TFD. SEI 25.29.000044329-2 -SOLICITACAO FIANCEIRA 175198/ 2025.                                                                       OBS.: VALOR A EMPENHAR CONFORME PLANILHA DE VALORES INFORMADA NO DESPACHO N.1610/2025-GERPMC.                                                           .                                                                           VALOR TOTAL:...........................................................74,25.                                                                           64 - TRANSFERENCIAS DE RECURSOS DO SUS - ATENCAO ESPECIALIZADA              ;Não se aplica (Ex.: Despesas com Pessoal);000000000000
20252150028810589;24/11/2025 00:00:00;49,50;;;0,00;;;0,00;33909300;INDENIZACOES E RESTITUICOES;00071044334142;SECRETARIA MUNICIPAL DE SAUDE;49,50;SECRETARIA MUNICIPAL DE SAUDE                                                                                                                                                                                                                                ;SAUDE - 10;ASSISTENCIA HOSPITALAR E AMBULATORIAL - 302;TRANSFERENCIA DE RECURSOS DO SISTEMA UNICO DE SAUDE - SUS - BLOCO DE MANUTENCAO DAS ACOES E SERVICOS PUBLICOS DE SAUDE - 107;GABRIELA BARBOSA DOS SANTOS;RESSARCIMENTO DAS DESPESAS MÉDICAS/HOSPITALARES REQUERIDO POR GABRIELA BARBOSA DOS SANTOS EM FAVOR DE DAVI DA SILVA SANTOS - BENEFICIÁRIO(A) DO PROGRAMADE TRATAMENTO FORA DO DOMICÍLIO - TFD.  SEI 25.29.000044504-0.              OBS.: VALOR A EMPENHAR CONFORME PLANILHA DE VALORES INFORMADA NO DESPACHO Nº1614/25 GERPMC. SOLICITACAO FINANCEIRA: 175217 - 2025.                      .                                                                           VALOR TOTAL:...........................................................49,50.                                                                           64 - TRANSFERENCIAS DE RECURSOS DO SUS - ATENCAO ESPECIALIZADA              ;Não se aplica (Ex.: Despesas com Pessoal);000000000000
20252150028810590;24/11/2025 00:00:00;346,50;;;0,00;;;0,00;33909300;INDENIZACOES E RESTITUICOES;00083870776153;SECRETARIA MUNICIPAL DE SAUDE;346,50;SECRETARIA MUNICIPAL DE SAUDE                                                                                                                                                                                                                                ;SAUDE - 10;ASSISTENCIA HOSPITALAR E AMBULATORIAL - 302;TRANSFERENCIA DE RECURSOS DO SISTEMA UNICO DE SAUDE - SUS - BLOCO DE MANUTENCAO DAS ACOES E SERVICOS PUBLICOS DE SAUDE - 107;FLAVIA DE SOUZA PINTO;RESSARCIMENTO DAS DESPESAS MEDICAS/HOSPITALARES REQUERIDO POR FLAVIA DE SOU-ZA PINTO EM FAVOR DE GABRIEL SOUZA PINTO QUEIROZ - BENEFICIARIO(A) DO PROGRAMA DE TRATAMENTO FORA DO DOMICILIO - TFD. SEI 25.29.000044689-5.            OBS.: VALOR A EMPENHAR CONFORME PLANILHA DE VALORES INFORMADA NO DESPACHO N.1629/2025-GERPMC. SOLICITACAO FINANCEIRA: 175261 - 2025.                    .                                                                           VALOR TOTAL:..........................................................346,50.                                                                           64 - TRANSFERENCIAS DE RECURSOS DO SUS - ATENCAO ESPECIALIZADA              ;Não se aplica (Ex.: Despesas com Pessoal);000000000000
20252150028810591;24/11/2025 00:00:00;123,75;;;0,00;;;0,00;33909300;INDENIZACOES E RESTITUICOES;00041286294134;SECRETARIA MUNICIPAL DE SAUDE;123,75;SECRETARIA MUNICIPAL DE SAUDE                                                                                                                                                                                                                                ;SAUDE - 10;ASSISTENCIA HOSPITALAR E AMBULATORIAL - 302;TRANSFERENCIA DE RECURSOS DO SISTEMA UNICO DE SAUDE - SUS - BLOCO DE MANUTENCAO DAS ACOES E SERVICOS PUBLICOS DE SAUDE - 107;MARIA DA GLORIA CAETANO;RESSARCIMENTO DAS DESPESAS MEDICAS/HOSPITALARES REQUERIDO: MARIA DA GLORIA  CAETANO EM FAVOR DE ANA CLARA CAETANO SANTOS - BENEFICIARIO(A)DO PROGRAMA DETRATAMENTO FORA DO DOMICILIO - TFD.                                         OBS.: VALOR A EMPENHAR CONFORME PLANILHA DE VALORES INFORMADA NO DESPACHO N.1628/2025-GERPMC. SEI 25.29.000044675-5, SOLICITACAO FINANCEIRA:175258 -2025.                                                                           .                                                                           VALOR TOTAL:..........................................................123,75.                                                                           64 - TRANSFERENCIAS DE RECURSOS DO SUS - ATENCAO ESPECIALIZADA              ;Não se aplica (Ex.: Despesas com Pessoal);000000000000
20252150028810592;25/11/2025 00:00:00;1534,50;;;0,00;;;0,00;33909300;INDENIZACOES E RESTITUICOES;00044073860100;SECRETARIA MUNICIPAL DE SAUDE;1534,50;SECRETARIA MUNICIPAL DE SAUDE                                                                                                                                                                                                                                ;SAUDE - 10;ASSISTENCIA HOSPITALAR E AMBULATORIAL - 302;TRANSFERENCIA DE RECURSOS DO SISTEMA UNICO DE SAUDE - SUS - BLOCO DE MANUTENCAO DAS ACOES E SERVICOS PUBLICOS DE SAUDE - 107;VALTER SANTOS BORBA FERREIRA;64 - TRANSFERENCIAS DE RECURSOS DO SUS - ATENCAO ESPECIALIZADA              RESSARCIMENTO DAS DESPESAS MEDICAS/HOSPITALARES REQUERIDO POR VALTER DOS SANTOS BORBA FERREIRA -BENEFICIARIO(A) DO PROGRAMA DE TRATAMENTO FORA DO DOMICILIO - TFD. SEI 25.29.000044632-1 - SOLICITACAO FINANCEIRA:175256 - 2025.    OBS.: VALOR A EMPENHAR CONFORME PLANILHA DE VALORES INFORMADA NO DESPACHO N.1624/2025-GERPMC.                                                           .                                                                           VALOR TOTAL:........................................................1.534,50.                                                                           ;Não se aplica (Ex.: Despesas com Pessoal);000000000000
20252150028810593;25/11/2025 00:00:00;1824,75;;;0,00;;;0,00;33909300;INDENIZACOES E RESTITUICOES;00007011717234;SECRETARIA MUNICIPAL DE SAUDE;1824,75;SECRETARIA MUNICIPAL DE SAUDE                                                                                                                                                                                                                                ;SAUDE - 10;ASSISTENCIA HOSPITALAR E AMBULATORIAL - 302;TRANSFERENCIA DE RECURSOS DO SISTEMA UNICO DE SAUDE - SUS - BLOCO DE MANUTENCAO DAS ACOES E SERVICOS PUBLICOS DE SAUDE - 107;IVANILDE DA SILVA LIMA;RESSARCIMENTO DAS DESPESAS MEDICAS/ HOSPITALARES REQUERIDO:IVANILDE DA SILVALIMA EM FAVOR DE PAULO AUSTREGESILO TEIXEIRA LIMA-BENEFICIARIO(A) DO PROGRA-MA DE TRATAMENTO FORA DO DOMICILIO - TFD. SEI 25.29.000044858-8 -  SOLICITA-CAO FINANCEIRA:175296 - 2025.                                               OBS.: VALOR A EMPENHAR CONFORME PLANILHA DE VALORES INFORMADA NO DESPACHO N.1640/2025-GERPMC.                                                           .                                                                           VALOR TOTAL:........................................................1.824,75.                                                                           64 - TRANSFERENCIAS DE RECURSOS DO SUS - ATENCAO ESPECIALIZADA              ;Não se aplica (Ex.: Despesas com Pessoal);000000000000
20252150028810594;25/11/2025 00:00:00;247,50;;;0,00;;;0,00;33909300;INDENIZACOES E RESTITUICOES;00071410153100;SECRETARIA MUNICIPAL DE SAUDE;247,50;SECRETARIA MUNICIPAL DE SAUDE                                                                                                                                                                                                                                ;SAUDE - 10;ASSISTENCIA HOSPITALAR E AMBULATORIAL - 302;TRANSFERENCIA DE RECURSOS DO SISTEMA UNICO DE SAUDE - SUS - BLOCO DE MANUTENCAO DAS ACOES E SERVICOS PUBLICOS DE SAUDE - 107;JHESSICA PEREIRA GONCALVES GOMES;TACAO FINANCEIRA: 175295 - 2025.                                            OBS.: VALOR A EMPENHAR CONFORME PLANILHA DE VALORES INFORMADA NO DESPACHO N.1641/2025-GERPMC.                                                           .                                                                           VALOR TOTAL:..........................................................247,50.                                                                           64 - TRANSFERENCIAS DE RECURSOS DO SUS - ATENCAO ESPECIALIZADA              RESSARCIMENTO DAS DESPESAS MEDICAS/HOSPITALARES REQUERIDO POR JHESSICA PEREIRA GONCALVES GOMES EM FAVOR DE LION GONCALVES GOMES - BENEFICIARIO(A) DO PROGRAMA DE TRATAMENTO FORA DO DOMICILIO - TFD. SEI 25.29.000044872-3 - SOLICI-;Não se aplica (Ex.: Despesas com Pessoal);000000000000
20252150028810595;25/11/2025 00:00:00;495,00;;;0,00;;;0,00;33909300;INDENIZACOES E RESTITUICOES;00055363830515;SECRETARIA MUNICIPAL DE SAUDE;495,00;SECRETARIA MUNICIPAL DE SAUDE                                                                                                                                                                                                                                ;SAUDE - 10;ASSISTENCIA HOSPITALAR E AMBULATORIAL - 302;TRANSFERENCIA DE RECURSOS DO SISTEMA UNICO DE SAUDE - SUS - BLOCO DE MANUTENCAO DAS ACOES E SERVICOS PUBLICOS DE SAUDE - 107;LENIR GOMES BENEVIDES;RESSARCIMENTO DAS DESPESAS MEDICAS/HOSPITALARES REQUERIDO POR LENIR GOMES BENEVIDES EM SEU FAVOR, BENEFICIARIO(A) DO PROGRAMA DE TRATAMENTO FORA DO DOMICILIO-TFD. SEI 25.29.000044766-2 - SOLICITACAO FINANCEIRA:175294 - 2025.    OBS.: VALOR A EMPENHAR CONFORME PLANILHA DE VALORES INFORMADA NO DESPACHO N.1637/2025-GERPMC                                                            .                                                                           VALOR TOTAL:..........................................................495,00.                                                                           64 - TRANSFERENCIAS DE RECURSOS DO SUS - ATENCAO ESPECIALIZADA              ;Não se aplica (Ex.: Despesas com Pessoal);000000000000
20252150028810596;25/11/2025 00:00:00;198,00;;;0,00;;;0,00;33909300;INDENIZACOES E RESTITUICOES;00075235595300;SECRETARIA MUNICIPAL DE SAUDE;198,00;SECRETARIA MUNICIPAL DE SAUDE                                                                                                                                                                                                                                ;SAUDE - 10;ASSISTENCIA HOSPITALAR E AMBULATORIAL - 302;TRANSFERENCIA DE RECURSOS DO SISTEMA UNICO DE SAUDE - SUS - BLOCO DE MANUTENCAO DAS ACOES E SERVICOS PUBLICOS DE SAUDE - 107;CLAUDETE SILVEIRA BASTOS;RESSARCIMENTO DAS DESP. MEDICAS/HOSPITALARES REQUERIDO POR CLAUDETE SILVEIRABASTOS EM FAVOR DE ALEX SOUZA BASTOS - BENEFICIARIO(A) DO PROGRAMA DE TRATA-MENTO FORA DO DOMICILIO - TFD. SEI 25.29.000044761-1 - SOLICITACAO FINANCEI-RA: 175293 - 2025.                                                          OBS.: VALOR A EMPENHAR CONFORME PLANILHA DE VALORES INFORMADA NO DESPACHO N.1636/2025-GERPMC.                                                           .                                                                           VALOR TOTAL:..........................................................198,00.                                                                           64 - TRANSFERENCIAS DE RECURSOS DO SUS - ATENCAO ESPECIALIZADA              ;Não se aplica (Ex.: Despesas com Pessoal);000000000000
20252150028810597;25/11/2025 00:00:00;148,50;;;0,00;;;0,00;33909300;INDENIZACOES E RESTITUICOES;00083350063187;SECRETARIA MUNICIPAL DE SAUDE;148,50;SECRETARIA MUNICIPAL DE SAUDE                                                                                                                                                                                                                                ;SAUDE - 10;ASSISTENCIA HOSPITALAR E AMBULATORIAL - 302;TRANSFERENCIA DE RECURSOS DO SISTEMA UNICO DE SAUDE - SUS - BLOCO DE MANUTENCAO DAS ACOES E SERVICOS PUBLICOS DE SAUDE - 107;RONIA VIEIRA DE SOUZA;RESSARCIMENTO DAS DESP. MEDICAS/HOSPITALARES REQUERIDO POR RONIA VIEIRA DE  SOUZA EM SEU FAVOR  BENEFICIARIO(A) DO PROGRAMA DE TRATAMENTO FORA DO DOMICILIO - TFD. SEI 25.29.000044665-8 - SOLICITACAO FINANCEIRA:175257 - 2025.    OBS.: VALOR A EMPENHAR CONFORME PLANILHA DE VALORES INFORMADA NO DESPACHO N.1625/2025-GERPMC.                                                           .                                                                           VALOR TOTAL:..........................................................148,50.                                                                           64 - TRANSFERENCIAS DE RECURSOS DO SUS - ATENCAO ESPECIALIZADA              ;Não se aplica (Ex.: Despesas com Pessoal);000000000000
20252150028810598;25/11/2025 00:00:00;445,50;;;0,00;;;0,00;33909300;INDENIZACOES E RESTITUICOES;00040232476187;SECRETARIA MUNICIPAL DE SAUDE;445,50;SECRETARIA MUNICIPAL DE SAUDE                                                                                                                                                                                                                                ;SAUDE - 10;ASSISTENCIA HOSPITALAR E AMBULATORIAL - 302;TRANSFERENCIA DE RECURSOS DO SISTEMA UNICO DE SAUDE - SUS - BLOCO DE MANUTENCAO DAS ACOES E SERVICOS PUBLICOS DE SAUDE - 107;DIVINO ARAUJO MACIEL;RESSARCIMENTO DAS DESPESAS MEDICAS/HOSPITALARES REQUERIDO POR DIVINO ARAUJO MACIEL EM FAVOR DE - BENEFICIARIO(A) DO PROGRAMA DE TRATAMENTO FORA DO DOMI-CILIO - TFD. SEI 25.29.000045017-5 - SOLICITACAO FINANCEIRA:175316-2025.    OBS.: VALOR A EMPENHAR CONFORME PLANILHA DE VALORES INFORMADA NO DESPACHO N.1644/2025-GERPMC.                                                           .                                                                           VALOR TOTAL:..........................................................445,50.                                                                           64 - TRANSFERENCIAS DE RECURSOS DO SUS - ATENCAO ESPECIALIZADA              ;Não se aplica (Ex.: Despesas com Pessoal);000000000000
20252150028810599;25/11/2025 00:00:00;767,25;;;0,00;;;0,00;33909300;INDENIZACOES E RESTITUICOES;00002395769185;SECRETARIA MUNICIPAL DE SAUDE;767,25;SECRETARIA MUNICIPAL DE SAUDE                                                                                                                                                                                                                                ;SAUDE - 10;ASSISTENCIA HOSPITALAR E AMBULATORIAL - 302;TRANSFERENCIA DE RECURSOS DO SISTEMA UNICO DE SAUDE - SUS - BLOCO DE MANUTENCAO DAS ACOES E SERVICOS PUBLICOS DE SAUDE - 107;MARINA FERREIRA GUIMARAES;RESSARCIMENTO DAS DESP.MEDICAS/HOSPITALARES REQUERIDO: MARINA FERREIRA GUIMARAES EM FAVOR DE PRISCILA BARBOSA DE SOUZA-BENEFICIARIA DO PROGRAMA DE TRATAMENTO FORA DO DOMICILIO - TFD. SEI25.29.000044977-0 - SOLICITACAOFINANCEIRA:175317 - 2025.                                                              OBS.: VALOR A EMPENHAR CONFORME PLANILHA DE VALORES INFORMADA NO DESPACHO N.1643/2025-GERPMC.                                                           .                                                                           VALOR TOTAL:..........................................................767,25.                                                                           64 - TRANSFERENCIAS DE RECURSOS DO SUS - ATENCAO ESPECIALIZADA              ;Não se aplica (Ex.: Despesas com Pessoal);000000000000
20252150028810600;25/11/2025 00:00:00;28062,57;;;0,00;;;0,00;33909300;INDENIZACOES E RESTITUICOES;00097388564187;SECRETARIA MUNICIPAL DE SAUDE;28062,57;SECRETARIA MUNICIPAL DE SAUDE                                                                                                                                                                                                                                ;SAUDE - 10;ASSISTENCIA HOSPITALAR E AMBULATORIAL - 302;TRANSFERENCIA DE RECURSOS DO SISTEMA UNICO DE SAUDE - SUS - BLOCO DE MANUTENCAO DAS ACOES E SERVICOS PUBLICOS DE SAUDE - 107;LIDIANE FERNANDES DA SILVA NOGUEIRA;DESPESA COM PGTO INDENIZATORIO AO PROPRIET. DO IMOVEL LOCALIZADO R. LEOPOLDODE BULHOES Q Y-4, L03,  VILA CONCORDIA -RESIDENCIA TERAPEUTICA NOVO MUNDO IIJAN/25 A 11/NOV/25, DESP.530 GERINF - DESPACHO 991 GERCOM - OBS.: SEM COBER-TURA CONTRATUAL, PED.COMPRAS 658/2025-GERCOM. SEI 25.29.000044522-8 - SOLICITACAO FINANCEIRA: 175330 - 2025.                                            .                                                                           VALOR TOTAL:.......................................................28.062,57.                                                                           64 - TRANSFERENCIAS DE RECURSOS DO SUS - ATENCAO ESPECIALIZADA              ;Não se aplica (Ex.: Despesas com Pessoal);000000000000
20252150028810601;28/11/2025 00:00:00;12976,08;;;0,00;;;0,00;33909300;INDENIZACOES E RESTITUICOES;00020237227134;SECRETARIA MUNICIPAL DE SAUDE;12976,08;SECRETARIA MUNICIPAL DE SAUDE                                                                                                                                                                                                                                ;SAUDE - 10;ASSISTENCIA HOSPITALAR E AMBULATORIAL - 302;TRANSFERENCIA DE RECURSOS DO SISTEMA UNICO DE SAUDE - SUS - BLOCO DE MANUTENCAO DAS ACOES E SERVICOS PUBLICOS DE SAUDE - 107;JOAS DE ALMEIDA LEITE;DESPESA PAGAMENTO INDENIZATORIO AO PROPRIETARIO DO IMOVEL LOCALIZADO  NA RUAPRESIDENTE TRUJILLO QD 02 LT 06 JARDIM PRESIDENTE GOIANIA/GO - RESIDENCIA TERAPEUTICA BEIJA FLOR II. SEI 25.29.000044238-5.                             OBS:DESPACHO 519 GERFINF - DESPACHO 980 GERCOM - REF.A MARCO/25 A OUTUBRO/25- CONTRATO DE LOCACAO 265/2023, PED. COMPRAS 651/2025.                      .                                                                           VALOR TOTAL:.......................................................12.976,08.                                                                           FONTE 107-TRANSFERENCIA DE RECURSOS DO SISTEMA UNICO DE SAUDE -SUS- BLOCO DEMANUTENCAO DAS ACOES E SERVICOS PUBLICOS DE SAUDE                           FONTE DETALHADA 64-TRANSFERENCIAS DE RECURSOS DO SUS - ATENCAO ESPECIALIZADASOLICITACAO FINANCEIRA: 175481 - 2025.                                      ;Não se aplica (Ex.: Despesas com Pessoal);000000000000
20252150031510005;04/11/2025 00:00:00;290000,00;;;0,00;;;0,00;44905200;EQUIPAMENTOS E MATERIAL PERMANENTE;03535902000897;SECRETARIA MUNICIPAL DE SAUDE;290000,00;SECRETARIA MUNICIPAL DE SAUDE                                                                                                                                                                                                                                ;SAUDE - 10;ASSISTENCIA HOSPITALAR E AMBULATORIAL - 302;TRANSFERENCIA DE RECURSOS DO SISTEMA UNICO DE SAUDE - SUS - BLOCO DE MANUTENCAO DAS ACOES E SERVICOS PUBLICOS DE SAUDE - 107;DECISION SERVICOS DE TECNOLOGIA DA INFORMACAO LTDA;VALOR TOTAL:......................................................290.000,00TRATO OU DOCUMENTO EQUIVALENTE, EM REMESSA UNICA.O FORNECEDOR E RESPONSAVEL PELO TRANSPORTE E ENTREGA AO LOCAL ESPECIFICADO, ACOMPANHADOS, SE FOR O CASODOS DOCUMENTOS NECESSARIOS COMO NOTAS FISCAIS E RELATORIOS DE CONFORMIDADE. DEVIDAMENTE JUSTIFICADO E COM PELO MENOS 10 (DEZ) DIAS UTEIS DE ANTECEDENCIADO PRAZO FINAL DE ENTREGA, O FORNECEDOR PODERA SOLICITAR PRORROGACAO DE PRA-ZO, FICANDO A CARGO DA AREA DEMANDANTE ACOLHER A SOLICITACAO, DESDE QUE  NAOHAJA PREJUIZO, RESSALVADAS SITUACOES DE CASO FORTUITO E FORCA MAIOR.        LOCAL, HORARIO E CONDICOES DE ENTREGA:                                      OS MATERIAIS DEVERAO SER ENTREGUES NO SEGUINTE ENDERECO:ALMOXARIFADO CENTRALDA SECRETARIA MUNICIPAL DE SAUDE DE GOIANIA, SITO A AVENIDA PERIMETRAL NORTECONDOMINIO GOIAZEM, BLOCO E, GALPAO 09 E 10,VILA JOAO VAZ, CEP: 74.425-090, GOIANIA-GO.A ENTREGA DEVERA SER EFETUADA MEDIANTE AGENDAMENTO PREVIO,ATRAVESDO E-MAIL: CIAD.GOIANIA@BRANETLOGISTICA.COM.BR                              O FORNECEDOR OBRIGA-SE A ENTREGAR OS OBJETOS EM CONFORMIDADE COM AS ESPECIFICACOES DESCRITAS NA PROPOSTA DE PRECOS E NO TERMO DE REFERENCIA,SENDO DE SUAINTEIRA RESPONSABILIDADE A SUBSTITUICAO, CASO NAO ESTEJA EM CONFORMIDADE COMAS REFERIDAS ESPECIFICACOES.                                                .                                                                           OS BENS FORNECIDOS SERAO MONTADOS/INSTALADOS PELO FORNECEDOR NO PRAZO DE 05 (CINCO) DIAS CORRIDOS APOS A SOLICITACAO DO MUNICIPIO DE GOIANIA, A MONTAGEM/INSTALACAO OCORRERá NO LOCAL INDICADO PELA SECRETARIA MUNICIPAL DE SAUDE,NOENDERECO: AV. DO CERRADO, N. 999, PARQUE LOZANDEZ - CENTRO ADMINISTRATIVO MUNICIPAL, GOIANIA-GO, PREVIAMENTE ALINHADOS ENTRE O MUNICIPIO DE GOIANIA  E OFORNECEDOR. DEMAIS ESCLARECIMENTOS CONFORME DOCUMENTOS EM ANEXO NO PROCESSO:SEI 25.29.000014210-1. SOLICITACAO FINANCEIRA:164750 - 2025.                .                                                                           FONTE:107 - TRANSFERENCIA DE RECURSOS DO SISTEMA UNICO DE SAUDE -SUS- BLOCO DE MANUTENCAO DAS ACOES E SERVICOS PUBLICOS DE SAUDE                        .                                                                           FONTE DETALHADA:64-TRANSFERENCIAS DE RECURSOS DO SUS - ATENCAO ESPECIALIZADA.                                                                           PRAZO E FORMA DE ENTREGA:O PRAZO DE ENTREGA DO OBJETO E DE ATE 30 DIAS CORRIDOS CONTADOS DO DIA UTIL SUBSEQUENTE AO RECEBIMENTO DA NOTA DE EMPENHO, CON-DESPESA COM AQUISICAO DE EQUIPAMENTO PERMANENTE DE TECNOLOGIA DE INFORMACAO-SERVIDOR DE REDE, CONTEMPLANDO INSTALACAO DO EQUIPAMENTO, SUPORTE E ASSISTENCIA TECNICA POR UM PERIODO DE 05(CINCO)ANOS.CONTRATACAO DIRETA EM CARATER E-MERGENCIAL, CONFORME DOCUMENTO DE FORMALIZACAO DE DEMANDA - DFD6, PEDIDO COMPRA NR.130/25-FMS, ITEM 01/01(UMA)UNIDADE-MAC-SCC:781623, SEI 25290000142101.                                                                           ITEM 1-  APARELHO SERVIDOR REDE M:DELL.                                     COD:22651-3..................01..UN...........290.000,0000........290.000,00;Dispensa de Licitação;000900462025
20252150035110091;12/11/2025 00:00:00;148756,00;;;0,00;;;0,00;33903000;MATERIAL DE CONSUMO;09034672000192;SECRETARIA MUNICIPAL DE SAUDE;148756,00;SECRETARIA MUNICIPAL DE SAUDE                                                                                                                                                                                                                                ;SAUDE - 10;SUPORTE PROFILATICO E TERAPEUTICO - 303;TRANSFERENCIA DE RECURSOS DO SISTEMA UNICO DE SAUDE - SUS - BLOCO DE MANUTENCAO DAS ACOES E SERVICOS PUBLICOS DE SAUDE - 107;MAEVE PRODUTOS HOSPITALARES LTDA;01 (ITEM R11) - BETAMETASONA ACETATO+FOSFATO DISSODICA 3MG/ML INJETAVEL     AMPOLA - MARCA: UNIAO QUIMICA                                               COD:403954...........11.000FR..............08,11..................89.210,00 03 (ITEM R52) - HIDROCORTISONA SUCCINATO SODICO 100MG PO P/SOLUCAO INJETA   VEL FRASCO AMPOLA - MARCA: UNIAO QUIMICA                                    AQUISICAO DE MEDICAMENTOS PARA ABASTECIMENTO DAS UNIDADES SMS - 5º PEDIDO FILHO PREGAO ELETRONICO Nº 90001/2025 - ATA DE REGISTRO DE PREÇO Nº 052/2025  MEMORANDO 244 GEREMO - PARECER 323 GERPSR - DESPACHO 947 GERCOM - DESPACHO 775 PRECEL - AQUISICAO DE 02 MESES - ITENS 01, 03 E 04 - RENAME              SCC:794091 - SEI:25.29.000042674-6                                          .                                                                           COD:152579...........20.000FR..............02,80..................56.000,00 04 (ITEM R73) - SULFAMETOXAZOL + TRIMETOPRIMA 80 + 16MG/ML INJETAVEL FR C/  5ML - MARCA: BRAINFARMA                                                     COD:451533..............900FR..............03,94...................3.546,00 VALOR TOTAL:.....................................................148.756,00 .                                                                           OBS: O FORNECIMENTO DEVERA SER EFETUADO C/ PRAZO NAO SUP. A 20 DIAS         CORRIDOS CONFORME TERMO DE REFERENCIA (8457480) CONTADOS A PARTIR DO        RECEBIMENTO DA NOTA DE EMPENHO,ENTREGA EM PERFEITAS CONDICOES C/A DEVIDA    NOTA FISCAL, DETALHANDO MARCA/FABRICANTE/MODELO/TIPO/PROCEDENCIA. DEMAIS    ESCLARECIMENTOS CONFORME MEMO 244/2025, PARECER 323/2025, PE 90001/2025,    ATA 52/2025, PROCESSO SEI: 25.29.000042674-6 E DOCUMENTOS EM ANEXO.         .                                                                           LOCAL DA ENTREGA:ALMOXARIFADO CENTRAL SMS, AV.PERIMETRAL NORTE COND.GOIA    ZEM, BL.E, GALPOES 09/10, VL.JOAO VAZ, CEP:74.425-090, GO/GO. FONES:62-3    524-3401/3407, HORARIO:08:00 AS 17:00.                                      .                                                                           13 - TRANSFERENCIAS DE RECURSOS DO SUS - ASSITENCIA FARMACEUTICA            SOLICITACAO FINANCEIRA: 174846/2025                                         ;Pregão;000900012025
20252150035110092;12/11/2025 00:00:00;1692,00;;;0,00;;;0,00;33903000;MATERIAL DE CONSUMO;26457348000104;SECRETARIA MUNICIPAL DE SAUDE;1692,00;SECRETARIA MUNICIPAL DE SAUDE                                                                                                                                                                                                                                ;SAUDE - 10;SUPORTE PROFILATICO E TERAPEUTICO - 303;TRANSFERENCIA DE RECURSOS DO SISTEMA UNICO DE SAUDE - SUS - BLOCO DE MANUTENCAO DAS ACOES E SERVICOS PUBLICOS DE SAUDE - 107;C. A HOSPITALAR EIRELI;CORRIDOS CONFORME TERMO DE REFERENCIA (8461087) CONTADOS A PARTIR DO        RECEBIMENTO DA NOTA DE EMPENHO,ENTREGA EM PERFEITAS CONDICOES C/A DEVIDA    NOTA FISCAL, DETALHANDO MARCA/FABRICANTE/MODELO/TIPO/PROCEDENCIA. DEMAIS    ESCLARECIMENTOS CONFORME MEMO 245/2025, PARECER 324/2025, PE 90001/2025,    ATA 47/2025, PROCESSO SEI: 25.29.000042733-5 E DOCUMENTOS EM ANEXO.         .                                                                           LOCAL DA ENTREGA:ALMOXARIFADO CENTRAL SMS, AV.PERIMETRAL NORTE COND.GOIA    ZEM, BL.E, GALPOES 09/10, VL.JOAO VAZ, CEP:74.425-090, GO/GO. FONES:62-3    524-3401/3407, HORARIO:08:00 AS 17:00.                                      .                                                                           13 - TRANSFERENCIAS DE RECURSOS DO SUS - ASSITENCIA FARMACEUTICA            SOLICITACAO FINANCEIRA: 174842/2025                                         AQUISICAO DE MEDICAMENTOS PARA ABASTECIMENTO DAS UNIDADES DA SMS - 2º PEDIDOFILHO PREGAO ELETRONICO Nº 90001/2025 - ATA REGISTRO DE PRECO Nº 047/2025   MEMORANDO 245 GEREMO - PARECER 324 GERPSR - DESPACHO 773 PRECEL - AQUISICAO 06 MESES - ITEM 04 - RENAME - SCC:794105 - SEI:25.29.000042733-5            .                                                                           04 (ITEM R63) - NALOXONA CLORIDRATO 0,4MG/ML AMPOLA - MARCA: HIPOLABOR      COD:400653..............300FR..............05,64...................1.692,00 VALOR TOTAL:.......................................................1.692,00 .                                                                           OBS: O FORNECIMENTO DEVERA SER EFETUADO C/ PRAZO NAO SUP. A 20 DIAS         ;Pregão;000900012025
20252150035110093;18/11/2025 00:00:00;8448,00;;;0,00;;;0,00;33903000;MATERIAL DE CONSUMO;21681325000157;SECRETARIA MUNICIPAL DE SAUDE;8448,00;SECRETARIA MUNICIPAL DE SAUDE                                                                                                                                                                                                                                ;SAUDE - 10;SUPORTE PROFILATICO E TERAPEUTICO - 303;TRANSFERENCIA DE RECURSOS DO SISTEMA UNICO DE SAUDE - SUS - BLOCO DE MANUTENCAO DAS ACOES E SERVICOS PUBLICOS DE SAUDE - 107;MULTIFARMA COMERCIAL LTDA;DESP.C/AQUISICAO DE MEDICAMENTOS PARA SMS - PREGAO ELETRONICO Nº 90002/2025 - ATA DE REGISTRO DE PRECO Nº 036/2025 - MEMORANDO 249 GEREMO - PARECER 328 GERPSR - DESPACHO 802 PRECEL - RENAME - ITEM 01. SEI 25.29.000043731-4, SCC:795454 - SOLICITACAO FINANCEIRA:175203 - 2025.                              .                                                                           ITEM 01- R14-CLONAZEPAM 2,5 MG/ML SOL.ORAL GOTAS FRASCO 20ML M:HIPOLABOR.   COD:336106..................4.400,00FR.........1,9200...............8.448,00VALOR TOTAL:........................................................8.448,00.                                                                           ENTREGA:O FORNECIMENTO DEVERA SER EFETUADO, C/ PRAZO DE ENTREGA NAO SUPERIORA 20 (VINTE)DIAS, CONTADOS A PARTIR DO RECEBIMENTO DA NOTA DE EMPENHO/AUTORIZACAO DE FORNECIMENTO E ACOMPANHADOS DOS DOCUMENTOS FISCAIS RESPECTIVOS,DEVECONTER, OBRIGATORIAMENTE, A ESPECIFICACAO DO ITEM,MARCA DO FABRICANTE E QUANTIDADE ENTREGUE.O BEM DEVERA SER ENTREGUE NO ALMOXARIFADO CENTRAL DA SECRETARIA MUNICIPAL DE SAúDE NO SEGUINTE ENDERECO: AVENIDA PERIMETRAL NORTE,  CON-DOMíNIO GOIAZéM, BLOCO E,GALPãO 09 E 10,VILA JOãO VAZ,CEP: 74.445-190,GOI-  ANIA - GOIAS. TELEFONES: (62) 3524-3401 / 3524-3407, NO HORARIO DAS 08H00M  IN AS 17H00MIN, MEDIANTE AGENDAMENTO PREVIO PELO E-MAIL CIAD.GOIANIA@BRANETLOGISTICA.COM.BR. DEMAIS ESCLARECIMENTOS CONF.MEMO 249/25-GEREMO E EDITAL AN-DAMENTO 8526143 NO SEI 25.29.000043731-4.                                   .                                                                           FONTE:107 - TRANSFERENCIA DE RECURSOS DO SISTEMA UNICO DE SAUDE - SUS -BLOCODE MANUTENCAO DAS ACOES E SERVICOS PUBLICOS DE SAUDE                        FONTE DETALHADA:13-TRANSFERENCIAS DE RECURSOS DO SUS-ASSISTENCIA FARMACEUTI-CA                                                                          ;Pregão;000900022025
20252150035110094;19/11/2025 00:00:00;72000,00;;;0,00;;;0,00;33903000;MATERIAL DE CONSUMO;67729178000491;SECRETARIA MUNICIPAL DE SAUDE;72000,00;SECRETARIA MUNICIPAL DE SAUDE                                                                                                                                                                                                                                ;SAUDE - 10;SUPORTE PROFILATICO E TERAPEUTICO - 303;TRANSFERENCIA DE RECURSOS DO SISTEMA UNICO DE SAUDE - SUS - BLOCO DE MANUTENCAO DAS ACOES E SERVICOS PUBLICOS DE SAUDE - 107;COMERCIAL CIRURGICA RIOCLARENSE LTDA;DESPESA C/AQUISICAO DE MEDICAMENTOS DA SMS - PREGAO ELETRONICO Nº 90002/2025- ATA DE REGISTRO PRECO N.037/2025. SEI 25.29.000043753-5 - SCC:795519.     OBS:MEMORANDO 250 GEREMO - PARECER 329 GERPSR - DESPACHO 803 PRECEL - RENAME.                                                                           ITEM 1- R06 BIPERIDENO 2 MG COMPRIMIDO. M:CRISTALIA.                        COD:31643-1..............300.000,00 UN.........0,2400.............72.000,00 VALOR TOTAL:......................................................72.000,00 .                                                                           ·O FORNECIMENTO DEVERA SER EFETUADO, COM PRAZO DE ENTREGA NAO SUPERIOR A 20 (VINTE) DIAS,CONTADOS A PARTIR DO RECEBIMENTO DA NOTA DE EMPENHO/AUTORIZACAODE FORNECIMENTO E ACOMPANHADOS DOS DOCUMENTOS FISCAIS RESPECTIVOS,DEVE CON- TER, OBRIGATORIAMENTE, A ESPECIFICACAO DO ITEM,MARCA DO FABRICANTE E QUANTI-DADE ENTREGUE.DEMAIS ESCLARECIMENTOS CONF. MEMO 250-GEREMO,EDITAL 90002/2025EV.8526809 E ANEXOS.                                                        LOCAL DA ENTREGA:ALMOXARIFADO CENTRAL DA SMS,AV.PERIMETRAL NORTE, CONDOMINIOGOIAZEM, BLOCO E, GALPAO 09 E 10, VILA JOAO VAZ, CEP: 74.445-190, GOIANIA - GOIAS. TELEFONES: (62) 3524-3401 / 3524-3407, NO HORARIO DAS 08H00MIN àS 17H00MIN, MEDIANTE AGENDAMENTO PREVIO PELO E-MAIL CIAD.GOIANIA@BRANETLOGISTICA.COM.BR.  / SOLICITACAO FINANCEIRA: 175207 - 2025.                           .                                                                           FONTE 107 -TRANSFERENCIA DE RECURSOS DO SISTEMA UNICO DE SAUDE -SUS-BLOCO DEMANUTENCAO DAS ACOES E SERVICOS PUBLICOS DE SAUDE                           FONTE DETALHADA 13-TRANSFERENCIAS DE RECURSOS DO SUS-ASSISTENCIA FARMACEUTI-CA                                                                          ;Pregão;000900022025
20252150035110095;24/11/2025 00:00:00;31620,00;;;0,00;;;0,00;33903000;MATERIAL DE CONSUMO;44010437000181;SECRETARIA MUNICIPAL DE SAUDE;31620,00;SECRETARIA MUNICIPAL DE SAUDE                                                                                                                                                                                                                                ;SAUDE - 10;SUPORTE PROFILATICO E TERAPEUTICO - 303;TRANSFERENCIA DE RECURSOS DO SISTEMA UNICO DE SAUDE - SUS - BLOCO DE MANUTENCAO DAS ACOES E SERVICOS PUBLICOS DE SAUDE - 107;CAZI QUIMICA FARMACEUTICA INDUSTRIA E COMERCIO LTDA;-ATA REGISTRO DE PRECO 042/2025 P/ABASTECIMETNO DAS UNIDADES DE SAUDE/SMS DEGOIANIA, POR UM PERIOD ESTIMADO DE 06 MESES, CONFORME MEMORANDO 251 GEREMO -PARECER 330 GERPSR - DESPACHO 798 PRECEL - RENAME. SEI 25.29.000043765-9 SCC795535 - PED.COMPRAS:642/2025.                                              .                                                                           ITEM 01(R19) - FENITOINA SODICA 100 MG COMPRIMIDO M:CAZI.                   COD:23826-0..........186.000,00 UN.........0,1700..................31.620,00VALOR TOTAL:.......................................................31.620,00.                                                                           O FORNECIMENTO DEVERA SER EFETUADO, COM PRAZO DE ENTREGA NAO SUPERIOR A 20 (VINTE) DIAS, CONTADOS A PARTIR DO RECEBIMENTO DA NOTA DE EMPENHO/AUTORIZACAODE FORNECIMENTO E ACOMPANHADOS DOS DOCUMENTOS FISCAIS RESPECTIVOS, DEVE CON-TER,OBRIGATORIAMENTE, A ESPECIFICACAO DO ITEM, MARCA DO FABRICANTE E QUANTI-DADE ENTREGUE. DEMAIS ESCLARECIMENTOS CONF.MEMO 251/25 E EDITAL EV.8527736. LOCAL:ALMOXARIFADO CENTRAL DA SECRETARIA MUNICIPAL DE SAUDE NO SEGUINTE ENDERECO: AVENIDA PERIMETRAL NORTE, CONDOMINIO GOIAZEM, BLOCO E, GALPAO 09 E 10,VILA JOAO VAZ, CEP: 74.445-190, GOIANIA - GOIAS. TELEFONES: (62) 3524-3401 /3524-3407, NO HORARIO DAS 08H00MIN AS 17H00MIN, MEDIANTE AGENDAMENTO PREVIO PELO E-MAIL CIAD.GOIANIA@BRANETLOGISTICA.COM.BR.                            .                                                                           FONTE 107-TRANSFERENCIA DE RECURSOS DO SISTEMA UNICO DE SAUDE -SUS-BLOCO  DEMANUTENCAO DAS ACOES E SERVICOS PUBLICOS DE SAUDE                           FONTE DETALAHADA 13-TRANSFERENCIAS DE RECURSOS DO SUS-ASSISTENCIA FARMACEUTIDESPESA C/AQUISICAO DE MEDICAMENTOS PARA SMS - PREGAO ELETRONICO 90002/2025 CA     -   SSOLICITACAO FINANCEIRA : 175205 - 2025.                         ;Pregão;000900022025
20252150036930006;07/11/2025 00:00:00;4724016,00;0293712025;24/11/2025 00:00:00;2362008,00;202521500369300060001;24/11/2025 00:00:00;2362008,00;31901100;VENCIMENTOS E VANTAGENS FIXAS - PESSOAL CIVIL;60701190000104;SECRETARIA MUNICIPAL DE SAUDE;0,00;SECRETARIA MUNICIPAL DE SAUDE                                                                                                                                                                                                                                ;SAUDE - 10;VIGILANCIA EPIDEMIOLOGICA - 305;TRANSFERENCIAS PROVENIENTES DO GOVERNO FEDERAL DESTINADAS AO VENCIMENTO DOS AGENTES COMUNITARIOS DE SAUDE E DOS AGENTES DE COMBATE AS ENDEMIAS - 195;ITAU UNIBANCO S.A.;DESPESA COM PAGAMENTO DA FOLHA DE PESSOAL DA SECRETARIA MUNICIPAL DE SAÚDE -CARGO EFETIVO VINCULADO AO RPPS / AGENTE DE COMBATE ÀS ENDEMIAS - ESTIMADO DE NOVEMBRO E DEZEMBRO/2025 - SEI:25.29.000000942-8                          .                                                                           VALOR EMPENHADO DE 11/2025 E 12/2025 COM MENSAIS DE:.........2.362.008,00   VALOR TOTAL:.................................................4.724.016,00   .                                                                           91 - TRANSFERENCIAS PROVENIENTES DO GOVERNO FEDERAL DESTINA DAS AO VENCIMENTO DOS AGENTES COMUNITARIOS DE SAUDE - SOLICITACAO FINANCEIRA:174791/2025    ;Não se aplica (Ex.: Despesas com Pessoal);000000000000
20252150036930006;07/11/2025 00:00:00;4724016,00;0327992025;19/12/2025 00:00:00;2362008,00;202521500369300060002;19/12/2025 00:00:00;2362008,00;31901100;VENCIMENTOS E VANTAGENS FIXAS - PESSOAL CIVIL;60701190000104;SECRETARIA MUNICIPAL DE SAUDE;0,00;SECRETARIA MUNICIPAL DE SAUDE                                                                                                                                                                                                                                ;SAUDE - 10;VIGILANCIA EPIDEMIOLOGICA - 305;TRANSFERENCIAS PROVENIENTES DO GOVERNO FEDERAL DESTINADAS AO VENCIMENTO DOS AGENTES COMUNITARIOS DE SAUDE E DOS AGENTES DE COMBATE AS ENDEMIAS - 195;ITAU UNIBANCO S.A.;DESPESA COM PAGAMENTO DA FOLHA DE PESSOAL DA SECRETARIA MUNICIPAL DE SAÚDE -CARGO EFETIVO VINCULADO AO RPPS / AGENTE DE COMBATE ÀS ENDEMIAS - ESTIMADO DE NOVEMBRO E DEZEMBRO/2025 - SEI:25.29.000000942-8                          .                                                                           VALOR EMPENHADO DE 11/2025 E 12/2025 COM MENSAIS DE:.........2.362.008,00   VALOR TOTAL:.................................................4.724.016,00   .                                                                           91 - TRANSFERENCIAS PROVENIENTES DO GOVERNO FEDERAL DESTINA DAS AO VENCIMENTO DOS AGENTES COMUNITARIOS DE SAUDE - SOLICITACAO FINANCEIRA:174791/2025    ;Não se aplica (Ex.: Despesas com Pessoal);000000000000
20252150037010009;24/11/2025 00:00:00;100470,54;0299392025;27/11/2025 00:00:00;100470,54;202521500370100090001;27/11/2025 00:00:00;100470,54;31901300;OBRIGACOES PATRONAIS;29979036006424;SECRETARIA MUNICIPAL DE SAUDE;0,00;SECRETARIA MUNICIPAL DE SAUDE                                                                                                                                                                                                                                ;SAUDE - 10;VIGILANCIA EPIDEMIOLOGICA - 305;TRANSFERENCIA DE RECURSOS DO SISTEMA UNICO DE SAUDE - SUS - BLOCO DE MANUTENCAO DAS ACOES E SERVICOS PUBLICOS DE SAUDE - 107;INSTITUTO NACIONAL DO SEGURO SOCIAL - INSS;DESPESA COM A FOLHA DE PESSOAL DA SECRETARIA MUNICIPAL DE SAUDE REFERENTE AOPAGAMENTO DO INSS (PATRONAL)DOS PROFISSIONAIS CREDENCIADOS VALOR RELATIVO AOO MES DE OUTUBRO/2025. SOLICITACAO FIANCEIRA : 175271 - 2025.               .                                                                           VALOR TOTAL:......................................................100.470,54.                                                                           62 - TRANSFERENCIAS DE RECURSOS DO SUS - VIGILANCIA EM SAUDE                ;Não se aplica (Ex.: Despesas com Pessoal);000000000000
20252150038510002;12/11/2025 00:00:00;8748,00;;;0,00;;;0,00;33903000;MATERIAL DE CONSUMO;28326512000161;SECRETARIA MUNICIPAL DE SAUDE;8748,00;SECRETARIA MUNICIPAL DE SAUDE                                                                                                                                                                                                                                ;SAUDE - 10;VIGILANCIA EPIDEMIOLOGICA - 305;TRANSFERENCIA DE RECURSOS DO SISTEMA UNICO DE SAUDE - SUS - BLOCO DE MANUTENCAO DAS ACOES E SERVICOS PUBLICOS DE SAUDE - 107;ANDRASCHKO E ANDRASCHKO LTDA;AQUISICAO DE MATERIAL DE CONSUMO (GENEROS ALIMENTICIOS)PARA ABASTECIMENTO DADIRETORIA DE ZOONOSES - 1º PEDIDO FILHO DO PREGAO ELETRONICO Nº 90004/2025- ATA DE REGISTRO DE PREÇO Nº016/2025, MEMORANDO 239 GEREMO - PARECER 308 GERPSR - DESPACHO 897 GERCOM - DESPACHO 734 PRECEL - AQUISICAO 12 MESES -100% VIGILANCIA - SCC:794148 - SEI:25.29.000041196-0.                              .                                                                           01 (ITEM R01) - RACAO CAES - MARCA: DANES DOGLLY                            COD:617083............1.200KG..............07,29...................8.748,00 VALOR TOTAL:.......................................................8.748,00 .                                                                           OBS: O FORNECIMENTO DEVERA SER EFETUADO C/ PRAZO NAO SUP. A 20 DIAS UTEIS,  CONFORME EDITAL (8353421) CONTADOS A PARTIR DO RECEBIMENTO DA NOTA DE EMPE- NHO,  ENTREGA EM PERFEITAS CONDICOES C/A DEVIDA  NOTA FISCAL, DETALHANDOA   MARCA/FABRICANTE/MODELO/TIPO/PROCEDENCIA. DEMAIS ESCLARECIMENTOS CONFORME   MEMO 239/2025, PARECER 308/2025, PE 90004/2025,  ATA 16/2025,  PROCESSO SEI 25.29.000041196-0 E DEMAIS DOCUMENTOS EM ANEXO NOS AUTOS DESTE PROCESSO.    .                                                                           LOCAL DA ENTREGA:ALMOXARIFADO CENTRAL SMS, AV.PERIMETRAL NORTE COND.GOIAZEM,BL.E, GALPOES 09/10, VL.JOAO VAZ, CEP:74.425-090, GO/GO. FONES:62-3524-     3401/3407, HORARIO:08:00 AS 17:00.                                          .                                                                           62 - TRANSFERENCIA DE RECURSOS DO SUS - VIGILANCIA EM SAUDE                 SOLICITACAO FINANCEIRA: 174835/2025                                         ;Pregão;000900042025
20252150039030009;27/11/2025 00:00:00;1150000,00;0308122025;03/12/2025 00:00:00;550388,98;202521500390300090001;03/12/2025 00:00:00;78413,84;33903400;TERCEIRIZACAO DE MAO DE OBRA.;60701190000104;SECRETARIA MUNICIPAL DE SAUDE;599611,02;SECRETARIA MUNICIPAL DE SAUDE                                                                                                                                                                                                                                ;SAUDE - 10;VIGILANCIA EPIDEMIOLOGICA - 305;TRANSFERENCIA DE RECURSOS DO SISTEMA UNICO DE SAUDE - SUS - BLOCO DE MANUTENCAO DAS ACOES E SERVICOS PUBLICOS DE SAUDE - 107;ITAU UNIBANCO S.A.;DESPESA COM A FOLHA DE PESSOAL DA SECRETARIA MUNICIPAL DE SAUDE REFERENTE AOPAGAMENTO DOS MEDICOS CREDENCIADOS QUE PRESTAM SERVICOS NAS UNIDADES DE SAU-DE E DA SMS - SCC:771555 - SEI:25.29.000000391-8                            OBS.: ESTIMADO PARA OS MESES DE NOVEMBRO/2025 E DEZEMBRO/2025.              .                                                                           VALOR EMPENHADO DE NOV/25.........................................575.000,00VALOR EMPENHADO DE DEZ/25.........................................575.000,00VALOR TOTAL:....................................................1.150.000,00.                                                                           62-TRANSFERENCIAS DE RECURSOS DO SUS - VIGILANCIA EM SAUDE                  ;Inexigibilidade de Licitação;000000012022
20252150039030009;27/11/2025 00:00:00;1150000,00;0308122025;03/12/2025 00:00:00;550388,98;202521500390300090002;03/12/2025 00:00:00;471975,14;33903400;TERCEIRIZACAO DE MAO DE OBRA.;60701190000104;SECRETARIA MUNICIPAL DE SAUDE;599611,02;SECRETARIA MUNICIPAL DE SAUDE                                                                                                                                                                                                                                ;SAUDE - 10;VIGILANCIA EPIDEMIOLOGICA - 305;TRANSFERENCIA DE RECURSOS DO SISTEMA UNICO DE SAUDE - SUS - BLOCO DE MANUTENCAO DAS ACOES E SERVICOS PUBLICOS DE SAUDE - 107;ITAU UNIBANCO S.A.;DESPESA COM A FOLHA DE PESSOAL DA SECRETARIA MUNICIPAL DE SAUDE REFERENTE AOPAGAMENTO DOS MEDICOS CREDENCIADOS QUE PRESTAM SERVICOS NAS UNIDADES DE SAU-DE E DA SMS - SCC:771555 - SEI:25.29.000000391-8                            OBS.: ESTIMADO PARA OS MESES DE NOVEMBRO/2025 E DEZEMBRO/2025.              .                                                                           VALOR EMPENHADO DE NOV/25.........................................575.000,00VALOR EMPENHADO DE DEZ/25.........................................575.000,00VALOR TOTAL:....................................................1.150.000,00.                                                                           62-TRANSFERENCIAS DE RECURSOS DO SUS - VIGILANCIA EM SAUDE                  ;Inexigibilidade de Licitação;000000012022
20252150039510014;19/11/2025 00:00:00;536524,12;0296892025;25/11/2025 00:00:00;236527,12;202521500395100140001;26/11/2025 00:00:00;236527,12;33903900;OUTROS SERVICOS DE TERCEIROS - PESSOA JURIDICA;37408630000100;SECRETARIA MUNICIPAL DE SAUDE;63469,88;SECRETARIA MUNICIPAL DE SAUDE                                                                                                                                                                                                                                ;SAUDE - 10;VIGILANCIA EPIDEMIOLOGICA - 305;TAXA PELO EXERCICIO DO PODER DE POLICIA - 106;LOC-SERVICE COMERCIO E SERVICOS LTDA;DESPESA COM CONTRATO Nº 350/2022 PARA PRESTACAO DE SERVICOS DE LIMPEZA,     HIGIENIZACAO E CONSERVACAO DAS UNIDADES/SMS VALOR RELATIVO AO PAGAMENTO DE  PENHORAS DE CREDITO, PEDIDO DE COMPRA Nº 512/2024 SCC: 580911-5, VIGÊNCIA:04/03/2025 A 03/03/2026.SEI 24.29.000045088-9/SOLICITACAO FINANCEIRA:175189/2025.                                                                         .                                                                           VALOR TOTAL:......................................................536.524,12.                                                                           FONTE: 106 - TAXA PELO EXERCICIO DO PODER DE POLICIA                        FONTE DETALHADA: 15 - VIGILANCIA SANITARIA                                  ;Pregão;000000762021
20252150039510014;19/11/2025 00:00:00;536524,12;0332402025;29/12/2025 00:00:00;236527,12;202521500395100140002;29/12/2025 00:00:00;236527,12;33903900;OUTROS SERVICOS DE TERCEIROS - PESSOA JURIDICA;37408630000100;SECRETARIA MUNICIPAL DE SAUDE;63469,88;SECRETARIA MUNICIPAL DE SAUDE                                                                                                                                                                                                                                ;SAUDE - 10;VIGILANCIA EPIDEMIOLOGICA - 305;TAXA PELO EXERCICIO DO PODER DE POLICIA - 106;LOC-SERVICE COMERCIO E SERVICOS LTDA;DESPESA COM CONTRATO Nº 350/2022 PARA PRESTACAO DE SERVICOS DE LIMPEZA,     HIGIENIZACAO E CONSERVACAO DAS UNIDADES/SMS VALOR RELATIVO AO PAGAMENTO DE  PENHORAS DE CREDITO, PEDIDO DE COMPRA Nº 512/2024 SCC: 580911-5, VIGÊNCIA:04/03/2025 A 03/03/2026.SEI 24.29.000045088-9/SOLICITACAO FINANCEIRA:175189/2025.                                                                         .                                                                           VALOR TOTAL:......................................................536.524,12.                                                                           FONTE: 106 - TAXA PELO EXERCICIO DO PODER DE POLICIA                        FONTE DETALHADA: 15 - VIGILANCIA SANITARIA                                  ;Pregão;000000762021
20252150039510015;27/11/2025 00:00:00;466666,66;;;0,00;;;0,00;33903900;OUTROS SERVICOS DE TERCEIROS - PESSOA JURIDICA;08050108000109;SECRETARIA MUNICIPAL DE SAUDE;466666,66;SECRETARIA MUNICIPAL DE SAUDE                                                                                                                                                                                                                                ;SAUDE - 10;VIGILANCIA EPIDEMIOLOGICA - 305;TAXA PELO EXERCICIO DO PODER DE POLICIA - 106;CASA BRASIL;DESPESA COM CAMPANHA PUBLICITARIA DE COMBATE E PREVENCAO DA DENGUE - 2025   CONFORME MEMORANDO Nº 540/2025-SMS/SUPVIG (8446755) E OFICIO TITULAR Nº     271/2025/SECOM-SECOM/SECGER (8567104) - SCC: 488209-8 - PED.COMPRAS 102/2025VALORES ESTIMADOS CONFORME DESPACHO Nº 31/2025-SECOM/DIRDIV (8549513).      CASA BRASIL(CNPJ : 08050108000109).                                         .                                                                           VALOR TOTAL:......................................................466.666,66.                                                                           FONTE:106 - TAXA PELO EXERCICIO DO PODER DE POLICIA                         FONTE DETALHADA:15-VIGILANCIA SANITARIA /SOLICITACAO FINANCEIRA:175393-2025.;Concorrência para Compras e Serviços;000000012019
20252150039510016;27/11/2025 00:00:00;466666,67;;;0,00;;;0,00;33903900;OUTROS SERVICOS DE TERCEIROS - PESSOA JURIDICA;08675055000103;SECRETARIA MUNICIPAL DE SAUDE;466666,67;SECRETARIA MUNICIPAL DE SAUDE                                                                                                                                                                                                                                ;SAUDE - 10;VIGILANCIA EPIDEMIOLOGICA - 305;TAXA PELO EXERCICIO DO PODER DE POLICIA - 106;FULL PROPAGANDA LTDA;DESPESA COM CAMPANHA PUBLICITARIA DE COMBATE E PREVENCAO DA DENGUE - 2025   CONFORME MEMORANDO Nº 540/2025-SMS/SUPVIG (8446755) E OFICIO TITULAR Nº     271/2025/SECOM-SECOM/SECGER (8567104) - SCC: 488217-8 - PED.COMPRAS 102/2025VALORES ESTIMADOS CONFORME DESPACHO Nº 31/2025-SECOM/DIRDIV (8549513).      FULL PROPAGANDA LTDA(CNPJ:08.675.055/0001-03).                              .                                                                           VALOR TOTAL:......................................................466.666,67.                                                                           FONTE:106 - TAXA PELO EXERCICIO DO PODER DE POLICIA                         FONTE DETALHADA:15-VIGILANCIA SANITARIA /SOLICITACAO FINANCEIRA:175394-2025.;Concorrência para Compras e Serviços;000000012019
20252150039510017;27/11/2025 00:00:00;466666,67;;;0,00;;;0,00;33903900;OUTROS SERVICOS DE TERCEIROS - PESSOA JURIDICA;05241899000158;SECRETARIA MUNICIPAL DE SAUDE;466666,67;SECRETARIA MUNICIPAL DE SAUDE                                                                                                                                                                                                                                ;SAUDE - 10;VIGILANCIA EPIDEMIOLOGICA - 305;TAXA PELO EXERCICIO DO PODER DE POLICIA - 106;STYLUS PROPAGANDA E CONSULTORIA LTDA;DESPESA COM CAMPANHA PUBLICITARIA DE COMBATE E PREVENCAO DA DENGUE - 2025   CONFORME MEMORANDO Nº 540/2025-SMS/SUPVIG (8446755) E OFICIO TITULAR Nº     271/2025/SECOM-SECOM/SECGER (8567104) - SCC: 488225-8 - PED.COMPRAS 102/2025VALORES ESTIMADOS CONFORME DESPACHO Nº 31/2025-SECOM/DIRDIV (8549513).      STYLUS PROPAGANDA E CONSULTORIA LTDA (CNPJ:05.241.899/0001-58).             .                                                                           VALOR TOTAL:......................................................466.666,67.                                                                           FONTE:106 - TAXA PELO EXERCICIO DO PODER DE POLICIA                         FONTE DETALHADA:15-VIGILANCIA SANITARIA /SOLICITACAO FINANCEIRA:175395-2025.;Concorrência para Compras e Serviços;000000012019
20252150039610050;04/11/2025 00:00:00;93326,32;;;0,00;;;0,00;33903900;OUTROS SERVICOS DE TERCEIROS - PESSOA JURIDICA;00555766000132;SECRETARIA MUNICIPAL DE SAUDE;93326,32;SECRETARIA MUNICIPAL DE SAUDE                                                                                                                                                                                                                                ;SAUDE - 10;VIGILANCIA EPIDEMIOLOGICA - 305;TRANSFERENCIA DE RECURSOS DO SISTEMA UNICO DE SAUDE - SUS - BLOCO DE MANUTENCAO DAS ACOES E SERVICOS PUBLICOS DE SAUDE - 107;NEW LINE SISTEMAS DE SEGURANCA LTDA;DESP. C/TERMO ADITIVO DE 25% AO CONTRATO N.2305/2021 RELATIVO A PRESTACAO DESERV.DE MONITORAMENTO E SEGURANCA ELETRONICA INTEGRADA NAS UNIDADES DE SAUDEDA SMS / SEI 25.29.000019910-3.                                             CONF. DESPACHO 102/2025 - GERADM, PEDIDO DE COMPRA 358/2025 - SCC:569845 - 5.                                                                           VALOR TOTAL:.......................................................93.326,32.                                                                           62 - TRANSFERENCIAS DE RECURSOS DO SUS - VIGILANCIA EM SAUDE                SOLICITACAO FINANCEIRA:170173 - 2025                                        ;Pregão;000000802020
20252150039610051;19/11/2025 00:00:00;100000,00;;;0,00;;;0,00;33903900;OUTROS SERVICOS DE TERCEIROS - PESSOA JURIDICA;01616929000102;SECRETARIA MUNICIPAL DE SAUDE;100000,00;SECRETARIA MUNICIPAL DE SAUDE                                                                                                                                                                                                                                ;SAUDE - 10;VIGILANCIA EPIDEMIOLOGICA - 305;TRANSFERENCIA DE RECURSOS DO SISTEMA UNICO DE SAUDE - SUS - BLOCO DE MANUTENCAO DAS ACOES E SERVICOS PUBLICOS DE SAUDE - 107;SANEAMENTO DE GOIAS SA  SANEAGO;DESPESA COM A EMPRESA DE SANEAMENTO DE GOIAS/SANEAGO REFERENTE AOS SERVICOS DE FORNECIMENTO DE AGUA E TRATAMENTO DE ESGOTO DAS UNIDADES DE SAUDE DESTA  SECRETARIA MUNICIPAL DE SAUDE.  SCC: 577613  - SEI 24.29.000002932-6.       OBS:VALORES RELATIVOS AOS MESES DE SETEMBRO,OUTUBRO E NOVEMBRO/2025.        .                                                                           VALOR TOTAL:.....................................................100.000,00 .                                                                           FONTE:107-TRANSFERENCIA DE RECURSOS DO SISTEMA UNICO DE SAUDE -SUS- BLOCO DEMANUTENCAO DAS ACOES E SERVICOS PUBLICOS DE SAUDE                           FONTE DETALHADA 62-TRANSFERENCIAS DE RECURSOS DO SUS - VIGILANCIA EM SAUDE  .                                                                           SOLICITACAO FINANCEIRA: 175275 - 2025                                       ;Pregão;000000212022
20252150039610052;24/11/2025 00:00:00;55664,00;;;0,00;;;0,00;33903900;OUTROS SERVICOS DE TERCEIROS - PESSOA JURIDICA;03883919000169;SECRETARIA MUNICIPAL DE SAUDE;55664,00;SECRETARIA MUNICIPAL DE SAUDE                                                                                                                                                                                                                                ;SAUDE - 10;VIGILANCIA EPIDEMIOLOGICA - 305;TRANSFERENCIA DE RECURSOS DO SISTEMA UNICO DE SAUDE - SUS - BLOCO DE MANUTENCAO DAS ACOES E SERVICOS PUBLICOS DE SAUDE - 107;DESPRAG DEDETIZADORA LTDA;DESPESA COM PRESTACAO DE SERVICOS DE CONTROLE DE PRAGAS NAS UNIDADES DA SMS ADESAO DE ATA Nº002/2025 - PREGAO ELETRONICO Nº009/2023 CONF.DESPACHO 509/2025-GERCOM, PARECER Nº 140/2025-GERPSR, MAPA DE PRECOS (7839097)- GERCOM ,SCC786943. SEI 25.29.000021333-5 - SOLICITACAO FINANCEIRA: 174573 - 2025.      .                                                                           .                                                                           VALOR TOTAL:.......................................................55.664,00.                                                                           62 - TRANSFERENCIAS DE RECURSOS DO SUS - VIGILANCIA EM SAUDE                ;Pregão;000000092023
20252150039630049;03/11/2025 00:00:00;113011,76;0287942025;19/11/2025 00:00:00;43613,73;202521500396300490001;10/12/2025 00:00:00;43613,73;33903900;OUTROS SERVICOS DE TERCEIROS - PESSOA JURIDICA;03979504000193;SECRETARIA MUNICIPAL DE SAUDE;69398,03;SECRETARIA MUNICIPAL DE SAUDE                                                                                                                                                                                                                                ;SAUDE - 10;VIGILANCIA EPIDEMIOLOGICA - 305;TRANSFERENCIA DE RECURSOS DO SISTEMA UNICO DE SAUDE - SUS - BLOCO DE MANUTENCAO DAS ACOES E SERVICOS PUBLICOS DE SAUDE - 107;HEBROM COMERCIO E SERVICOS LTDA;CONTRATACAO DIRETA EMERGENCIAL DE EMPRESA ESPECIALIZADA PARA PRESTACAO DE   SERVICOS CONTINUOS DE MANUTENCAO PREDIAL CORRETIVA E PREDITIVA, COM FORNE   CIMENTO DE MAO DE OBRA,FERRAMENTAS,MATERIAIS E INSUMOS - SCC:780147         PARA AS UNIDADES DA SMS/GOIANIA CONFORME DESPACHO NR 211/2025/GERINF        VALOR REFERENTE AS PARCELAS DE JULHO/2025 A SETEMBRO/2025                   .                                                                           VALOR EMPENHADO EM JUL/25:.......................................37.870,58  VALOR EMPENHADO DE AGO/25 A SET/25:..............................37.870,59  VALOR TOTAL:....................................................113.011,76  .                                                                           FONTE:                                                                      107 - TRANSFERENCIA DE RECURSOS DO SISTEMA UNICO DE SAUDE - SUS - BLOCO DE  MANUTENCAO DAS ACOES E SERVICOS PUBLICOS DE SAUDE                           FONTE DETALHADA:62 - TRANSFERENCIAS DE RECURSOS DO SUS - VIGILANCIA EM SAUDE;Dispensa de Licitação;000900452025
20252150047310027;12/11/2025 00:00:00;300000,00;0309982025;04/12/2025 00:00:00;300000,00;202521500473100270001;11/12/2025 00:00:00;0,00;33903900;OUTROS SERVICOS DE TERCEIROS - PESSOA JURIDICA;01103480000189;SECRETARIA MUNICIPAL DE SAUDE;0,00;SECRETARIA MUNICIPAL DE SAUDE                                                                                                                                                                                                                                ;SAUDE - 10;ASSISTENCIA HOSPITALAR E AMBULATORIAL - 302;EMENDAS PARLAMENTARES INDIVIDUAIS - TRANSFERêNCIA COM FINALIDADE DEFINIDA (ART. 1º DA EC 105/2019 E INCISO II DO ART. 166-A DA CF/88) - 181;CORAE CENTRO DE ORIENTACAO REABILITACAO E ASSIST. AO ENCEFAL;.                                                                           64 - EMENDAS PARLAMENTARES INDIVIDUAIS-TRANSF.COM FINALIDADEDEFINIDA AR 1 DAEC 105/2019 E INCISO II DO ART 166A                                         SOLICITACAO FINANCEIRA:174840/2025                                          DESPESA COM TERMO DE COMPROMISSO - INCREMENTO TEMPORÁRIO PARA CUSTEIO DOS SERVICOS DE ATENCAO ESPECIALIZADA A SAUDE, DESTINADO A MANUTENCAO DAS ATIVIDADES, BENEFICIÁRIO: CORAE - SCC:794229 - SEI:25.29.000032526-5                ORIGEM DO RECURSO: PORTARIA GM/MS NR. 7.518, DE 09/07/2025, PARLAMENTAR: VANDERLAN CARDOSO / NR. DA EMENDA: 40830004                                    .                                                                           VALOR TOTAL:......................................................300.000,00;Outros (Convênios, ajustes, similares, etc.);000010742025
20252150047310027;12/11/2025 00:00:00;300000,00;0309982025;04/12/2025 00:00:00;300000,00;202521500473100270002;24/02/2026 00:00:00;0,00;33903900;OUTROS SERVICOS DE TERCEIROS - PESSOA JURIDICA;01103480000189;SECRETARIA MUNICIPAL DE SAUDE;0,00;SECRETARIA MUNICIPAL DE SAUDE                                                                                                                                                                                                                                ;SAUDE - 10;ASSISTENCIA HOSPITALAR E AMBULATORIAL - 302;EMENDAS PARLAMENTARES INDIVIDUAIS - TRANSFERêNCIA COM FINALIDADE DEFINIDA (ART. 1º DA EC 105/2019 E INCISO II DO ART. 166-A DA CF/88) - 181;CORAE CENTRO DE ORIENTACAO REABILITACAO E ASSIST. AO ENCEFAL;.                                                                           64 - EMENDAS PARLAMENTARES INDIVIDUAIS-TRANSF.COM FINALIDADEDEFINIDA AR 1 DAEC 105/2019 E INCISO II DO ART 166A                                         SOLICITACAO FINANCEIRA:174840/2025                                          DESPESA COM TERMO DE COMPROMISSO - INCREMENTO TEMPORÁRIO PARA CUSTEIO DOS SERVICOS DE ATENCAO ESPECIALIZADA A SAUDE, DESTINADO A MANUTENCAO DAS ATIVIDADES, BENEFICIÁRIO: CORAE - SCC:794229 - SEI:25.29.000032526-5                ORIGEM DO RECURSO: PORTARIA GM/MS NR. 7.518, DE 09/07/2025, PARLAMENTAR: VANDERLAN CARDOSO / NR. DA EMENDA: 40830004                                    .                                                                           VALOR TOTAL:......................................................300.000,00;Outros (Convênios, ajustes, similares, etc.);000010742025
20252150047310027;12/11/2025 00:00:00;300000,00;0309982025;04/12/2025 00:00:00;300000,00;202521500473100270003;05/03/2026 00:00:00;300000,00;33903900;OUTROS SERVICOS DE TERCEIROS - PESSOA JURIDICA;01103480000189;SECRETARIA MUNICIPAL DE SAUDE;0,00;SECRETARIA MUNICIPAL DE SAUDE                                                                                                                                                                                                                                ;SAUDE - 10;ASSISTENCIA HOSPITALAR E AMBULATORIAL - 302;EMENDAS PARLAMENTARES INDIVIDUAIS - TRANSFERêNCIA COM FINALIDADE DEFINIDA (ART. 1º DA EC 105/2019 E INCISO II DO ART. 166-A DA CF/88) - 181;CORAE CENTRO DE ORIENTACAO REABILITACAO E ASSIST. AO ENCEFAL;.                                                                           64 - EMENDAS PARLAMENTARES INDIVIDUAIS-TRANSF.COM FINALIDADEDEFINIDA AR 1 DAEC 105/2019 E INCISO II DO ART 166A                                         SOLICITACAO FINANCEIRA:174840/2025                                          DESPESA COM TERMO DE COMPROMISSO - INCREMENTO TEMPORÁRIO PARA CUSTEIO DOS SERVICOS DE ATENCAO ESPECIALIZADA A SAUDE, DESTINADO A MANUTENCAO DAS ATIVIDADES, BENEFICIÁRIO: CORAE - SCC:794229 - SEI:25.29.000032526-5                ORIGEM DO RECURSO: PORTARIA GM/MS NR. 7.518, DE 09/07/2025, PARLAMENTAR: VANDERLAN CARDOSO / NR. DA EMENDA: 40830004                                    .                                                                           VALOR TOTAL:......................................................300.000,00;Outros (Convênios, ajustes, similares, etc.);000010742025
20252150047310028;12/11/2025 00:00:00;700000,00;0276782025;12/11/2025 00:00:00;0,00;;;0,00;33903900;OUTROS SERVICOS DE TERCEIROS - PESSOA JURIDICA;37678845000140;SECRETARIA MUNICIPAL DE SAUDE;0,00;SECRETARIA MUNICIPAL DE SAUDE                                                                                                                                                                                                                                ;SAUDE - 10;ASSISTENCIA HOSPITALAR E AMBULATORIAL - 302;EMENDAS PARLAMENTARES INDIVIDUAIS - TRANSFERêNCIA COM FINALIDADE DEFINIDA (ART. 1º DA EC 105/2019 E INCISO II DO ART. 166-A DA CF/88) - 181;INSTITUTO PATRIS;RECIPROCO, MEDIANTE A EXECUCAO DE ATIVIDADES OU DE PROJETOS PREVIAMENTE ESTABELECIDOS EM PLANOS DE TRABALHO INSERIDOS EM TERMOS DE COLABORACAO ENTRE OU-TROS.                                                                       .                                                                           DESPESA COM TERMO DE COLABORACAO EMERGENCIAL NR. 043/2025 PARA ATUAR EM RE- GIME DE GERENCIAMENTO COMPLEMENTAR COM O PODER PUBLICO MUNICIPAL NO HOSPI-  TAL E MATERNIDADE DONA IRIS(HMDI),NOS TERMOS DA LEI Nº. 13.019, DE 31  DE JULHO DE 2014, QUE ESTABELECE O REGIME JURIDICO DAS PARCERIAS ENTRE A ADMINIS-TRACAO PUBLICA E  AS  ORGANIZACOES   DA SOCIEDADE CIVIL, EM REGIME JURIDICO DE MUTUA COOPERACAO, PARA A CONSECUCAO DE FINALIDADES DE INTERESSE PUBLICO EOBS:HOSPITAL E MATERNIDADE DONA IRIS (HMDI) - INSTITUTO PATRIS TERMO DE COLABORACAO EMERGENCIAL NR. 043/2025 - EMENDA PARLAMENTAR 44780004,PORTARIA 7518/25, PARLAMENTAR: SILVYE ALVES.                                             .                                                                           VALOR TOTAL ESTIMADO:.............................................700.000,00.                                                                           SOLICITACAO FINANCEIRA NR. 175026-2025 SCC: 783111 SEI: 25.29.000027894-1.  .                                                                           181 - EMENDAS PARLAMENTARES INDIVIDUAIS - TRANSFERENCIA COM FINALIDADE DEFI-NIDA(ART. 1º DA EC 105/2019 E INCISO II DO ART. 166-A DA CF/88)             64 -EMENDAS PARLAMENTARES INDIVIDUAIS-TRANSF.COM FINALIDADE DEFINIDA AR 1 DAEC 105/2019 E INCISO II DO ART 166A                                         FONTE/CO STN:1706 3110-TRANSFERENCIA DA UNIAO DECORRENTES DE EMENDAS PARLA- MENTARES INDIVIDUAIS.                                                       ;Outros (Convênios, ajustes, similares, etc.);000000012025
20252150047310028;12/11/2025 00:00:00;700000,00;0276912025;12/11/2025 00:00:00;700000,00;202521500473100280001;12/11/2025 00:00:00;700000,00;33903900;OUTROS SERVICOS DE TERCEIROS - PESSOA JURIDICA;37678845000140;SECRETARIA MUNICIPAL DE SAUDE;0,00;SECRETARIA MUNICIPAL DE SAUDE                                                                                                                                                                                                                                ;SAUDE - 10;ASSISTENCIA HOSPITALAR E AMBULATORIAL - 302;EMENDAS PARLAMENTARES INDIVIDUAIS - TRANSFERêNCIA COM FINALIDADE DEFINIDA (ART. 1º DA EC 105/2019 E INCISO II DO ART. 166-A DA CF/88) - 181;INSTITUTO PATRIS;RECIPROCO, MEDIANTE A EXECUCAO DE ATIVIDADES OU DE PROJETOS PREVIAMENTE ESTABELECIDOS EM PLANOS DE TRABALHO INSERIDOS EM TERMOS DE COLABORACAO ENTRE OU-TROS.                                                                       .                                                                           DESPESA COM TERMO DE COLABORACAO EMERGENCIAL NR. 043/2025 PARA ATUAR EM RE- GIME DE GERENCIAMENTO COMPLEMENTAR COM O PODER PUBLICO MUNICIPAL NO HOSPI-  TAL E MATERNIDADE DONA IRIS(HMDI),NOS TERMOS DA LEI Nº. 13.019, DE 31  DE JULHO DE 2014, QUE ESTABELECE O REGIME JURIDICO DAS PARCERIAS ENTRE A ADMINIS-TRACAO PUBLICA E  AS  ORGANIZACOES   DA SOCIEDADE CIVIL, EM REGIME JURIDICO DE MUTUA COOPERACAO, PARA A CONSECUCAO DE FINALIDADES DE INTERESSE PUBLICO EOBS:HOSPITAL E MATERNIDADE DONA IRIS (HMDI) - INSTITUTO PATRIS TERMO DE COLABORACAO EMERGENCIAL NR. 043/2025 - EMENDA PARLAMENTAR 44780004,PORTARIA 7518/25, PARLAMENTAR: SILVYE ALVES.                                             .                                                                           VALOR TOTAL ESTIMADO:.............................................700.000,00.                                                                           SOLICITACAO FINANCEIRA NR. 175026-2025 SCC: 783111 SEI: 25.29.000027894-1.  .                                                                           181 - EMENDAS PARLAMENTARES INDIVIDUAIS - TRANSFERENCIA COM FINALIDADE DEFI-NIDA(ART. 1º DA EC 105/2019 E INCISO II DO ART. 166-A DA CF/88)             64 -EMENDAS PARLAMENTARES INDIVIDUAIS-TRANSF.COM FINALIDADE DEFINIDA AR 1 DAEC 105/2019 E INCISO II DO ART 166A                                         FONTE/CO STN:1706 3110-TRANSFERENCIA DA UNIAO DECORRENTES DE EMENDAS PARLA- MENTARES INDIVIDUAIS.                                                       ;Outros (Convênios, ajustes, similares, etc.);000000012025
20252150047310029;12/11/2025 00:00:00;700000,00;0276812025;12/11/2025 00:00:00;0,00;;;0,00;33903900;OUTROS SERVICOS DE TERCEIROS - PESSOA JURIDICA;72551799000115;SECRETARIA MUNICIPAL DE SAUDE;0,00;SECRETARIA MUNICIPAL DE SAUDE                                                                                                                                                                                                                                ;SAUDE - 10;ASSISTENCIA HOSPITALAR E AMBULATORIAL - 302;EMENDAS PARLAMENTARES INDIVIDUAIS - TRANSFERêNCIA COM FINALIDADE DEFINIDA (ART. 1º DA EC 105/2019 E INCISO II DO ART. 166-A DA CF/88) - 181;HOSPITAL BENEDICENTE SAO JOSE DE HERCULANDIA;DESPESA COM TERMO DE COLABORACAO EMERGENCIAL NR. 042/2025 PARA ATUAR EM RE- GIME DE GERENCIAMENTO COMPLEMENTAR COM O PODER PUBLICO MUNICIPAL NO HOSPI-  TAL E MATERNIDADE CELIA CAMARA(HMCC) ,NOS TERMOS DA LEI Nº. 13.019, DE 31   DE JULHO DE 2014, QUE ESTABELECE O REGIME JURIDICO DAS PARCERIAS ENTRE A    ADMINISTRACAO PUBLICA E AS ORGANIZACOES DA SOCIEDADE CIVIL, EM REGIME JURI- DICO DE MUTUA COOPERACAO, PARA A CONSECUCAO DE FINALIDADES DE INTERESSE PU- BLICO E RECIPROCO, MEDIANTE A EXECUCAO DE ATIVIDADES OU DE PROJETOS PREVIA- MENTE ESTABELECIDOS EM PLANOS DE TRABALHO INSERIDOS EM TERMOS DE COLABORACAOENTRE OUTROS.                                                               OBS:HOSPITAL E MATERNIDADE MUNICIPAL CELIA CAMARA (HMMCC) - TERMO DE COLABO-RACAO EMERGENCIAL NR. 042/2025 - EMENDA PARLAMENTAR 44780004, PORTARIA 7518/25, PARLAMENTAR: SILVYE ALVES.                                              VALOR TOTAL ESTIMADO:.............................................700.000,00.                                                                           SOLICITACAO FINANCEIRA NR.175027-2025 SCC: 783090 SEI: 25.29.000027894-1.   .                                                                           FONTE:181 - EMENDAS PARLAMENTARES INDIVIDUAIS - TRANSFERêNCIA COM FINALIDADEDEFINIDA (ART. 1º DA EC 105/2019 E INCISO II DO ART. 166-A DA CF/88)        FONTE DETALHADA: 64 -EMENDAS PARLAMENTARES INDIVIDUAIS-TRANSF.COM FINALIDADEDEFINIDA AR 1 DA EC 105/2019 E INCISO II DO ART 166A                        FONTE/CO STN:1706 3110 - TRANSFERENCIA DA UNIAO DECORRENTES DE EMENDAS PARLAMENTARES INDIVIDUAIS.                                                       ;Outros (Convênios, ajustes, similares, etc.);000000012025
20252150047310029;12/11/2025 00:00:00;700000,00;0276902025;12/11/2025 00:00:00;700000,00;202521500473100290001;12/11/2025 00:00:00;700000,00;33903900;OUTROS SERVICOS DE TERCEIROS - PESSOA JURIDICA;72551799000115;SECRETARIA MUNICIPAL DE SAUDE;0,00;SECRETARIA MUNICIPAL DE SAUDE                                                                                                                                                                                                                                ;SAUDE - 10;ASSISTENCIA HOSPITALAR E AMBULATORIAL - 302;EMENDAS PARLAMENTARES INDIVIDUAIS - TRANSFERêNCIA COM FINALIDADE DEFINIDA (ART. 1º DA EC 105/2019 E INCISO II DO ART. 166-A DA CF/88) - 181;HOSPITAL BENEDICENTE SAO JOSE DE HERCULANDIA;DESPESA COM TERMO DE COLABORACAO EMERGENCIAL NR. 042/2025 PARA ATUAR EM RE- GIME DE GERENCIAMENTO COMPLEMENTAR COM O PODER PUBLICO MUNICIPAL NO HOSPI-  TAL E MATERNIDADE CELIA CAMARA(HMCC) ,NOS TERMOS DA LEI Nº. 13.019, DE 31   DE JULHO DE 2014, QUE ESTABELECE O REGIME JURIDICO DAS PARCERIAS ENTRE A    ADMINISTRACAO PUBLICA E AS ORGANIZACOES DA SOCIEDADE CIVIL, EM REGIME JURI- DICO DE MUTUA COOPERACAO, PARA A CONSECUCAO DE FINALIDADES DE INTERESSE PU- BLICO E RECIPROCO, MEDIANTE A EXECUCAO DE ATIVIDADES OU DE PROJETOS PREVIA- MENTE ESTABELECIDOS EM PLANOS DE TRABALHO INSERIDOS EM TERMOS DE COLABORACAOENTRE OUTROS.                                                               OBS:HOSPITAL E MATERNIDADE MUNICIPAL CELIA CAMARA (HMMCC) - TERMO DE COLABO-RACAO EMERGENCIAL NR. 042/2025 - EMENDA PARLAMENTAR 44780004, PORTARIA 7518/25, PARLAMENTAR: SILVYE ALVES.                                              VALOR TOTAL ESTIMADO:.............................................700.000,00.                                                                           SOLICITACAO FINANCEIRA NR.175027-2025 SCC: 783090 SEI: 25.29.000027894-1.   .                                                                           FONTE:181 - EMENDAS PARLAMENTARES INDIVIDUAIS - TRANSFERêNCIA COM FINALIDADEDEFINIDA (ART. 1º DA EC 105/2019 E INCISO II DO ART. 166-A DA CF/88)        FONTE DETALHADA: 64 -EMENDAS PARLAMENTARES INDIVIDUAIS-TRANSF.COM FINALIDADEDEFINIDA AR 1 DA EC 105/2019 E INCISO II DO ART 166A                        FONTE/CO STN:1706 3110 - TRANSFERENCIA DA UNIAO DECORRENTES DE EMENDAS PARLAMENTARES INDIVIDUAIS.                                                       ;Outros (Convênios, ajustes, similares, etc.);000000012025
20252150047310030;12/11/2025 00:00:00;700000,00;0276862025;12/11/2025 00:00:00;0,00;;;0,00;33903900;OUTROS SERVICOS DE TERCEIROS - PESSOA JURIDICA;45349461000102;SECRETARIA MUNICIPAL DE SAUDE;0,00;SECRETARIA MUNICIPAL DE SAUDE                                                                                                                                                                                                                                ;SAUDE - 10;ASSISTENCIA HOSPITALAR E AMBULATORIAL - 302;EMENDAS PARLAMENTARES INDIVIDUAIS - TRANSFERêNCIA COM FINALIDADE DEFINIDA (ART. 1º DA EC 105/2019 E INCISO II DO ART. 166-A DA CF/88) - 181;ASSOCIACAO HOSPITALAR BENEFICENTE DO BRASIL;TAL E MATERNIDADE NASCER CIDADAO(HMNC),NOS TERMOS DA LEI Nº. 13.019, DE 31  DE JULHO DE 2014, QUE ESTABELECE O REGIME JURIDICO DAS PARCERIAS ENTRE A    ADMINISTRACAO PUBLICA E AS ORGANIZACOES DA SOCIEDADE CIVIL, EM REGIME JURI- DICO DE MUTUA COOPERACAO, PARA A CONSECUCAO DE FINALIDADES DE INTERESSE PU- BLICO E RECIPROCO, MEDIANTE A EXECUCAO DE ATIVIDADES OU DE PROJETOS PREVIA- MENTE ESTABELECIDOS EM PLANOS DE TRABALHO INSERIDOS EM TERMOS DE COLABORACAOENTRE OUTROS.OBS:MATERNIDADE NASCER CIDADAO (HMNC)-ENTIDADE RECOMENDADA:AHBBTERMO DE COLABORACAO EMERGENCIAL N.041/2025 EMENDA PARLAMENTAR 44780004,PORT7518/25, PARLAMENTAR: SILVYE ALVES.                                         VALOR TOTAL ESTIMADO:.............................................700.000,00.                                                                           SOLICITACAO FINANCEIRA NR.175028-2025 SCC: 783073 SEI: 25.29.000027894-1.   .                                                                           FONTE 181 - EMENDAS PARLAMENTARES INDIVIDUAIS - TRANSFERêNCIA COM FINALIDADEDEFINIDA (ART. 1º DA EC 105/2019 E INCISO II DO ART. 166-A DA CF/88)        FONTE DETALHADA:64 - EMENDAS PARLAMENTARES INDIVIDUAIS-TRANSF.COM FINALIDADEDEFINIDA AR 1 DA EC 105/2019 E INCISO II DO ART 166A                        FONTE/CO STN:1706 3110 - TRANSFERENCIA DA UNIAO DECORRENTES DE EMENDAS PARLAMENTARES INDIVIDUAIS.                                                       DESPESA COM TERMO DE COLABORACAO EMERGENCIAL NR. 041/2025 PARA ATUAR EM RE  GIME DE GERENCIAMENTO COMPLEMENTAR COM O PODER PUBLICO MUNICIPAL NO HOSPI-  ;Outros (Convênios, ajustes, similares, etc.);000000012025
20252150047310030;12/11/2025 00:00:00;700000,00;0276892025;12/11/2025 00:00:00;700000,00;202521500473100300001;12/11/2025 00:00:00;700000,00;33903900;OUTROS SERVICOS DE TERCEIROS - PESSOA JURIDICA;45349461000102;SECRETARIA MUNICIPAL DE SAUDE;0,00;SECRETARIA MUNICIPAL DE SAUDE                                                                                                                                                                                                                                ;SAUDE - 10;ASSISTENCIA HOSPITALAR E AMBULATORIAL - 302;EMENDAS PARLAMENTARES INDIVIDUAIS - TRANSFERêNCIA COM FINALIDADE DEFINIDA (ART. 1º DA EC 105/2019 E INCISO II DO ART. 166-A DA CF/88) - 181;ASSOCIACAO HOSPITALAR BENEFICENTE DO BRASIL;TAL E MATERNIDADE NASCER CIDADAO(HMNC),NOS TERMOS DA LEI Nº. 13.019, DE 31  DE JULHO DE 2014, QUE ESTABELECE O REGIME JURIDICO DAS PARCERIAS ENTRE A    ADMINISTRACAO PUBLICA E AS ORGANIZACOES DA SOCIEDADE CIVIL, EM REGIME JURI- DICO DE MUTUA COOPERACAO, PARA A CONSECUCAO DE FINALIDADES DE INTERESSE PU- BLICO E RECIPROCO, MEDIANTE A EXECUCAO DE ATIVIDADES OU DE PROJETOS PREVIA- MENTE ESTABELECIDOS EM PLANOS DE TRABALHO INSERIDOS EM TERMOS DE COLABORACAOENTRE OUTROS.OBS:MATERNIDADE NASCER CIDADAO (HMNC)-ENTIDADE RECOMENDADA:AHBBTERMO DE COLABORACAO EMERGENCIAL N.041/2025 EMENDA PARLAMENTAR 44780004,PORT7518/25, PARLAMENTAR: SILVYE ALVES.                                         VALOR TOTAL ESTIMADO:.............................................700.000,00.                                                                           SOLICITACAO FINANCEIRA NR.175028-2025 SCC: 783073 SEI: 25.29.000027894-1.   .                                                                           FONTE 181 - EMENDAS PARLAMENTARES INDIVIDUAIS - TRANSFERêNCIA COM FINALIDADEDEFINIDA (ART. 1º DA EC 105/2019 E INCISO II DO ART. 166-A DA CF/88)        FONTE DETALHADA:64 - EMENDAS PARLAMENTARES INDIVIDUAIS-TRANSF.COM FINALIDADEDEFINIDA AR 1 DA EC 105/2019 E INCISO II DO ART 166A                        FONTE/CO STN:1706 3110 - TRANSFERENCIA DA UNIAO DECORRENTES DE EMENDAS PARLAMENTARES INDIVIDUAIS.                                                       DESPESA COM TERMO DE COLABORACAO EMERGENCIAL NR. 041/2025 PARA ATUAR EM RE  GIME DE GERENCIAMENTO COMPLEMENTAR COM O PODER PUBLICO MUNICIPAL NO HOSPI-  ;Outros (Convênios, ajustes, similares, etc.);000000012025
20252150049110040;10/11/2025 00:00:00;70000,00;0310812025;04/12/2025 00:00:00;70000,00;202521500491100400001;10/12/2025 00:00:00;70000,00;33903900;OUTROS SERVICOS DE TERCEIROS - PESSOA JURIDICA;03616183000162;SECRETARIA MUNICIPAL DE SAUDE;0,00;SECRETARIA MUNICIPAL DE SAUDE                                                                                                                                                                                                                                ;SAUDE - 10;ATENCAO BASICA - 301;RECEITAS DE IMPOSTOS E DE TRANSFERENCIAS DE IMPOSTOS - SAUDE - 102;NUCLEO DE PROTECAO AOS QUEIMADOS - NPQ;DESPESA COM EMENDA AO PROJETO DE LEI NR. 268/2024 PARA O REPASSE DE RECURSOSDE NATUREZA IMPOSITIVA DESTINA A SAUDE NO EXERCICIO FINANCEIRO DE 2025, DE ACORDO COM A LEI NR. 11.315, DE 07/01/2025-LOA, EMENDA NR. 35.38 / PARLAMENTAR: WILLIAN VELOSSO / DESTINO: NUCLEO DE PROTECAO AOS QUEIMADOS - NPQ VALOR ESTIMADO: R$ 70.000,00 - SCC:794075 - SEI:25.29.000029402-5                  .                                                                           VALOR TOTAL:.......................................................70.000,00.                                                                           634 - RECURSOS ORDINARIOS PARA ATENDER EMENDA IMPOSITIVA                    SOLICITACAO FINANCEIRA:174823/2025                                          ;Outros (Convênios, ajustes, similares, etc.);000007062025
20252150049110041;17/11/2025 00:00:00;916853,23;0318602025;12/12/2025 00:00:00;916853,23;202521500491100410001;18/12/2025 00:00:00;0,00;33903900;OUTROS SERVICOS DE TERCEIROS - PESSOA JURIDICA;08796528000120;SECRETARIA MUNICIPAL DE SAUDE;0,00;SECRETARIA MUNICIPAL DE SAUDE                                                                                                                                                                                                                                ;SAUDE - 10;ATENCAO BASICA - 301;RECEITAS DE IMPOSTOS E DE TRANSFERENCIAS DE IMPOSTOS - SAUDE - 102;BRAZIL HUMAN ANIMAL NON GOVERNMENTAL ORGANIZATION;.                                                                           FONTE:102-RECEITAS DE IMPOSTOS E DE TRANSFERENCIAS DE IMPOSTOS - SAUDE      FONTE DETALHADA:634-RECURSOS ORDINARIOS PARA ATENDER EMENDA IMPOSITIVA      FONTE/CO STN:1500 1002-IDENTIFICACAO DAS DESPESAS C/ACOES E SERVICOS DESAU- .                                                                           EMENDA NR. 2.11 / PARLAMENTAR:ANDERSON SALES/DESTINO:BRAZIL HUMAN ANIMAL NONGOVERNMENTAL ORGANIZATION.                                                  VALOR ESTIMADO:.................................................R$916.853,23VALOR TOTAL:....................................................R$916.853,23DE    -     SOLICITACAO FINANCEIRA: 175113 - 2025.                          DESPESA C/EMENDA AO PROJETO DE LEI NR.268/2024 PARA O REPASSE DE RECURSOSDE NATUREZA IMPOSITIVA DESTINA A SAUDE NO EXERCICIO FINANCEIRO DE 2025, DE ACORDO COM A LEI NR. 11.315, DE 07/01/2025-LOA. SEI 25.29.000035349-8.          EMENDA NR. 2.11 / PARLAMENTAR: ANDERSON SALES / DESTINO: BRAZIL HUMAN ANIMALNON GOVERNMENTAL ORGANIZATION VALOR ESTIMADO: R$ 916.853,23. SCC:795209.    ;Outros (Convênios, ajustes, similares, etc.);000009222025
20252150049110041;17/11/2025 00:00:00;916853,23;0318602025;12/12/2025 00:00:00;916853,23;202521500491100410002;19/01/2026 00:00:00;916853,23;33903900;OUTROS SERVICOS DE TERCEIROS - PESSOA JURIDICA;08796528000120;SECRETARIA MUNICIPAL DE SAUDE;0,00;SECRETARIA MUNICIPAL DE SAUDE                                                                                                                                                                                                                                ;SAUDE - 10;ATENCAO BASICA - 301;RECEITAS DE IMPOSTOS E DE TRANSFERENCIAS DE IMPOSTOS - SAUDE - 102;BRAZIL HUMAN ANIMAL NON GOVERNMENTAL ORGANIZATION;.                                                                           FONTE:102-RECEITAS DE IMPOSTOS E DE TRANSFERENCIAS DE IMPOSTOS - SAUDE      FONTE DETALHADA:634-RECURSOS ORDINARIOS PARA ATENDER EMENDA IMPOSITIVA      FONTE/CO STN:1500 1002-IDENTIFICACAO DAS DESPESAS C/ACOES E SERVICOS DESAU- .                                                                           EMENDA NR. 2.11 / PARLAMENTAR:ANDERSON SALES/DESTINO:BRAZIL HUMAN ANIMAL NONGOVERNMENTAL ORGANIZATION.                                                  VALOR ESTIMADO:.................................................R$916.853,23VALOR TOTAL:....................................................R$916.853,23DE    -     SOLICITACAO FINANCEIRA: 175113 - 2025.                          DESPESA C/EMENDA AO PROJETO DE LEI NR.268/2024 PARA O REPASSE DE RECURSOSDE NATUREZA IMPOSITIVA DESTINA A SAUDE NO EXERCICIO FINANCEIRO DE 2025, DE ACORDO COM A LEI NR. 11.315, DE 07/01/2025-LOA. SEI 25.29.000035349-8.          EMENDA NR. 2.11 / PARLAMENTAR: ANDERSON SALES / DESTINO: BRAZIL HUMAN ANIMALNON GOVERNMENTAL ORGANIZATION VALOR ESTIMADO: R$ 916.853,23. SCC:795209.    ;Outros (Convênios, ajustes, similares, etc.);000009222025
20252150049110042;17/11/2025 00:00:00;1000316,00;0321702025;18/12/2025 00:00:00;1000316,00;202521500491100420001;23/12/2025 00:00:00;0,00;33903900;OUTROS SERVICOS DE TERCEIROS - PESSOA JURIDICA;22579469000160;SECRETARIA MUNICIPAL DE SAUDE;0,00;SECRETARIA MUNICIPAL DE SAUDE                                                                                                                                                                                                                                ;SAUDE - 10;ATENCAO BASICA - 301;RECEITAS DE IMPOSTOS E DE TRANSFERENCIAS DE IMPOSTOS - SAUDE - 102;CENTRO DE GESTAO INTEGRADA - CGI;DESPESA C/EMENDA AO PROJETO DE LEI NR.268/2024 PARA O REPASSE DE RECURSOS DENATUREZA IMPOSITIVA DESTINA À SAÚDE NO EXERCÍCIO FINANCEIRO DE 2025, DE ACORDO COM A LEI NR. 11.315, DE 07/01/2025-LOA. SEI 25.29.000029291-0.          EMENDA N.34.02/PARLAMENTAR:WELTON LEMOS/DESTINO:CENTRO DE GESTAO INTEGRADA- CGI VALOR ESTIMADO: R$ 1.000.316,00.  SCC: 795217.                          .                                                                           EMENDA N.34.02/PARLAMENTAR:WELTON LEMOS/DESTINO: CENTRO DE GESTAO INTEGRADA-CGI.                                                                        VALOR ESTIMADO:...............................................R$1.000.316,00VALOR TOTAL:..................................................R$1.000.316,00.                                                                           FONTE:102 - RECEITAS DE IMPOSTOS E DE TRANSFERENCIAS DE IMPOSTOS - SAUDE    FONTE DETALHADA: 634 - RECURSOS ORDINARIOS PARA ATENDER EMENDA IMPOSITIVA   FONTE/CO STN:1500 1002 - IDENTIFICACAO DAS DESPESAS COM ACOES E SERVICOS  DESAUDE    -   SOLICITACAO FINANCEIRA: 175164 - 2025.                         ;Outros (Convênios, ajustes, similares, etc.);000007052025
20252150049110042;17/11/2025 00:00:00;1000316,00;0321702025;18/12/2025 00:00:00;1000316,00;202521500491100420002;19/01/2026 00:00:00;1000316,00;33903900;OUTROS SERVICOS DE TERCEIROS - PESSOA JURIDICA;22579469000160;SECRETARIA MUNICIPAL DE SAUDE;0,00;SECRETARIA MUNICIPAL DE SAUDE                                                                                                                                                                                                                                ;SAUDE - 10;ATENCAO BASICA - 301;RECEITAS DE IMPOSTOS E DE TRANSFERENCIAS DE IMPOSTOS - SAUDE - 102;CENTRO DE GESTAO INTEGRADA - CGI;DESPESA C/EMENDA AO PROJETO DE LEI NR.268/2024 PARA O REPASSE DE RECURSOS DENATUREZA IMPOSITIVA DESTINA À SAÚDE NO EXERCÍCIO FINANCEIRO DE 2025, DE ACORDO COM A LEI NR. 11.315, DE 07/01/2025-LOA. SEI 25.29.000029291-0.          EMENDA N.34.02/PARLAMENTAR:WELTON LEMOS/DESTINO:CENTRO DE GESTAO INTEGRADA- CGI VALOR ESTIMADO: R$ 1.000.316,00.  SCC: 795217.                          .                                                                           EMENDA N.34.02/PARLAMENTAR:WELTON LEMOS/DESTINO: CENTRO DE GESTAO INTEGRADA-CGI.                                                                        VALOR ESTIMADO:...............................................R$1.000.316,00VALOR TOTAL:..................................................R$1.000.316,00.                                                                           FONTE:102 - RECEITAS DE IMPOSTOS E DE TRANSFERENCIAS DE IMPOSTOS - SAUDE    FONTE DETALHADA: 634 - RECURSOS ORDINARIOS PARA ATENDER EMENDA IMPOSITIVA   FONTE/CO STN:1500 1002 - IDENTIFICACAO DAS DESPESAS COM ACOES E SERVICOS  DESAUDE    -   SOLICITACAO FINANCEIRA: 175164 - 2025.                         ;Outros (Convênios, ajustes, similares, etc.);000007052025
20252150049110043;24/11/2025 00:00:00;100000,00;0336302025;29/01/2026 00:00:00;100000,00;202521500491100430001;30/01/2026 00:00:00;100000,00;33903900;OUTROS SERVICOS DE TERCEIROS - PESSOA JURIDICA;15253686000108;SECRETARIA MUNICIPAL DE SAUDE;0,00;SECRETARIA MUNICIPAL DE SAUDE                                                                                                                                                                                                                                ;SAUDE - 10;ATENCAO BASICA - 301;RECEITAS DE IMPOSTOS E DE TRANSFERENCIAS DE IMPOSTOS - SAUDE - 102;INSTITUTO CRUZEIRO DO SUL;DESPESA COM EMENDA AO PROJETO DE LEI NR. 268/2024 PARA O REPASSE DE RECURSOSDE NATUREZA IMPOSITIVA DESTINA A SAUDE NO EXERCICIO FINANCEIRO DE 2025, DE ACORDO COM A LEI NR. 11.315, DE 07/01/2025-LOA. SEI 25.9.000000689-9.        EMENDA NR. 3.37 / PARLAMENTAR: ANSELMO PEREIRA / DESTINO: INSTITUTO CRUZEIRODO SUL.   SOLICITACAO FINANCEIRA: 175115 - 2025.                            VALOR ESTIMADO:................................................R$ 100.000,00VALOR TOTAL:...................................................R$ 100.000,00.                                                                           FONTE 102 - RECEITAS DE IMPOSTOS E DE TRANSFERENCIAS DE IMPOSTOS - SAUDE    FONTE DETALHADA 634 - RECURSOS ORDINARIOS PARA ATENDER EMENDA IMPOSITIVA    ;Outros (Convênios, ajustes, similares, etc.);000011122025
20252150049110044;25/11/2025 00:00:00;650000,00;0318612025;12/12/2025 00:00:00;650000,00;202521500491100440001;18/12/2025 00:00:00;0,00;33903900;OUTROS SERVICOS DE TERCEIROS - PESSOA JURIDICA;08796528000120;SECRETARIA MUNICIPAL DE SAUDE;0,00;SECRETARIA MUNICIPAL DE SAUDE                                                                                                                                                                                                                                ;SAUDE - 10;ATENCAO BASICA - 301;RECEITAS DE IMPOSTOS E DE TRANSFERENCIAS DE IMPOSTOS - SAUDE - 102;BRAZIL HUMAN ANIMAL NON GOVERNMENTAL ORGANIZATION;DESPESA COM EMENDA AO PROJETO DE LEI NR. 268/2024 PARA O REPASSE DE RECURSOSDE NATUREZA IMPOSITIVA DESTINA À SAÚDE NO EXERCÍCIO FINANCEIRO DE 2025, DE ACORDO COM A LEI NR. 11.315, DE 07/01/2025-LOA. SEI 25.29.000035349-8.       EMENDA NR. 4.05 / PARLAMENTAR: BESSA /DESTINO: BRAZIL HUMAN ANIMAL NON GOVERNMENTAL ORGANIZATION VALOR ESTIMADO: R$ 650.000,00.  SCC: 795209.           .                                                                           EMENDA NR. 4.05 / PARLAMENTAR: BESSA /DESTINO: BRAZIL HUMAN ANIMAL NON GOVERNMENTAL ORGANIZATION.                                                       VALOR ESTIMADO:.................................................R$650.000,00VALOR TOTAL:....................................................R$650.000,00.                                                                           FONTE 102 - RECEITAS DE IMPOSTOS E DE TRANSFERENCIAS DE IMPOSTOS - SAUDE    FONTE DETALHADA 634 - RECURSOS ORDINARIOS PARA ATENDER EMENDA IMPOSITIVA    FONTE/CO STN:1500 1002-IDENTIFICACAO DAS DESPESAS COM  ACOES  E  SERVICOS DESAUDE   - SOLICITACAO FINANCEIRA : 175282 - 2025.                           ;Outros (Convênios, ajustes, similares, etc.);000009222025
20252150049110044;25/11/2025 00:00:00;650000,00;0318612025;12/12/2025 00:00:00;650000,00;202521500491100440002;19/01/2026 00:00:00;650000,00;33903900;OUTROS SERVICOS DE TERCEIROS - PESSOA JURIDICA;08796528000120;SECRETARIA MUNICIPAL DE SAUDE;0,00;SECRETARIA MUNICIPAL DE SAUDE                                                                                                                                                                                                                                ;SAUDE - 10;ATENCAO BASICA - 301;RECEITAS DE IMPOSTOS E DE TRANSFERENCIAS DE IMPOSTOS - SAUDE - 102;BRAZIL HUMAN ANIMAL NON GOVERNMENTAL ORGANIZATION;DESPESA COM EMENDA AO PROJETO DE LEI NR. 268/2024 PARA O REPASSE DE RECURSOSDE NATUREZA IMPOSITIVA DESTINA À SAÚDE NO EXERCÍCIO FINANCEIRO DE 2025, DE ACORDO COM A LEI NR. 11.315, DE 07/01/2025-LOA. SEI 25.29.000035349-8.       EMENDA NR. 4.05 / PARLAMENTAR: BESSA /DESTINO: BRAZIL HUMAN ANIMAL NON GOVERNMENTAL ORGANIZATION VALOR ESTIMADO: R$ 650.000,00.  SCC: 795209.           .                                                                           EMENDA NR. 4.05 / PARLAMENTAR: BESSA /DESTINO: BRAZIL HUMAN ANIMAL NON GOVERNMENTAL ORGANIZATION.                                                       VALOR ESTIMADO:.................................................R$650.000,00VALOR TOTAL:....................................................R$650.000,00.                                                                           FONTE 102 - RECEITAS DE IMPOSTOS E DE TRANSFERENCIAS DE IMPOSTOS - SAUDE    FONTE DETALHADA 634 - RECURSOS ORDINARIOS PARA ATENDER EMENDA IMPOSITIVA    FONTE/CO STN:1500 1002-IDENTIFICACAO DAS DESPESAS COM  ACOES  E  SERVICOS DESAUDE   - SOLICITACAO FINANCEIRA : 175282 - 2025.                           ;Outros (Convênios, ajustes, similares, etc.);000009222025
20252150049110045;25/11/2025 00:00:00;1000000,00;0318632025;12/12/2025 00:00:00;1000000,00;202521500491100450001;18/12/2025 00:00:00;0,00;33903900;OUTROS SERVICOS DE TERCEIROS - PESSOA JURIDICA;08796528000120;SECRETARIA MUNICIPAL DE SAUDE;0,00;SECRETARIA MUNICIPAL DE SAUDE                                                                                                                                                                                                                                ;SAUDE - 10;ATENCAO BASICA - 301;RECEITAS DE IMPOSTOS E DE TRANSFERENCIAS DE IMPOSTOS - SAUDE - 102;BRAZIL HUMAN ANIMAL NON GOVERNMENTAL ORGANIZATION;DESPESA COM EMENDA AO PROJETO DE LEI NR. 268/2024 PARA O REPASSE DE RECURSOSDE NATUREZA IMPOSITIVA DESTINA A SAUDE NO EXERCICIO FINANCEIRO DE 2025, DE ACORDO COM A LEI NR. 11.315, DE 07/01/2025-LOA. SEI 25.29.000035349-8.       EMENDA NR. 2.01 / PARLAMENTAR: ANDERSON SALES / DESTINO: BRAZIL HUMAN ANIMALNON GOVERNMENTAL ORGANIZATION VALOR ESTIMADO: R$ 1.000.000,00. SCC:795209.  .                                                                           EMENDA NR. 2.01 / PARLAMENTAR: ANDERSON SALES / DESTINO: BRAZIL HUMAN ANIMALNON GOVERNMENTAL ORGANIZATION.                                              VALOR ESTIMADO:...............................................R$1.000.000,00VALOR TOTAL:..................................................R$1.000.000,00.                                                                           FONTE 102 - RECEITAS DE IMPOSTOS E DE TRANSFERENCIAS DE IMPOSTOS - SAUDE    FONTE DETALHADA 634 - RECURSOS ORDINARIOS PARA ATENDER EMENDA IMPOSITIVA    FONTE/CO STN1500 1002-IDENTIFICACAO DAS DESPESAS COM ACOES E SERVICOS DE SAUDE                  -    SOLICITACAO FINANCEIRA :175284 - 2025.             ;Outros (Convênios, ajustes, similares, etc.);000009222025
20252150049110045;25/11/2025 00:00:00;1000000,00;0318632025;12/12/2025 00:00:00;1000000,00;202521500491100450002;19/01/2026 00:00:00;1000000,00;33903900;OUTROS SERVICOS DE TERCEIROS - PESSOA JURIDICA;08796528000120;SECRETARIA MUNICIPAL DE SAUDE;0,00;SECRETARIA MUNICIPAL DE SAUDE                                                                                                                                                                                                                                ;SAUDE - 10;ATENCAO BASICA - 301;RECEITAS DE IMPOSTOS E DE TRANSFERENCIAS DE IMPOSTOS - SAUDE - 102;BRAZIL HUMAN ANIMAL NON GOVERNMENTAL ORGANIZATION;DESPESA COM EMENDA AO PROJETO DE LEI NR. 268/2024 PARA O REPASSE DE RECURSOSDE NATUREZA IMPOSITIVA DESTINA A SAUDE NO EXERCICIO FINANCEIRO DE 2025, DE ACORDO COM A LEI NR. 11.315, DE 07/01/2025-LOA. SEI 25.29.000035349-8.       EMENDA NR. 2.01 / PARLAMENTAR: ANDERSON SALES / DESTINO: BRAZIL HUMAN ANIMALNON GOVERNMENTAL ORGANIZATION VALOR ESTIMADO: R$ 1.000.000,00. SCC:795209.  .                                                                           EMENDA NR. 2.01 / PARLAMENTAR: ANDERSON SALES / DESTINO: BRAZIL HUMAN ANIMALNON GOVERNMENTAL ORGANIZATION.                                              VALOR ESTIMADO:...............................................R$1.000.000,00VALOR TOTAL:..................................................R$1.000.000,00.                                                                           FONTE 102 - RECEITAS DE IMPOSTOS E DE TRANSFERENCIAS DE IMPOSTOS - SAUDE    FONTE DETALHADA 634 - RECURSOS ORDINARIOS PARA ATENDER EMENDA IMPOSITIVA    FONTE/CO STN1500 1002-IDENTIFICACAO DAS DESPESAS COM ACOES E SERVICOS DE SAUDE                  -    SOLICITACAO FINANCEIRA :175284 - 2025.             ;Outros (Convênios, ajustes, similares, etc.);000009222025
20252150049110046;26/11/2025 00:00:00;300000,00;0332422025;29/12/2025 00:00:00;300000,00;202521500491100460001;19/01/2026 00:00:00;300000,00;33903900;OUTROS SERVICOS DE TERCEIROS - PESSOA JURIDICA;06979993000171;SECRETARIA MUNICIPAL DE SAUDE;0,00;SECRETARIA MUNICIPAL DE SAUDE                                                                                                                                                                                                                                ;SAUDE - 10;ATENCAO BASICA - 301;RECEITAS DE IMPOSTOS E DE TRANSFERENCIAS DE IMPOSTOS - SAUDE - 102;PEQUENA OBRA DA DIVINA PROVIDENCIA RECANTO DOM ORIONE;DESPESA COM EMENDA AO PROJETO DE LEI NR. 268/2024 PARA O REPASSE DE RECURSOSDE NATUREZA IMPOSITIVA DESTINA A SAUDE NO EXERCICIO FINANCEIRO DE 2025, DE ACORDO COM A LEI NR.11.315, DE 07/01/2025-LOA. SEI25.29.000042114-0/SCC795942EMENDA NR. 10.04 / PARLAMENTAR: ROMARIO POLICARPO / DESTINO: PEQUENA OBRA DADIVINA PROVIDENCIA RECANTO DOM ORIONE VALOR ESTIMADO: R$ 300.000,00.        .                                                                           VALOR ESTIMADO:.................................................R$300.000,00VALOR TOTAL:....................................................R$300.000,00.                                                                           FONTE 102 - RECEITAS DE IMPOSTOS E DE TRANSFERENCIAS DE IMPOSTOS - SAUDE    FONTE DETALHADA 634 - RECURSOS ORDINARIOS PARA ATENDER EMENDA IMPOSITIVA    FONTE/CO STN:1500 1002  - IDENTIFICACAO DAS DESPESAS COM ACOES E SERVICOS DESAUDE   / SOLICITACAO FINANCEIRA: 175220 - 2025.                            ;Outros (Convênios, ajustes, similares, etc.);000011362025
20252150049710001;05/11/2025 00:00:00;6336,00;0337992025;09/03/2026 00:00:00;6336,00;202521500497100010001;12/03/2026 00:00:00;6336,00;33903000;MATERIAL DE CONSUMO;15113697000184;SECRETARIA MUNICIPAL DE SAUDE;0,00;SECRETARIA MUNICIPAL DE SAUDE                                                                                                                                                                                                                                ;SAUDE - 10;ASSISTENCIA HOSPITALAR E AMBULATORIAL - 302;RECEITAS DE IMPOSTOS E DE TRANSFERENCIAS DE IMPOSTOS - SAUDE - 102;BR MIX COMERCIO E SERVIOS LTDA;"DESPESA COM EMENDA AO PROJETO DE LEI NR. 268/2024 PARA O REPASSE DE RECUR   SOS DE NATUREZA IMPOSITIVA DESTINA À SAÚDE NO EXERCÍCIO FINANCEIRO DE       2025 DE ACORDO COM A LEI NR. 11.315, DE 07/01/2025-LOA                      EMENDA PARLAMENTAR MUNICIPAL 17.01; 17.02; 17.03; 17.04; 17.05; 17.06;      17.07; 17.08; 17.09; 17.10; 17.11 E 17.12 DA VEREADORA KATIA MARIA DOS      SANTOS PARA ESTRUTURAÇÃO DE 12 UNIDADES DE SAÚDE MENTAL                     .                                                                           2 - BOLA BORRACHA ESPORTIVA N-12 - MARCA:LCD                                COD:232734..............120UN..............21,00..................2.520,00  3 - BOLA FUTEBOL CAMPO - MARCA:MANGUSSY                                     COD:064106...............12UN..............88,00..................1.056,00  4 - BOLA FUTEBOL SOCIETY - MARCA:MAGUSSY                                    COD:180408...............12UN..............63,00....................756,00  5 - BOLA FUTEBOL SALAO - MARCA:MAGUSSY                                      COD:142735...............12UN..............58,00....................696,00  6 - BOLA VOLEI - MARCA:MAGUSSY                                              COD:519413...............12UN.............109,00..................1.308,00  VALOR TOTAL:......................................................6.336,00  .                                                                           OBS.: A ENTREGA DOS ITENS SERA EFETUADA CONFORME SOLICITACAO DA SECRETARIA  MUNICIPAL DE SAUDE,  COM PRAZO  NAO SUPERIOR A 15(QUINZE) DIAS UTEIS, EM    PARCELA UNICA, CONTADOS A PARTIR DO RECEBIMENTO  DA NOTA  DE EMPENHO, OR    DEM DE FORNECIMENTO OU DA ORDEM DE SERVICO ACOMPANHADOS DOS DOCUMENTOS      FISCAIS RESPECTIVOS.                                                        .                                                                           OS BENS DEVERAO SER ENTREGUE NO ALMOXARIFADO CENTRAL SMS NO ENDEREÇO: AVENI DA PERIMETRAL NORTE, CONDOMINIO GOIAZEM, BLOCO E, GALPAO 09 E 10, VILA JOAO VAZ, CEP 74.425-090, GOIANIA-GO. TELEFONES 62 3524-3401 / 3524-3407, NO HO- RARIO DAS 08H00MIN AS 17H00MIN, MEDIANTE AGENDAMENTO PREVIO PELO E-MAIL:    CIAD.GOIANIA@BRANETLOGISTICA.COM.BR                                         .                                                                           634 - RECURSOS ORDINARIOS PARA ATENDER EMENDA IMPOSITIVA                    SOLICITACAO FINANCEIRA: 174542/2025                                         ";Pregão;000900352025
20252150049710002;05/11/2025 00:00:00;18597,60;0336822025;06/02/2026 00:00:00;18597,60;202521500497100020001;13/03/2026 00:00:00;0,00;33903000;MATERIAL DE CONSUMO;56970083000104;SECRETARIA MUNICIPAL DE SAUDE;0,00;SECRETARIA MUNICIPAL DE SAUDE                                                                                                                                                                                                                                ;SAUDE - 10;ASSISTENCIA HOSPITALAR E AMBULATORIAL - 302;RECEITAS DE IMPOSTOS E DE TRANSFERENCIAS DE IMPOSTOS - SAUDE - 102;ISMANE DOS SANTOS GENTIL;"DESPESA COM EMENDA AO PROJETO DE LEI NR. 268/2024 PARA O REPASSE DE RECUR   SOS DE NATUREZA IMPOSITIVA DESTINA À SAÚDE NO EXERCÍCIO FINANCEIRO DE       2025 DE ACORDO COM A LEI NR. 11.315, DE 07/01/2025-LOA                      EMENDA PARLAMENTAR MUNICIPAL 17.01; 17.02; 17.03; 17.04; 17.05; 17.06;      17.07; 17.08; 17.09; 17.10; 17.11 E 17.12 DA VEREADORA KATIA MARIA DOS      SANTOS PARA ESTRUTURAÇÃO DE 12 UNIDADES DE SAÚDE MENTAL                     .                                                                           11 - CAIXA PLASTICA TRANSPORTE DE MERCADORIA - MARCA:CTR                    COD:071412..............120UN.............154,98.................18.597,60  VALOR TOTAL:.....................................................18.597,60  .                                                                           OBS.: A ENTREGA DOS ITENS SERA EFETUADA CONFORME SOLICITACAO DA SECRETARIA  MUNICIPAL DE SAUDE,  COM PRAZO  NAO SUPERIOR A 15(QUINZE) DIAS UTEIS, EM    PARCELA UNICA, CONTADOS A PARTIR DO RECEBIMENTO  DA NOTA  DE EMPENHO, OR    DEM DE FORNECIMENTO OU DA ORDEM DE SERVICO ACOMPANHADOS DOS DOCUMENTOS      .                                                                           OS BENS DEVERAO SER ENTREGUE NO ALMOXARIFADO CENTRAL SMS NO ENDEREÇO: AVENI DA PERIMETRAL NORTE, CONDOMINIO GOIAZEM, BLOCO E, GALPAO 09 E 10, VILA JOAO VAZ, CEP 74.425-090, GOIANIA-GO. TELEFONES 62 3524-3401 / 3524-3407, NO HO- RARIO DAS 08H00MIN AS 17H00MIN, MEDIANTE AGENDAMENTO PREVIO PELO E-MAIL:    CIAD.GOIANIA@BRANETLOGISTICA.COM.BR                                         .                                                                           634 - RECURSOS ORDINARIOS PARA ATENDER EMENDA IMPOSITIVA                    SOLICITACAO FINANCEIRA: 174543/2025                                         ";Pregão;000900352025
20252150049710002;05/11/2025 00:00:00;18597,60;0336822025;06/02/2026 00:00:00;18597,60;202521500497100020002;17/03/2026 00:00:00;0,00;33903000;MATERIAL DE CONSUMO;56970083000104;SECRETARIA MUNICIPAL DE SAUDE;0,00;SECRETARIA MUNICIPAL DE SAUDE                                                                                                                                                                                                                                ;SAUDE - 10;ASSISTENCIA HOSPITALAR E AMBULATORIAL - 302;RECEITAS DE IMPOSTOS E DE TRANSFERENCIAS DE IMPOSTOS - SAUDE - 102;ISMANE DOS SANTOS GENTIL;"DESPESA COM EMENDA AO PROJETO DE LEI NR. 268/2024 PARA O REPASSE DE RECUR   SOS DE NATUREZA IMPOSITIVA DESTINA À SAÚDE NO EXERCÍCIO FINANCEIRO DE       2025 DE ACORDO COM A LEI NR. 11.315, DE 07/01/2025-LOA                      EMENDA PARLAMENTAR MUNICIPAL 17.01; 17.02; 17.03; 17.04; 17.05; 17.06;      17.07; 17.08; 17.09; 17.10; 17.11 E 17.12 DA VEREADORA KATIA MARIA DOS      SANTOS PARA ESTRUTURAÇÃO DE 12 UNIDADES DE SAÚDE MENTAL                     .                                                                           11 - CAIXA PLASTICA TRANSPORTE DE MERCADORIA - MARCA:CTR                    COD:071412..............120UN.............154,98.................18.597,60  VALOR TOTAL:.....................................................18.597,60  .                                                                           OBS.: A ENTREGA DOS ITENS SERA EFETUADA CONFORME SOLICITACAO DA SECRETARIA  MUNICIPAL DE SAUDE,  COM PRAZO  NAO SUPERIOR A 15(QUINZE) DIAS UTEIS, EM    PARCELA UNICA, CONTADOS A PARTIR DO RECEBIMENTO  DA NOTA  DE EMPENHO, OR    DEM DE FORNECIMENTO OU DA ORDEM DE SERVICO ACOMPANHADOS DOS DOCUMENTOS      .                                                                           OS BENS DEVERAO SER ENTREGUE NO ALMOXARIFADO CENTRAL SMS NO ENDEREÇO: AVENI DA PERIMETRAL NORTE, CONDOMINIO GOIAZEM, BLOCO E, GALPAO 09 E 10, VILA JOAO VAZ, CEP 74.425-090, GOIANIA-GO. TELEFONES 62 3524-3401 / 3524-3407, NO HO- RARIO DAS 08H00MIN AS 17H00MIN, MEDIANTE AGENDAMENTO PREVIO PELO E-MAIL:    CIAD.GOIANIA@BRANETLOGISTICA.COM.BR                                         .                                                                           634 - RECURSOS ORDINARIOS PARA ATENDER EMENDA IMPOSITIVA                    SOLICITACAO FINANCEIRA: 174543/2025                                         ";Pregão;000900352025
20252150049710002;05/11/2025 00:00:00;18597,60;0336822025;06/02/2026 00:00:00;18597,60;202521500497100020003;17/03/2026 00:00:00;18597,60;33903000;MATERIAL DE CONSUMO;56970083000104;SECRETARIA MUNICIPAL DE SAUDE;0,00;SECRETARIA MUNICIPAL DE SAUDE                                                                                                                                                                                                                                ;SAUDE - 10;ASSISTENCIA HOSPITALAR E AMBULATORIAL - 302;RECEITAS DE IMPOSTOS E DE TRANSFERENCIAS DE IMPOSTOS - SAUDE - 102;ISMANE DOS SANTOS GENTIL;"DESPESA COM EMENDA AO PROJETO DE LEI NR. 268/2024 PARA O REPASSE DE RECUR   SOS DE NATUREZA IMPOSITIVA DESTINA À SAÚDE NO EXERCÍCIO FINANCEIRO DE       2025 DE ACORDO COM A LEI NR. 11.315, DE 07/01/2025-LOA                      EMENDA PARLAMENTAR MUNICIPAL 17.01; 17.02; 17.03; 17.04; 17.05; 17.06;      17.07; 17.08; 17.09; 17.10; 17.11 E 17.12 DA VEREADORA KATIA MARIA DOS      SANTOS PARA ESTRUTURAÇÃO DE 12 UNIDADES DE SAÚDE MENTAL                     .                                                                           11 - CAIXA PLASTICA TRANSPORTE DE MERCADORIA - MARCA:CTR                    COD:071412..............120UN.............154,98.................18.597,60  VALOR TOTAL:.....................................................18.597,60  .                                                                           OBS.: A ENTREGA DOS ITENS SERA EFETUADA CONFORME SOLICITACAO DA SECRETARIA  MUNICIPAL DE SAUDE,  COM PRAZO  NAO SUPERIOR A 15(QUINZE) DIAS UTEIS, EM    PARCELA UNICA, CONTADOS A PARTIR DO RECEBIMENTO  DA NOTA  DE EMPENHO, OR    DEM DE FORNECIMENTO OU DA ORDEM DE SERVICO ACOMPANHADOS DOS DOCUMENTOS      .                                                                           OS BENS DEVERAO SER ENTREGUE NO ALMOXARIFADO CENTRAL SMS NO ENDEREÇO: AVENI DA PERIMETRAL NORTE, CONDOMINIO GOIAZEM, BLOCO E, GALPAO 09 E 10, VILA JOAO VAZ, CEP 74.425-090, GOIANIA-GO. TELEFONES 62 3524-3401 / 3524-3407, NO HO- RARIO DAS 08H00MIN AS 17H00MIN, MEDIANTE AGENDAMENTO PREVIO PELO E-MAIL:    CIAD.GOIANIA@BRANETLOGISTICA.COM.BR                                         .                                                                           634 - RECURSOS ORDINARIOS PARA ATENDER EMENDA IMPOSITIVA                    SOLICITACAO FINANCEIRA: 174543/2025                                         ";Pregão;000900352025
20252150049710003;05/11/2025 00:00:00;8117,88;0338592025;06/04/2026 00:00:00;8117,88;202521500497100030001;07/04/2026 00:00:00;8117,88;33903000;MATERIAL DE CONSUMO;49999836000130;SECRETARIA MUNICIPAL DE SAUDE;0,00;SECRETARIA MUNICIPAL DE SAUDE                                                                                                                                                                                                                                ;SAUDE - 10;ASSISTENCIA HOSPITALAR E AMBULATORIAL - 302;RECEITAS DE IMPOSTOS E DE TRANSFERENCIAS DE IMPOSTOS - SAUDE - 102;VALIM COMERCIO E DISTRIBUICAO LTDA;"DESPESA COM EMENDA AO PROJETO DE LEI NR. 268/2024 PARA O REPASSE DE RECUR   SOS DE NATUREZA IMPOSITIVA DESTINA À SAÚDE NO EXERCÍCIO FINANCEIRO DE       2025 DE ACORDO COM A LEI NR. 11.315, DE 07/01/2025-LOA                      EMENDA PARLAMENTAR MUNICIPAL 17.01; 17.02; 17.03; 17.04; 17.05; 17.06;      17.07; 17.08; 17.09; 17.10; 17.11 E 17.12 DA VEREADORA KATIA MARIA DOS      SANTOS PARA ESTRUTURAÇÃO DE 12 UNIDADES DE SAÚDE MENTAL                     .                                                                           17 - JOGO PEDAGOGICO BANCO IMOBILIARIO - MARCA:ESTRELA                      COD:384330...............12UN.............120,00..................1.440,00  18 - JOGO PEDAGOGICO BOLICHE PLASTICO - MARCA:BOLICHE MANIA                 COD:142760...............12UN..............40,25....................483,00  19 - JOGO PEDAGOGICO CARA A CARA - MARCA:ESTRELA                            COD:419265...............24UN..............50,04..................1.200,96  20 - JOGO PEDAGOGICO COJUNTO BLOCOS MONTAR                                  COD:439649...............24UN..............40,69....................976,56  21 - JOGO PEDAGOGICO IMAGEM E ACAO N 2 - MARCA:GROW                         COD:366579...............24UN.............119,54..................2.868,96  22 - JOGO PEDAGOGICO TANGRAN - MARCA:TOYSTER                                COD:397598...............12UN..............63,70....................764,40  23 - JOGO PEDAGOGICO CARTAS UNO                                             COD:501964...............12UN..............32,00....................384,00  VALOR TOTAL:......................................................8.117,88  .                                                                           OBS.: A ENTREGA DOS ITENS SERA EFETUADA CONFORME SOLICITACAO DA SECRETARIA  MUNICIPAL DE SAUDE,  COM PRAZO  NAO SUPERIOR A 15(QUINZE) DIAS UTEIS, EM    PARCELA UNICA, CONTADOS A PARTIR DO RECEBIMENTO  DA NOTA  DE EMPENHO, OR    DEM DE FORNECIMENTO OU DA ORDEM DE SERVICO ACOMPANHADOS DOS DOCUMENTOS      FISCAIS RESPECTIVOS.                                                        .                                                                           OS BENS DEVERAO SER ENTREGUE NO ALMOXARIFADO CENTRAL SMS NO ENDEREÇO: AVENI DA PERIMETRAL NORTE, CONDOMINIO GOIAZEM, BLOCO E, GALPAO 09 E 10, VILA JOAO VAZ, CEP 74.425-090, GOIANIA-GO. TELEFONES 62 3524-3401 / 3524-3407, NO HO- RARIO DAS 08H00MIN AS 17H00MIN, MEDIANTE AGENDAMENTO PREVIO PELO E-MAIL:    CIAD.GOIANIA@BRANETLOGISTICA.COM.BR                                         .                                                                           634 - RECURSOS ORDINARIOS PARA ATENDER EMENDA IMPOSITIVA                    SOLICITACAO FINANCEIRA: 174544/2025                                         ";Pregão;000900352025
20252150049710004;05/11/2025 00:00:00;5131,20;0338602025;06/04/2026 00:00:00;5131,20;202521500497100040001;08/04/2026 00:00:00;5131,20;33903000;MATERIAL DE CONSUMO;49999836000130;SECRETARIA MUNICIPAL DE SAUDE;0,00;SECRETARIA MUNICIPAL DE SAUDE                                                                                                                                                                                                                                ;SAUDE - 10;ASSISTENCIA HOSPITALAR E AMBULATORIAL - 302;RECEITAS DE IMPOSTOS E DE TRANSFERENCIAS DE IMPOSTOS - SAUDE - 102;VALIM COMERCIO E DISTRIBUICAO LTDA;"PARCELA UNICA, CONTADOS A PARTIR DO RECEBIMENTO  DA NOTA  DE EMPENHO, OR    634 - RECURSOS ORDINARIOS PARA ATENDER EMENDA IMPOSITIVA                    SOLICITACAO FINANCEIRA: 174545/2025                                         DEM DE FORNECIMENTO OU DA ORDEM DE SERVICO ACOMPANHADOS DOS DOCUMENTOS      FISCAIS RESPECTIVOS.                                                        .                                                                           OS BENS DEVERAO SER ENTREGUE NO ALMOXARIFADO CENTRAL SMS NO ENDEREÇO: AVENI DA PERIMETRAL NORTE, CONDOMINIO GOIAZEM, BLOCO E, GALPAO 09 E 10, VILA JOAO VAZ, CEP 74.425-090, GOIANIA-GO. TELEFONES 62 3524-3401 / 3524-3407, NO HO- RARIO DAS 08H00MIN AS 17H00MIN, MEDIANTE AGENDAMENTO PREVIO PELO E-MAIL:    CIAD.GOIANIA@BRANETLOGISTICA.COM.BR                                         .                                                                           DESPESA COM EMENDA AO PROJETO DE LEI NR. 268/2024 PARA O REPASSE DE RECUR   SOS DE NATUREZA IMPOSITIVA DESTINA À SAÚDE NO EXERCÍCIO FINANCEIRO DE       2025 DE ACORDO COM A LEI NR. 11.315, DE 07/01/2025-LOA                      EMENDA PARLAMENTAR MUNICIPAL 17.01; 17.02; 17.03; 17.04; 17.05; 17.06;      17.07; 17.08; 17.09; 17.10; 17.11 E 17.12 DA VEREADORA KATIA MARIA DOS      SANTOS PARA ESTRUTURAÇÃO DE 12 UNIDADES DE SAÚDE MENTAL                     .                                                                           25 - PETECA MEDIA BASE BORRACHA                                             COD:064149...............60UN..............14,72....................883,20  26 - TRAVE FUTEBOL GOLZINHO - MARCA:SAG TOYS                                COD:187135...............24UN.............177,00..................4.248,00  VALOR TOTAL:......................................................5.131,20  .                                                                           OBS.: A ENTREGA DOS ITENS SERA EFETUADA CONFORME SOLICITACAO DA SECRETARIA  MUNICIPAL DE SAUDE,  COM PRAZO  NAO SUPERIOR A 15(QUINZE) DIAS UTEIS, EM    ";Pregão;000900352025
20252150049810001;05/11/2025 00:00:00;1464,00;0338802025;10/04/2026 00:00:00;1464,00;202521500498100010001;16/04/2026 00:00:00;1464,00;44905200;EQUIPAMENTOS E MATERIAL PERMANENTE;61896402000100;SECRETARIA MUNICIPAL DE SAUDE;0,00;SECRETARIA MUNICIPAL DE SAUDE                                                                                                                                                                                                                                ;SAUDE - 10;ASSISTENCIA HOSPITALAR E AMBULATORIAL - 302;RECEITAS DE IMPOSTOS E DE TRANSFERENCIAS DE IMPOSTOS - SAUDE - 102;ANA CLAUDIA DOS SANTOS LIMA;"DESPESA COM EMENDA AO PROJETO DE LEI NR. 268/2024 PARA O REPASSE DE RECUR   SOS DE NATUREZA IMPOSITIVA DESTINA À SAÚDE NO EXERCÍCIO FINANCEIRO DE       2025 DE ACORDO COM A LEI NR. 11.315, DE 07/01/2025-LOA                      EMENDA PARLAMENTAR MUNICIPAL 17.01; 17.02; 17.03; 17.04; 17.05; 17.06;      17.07; 17.08; 17.09; 17.10; 17.11 E 17.12 DA VEREADORA KATIA MARIA DOS      SANTOS PARA ESTRUTURAÇÃO DE 12 UNIDADES DE SAÚDE MENTAL                     .                                                                           28 - APARELHO TELEFONE TECLA - MARCA:INTELBRAS                              COD:159930...............24UN..............61,00..................1.464,00  VALOR TOTAL:......................................................1.464,00  .                                                                           OBS.: A ENTREGA DOS ITENS SERA EFETUADA CONFORME SOLICITACAO DA SECRETARIA  MUNICIPAL DE SAUDE,  COM PRAZO  NAO SUPERIOR A 15(QUINZE) DIAS UTEIS, EM    PARCELA UNICA, CONTADOS A PARTIR DO RECEBIMENTO  DA NOTA  DE EMPENHO, OR    DEM DE FORNECIMENTO OU DA ORDEM DE SERVICO ACOMPANHADOS DOS DOCUMENTOS      FISCAIS RESPECTIVOS.                                                        .                                                                           OS BENS DEVERAO SER ENTREGUE NO ALMOXARIFADO CENTRAL SMS NO ENDEREÇO: AVENI DA PERIMETRAL NORTE, CONDOMINIO GOIAZEM, BLOCO E, GALPAO 09 E 10, VILA JOAO VAZ, CEP 74.425-090, GOIANIA-GO. TELEFONES 62 3524-3401 / 3524-3407, NO HO- RARIO DAS 08H00MIN AS 17H00MIN, MEDIANTE AGENDAMENTO PREVIO PELO E-MAIL:    CIAD.GOIANIA@BRANETLOGISTICA.COM.BR                                         .                                                                           634 - RECURSOS ORDINARIOS PARA ATENDER EMENDA IMPOSITIVA                    SOLICITACAO FINANCEIRA: 174548/2025                                         ";Pregão;000900352025
20252150049810002;05/11/2025 00:00:00;35160,00;0338012025;09/03/2026 00:00:00;35160,00;202521500498100020001;12/03/2026 00:00:00;35160,00;44905200;EQUIPAMENTOS E MATERIAL PERMANENTE;41770193000147;SECRETARIA MUNICIPAL DE SAUDE;0,00;SECRETARIA MUNICIPAL DE SAUDE                                                                                                                                                                                                                                ;SAUDE - 10;ASSISTENCIA HOSPITALAR E AMBULATORIAL - 302;RECEITAS DE IMPOSTOS E DE TRANSFERENCIAS DE IMPOSTOS - SAUDE - 102;ARICANDUVA COMERCIO DE ARTIGOS DE PLASTICOS LTDA;"DESPESA COM EMENDA AO PROJETO DE LEI NR. 268/2024 PARA O REPASSE DE RECUR   SOS DE NATUREZA IMPOSITIVA DESTINA À SAÚDE NO EXERCÍCIO FINANCEIRO DE       2025 DE ACORDO COM A LEI NR. 11.315, DE 07/01/2025-LOA                      EMENDA PARLAMENTAR MUNICIPAL 17.01; 17.02; 17.03; 17.04; 17.05; 17.06;      17.07; 17.08; 17.09; 17.10; 17.11 E 17.12 DA VEREADORA KATIA MARIA DOS      SANTOS PARA ESTRUTURAÇÃO DE 12 UNIDADES DE SAÚDE MENTAL                     .                                                                           30 - CADEIRA FIXA POLIPROPILENO - MARCA:CAPERPASS                           COD:163309..............600UN..............44,00.................26.400,00  32 - MESA POLIPROPILENO - MARCA:CAPERPASS                                   COD:324400..............120UN..............73,00..................8.760,00  VALOR TOTAL:.....................................................35.160,00  .                                                                           OBS.: A ENTREGA DOS ITENS SERA EFETUADA CONFORME SOLICITACAO DA SECRETARIA  MUNICIPAL DE SAUDE,  COM PRAZO  NAO SUPERIOR A 15(QUINZE) DIAS UTEIS, EM    PARCELA UNICA, CONTADOS A PARTIR DO RECEBIMENTO  DA NOTA  DE EMPENHO, OR    DEM DE FORNECIMENTO OU DA ORDEM DE SERVICO ACOMPANHADOS DOS DOCUMENTOS      FISCAIS RESPECTIVOS.                                                        .                                                                           OS BENS DEVERAO SER ENTREGUE NO ALMOXARIFADO CENTRAL SMS NO ENDEREÇO: AVENI DA PERIMETRAL NORTE, CONDOMINIO GOIAZEM, BLOCO E, GALPAO 09 E 10, VILA JOAO VAZ, CEP 74.425-090, GOIANIA-GO. TELEFONES 62 3524-3401 / 3524-3407, NO HO- RARIO DAS 08H00MIN AS 17H00MIN, MEDIANTE AGENDAMENTO PREVIO PELO E-MAIL:    CIAD.GOIANIA@BRANETLOGISTICA.COM.BR                                         .                                                                           634 - RECURSOS ORDINARIOS PARA ATENDER EMENDA IMPOSITIVA                    SOLICITACAO FINANCEIRA: 174547/2025                                         ";Pregão;000900352025
20252150049810003;05/11/2025 00:00:00;13950,48;;;0,00;;;0,00;44905200;EQUIPAMENTOS E MATERIAL PERMANENTE;36521392000181;SECRETARIA MUNICIPAL DE SAUDE;0,00;SECRETARIA MUNICIPAL DE SAUDE                                                                                                                                                                                                                                ;SAUDE - 10;ASSISTENCIA HOSPITALAR E AMBULATORIAL - 302;RECEITAS DE IMPOSTOS E DE TRANSFERENCIAS DE IMPOSTOS - SAUDE - 102;GO VENDAS ELETRONICAS EIRELI;"DESPESA COM EMENDA AO PROJETO DE LEI NR. 268/2024 PARA O REPASSE DE RECUR   SOS DE NATUREZA IMPOSITIVA DESTINA À SAÚDE NO EXERCÍCIO FINANCEIRO DE       2025 DE ACORDO COM A LEI NR. 11.315, DE 07/01/2025-LOA                      EMENDA PARLAMENTAR MUNICIPAL 17.01; 17.02; 17.03; 17.04; 17.05; 17.06;      17.07; 17.08; 17.09; 17.10; 17.11 E 17.12 DA VEREADORA KATIA MARIA DOS      SANTOS PARA ESTRUTURAÇÃO DE 12 UNIDADES DE SAÚDE MENTAL                     .                                                                           29 - APARELHO TELEVISAO SMART TV LED 43 POLEGADAS - MARCA:MULTILASER        COD:637572...............12UN...........1.162,54.................13.950,48  VALOR TOTAL:.....................................................13.950,48  .                                                                           OBS.: A ENTREGA DOS ITENS SERA EFETUADA CONFORME SOLICITACAO DA SECRETARIA  MUNICIPAL DE SAUDE,  COM PRAZO  NAO SUPERIOR A 15(QUINZE) DIAS UTEIS, EM    PARCELA UNICA, CONTADOS A PARTIR DO RECEBIMENTO  DA NOTA  DE EMPENHO, OR    DEM DE FORNECIMENTO OU DA ORDEM DE SERVICO ACOMPANHADOS DOS DOCUMENTOS      FISCAIS RESPECTIVOS.                                                        .                                                                           OS BENS DEVERAO SER ENTREGUE NO ALMOXARIFADO CENTRAL SMS NO ENDEREÇO: AVENI DA PERIMETRAL NORTE, CONDOMINIO GOIAZEM, BLOCO E, GALPAO 09 E 10, VILA JOAO VAZ, CEP 74.425-090, GOIANIA-GO. TELEFONES 62 3524-3401 / 3524-3407, NO HO- RARIO DAS 08H00MIN AS 17H00MIN, MEDIANTE AGENDAMENTO PREVIO PELO E-MAIL:    CIAD.GOIANIA@BRANETLOGISTICA.COM.BR                                         .                                                                           634 - RECURSOS ORDINARIOS PARA ATENDER EMENDA IMPOSITIVA                    SOLICITACAO FINANCEIRA: 174546/2025                                         ";Pregão;000900352025
20252150049810004;05/11/2025 00:00:00;7090,92;0338612025;07/04/2026 00:00:00;7090,92;202521500498100040001;07/04/2026 00:00:00;7090,92;44905200;EQUIPAMENTOS E MATERIAL PERMANENTE;51659136000149;SECRETARIA MUNICIPAL DE SAUDE;0,00;SECRETARIA MUNICIPAL DE SAUDE                                                                                                                                                                                                                                ;SAUDE - 10;ASSISTENCIA HOSPITALAR E AMBULATORIAL - 302;RECEITAS DE IMPOSTOS E DE TRANSFERENCIAS DE IMPOSTOS - SAUDE - 102;SOUL DISTRIBUIDORA DE PRODUTOS E_EQUIP. INDUSTRIAIS LTDA;"CIAD.GOIANIA@BRANETLOGISTICA.COM.BR                                         .                                                                           634 - RECURSOS ORDINARIOS PARA ATENDER EMENDA IMPOSITIVA                    SOLICITACAO FINANCEIRA: 174549/2025                                         RARIO DAS 08H00MIN AS 17H00MIN, MEDIANTE AGENDAMENTO PREVIO PELO E-MAIL:    VAZ, CEP 74.425-090, GOIANIA-GO. TELEFONES 62 3524-3401 / 3524-3407, NO HO- DA PERIMETRAL NORTE, CONDOMINIO GOIAZEM, BLOCO E, GALPAO 09 E 10, VILA JOAO OS BENS DEVERAO SER ENTREGUE NO ALMOXARIFADO CENTRAL SMS NO ENDEREÇO: AVENI .                                                                           FISCAIS RESPECTIVOS.                                                        DEM DE FORNECIMENTO OU DA ORDEM DE SERVICO ACOMPANHADOS DOS DOCUMENTOS      PARCELA UNICA, CONTADOS A PARTIR DO RECEBIMENTO  DA NOTA  DE EMPENHO, OR    MUNICIPAL DE SAUDE,  COM PRAZO  NAO SUPERIOR A 15(QUINZE) DIAS UTEIS, EM    OBS.: A ENTREGA DOS ITENS SERA EFETUADA CONFORME SOLICITACAO DA SECRETARIA  .                                                                           VALOR TOTAL:......................................................7.090,92  COD:357626...............12UN.............590,91..................7.090,92  31 - FORNO ELETRICO MICROONDAS - MARCA:AGRATTO                              .                                                                           SANTOS PARA ESTRUTURAÇÃO DE 12 UNIDADES DE SAÚDE MENTAL                     17.07; 17.08; 17.09; 17.10; 17.11 E 17.12 DA VEREADORA KATIA MARIA DOS      EMENDA PARLAMENTAR MUNICIPAL 17.01; 17.02; 17.03; 17.04; 17.05; 17.06;      2025 DE ACORDO COM A LEI NR. 11.315, DE 07/01/2025-LOA                      SOS DE NATUREZA IMPOSITIVA DESTINA À SAÚDE NO EXERCÍCIO FINANCEIRO DE       DESPESA COM EMENDA AO PROJETO DE LEI NR. 268/2024 PARA O REPASSE DE RECUR   ";Pregão;000900352025
-------------------------------------------;;0;;;0;;;0;;;;;0;;;;;;;;
Total Empenhado;;155353312,18;;;0;;;0;;;;;0;;;;;;;;
Total Liquidado ;;155339361,70;;;0;;;0;;;;;0;;;;;;;;
Total Pago;;154223817,27;;;0;;;0;;;;;0;;;;;;;;
