Empenho;DataEmpenho;VlEmpenhado;Liquidacao;DataLiquidacao;VlLiquidado;OrdemPagamento;DataPagamento;VlPago;NaturezaDespesa;DsNaturezadaDespesa;CNPJ;NmOrgao;VlAnulado;UnidadeOrcamentaria;Funcao;SubFuncao;FonteRecurso;NmFavorecido;Objeto;Modalidade;NumeroLicitacao
20252150000210025;18/12/2025 00:00:00;375281,51;0322612025;18/12/2025 00:00:00;235999,27;202521500002100250002;18/12/2025 00:00:00;235999,27;31901100;VENCIMENTOS E VANTAGENS FIXAS - PESSOAL CIVIL;60701190000104;SECRETARIA MUNICIPAL DE SAUDE;0,00;SECRETARIA MUNICIPAL DE SAUDE                                                                                                                                                                                                                                ;SAUDE - 10;ADMINISTRACAO GERAL - 122;RECEITAS DE IMPOSTOS E DE TRANSFERENCIAS DE IMPOSTOS - SAUDE - 102;ITAU UNIBANCO S.A.;DESPESA COM A FOLHA DE PESSOAL DA SECRETARIA MUNICIPAL DE SAUDE(CARGO COMIS-SIONADO). SEI 25.27.000008807-2 - SOLICITACAO FINANCEIRA:176338-2025.       .                                                                           OBS:VALOR REFERENTE AO 13ºSALARIO 2025._SCC:771555.                         .                                                                           VALOR TOTAL:......................................................375.281,51.                                                                           102-RECEITAS DE IMPOSTOS E DE TRANSFERENCIAS DE IMPOSOTOS-SAUDE             527 -TRANSFERENCIAS DE IMPOSTOS/SAUDE - SOLICITACAO FINANCEIRA:176338-2025. DESPESA COM A FOLHA DE PESSOAL DA SECRETARIA MUNICIPAL DE SAUDE(CARGO COMIS-SIONADO). SEI 25.27.000008807-2 - SOLICITACAO FINANCEIRA:176338-2025.       .                                                                           OBS:VALOR REFERENTE AO 13ºSALARIO 2025._SCC771555.                          .                                                                           VALOR TOTAL:......................................................375.281,51.                                                                           102-RECEITAS DE IMPOSTOS E DE TRANSFERENCIAS DE IMPOSOTOS-SAUDE             527 -TRANSFERENCIAS DE IMPOSTOS/SAUDE - SOLICITACAO FINANCEIRA:176338-2025. ;Inexigibilidade de Licitação;000000012022
20252150000210025;18/12/2025 00:00:00;375281,51;0322622025;18/12/2025 00:00:00;0,00;;;0,00;31901100;VENCIMENTOS E VANTAGENS FIXAS - PESSOAL CIVIL;60701190000104;SECRETARIA MUNICIPAL DE SAUDE;0,00;SECRETARIA MUNICIPAL DE SAUDE                                                                                                                                                                                                                                ;SAUDE - 10;ADMINISTRACAO GERAL - 122;RECEITAS DE IMPOSTOS E DE TRANSFERENCIAS DE IMPOSTOS - SAUDE - 102;ITAU UNIBANCO S.A.;DESPESA COM A FOLHA DE PESSOAL DA SECRETARIA MUNICIPAL DE SAUDE(CARGO COMIS-SIONADO). SEI 25.27.000008807-2 - SOLICITACAO FINANCEIRA:176338-2025.       .                                                                           OBS:VALOR REFERENTE AO 13ºSALARIO 2025._SCC:771555.                         .                                                                           VALOR TOTAL:......................................................375.281,51.                                                                           102-RECEITAS DE IMPOSTOS E DE TRANSFERENCIAS DE IMPOSOTOS-SAUDE             527 -TRANSFERENCIAS DE IMPOSTOS/SAUDE - SOLICITACAO FINANCEIRA:176338-2025. DESPESA COM A FOLHA DE PESSOAL DA SECRETARIA MUNICIPAL DE SAUDE(CARGO COMIS-SIONADO). SEI 25.27.000008807-2 - SOLICITACAO FINANCEIRA:176338-2025.       .                                                                           OBS:VALOR REFERENTE AO 13ºSALARIO 2025._SCC771555.                          .                                                                           VALOR TOTAL:......................................................375.281,51.                                                                           102-RECEITAS DE IMPOSTOS E DE TRANSFERENCIAS DE IMPOSOTOS-SAUDE             527 -TRANSFERENCIAS DE IMPOSTOS/SAUDE - SOLICITACAO FINANCEIRA:176338-2025. ;Inexigibilidade de Licitação;000000012022
20252150000210025;18/12/2025 00:00:00;375281,51;0322642025;18/12/2025 00:00:00;139282,24;202521500002100250001;18/12/2025 00:00:00;139282,24;31901100;VENCIMENTOS E VANTAGENS FIXAS - PESSOAL CIVIL;60701190000104;SECRETARIA MUNICIPAL DE SAUDE;0,00;SECRETARIA MUNICIPAL DE SAUDE                                                                                                                                                                                                                                ;SAUDE - 10;ADMINISTRACAO GERAL - 122;RECEITAS DE IMPOSTOS E DE TRANSFERENCIAS DE IMPOSTOS - SAUDE - 102;ITAU UNIBANCO S.A.;DESPESA COM A FOLHA DE PESSOAL DA SECRETARIA MUNICIPAL DE SAUDE(CARGO COMIS-SIONADO). SEI 25.27.000008807-2 - SOLICITACAO FINANCEIRA:176338-2025.       .                                                                           OBS:VALOR REFERENTE AO 13ºSALARIO 2025._SCC:771555.                         .                                                                           VALOR TOTAL:......................................................375.281,51.                                                                           102-RECEITAS DE IMPOSTOS E DE TRANSFERENCIAS DE IMPOSOTOS-SAUDE             527 -TRANSFERENCIAS DE IMPOSTOS/SAUDE - SOLICITACAO FINANCEIRA:176338-2025. DESPESA COM A FOLHA DE PESSOAL DA SECRETARIA MUNICIPAL DE SAUDE(CARGO COMIS-SIONADO). SEI 25.27.000008807-2 - SOLICITACAO FINANCEIRA:176338-2025.       .                                                                           OBS:VALOR REFERENTE AO 13ºSALARIO 2025._SCC771555.                          .                                                                           VALOR TOTAL:......................................................375.281,51.                                                                           102-RECEITAS DE IMPOSTOS E DE TRANSFERENCIAS DE IMPOSOTOS-SAUDE             527 -TRANSFERENCIAS DE IMPOSTOS/SAUDE - SOLICITACAO FINANCEIRA:176338-2025. ;Inexigibilidade de Licitação;000000012022
20252150000210030;19/12/2025 00:00:00;32951,20;0326762025;19/12/2025 00:00:00;19208,79;202521500002100300001;19/12/2025 00:00:00;19208,79;31901100;VENCIMENTOS E VANTAGENS FIXAS - PESSOAL CIVIL;60701190000104;SECRETARIA MUNICIPAL DE SAUDE;0,00;SECRETARIA MUNICIPAL DE SAUDE                                                                                                                                                                                                                                ;SAUDE - 10;ADMINISTRACAO GERAL - 122;RECEITAS DE IMPOSTOS E DE TRANSFERENCIAS DE IMPOSTOS - SAUDE - 102;ITAU UNIBANCO S.A.;DESPESA COM PAGAMENTO DA FOLHA DE PESSOAL DA SECRETARIA MUNICIPAL DE SAUDE (SUBSIDIO DO SECRETARIO DE SAUDE)                                            .                                                                           VALOR RELATIVO AO MES DE DEZEMBRO/2025                                      .                                                                           VALOR TOTAL:..............................................32.951,20         .                                                                           FONTE:  102 - RECEITAS DE IMPOSTOS E DE TRANSFERENCIAS DE IMPOSTOS - SAUDE  FONTE DETALHADA:  527 - TRANSFERENCIAS DE IMPOSTOS/SAUDE                    SOLICITACAO FINANCEIRA NR. 176469-2025                                      ;Não se aplica (Ex.: Despesas com Pessoal);000000000000
20252150000210030;19/12/2025 00:00:00;32951,20;0326792025;19/12/2025 00:00:00;13742,41;202521500002100300002;19/12/2025 00:00:00;13742,41;31901100;VENCIMENTOS E VANTAGENS FIXAS - PESSOAL CIVIL;60701190000104;SECRETARIA MUNICIPAL DE SAUDE;0,00;SECRETARIA MUNICIPAL DE SAUDE                                                                                                                                                                                                                                ;SAUDE - 10;ADMINISTRACAO GERAL - 122;RECEITAS DE IMPOSTOS E DE TRANSFERENCIAS DE IMPOSTOS - SAUDE - 102;ITAU UNIBANCO S.A.;DESPESA COM PAGAMENTO DA FOLHA DE PESSOAL DA SECRETARIA MUNICIPAL DE SAUDE (SUBSIDIO DO SECRETARIO DE SAUDE)                                            .                                                                           VALOR RELATIVO AO MES DE DEZEMBRO/2025                                      .                                                                           VALOR TOTAL:..............................................32.951,20         .                                                                           FONTE:  102 - RECEITAS DE IMPOSTOS E DE TRANSFERENCIAS DE IMPOSTOS - SAUDE  FONTE DETALHADA:  527 - TRANSFERENCIAS DE IMPOSTOS/SAUDE                    SOLICITACAO FINANCEIRA NR. 176469-2025                                      ;Não se aplica (Ex.: Despesas com Pessoal);000000000000
20252150002010379;16/12/2025 00:00:00;1231,82;0320882025;18/12/2025 00:00:00;1231,82;202521500020103790001;18/12/2025 00:00:00;1231,82;33904800;OUTROS AUXILIOS FINANCEIROS A PESSOAS FISICAS;00000860366103;SECRETARIA MUNICIPAL DE SAUDE;0,00;SECRETARIA MUNICIPAL DE SAUDE                                                                                                                                                                                                                                ;SAUDE - 10;ADMINISTRACAO GERAL - 122;RECEITAS DE IMPOSTOS E DE TRANSFERENCIAS DE IMPOSTOS - SAUDE - 102;ANA JULIA MODESTO LIMA;PAGAMENTO DE AUXILIO MORADIA P/ O(A) PROFISSIONAL MEDICO(A):ANA JULIA MODES-TO LIMA       PARTICIPANTE DO PROGRAMA DE RESIDENCIA MEDICA NA SECRETARIA   MUNICIPAL DE SAUDE DE GOIANIA. SEI 24290000186367. VALORES REF.AO PERIODO DEDEZEMBRO DE 2025 - CONFORME INFORMADO NA PLANILHA EMITIDA PELA EMSP/SMS -CPF008.603.661-03 / BANCO: BRADESCO - AGÊNCIA: 1423 - CONTA: 26070-3.          .                                                                           VALOR TOTAL:........................................................1.231,82.                                                                           102 - RECEITAS DE IMPOSTOS E DE TRANSFERENCIAS DE IMPOSTOS - SAUDE          527 - TRANSFERENCIAS DE IMPOSTOS/SAUDE - SOLICITACAO FINANCEIRA:176153 -2025;Não se aplica (Ex.: Despesas com Pessoal);000000000000
20252150002010382;16/12/2025 00:00:00;1231,82;0320922025;18/12/2025 00:00:00;1231,82;202521500020103820001;18/12/2025 00:00:00;1231,82;33904800;OUTROS AUXILIOS FINANCEIROS A PESSOAS FISICAS;00003898346102;SECRETARIA MUNICIPAL DE SAUDE;0,00;SECRETARIA MUNICIPAL DE SAUDE                                                                                                                                                                                                                                ;SAUDE - 10;ADMINISTRACAO GERAL - 122;RECEITAS DE IMPOSTOS E DE TRANSFERENCIAS DE IMPOSTOS - SAUDE - 102;BETTINA PENA MACHADO;PAGAMENTO DE AUXILIO MORADIA PARA O(A) PROFISSIONAL MEDICO(A): BETTINA PENA MACHADO        PARTICIPANTE DO PROGRAMA DE RESIDENCIA MEDICA NA SECRETARIA  MUNICIPAL DE SAUDE DE GOIANIA. SEI 24290000186367. VALORES REF.AO PERIODO DEDEZEMBRO DE 2025 - CONFORME INFORMADO NA PLANILHA EMITIDA PELA EMSP/SMS -CPF038.983.461-02 / BANCO: BRADESCO - AGENCIA: 1780- CONTA: 9519-2.            .                                                                           VALOR TOTAL:........................................................1.231,82.                                                                           102 - RECEITAS DE IMPOSTOS E DE TRANSFERENCIAS DE IMPOSTOS - SAUDE          527 - TRANSFERENCIAS DE IMPOSTOS/SAUDE - SOLICITACAO FINANCEIRA:176163 -2025;Não se aplica (Ex.: Despesas com Pessoal);000000000000
20252150000210031;19/12/2025 00:00:00;2640,00;0326842025;19/12/2025 00:00:00;2640,00;202521500002100310001;19/12/2025 00:00:00;2640,00;31901100;VENCIMENTOS E VANTAGENS FIXAS - PESSOAL CIVIL;60701190000104;SECRETARIA MUNICIPAL DE SAUDE;0,00;SECRETARIA MUNICIPAL DE SAUDE                                                                                                                                                                                                                                ;SAUDE - 10;ADMINISTRACAO GERAL - 122;RECEITAS DE IMPOSTOS E DE TRANSFERENCIAS DE IMPOSTOS - SAUDE - 102;ITAU UNIBANCO S.A.;DESPESA COM PAGAMENTO DA FOLHA DE PESSOAL DA SECRETARIA MUNICIPAL DE SAUDE (OUTROS CARGOS)                                                              .                                                                           VALOR RELATIVO AO MES DE DEZEMBRO/2025                                      .                                                                           VALOR TOTAL:..............................................2.640,00          .                                                                           FONTE:  102 - RECEITAS DE IMPOSTOS E DE TRANSFERENCIAS DE IMPOSTOS - SAUDE  FONTE DETALHADA:  527 - TRANSFERENCIAS DE IMPOSTOS/SAUDE                    SOLICITACAO FINANCEIRA NR. 176471-2025                                      ;Não se aplica (Ex.: Despesas com Pessoal);000000000000
20252150001110017;17/12/2025 00:00:00;1640542,10;0328582025;19/12/2025 00:00:00;1514788,38;202521500011100170001;22/12/2025 00:00:00;1514788,38;31911300;OBRIGACOES PATRONAIS;31710983000183;SECRETARIA MUNICIPAL DE SAUDE;0,00;SECRETARIA MUNICIPAL DE SAUDE                                                                                                                                                                                                                                ;SAUDE - 10;ADMINISTRACAO GERAL - 122;RECEITAS DE IMPOSTOS E DE TRANSFERENCIAS DE IMPOSTOS - SAUDE - 102;FUNDO FINANCEIRO DO MUNICIPIO DE GOIANIA - FUNFIN;DESPESA COM PAGAMENTO DA FOLHA DE PESSOAL DA SMS DE GOIANIA/CONTRIBUICAO PA-TRONAL E 13º SALARIO(FUNDO FINANCEIRO DO MUN.DE GOIANIA/FUNFIN).            VALOR RELATIVO AO MES DE NOVEMBRO/2025.SEI 25.27.000008626-6.               .                                                                           VALOR TOTAL:....................................................1.640.542,10.                                                                           527-TRANSFERENCIAS DE IMPOSTOS / SAUDE                                      SOLICITACAO FINANCEIRA:176251-2025                                          ;Não se aplica (Ex.: Despesas com Pessoal);000000000000
20252150001110017;17/12/2025 00:00:00;1640542,10;0328592025;19/12/2025 00:00:00;125753,72;202521500011100170002;22/12/2025 00:00:00;125753,72;31911300;OBRIGACOES PATRONAIS;31710983000183;SECRETARIA MUNICIPAL DE SAUDE;0,00;SECRETARIA MUNICIPAL DE SAUDE                                                                                                                                                                                                                                ;SAUDE - 10;ADMINISTRACAO GERAL - 122;RECEITAS DE IMPOSTOS E DE TRANSFERENCIAS DE IMPOSTOS - SAUDE - 102;FUNDO FINANCEIRO DO MUNICIPIO DE GOIANIA - FUNFIN;DESPESA COM PAGAMENTO DA FOLHA DE PESSOAL DA SMS DE GOIANIA/CONTRIBUICAO PA-TRONAL E 13º SALARIO(FUNDO FINANCEIRO DO MUN.DE GOIANIA/FUNFIN).            VALOR RELATIVO AO MES DE NOVEMBRO/2025.SEI 25.27.000008626-6.               .                                                                           VALOR TOTAL:....................................................1.640.542,10.                                                                           527-TRANSFERENCIAS DE IMPOSTOS / SAUDE                                      SOLICITACAO FINANCEIRA:176251-2025                                          ;Não se aplica (Ex.: Despesas com Pessoal);000000000000
20252150001510020;19/12/2025 00:00:00;1518,00;0327882025;19/12/2025 00:00:00;1518,00;202521500015100200001;19/12/2025 00:00:00;1518,00;33900800;OUTROS BENEFICIOS ASSISTENCIAIS;60701190000104;SECRETARIA MUNICIPAL DE SAUDE;0,00;SECRETARIA MUNICIPAL DE SAUDE                                                                                                                                                                                                                                ;SAUDE - 10;ADMINISTRACAO GERAL - 122;RECEITAS DE IMPOSTOS E DE TRANSFERENCIAS DE IMPOSTOS - SAUDE - 102;ITAU UNIBANCO S.A.;DESPESA COM PAGAMENTO DA FOLHA DE PESSOAL DA SECRETARIA  MUNICIPAL DE SAUDE (OUTROS BENEFICIOS ASSISTENCIAIS). SEI 25.27.000008982-6.                   .                                                                           VALOR RELATIVO AO MES DE DEZEMBRO/2025.                                     .                                                                           VALOR TOTAL:.......................................................1.518,00 .                                                                           FONTE:102-RECEITAS DE IMPOSTOS E DE TRANSFERENCIAS DE IMPOSTOS - SAUDE      FONTE DETALHADA:527-TRANSFERENCIAS DE IMPOSTOS / SAUDE                      SOLICITACAO FINANCEIRA : 176474-2025.                                       ;Não se aplica (Ex.: Despesas com Pessoal);000000000000
20252150002010373;16/12/2025 00:00:00;1231,82;0321402025;18/12/2025 00:00:00;1231,82;202521500020103730001;18/12/2025 00:00:00;1231,82;33904800;OUTROS AUXILIOS FINANCEIROS A PESSOAS FISICAS;00013548278647;SECRETARIA MUNICIPAL DE SAUDE;0,00;SECRETARIA MUNICIPAL DE SAUDE                                                                                                                                                                                                                                ;SAUDE - 10;ADMINISTRACAO GERAL - 122;RECEITAS DE IMPOSTOS E DE TRANSFERENCIAS DE IMPOSTOS - SAUDE - 102;LETICIA ROCHA OLIVEIRA MATOS;.                                                                           PAGAMENTO DE AUXILIO MORADIA PARA O(A) PROFISSIONAL MEDICO(A):LETICIA ROCHA OLIVEIRA MATOS PARTICIPANTE DO PROGRAMA DE RESIDENCIA MEDICA NA SECRETARIA  MUNICIPAL DE SAUDE DE GOIANIA. SEI 24290000186367. VALORES REF.AO PERIODO DEDEZEMBRO DE 2025 - CONFORME INFORMADO NA PLANILHA EMITIDA PELA EMSP/SMS -CPF102 - RECEITAS DE IMPOSTOS E DE TRANSFERENCIAS DE IMPOSTOS - SAUDE          135.482.786-47-BANCO: ITAU - AGENCIA: 8656 - CONTA:37644-2.                 .                                                                           VALOR TOTAL:........................................................1.231,82527 - TRANSFERENCIAS DE IMPOSTOS/SAUDE - SOLICITACAO FINANCEIRA:176193 -2025;Não se aplica (Ex.: Despesas com Pessoal);000000000000
20252150002010380;16/12/2025 00:00:00;1231,82;0320902025;18/12/2025 00:00:00;1231,82;202521500020103800001;18/12/2025 00:00:00;1231,82;33904800;OUTROS AUXILIOS FINANCEIROS A PESSOAS FISICAS;00003147263142;SECRETARIA MUNICIPAL DE SAUDE;0,00;SECRETARIA MUNICIPAL DE SAUDE                                                                                                                                                                                                                                ;SAUDE - 10;ADMINISTRACAO GERAL - 122;RECEITAS DE IMPOSTOS E DE TRANSFERENCIAS DE IMPOSTOS - SAUDE - 102;ATHUS LINHARES RIBEIRO;PAGAMENTO DE AUXILIO MORADIA PARA O(A) PROFISSIONAL MEDICO(A):ATHUS LINHARES RIBEIRO       PARTICIPANTE DO PROGRAMA DE RESIDENCIA MEDICA NA SECRETARIA  MUNICIPAL DE SAUDE DE GOIANIA. SEI 24290000186367. VALORES REF.AO PERIODO DEDEZEMBRO DE 2025 - CONFORME INFORMADO NA PLANILHA EMITIDA PELA EMSP/SMS -CPF031.472.631-42 / BANCO: BRADESCO - AGÊNCIA: 6711- CONTA: 17430-0.           .                                                                           VALOR TOTAL:........................................................1.231,82.                                                                           102 - RECEITAS DE IMPOSTOS E DE TRANSFERENCIAS DE IMPOSTOS - SAUDE          527 - TRANSFERENCIAS DE IMPOSTOS/SAUDE - SOLICITACAO FINANCEIRA:176155 -2025;Não se aplica (Ex.: Despesas com Pessoal);000000000000
20252150002010384;16/12/2025 00:00:00;1231,82;0320942025;18/12/2025 00:00:00;1231,82;202521500020103840001;18/12/2025 00:00:00;1231,82;33904800;OUTROS AUXILIOS FINANCEIROS A PESSOAS FISICAS;00003208740360;SECRETARIA MUNICIPAL DE SAUDE;0,00;SECRETARIA MUNICIPAL DE SAUDE                                                                                                                                                                                                                                ;SAUDE - 10;ADMINISTRACAO GERAL - 122;RECEITAS DE IMPOSTOS E DE TRANSFERENCIAS DE IMPOSTOS - SAUDE - 102;CARINE PACHECO ALEXANDRE;PAGAMENTO DE AUXILIO MORADIA PARA O(A) PROFISSIONAL MEDICO(A):CARINE PACHECOALEXANDRE     PARTICIPANTE DO PROGRAMA DE RESIDENCIA MEDICA NA SECRETARIA   MUNICIPAL DE SAUDE DE GOIANIA. SEI 24290000186367. VALORES REF.AO PERIODO DEDEZEMBRO DE 2025 - CONFORME INFORMADO NA PLANILHA EMITIDA PELA EMSP/SMS -CPF032.087.403-60 / BANCO: ITAÚ - AGÊNCIA: 7859 - CONTA 62186-9.               .                                                                           VALOR TOTAL:........................................................1.231,82.                                                                           102 - RECEITAS DE IMPOSTOS E DE TRANSFERENCIAS DE IMPOSTOS - SAUDE          527 - TRANSFERENCIAS DE IMPOSTOS/SAUDE - SOLICITACAO FINANCEIRA:176167 -2025;Não se aplica (Ex.: Despesas com Pessoal);000000000000
20252150002010386;16/12/2025 00:00:00;1231,82;0320982025;18/12/2025 00:00:00;1231,82;202521500020103860001;18/12/2025 00:00:00;1231,82;33904800;OUTROS AUXILIOS FINANCEIROS A PESSOAS FISICAS;00004513603119;SECRETARIA MUNICIPAL DE SAUDE;0,00;SECRETARIA MUNICIPAL DE SAUDE                                                                                                                                                                                                                                ;SAUDE - 10;ADMINISTRACAO GERAL - 122;RECEITAS DE IMPOSTOS E DE TRANSFERENCIAS DE IMPOSTOS - SAUDE - 102;CLARA ELISA MELO MUNDIM;PAGAMENTO DE AUXILIO MORADIA P/O(A) PROFISSIONAL MEDICO(A):CLARA ELISA MELO MUNDIM         PARTICIPANTE DO PROGRAMA DE RESIDENCIA MEDICA NA SECRETARIA  MUNICIPAL DE SAUDE DE GOIANIA. SEI 24290000186367. VALORES REF.AO PERIODO DEDEZEMBRO DE 2025 - CONFORME INFORMADO NA PLANILHA EMITIDA PELA EMSP/SMS -CPF045.136.031-19 / BANCO: ITAU - AGENCIA: 7815 - CONTA 20195-4.               .                                                                           VALOR TOTAL:........................................................1.231,82.                                                                           102 - RECEITAS DE IMPOSTOS E DE TRANSFERENCIAS DE IMPOSTOS - SAUDE          527 - TRANSFERENCIAS DE IMPOSTOS/SAUDE - SOLICITACAO FINANCEIRA:176173 -2025;Não se aplica (Ex.: Despesas com Pessoal);000000000000
20252150002010387;16/12/2025 00:00:00;1231,82;0321062025;18/12/2025 00:00:00;1231,82;202521500020103870001;18/12/2025 00:00:00;1231,82;33904800;OUTROS AUXILIOS FINANCEIROS A PESSOAS FISICAS;00005429563145;SECRETARIA MUNICIPAL DE SAUDE;0,00;SECRETARIA MUNICIPAL DE SAUDE                                                                                                                                                                                                                                ;SAUDE - 10;ADMINISTRACAO GERAL - 122;RECEITAS DE IMPOSTOS E DE TRANSFERENCIAS DE IMPOSTOS - SAUDE - 102;GIOVANNA GARCIA MANSO;102 - RECEITAS DE IMPOSTOS E DE TRANSFERENCIAS DE IMPOSTOS - SAUDE          527 - TRANSFERENCIAS DE IMPOSTOS/SAUDE - SOLICITACAO FINANCEIRA:176178 -2025PAGAMENTO DE AUXILIO MORADIA PARA O(A) PROFISSIONAL MEDICO(A): GIOVANNA GAR-CIA MANSO      PARTICIPANTE DO PROGRAMA DE RESIDENCIA MEDICA NA SECRETARIA  MUNICIPAL DE SAUDE DE GOIANIA. SEI 24290000186367. VALORES REF.AO PERIODO DEDEZEMBRO DE 2025 - CONFORME INFORMADO NA PLANILHA EMITIDA PELA EMSP/SMS -CPF054.295.631-45 / BANCO BRADESCO- AGENCIA: 1660- CONTA: 3317-0.              .                                                                           VALOR TOTAL:........................................................1.231,82.                                                                           ;Não se aplica (Ex.: Despesas com Pessoal);000000000000
20252150002010392;16/12/2025 00:00:00;1231,82;0321182025;18/12/2025 00:00:00;1231,82;202521500020103920001;18/12/2025 00:00:00;1231,82;33904800;OUTROS AUXILIOS FINANCEIROS A PESSOAS FISICAS;00006760243943;SECRETARIA MUNICIPAL DE SAUDE;0,00;SECRETARIA MUNICIPAL DE SAUDE                                                                                                                                                                                                                                ;SAUDE - 10;ADMINISTRACAO GERAL - 122;RECEITAS DE IMPOSTOS E DE TRANSFERENCIAS DE IMPOSTOS - SAUDE - 102;KARLA TORTATO;PAGAMENTO DE AUXILIO MORADIA PARA O(A) PROFISSIONAL MEDICO(A): KARLA TORTATOPARTICIPANTE DO PROGRAMA DE RESIDENCIA MEDICA NA SECRETARIA MUNICIPAL DE SAUDE DE GOIANIA. SEI 24290000186367.VALORES REF.AO PERIODO DE DEZEMBRO DE 2025- CONFORME INFORMADO NA PLANILHA EMITIDA PELA EMSP/SMS -CPF: 067.602.439-43-BANCO: SANTANDER - AGÊNCIA: 3248 - CONTA: 0106656-1.                        .                                                                           VALOR TOTAL:........................................................1.231,82.                                                                           102 - RECEITAS DE IMPOSTOS E DE TRANSFERENCIAS DE IMPOSTOS - SAUDE          527 - TRANSFERENCIAS DE IMPOSTOS/SAUDE - SOLICITACAO FINANCEIRA:176190 -2025;Não se aplica (Ex.: Despesas com Pessoal);000000000000
20252150002010395;16/12/2025 00:00:00;1231,82;0321332025;18/12/2025 00:00:00;1231,82;202521500020103950001;18/12/2025 00:00:00;1231,82;33904800;OUTROS AUXILIOS FINANCEIROS A PESSOAS FISICAS;00004449478509;SECRETARIA MUNICIPAL DE SAUDE;0,00;SECRETARIA MUNICIPAL DE SAUDE                                                                                                                                                                                                                                ;SAUDE - 10;ADMINISTRACAO GERAL - 122;RECEITAS DE IMPOSTOS E DE TRANSFERENCIAS DE IMPOSTOS - SAUDE - 102;REBECA DUARTE DE ALMEIDA REIS;PAGAMENTO DE AUXILIO MORADIA PARA O(A) PROFISSIONAL MEDICO(A): REBECA DUARTEDE ALMEIDA REIS PARTICIPANTE DO PROGRAMA DE RESIDENCIA MEDICA NA SECRETARIA MUNICIPAL DE SAUDE DE GOIANIA. SEI25290000163095, VALORES REF.AO PERIODO DE DEZEMBRO DE 2025 - CONFORME INFORMADO NA PLANILHA EMITIDA PELA EMSP/SMS -CPF044.494.785-09/ BANCO: SANTANDER - AGÊNCIA: 033 - CONTA: 02016604-1.        .                                                                           VALOR TOTAL:........................................................1.231,82.                                                                           102 - RECEITAS DE IMPOSTOS E DE TRANSFERENCIAS DE IMPOSTOS - SAUDE          527 - TRANSFERENCIAS DE IMPOSTOS/SAUDE - SOLICITACAO FINANCEIRA:176198 -2025;Não se aplica (Ex.: Despesas com Pessoal);000000000000
20252150004710008;22/12/2025 00:00:00;772622,95;;;0,00;;;0,00;31901300;OBRIGACOES PATRONAIS;29979036006424;SECRETARIA MUNICIPAL DE SAUDE;772622,95;SECRETARIA MUNICIPAL DE SAUDE                                                                                                                                                                                                                                ;SAUDE - 10;ATENCAO BASICA - 301;TRANSFERENCIA DE RECURSOS DO SISTEMA UNICO DE SAUDE - SUS - BLOCO DE MANUTENCAO DAS ACOES E SERVICOS PUBLICOS DE SAUDE - 107;INSTITUTO NACIONAL DO SEGURO SOCIAL - INSS;DESPESA COM A FOLHA DE PESSOAL DA SECRETARIA MUNICIPAL DE SAUDE REFERENTE AOPAGAMENTO DO INSS (PATRONAL) DOS PROFISSIONAIS CREDENCIADOS.                .                                                                           OBS:VALOR RELATIVO AO MES DE NOVEMBRO/2025. SOLICITACAO FINANCEIRA: 175816 -2025.  SEI 25.27.000008767-0.                                               .                                                                           VALOR TOTAL:......................................................772.622,95107 - TRANSFERENCIA DE RECURSOS DO SISTEMA UNICO DE SAUDE - SUS - BLOCO DE  MANUTENCAO DAS ACOES E SERVICOS PUBLICOS DE SAUDE                           8 - TRANSFERENCIA DE RECURSOS DO SUS - ATENCAO PRIMARIA                     1600 0000 - TRANSFERENCIAS FUNDO A FUNDO DE RECURSOS DO SUS PROVENIENTES DO GOVERNO FEDERAL - BLOCO DE MANUTENCAO DAS ACOES E SERVICOS PUBLICOS DE SAUDE;Não se aplica (Ex.: Despesas com Pessoal);000000000000
20252150007710009;02/12/2025 00:00:00;4641000,00;;;0,00;;;0,00;33903400;TERCEIRIZACAO DE MAO DE OBRA.;60701190000104;SECRETARIA MUNICIPAL DE SAUDE;4641000,00;SECRETARIA MUNICIPAL DE SAUDE                                                                                                                                                                                                                                ;SAUDE - 10;ATENCAO BASICA - 301;TRANSFERENCIA DE RECURSOS DO SISTEMA UNICO DE SAUDE - SUS - BLOCO DE MANUTENCAO DAS ACOES E SERVICOS PUBLICOS DE SAUDE - 107;ITAU UNIBANCO S.A.;DESPESA COM A FOLHA DE PESSOAL DA SECRETARIA MUNICIPAL DE SAUDE REFERENTE AOPAGAMENTO DOS MEDICOS CREDENCIADOS QUE PRESTAM SERVICOS NAS UNIDADES DE SAU-DE DA SMS - SCC:771555 - SEI:25.29.000000391-8.                             OBS.: VALORES ESTIMADOS RELATIVO AO MES DE DEZEMBRO/2025.                   .                                                                           VALOR TOTAL:....................................................4.641.000,00.                                                                           8 - TRANSFERENCIA DE RECURSOS DO SUS - ATENCAO PRIMARIA                     SOLICITACAO FINANCEIRA:175588/2025                                          ;Inexigibilidade de Licitação;000000012022
20252150021810322;08/12/2025 00:00:00;105728,00;;;0,00;;;0,00;33903000;MATERIAL DE CONSUMO;06105362000123;SECRETARIA MUNICIPAL DE SAUDE;105728,00;SECRETARIA MUNICIPAL DE SAUDE                                                                                                                                                                                                                                ;SAUDE - 10;ASSISTENCIA HOSPITALAR E AMBULATORIAL - 302;TRANSFERENCIA DE RECURSOS DO SISTEMA UNICO DE SAUDE - SUS - BLOCO DE MANUTENCAO DAS ACOES E SERVICOS PUBLICOS DE SAUDE - 107;ACCUMED PRODUTOS MEDICO HOSPITALARES LTDA;DESPESA COM MATERIAL DE CONSUMO (TIRA REATIVAS E LANCETAS) - PREGAO ELETRONICO N.90021/2025 - ATA DE REGISTRO DE PRECO Nº 142/2025, MEMORANDO 275 GEREMO - DESPACHO 1301 GERPSR - DESPACHO 887 PRECEL - ITEM 01 50%MAC. SCC796655  -SEI 25.29.000044668-2 - SOLICITACAO FINANCEIRA: 175714 - 2025.              .                                                                           .                                                                           ITEM 01-TIRA REATIVA DETERMINACAO GLICOSE FR C/5 0,0 UN, M:G-TECHVITA/TTV.  COD:26203-0..............11.200,00FR.........9,4400...............105.728,00VALOR TOTAL:......................................................105.728,00.                                                                           O PRAZO DE ENTREGA DOS BENS SERA EFETUADO NO PRAZO NAO SUPERIOR A 15 DIAS,U TEIS, CONTADOS APOS O RECEBIMENTO DA ORDEM DE ENTREGA OU NOTA DE EMPENHO/AU-TORIZACAO DE FORNECIMENTO E ACOMPANHADOS DOS DOCUMENTOS FISCAIS RESPECTIVOS,DEVE CONTER, OBRIGATORIAMENTE, A ESPECIFICACAO DO ITEM, MARCA DO FABRICANTE E QUANTIDADE ENTREGUE. OS BENS DEVERAO SER ENTREGUES NO ALMOXARIFADO CENTRALDA SMS DE GOIANIA, ENDERECO:AVENIDA PERIMETRAL NORTE N. 2.859, VILA JOAO VAZ, CONDOMINIO GOYAZEM BLOCO E,GALPOES DE 06 A 10, CEP 74.445-190, GOIANIA-GO.AS ENTREGAS DEVERAO SER EFETUADAS MEDIANTE AGENDAMENTO PREVIO, ATRAVES DO E-MAIL CIAD.GOIANIA@BRANETLOGISTICA.COM.BR._ MAIORES INFORMACOES PELOS TELEFO-NES: (62) 3524-3404/3407.DEMAIS ESCLARECIMENTOS EDITAL EV.8591788 E ANEXOS. .                                                                           64 - TRANSFERENCIAS DE RECURSOS DO SUS - ATENCAO ESPECIALIZADA              ;Pregão;000900242025
20252150022310027;19/12/2025 00:00:00;643800,00;;;0,00;;;0,00;33903000;MATERIAL DE CONSUMO;82873068000816;SECRETARIA MUNICIPAL DE SAUDE;643800,00;SECRETARIA MUNICIPAL DE SAUDE                                                                                                                                                                                                                                ;SAUDE - 10;ASSISTENCIA HOSPITALAR E AMBULATORIAL - 302;TRANSFERENCIA DE RECURSOS DO SISTEMA UNICO DE SAUDE - SUS / ESTADOS - 131;GENESIO A MENDES & CIA LTDA;DESPESA COM AQUISICAO EMERGENCIAL DE INSULINA GLARGINA PARA ABASTECIMENTO   DA SMS DE GOIANIA,CONF.PARECER 293/2025-GERPSR,DOC.FORM.DA DEMANDA 131/2025 -GEREMO, PED.COMPRAS 562/2025, TERMO DE REFFERENCIA 8182559.                .                                                                           ITEM 1-INSULINA GLARGINA 100UI/ML SISTEMA APLICADOR UN C/3,0ML M:LANTUS SO  LOSTAR................QUANTIDADE........VALOR UNITÁRIO..........VALOR TOTAL COD:48728-7.........22.200,00.UN......29,0000..................R$643.800,00 VALOR TOTAL:...................................................R$643.800,00 .                                                                           ENTREGA CONFORME TERMO DE REFERENCIA:                                       5.MODELO DE EXECUCAO DO OBJETO                                              5.1 O PRAZO DE ENTREGA DOS BENS E DE 15 (QUINZE) DIAS, EM PARCELA UNICA, CO NTADOS APOS O RECEBIMENTO DA ORDEM DE ENTREGA OU NOTA DE EMPENHO/AUTORIZA-  CAO DE FORNECIMENTO, ACOMPANHADOS DOS DOCUMENTOS FISCAIS RESPECTIVOS, QUE   DEVEM CONTER OBRIGATORIAMENTE,A  ESPECIFICACAO DO ITEM, MARCA DO FABRICANTE E QUANTIDADE ENTREGUE. 5.2 NA IMPOSSIBILIDADE DE ENTREGA NA DATA ASSINALADA,A EMPRESA DEVERA COMUNICAR A ADMINISTRACAO AS RAZOES RESPECTIVAS EM ATE 05  (CINCO) DIAS APOS O ENVIO DA INTIMACAO, PARA QUALQUER PLEITO DE PRORROGACAO DE PRAZO SEJA ANALISADO, RESSALVADAS SITUACOES DE CASO FORTUITO E FORCA MAI OR.                                                                         .                                                                           LOCAL:5.3OS BENS DEVERAO SER ENTREGUES NO ALMOXARIFADO CENTRAL DA SECRETA-  RIA MUNICIPAL DE SAUDE,NO SEGUINTE ENDERECO:AVENIDA PERIMETRAL NORTE, CONDO MINIO GOIAZEM, BLOCO E, GALPAO 09 E 10, VILA JOAO VAZ, CEP: 74.425-090, GOI ANIA/GO                                                                     .                                                                           5.4 AS ENTREGAS DEVERAO SER EFETUADAS MEDIANTE AGENDAMENTO PREVIO, ATRAVES  DO E-MAIL CIAD.GOIANIA@BRANETLOGISTICA.COM.BR, MAIORES INFORMACOES PELOS TE LEFONES: (62)3524-3404/3407- 5.5 O PRAZO DE VALIDADE NA DATA DA ENTREGA NAO PODERA SER INFERIOR A 80% DO PRAZO TOTAL RECOMENDADO PELO FABRICANTE. SCC:  793010 SEI 25.29.000037931-4 CONTRATO:2174/2025-SOLICITACAO FINANCEIRA:1760 90-2025.                                                                    .                                                                           FONTE:  131 - TRANSFERENCIA DE RECURSOS DO SISTEMA UNICO DE SAUDE - SUS / ESTADOS                                                                       FONTE DETALHADA:  17 - MEDIA ALTA COMPLEXIDADE - MAC                        ;Dispensa de Licitação;000000852025
20252150022710069;03/12/2025 00:00:00;2529,50;;;0,00;;;0,00;33903200;MATERIAL DE DISTRIBUICAO GRATUITA;54808865000108;SECRETARIA MUNICIPAL DE SAUDE;2529,50;SECRETARIA MUNICIPAL DE SAUDE                                                                                                                                                                                                                                ;SAUDE - 10;ASSISTENCIA HOSPITALAR E AMBULATORIAL - 302;TRANSFERENCIA DE RECURSOS DO SISTEMA UNICO DE SAUDE - SUS - BLOCO DE MANUTENCAO DAS ACOES E SERVICOS PUBLICOS DE SAUDE - 107;JRMA DISTRIBUIDORA DE EQUIPAMENTOS E MATERIAIS DE SAUDE LTDA;SOLICITACAO FINANCEIRA:163452/2025                                          64 - TRANSFERENCIAS DE RECURSOS DO SUS - ATENCAO ESPECIALIZADA              .                                                                           éM, BLOCO E, GALPãO 09 E 10, VILA JOãO VAZ, CEP: 74.425-090, GOIâNIA.       L DE SAúDE, NO SEGUINTE ENDEREçO: AVENIDA PERIMETRAL NORTE, CONDOMíNIO GOIAZOS BENS DEVERãO SER ENTREGUES NO ALMOXARIFADO CENTRAL DA SECRETARIA MUNICIPA.                                                                           EGUE, BEM COMO O SEU ACONDICIONAMENTO.                                      GATORIAMENTE, A ESPECIFICAçãO DO ITEM, MARCA DO FABRICANTE E QUANTIDADE ENTRNECIMENTO, ACOMPANHADOS DOS DOCUMENTOS ISCAIS RESPECTIVOS, DEVE CONTER, OBRIAPóS O RECEBIMENTO DA ORDEM DE ENTREGA OU NOTA DE EMPENHO/AUTORIZAçãO DE FORSERá EM REMESSA úNICA, NO PRAZO NãO SUPERIOR A 15 (QUINZE) DIAS, CONTADOS   .                                                                           VALOR TOTAL:.......................................................2.529,50 COD:459763...............01UN...........2.529,50...................2.529,50 01 - APARELHO CPAP NASAL - MARCA: GASLIVE                                   .                                                                           SR                                                                          CONFORME DECISAO - PROTOCOLO 5183512-42.2025.8.09.0051, PARECER 64/2025/GERPS CPAP PARA PACIENTE - SCC:781429 - SEI:25.29.000009550-2                   XXXXESA COM AQUISICAO DE APARELHO DE PRESSAO POSITIVA CONTINUA EM VIAS AEREA;Dispensa de Licitação;000900372025
20252150024810100;08/12/2025 00:00:00;138375,19;0314582025;08/12/2025 00:00:00;138375,19;202521500248101000001;10/12/2025 00:00:00;138375,19;33903900;OUTROS SERVICOS DE TERCEIROS - PESSOA JURIDICA;01619790000150;SECRETARIA MUNICIPAL DE SAUDE;0,00;SECRETARIA MUNICIPAL DE SAUDE                                                                                                                                                                                                                                ;SAUDE - 10;ASSISTENCIA HOSPITALAR E AMBULATORIAL - 302;TRANSFERENCIA DE RECURSOS DO SISTEMA UNICO DE SAUDE - SUS - BLOCO DE MANUTENCAO DAS ACOES E SERVICOS PUBLICOS DE SAUDE - 107;SANTA CASA DE MISERICORDIA DE GOIANIA;VALOR COMPLEMENTAR RELATIVO AO MÊS DE NOVEMBRO/2025 CONFORME INFORMADO NO   TERMO DE ATESTO                                                             ANTROPICAS DE GOIANIA - SCC:773906 - SEI:25.29.000004706-0                  EIRA DA UNIAO E DESTINADA AO PISO SALARIAL DE ENFERMAGEM AS INSTITUICOES FILDESPESA COM REPASSE FINANCEIRO COMPLEMENTAR DECORRENTE DA ASSISTENCIA FINANC.                                                                           VALOR TOTAL:....................................................138.375,19  .                                                                           97 - ASSISTENCIA FINANCEIRA PARA COMPLEMENTACAO PISO - ENFERMAGEM           SOLICITACAO FINANCEIRA:175711/2025                                          ;Outros (Convênios, ajustes, similares, etc.);000000812025
20252150024810104;12/12/2025 00:00:00;35774,09;0319112025;15/12/2025 00:00:00;0,00;;;0,00;33903900;OUTROS SERVICOS DE TERCEIROS - PESSOA JURIDICA;01957797000182;SECRETARIA MUNICIPAL DE SAUDE;0,00;SECRETARIA MUNICIPAL DE SAUDE                                                                                                                                                                                                                                ;SAUDE - 10;ASSISTENCIA HOSPITALAR E AMBULATORIAL - 302;TRANSFERENCIA DE RECURSOS DO SISTEMA UNICO DE SAUDE - SUS - BLOCO DE MANUTENCAO DAS ACOES E SERVICOS PUBLICOS DE SAUDE - 107;CLINICA DE DOENCAS RENAIS LTDA;DESPESA COM REPASSE FINANCEIRO COMPLEMENTAR DECORRENTE DA ASSISTENCIA FINAN-CEIRA DA UNIAO E DESTINADA AO PISO SALARIAL DE ENFERMAGEM AS INSTITUICOES FILANTROPICAS DE GOIANIA VALOR RELATIVO AO 13ºSALARIO CONFORME INFORMADO NO DEESPACHO DIRPS._SCC:773825 - SOLICITACAO FINANCEIRA:175980 - 2025.           .                                                                           .                                                                           VALOR TOTAL:.......................................................35.774,09.                                                                           107 - TRANSFERENCIA DE RECURSOS DO SISTEMA UNICO DE SAUDE - SUS - BLOCO DE  MANUTENCAO DAS ACOES E SERVICOS PUBLICOS DE SAUDE                           FONTE DETALHADA: 97-ASSISTENCIA FINANCEIRA PARA COMPLEMENTACAO PISO - ENFER-MAGEM                                                                       FONTE/CO STN:1605 0000-ASSISTENCIA FINANCEIRA DA UNIAO DESTINADA A COMPLEMENTACAO AO PAGAMENTO DOS PISOS SALARIAIS PARA PROFISSIONAIS DA ENFERMAGEM     ;Outros (Convênios, ajustes, similares, etc.);000000922025
20252150024810104;12/12/2025 00:00:00;35774,09;0319192025;15/12/2025 00:00:00;35774,09;202521500248101040001;16/12/2025 00:00:00;35774,09;33903900;OUTROS SERVICOS DE TERCEIROS - PESSOA JURIDICA;01957797000182;SECRETARIA MUNICIPAL DE SAUDE;0,00;SECRETARIA MUNICIPAL DE SAUDE                                                                                                                                                                                                                                ;SAUDE - 10;ASSISTENCIA HOSPITALAR E AMBULATORIAL - 302;TRANSFERENCIA DE RECURSOS DO SISTEMA UNICO DE SAUDE - SUS - BLOCO DE MANUTENCAO DAS ACOES E SERVICOS PUBLICOS DE SAUDE - 107;CLINICA DE DOENCAS RENAIS LTDA;DESPESA COM REPASSE FINANCEIRO COMPLEMENTAR DECORRENTE DA ASSISTENCIA FINAN-CEIRA DA UNIAO E DESTINADA AO PISO SALARIAL DE ENFERMAGEM AS INSTITUICOES FILANTROPICAS DE GOIANIA VALOR RELATIVO AO 13ºSALARIO CONFORME INFORMADO NO DEESPACHO DIRPS._SCC:773825 - SOLICITACAO FINANCEIRA:175980 - 2025.           .                                                                           .                                                                           VALOR TOTAL:.......................................................35.774,09.                                                                           107 - TRANSFERENCIA DE RECURSOS DO SISTEMA UNICO DE SAUDE - SUS - BLOCO DE  MANUTENCAO DAS ACOES E SERVICOS PUBLICOS DE SAUDE                           FONTE DETALHADA: 97-ASSISTENCIA FINANCEIRA PARA COMPLEMENTACAO PISO - ENFER-MAGEM                                                                       FONTE/CO STN:1605 0000-ASSISTENCIA FINANCEIRA DA UNIAO DESTINADA A COMPLEMENTACAO AO PAGAMENTO DOS PISOS SALARIAIS PARA PROFISSIONAIS DA ENFERMAGEM     ;Outros (Convênios, ajustes, similares, etc.);000000922025
20252150024810107;12/12/2025 00:00:00;34692,10;0319322025;15/12/2025 00:00:00;34692,10;202521500248101070001;16/12/2025 00:00:00;34692,10;33903900;OUTROS SERVICOS DE TERCEIROS - PESSOA JURIDICA;04529890000184;SECRETARIA MUNICIPAL DE SAUDE;0,00;SECRETARIA MUNICIPAL DE SAUDE                                                                                                                                                                                                                                ;SAUDE - 10;ASSISTENCIA HOSPITALAR E AMBULATORIAL - 302;TRANSFERENCIA DE RECURSOS DO SISTEMA UNICO DE SAUDE - SUS - BLOCO DE MANUTENCAO DAS ACOES E SERVICOS PUBLICOS DE SAUDE - 107;DAVITA SERVICOS DE NEFROLOGIA JARDIM AMERICA LTDA;DESPESA COM REPASSE FINANCEIRO COMPLEMENTAR DECORRENTE DA ASSISTENCIA FINAN-CEIRA DA UNIAO E DESTINADA AO PISO SALARIAL DE ENFERMAGEM AS INSTITUICOES FILANTROPICAS DE GOIANIA VALOR RELATIVO AO 13ºSALARIO CONFORME INFORMADO NO DEESPACHO DIRPS._SCC:773876 - SOLICITACAO FINANCEIRA:175986 - 2025.           .                                                                           .                                                                           VALOR TOTAL:.......................................................34.692,10TACAO AO PAGAMENTO DOS PISOS SALARIAIS PARA PROFISSIONAIS DA ENFERMAGEM     .                                                                           107 - TRANSFERENCIA DE RECURSOS DO SISTEMA UNICO DE SAUDE - SUS - BLOCO DE  MANUTENCAO DAS ACOES E SERVICOS PUBLICOS DE SAUDE                           FONTE DETALHADA: 97-ASSISTENCIA FINANCEIRA PARA COMPLEMENTACAO PISO - ENFER-MAGEM                                                                       FONTE/CO STN:1605 0000-ASSISTENCIA FINANCEIRA DA UNIAO DESTINADA A COMPLEMEN;Outros (Convênios, ajustes, similares, etc.);000000832025
20252150024810114;12/12/2025 00:00:00;294846,93;0319392025;15/12/2025 00:00:00;294846,93;202521500248101140001;16/12/2025 00:00:00;294846,93;33903900;OUTROS SERVICOS DE TERCEIROS - PESSOA JURIDICA;37678845000140;SECRETARIA MUNICIPAL DE SAUDE;0,00;SECRETARIA MUNICIPAL DE SAUDE                                                                                                                                                                                                                                ;SAUDE - 10;ASSISTENCIA HOSPITALAR E AMBULATORIAL - 302;TRANSFERENCIA DE RECURSOS DO SISTEMA UNICO DE SAUDE - SUS - BLOCO DE MANUTENCAO DAS ACOES E SERVICOS PUBLICOS DE SAUDE - 107;INSTITUTO PATRIS;DESPESA COM REPASSE FINANCEIRO COMPLEMENTAR DECORRENTE DA ASSISTÊNCIA FINAN-MANUTENCAO DAS ACOES E SERVICOS PUBLICOS DE SAUDE                           FONTE DETALHADA: 97-ASSISTENCIA FINANCEIRA PARA COMPLEMENTACAO PISO - ENFER-MAGEM                                                                       FONTE/CO STN:1605 0000-ASSISTENCIA FINANCEIRA DA UNIAO DESTINADA A COMPLEMENTACAO AO PAGAMENTO DOS PISOS SALARIAIS PARA PROFISSIONAIS DA ENFERMAGEM     CEIRA DA UNIAO E DESTINADA AO PSIO SALARIAL DA ENFERMAGEM AS INSTITUICOES FILANTROPICIAS DE GOIANIA.VALOR RELATIVO AO 13º SALÁRIO CONFORME INFORMADO NO DESPACHO DIRPS. SCC:783111  SOLICITACAO FINANCEIRA:176064 - 2025.           .                                                                           VALOR TOTAL:......................................................294.846,93.                                                                           107 - TRANSFERENCIA DE RECURSOS DO SISTEMA UNICO DE SAUDE - SUS - BLOCO DE  ;Outros (Convênios, ajustes, similares, etc.);000000012025
20252150024810119;12/12/2025 00:00:00;323286,67;0319452025;15/12/2025 00:00:00;323286,67;202521500248101190001;16/12/2025 00:00:00;323286,67;33903900;OUTROS SERVICOS DE TERCEIROS - PESSOA JURIDICA;72551799000115;SECRETARIA MUNICIPAL DE SAUDE;0,00;SECRETARIA MUNICIPAL DE SAUDE                                                                                                                                                                                                                                ;SAUDE - 10;ASSISTENCIA HOSPITALAR E AMBULATORIAL - 302;TRANSFERENCIA DE RECURSOS DO SISTEMA UNICO DE SAUDE - SUS - BLOCO DE MANUTENCAO DAS ACOES E SERVICOS PUBLICOS DE SAUDE - 107;HOSPITAL BENEDICENTE SAO JOSE DE HERCULANDIA;DESPESA COM REPASSE FINANCEIRO COMPLEMENTAR DECORRENTE DA ASSISTENCIA FINAN-CEIRA DA UNIAO E DESTINADA AO PISO SALARIAL DE ENFERMAGEM AS INSTITUICOES FILANTROPICAS DE GOIANIA VALOR RELATIVO AO 13ºSALARIO CONFORME INFORMADO NO DEESPACHO DIRPS._SCC:783090 - SOLICITACAO FINANCEIRA:176066 - 2025.           .                                                                           .                                                                           VALOR TOTAL:......................................................323.286,67.                                                                           107 - TRANSFERENCIA DE RECURSOS DO SISTEMA UNICO DE SAUDE - SUS - BLOCO DE  MANUTENCAO DAS ACOES E SERVICOS PUBLICOS DE SAUDE                           FONTE DETALHADA: 97-ASSISTENCIA FINANCEIRA PARA COMPLEMENTACAO PISO - ENFER-MAGEM                                                                       FONTE/CO STN:1605 0000-ASSISTENCIA FINANCEIRA DA UNIAO DESTINADA A COMPLEMENTACAO AO PAGAMENTO DOS PISOS SALARIAIS PARA PROFISSIONAIS DA ENFERMAGEM     ;Outros (Convênios, ajustes, similares, etc.);000000012025
20252150000410027;19/12/2025 00:00:00;74779,02;0328462025;19/12/2025 00:00:00;74779,02;;;0,00;31901300;OBRIGACOES PATRONAIS;29979036006424;SECRETARIA MUNICIPAL DE SAUDE;0,00;SECRETARIA MUNICIPAL DE SAUDE                                                                                                                                                                                                                                ;SAUDE - 10;ADMINISTRACAO GERAL - 122;RECEITAS DE IMPOSTOS E DE TRANSFERENCIAS DE IMPOSTOS - SAUDE - 102;INSTITUTO NACIONAL DO SEGURO SOCIAL - INSS;DESPESA COM PAGAMENTO DA FOLHA DE PESSOAL DA SECRETARIA MUNICIPAL DE SAUDE (ENCARGOS SOCIAIS / CONTRIBUICAO DE INSS/GFIP)                               .                                                                           VALOR RELATIVO AO 13º SALARIO 2025                                          .                                                                           VALOR TOTAL:..............................................74.779,02         .                                                                           FONTE:  102 - RECEITAS DE IMPOSTOS E DE TRANSFERENCIAS DE IMPOSTOS - SAUDE  FONTE DETALHADA:  527 - TRANSFERENCIAS DE IMPOSTOS/SAUDE                    SOLICITACAO FINANCEIRA NR. 176416-2025                                      ;Não se aplica (Ex.: Despesas com Pessoal);000000000000
20252150001110018;17/12/2025 00:00:00;8272053,16;0328552025;19/12/2025 00:00:00;7651718,32;202521500011100180001;22/12/2025 00:00:00;7651718,32;31911300;OBRIGACOES PATRONAIS;31711157000159;SECRETARIA MUNICIPAL DE SAUDE;0,00;SECRETARIA MUNICIPAL DE SAUDE                                                                                                                                                                                                                                ;SAUDE - 10;ADMINISTRACAO GERAL - 122;RECEITAS DE IMPOSTOS E DE TRANSFERENCIAS DE IMPOSTOS - SAUDE - 102;FUNDO PREVIDENCIARIO DO MUNICIPIO DE GOIANIA - FUNPREV;DESPESA COM PAGAMENTO DA FOLHA DE PESSOAL DA SECRETARIA MUNICIPAL DE SAUDE -CONTRIBUICAO PATRONAL E 13°SALARIO(FUNDO PREVIDENCIARIO DO MUNICIPIO DE GOIANIA/FUNPREV). SEI 25.27.000008626-6.                                        OBS:VALOR RELATIVO AO MES DE NOVEMBRO/2025.                                 .                                                                           VALOR TOTAL:....................................................8.272.053,16.                                                                           527-TRANSFERENCIAS DE IMPOSTOS / SAUDE                                      SOLICITACAO FINANCEIRA: 176253 - 2025.                                      ;Não se aplica (Ex.: Despesas com Pessoal);000000000000
20252150001110018;17/12/2025 00:00:00;8272053,16;0328562025;19/12/2025 00:00:00;620334,84;202521500011100180002;22/12/2025 00:00:00;620334,84;31911300;OBRIGACOES PATRONAIS;31711157000159;SECRETARIA MUNICIPAL DE SAUDE;0,00;SECRETARIA MUNICIPAL DE SAUDE                                                                                                                                                                                                                                ;SAUDE - 10;ADMINISTRACAO GERAL - 122;RECEITAS DE IMPOSTOS E DE TRANSFERENCIAS DE IMPOSTOS - SAUDE - 102;FUNDO PREVIDENCIARIO DO MUNICIPIO DE GOIANIA - FUNPREV;DESPESA COM PAGAMENTO DA FOLHA DE PESSOAL DA SECRETARIA MUNICIPAL DE SAUDE -CONTRIBUICAO PATRONAL E 13°SALARIO(FUNDO PREVIDENCIARIO DO MUNICIPIO DE GOIANIA/FUNPREV). SEI 25.27.000008626-6.                                        OBS:VALOR RELATIVO AO MES DE NOVEMBRO/2025.                                 .                                                                           VALOR TOTAL:....................................................8.272.053,16.                                                                           527-TRANSFERENCIAS DE IMPOSTOS / SAUDE                                      SOLICITACAO FINANCEIRA: 176253 - 2025.                                      ;Não se aplica (Ex.: Despesas com Pessoal);000000000000
20252150002010381;16/12/2025 00:00:00;1231,82;0320912025;18/12/2025 00:00:00;1231,82;202521500020103810001;18/12/2025 00:00:00;1231,82;33904800;OUTROS AUXILIOS FINANCEIROS A PESSOAS FISICAS;00070287115100;SECRETARIA MUNICIPAL DE SAUDE;0,00;SECRETARIA MUNICIPAL DE SAUDE                                                                                                                                                                                                                                ;SAUDE - 10;ADMINISTRACAO GERAL - 122;RECEITAS DE IMPOSTOS E DE TRANSFERENCIAS DE IMPOSTOS - SAUDE - 102;BEATRIZ DE ALMEIDA BARROSO;PAGAMENTO DE AUXILIO MORADIA P/ O(A) PROFISSIONAL MEDICO(A):BEATRIZ DE ALMEIDA BARROSO   PARTICIPANTE DO PROGRAMA DE RESIDENCIA MEDICA NA SECRETARIA    MUNICIPAL DE SAUDE DE GOIANIA. SEI 24290000186367. VALORES REF.AO PERIODO DEDEZEMBRO DE 2025 - CONFORME INFORMADO NA PLANILHA EMITIDA PELA EMSP/SMS -CPF702.871.151-00 / BANCO: BRADESCO - AGÊNCIA: 0644- CONTA: 2442-2.            .                                                                           VALOR TOTAL:........................................................1.231,82.                                                                           102 - RECEITAS DE IMPOSTOS E DE TRANSFERENCIAS DE IMPOSTOS - SAUDE          527 - TRANSFERENCIAS DE IMPOSTOS/SAUDE - SOLICITACAO FINANCEIRA:176161 -2025;Não se aplica (Ex.: Despesas com Pessoal);000000000000
20252150002010389;16/12/2025 00:00:00;1231,82;0321032025;18/12/2025 00:00:00;1231,82;202521500020103890001;18/12/2025 00:00:00;1231,82;33904800;OUTROS AUXILIOS FINANCEIROS A PESSOAS FISICAS;00070308581156;SECRETARIA MUNICIPAL DE SAUDE;0,00;SECRETARIA MUNICIPAL DE SAUDE                                                                                                                                                                                                                                ;SAUDE - 10;ADMINISTRACAO GERAL - 122;RECEITAS DE IMPOSTOS E DE TRANSFERENCIAS DE IMPOSTOS - SAUDE - 102;GEOVANNA BORBA SOARES VELI;PAGAMENTO DE AUXILIO MORADIA PARA O(A) PROFISSIONAL MEDICO(A):GEOVANNA BORBASOARES VELI   PARTICIPANTE DO PROGRAMA DE RESIDENCIA MEDICA NA SECRETARIA   MUNICIPAL DE SAUDE DE GOIANIA. SEI 24290000186367. VALORES REF.AO PERIODO DEDEZEMBRO DE 2025 - CONFORME INFORMADO NA PLANILHA EMITIDA PELA EMSP/SMS -CPF703.085.811-56 / BANCO: BRADESCO - AGENCIA: 1423- CONTA: 26050-9.           .                                                                           VALOR TOTAL:........................................................1.231,82.                                                                           102 - RECEITAS DE IMPOSTOS E DE TRANSFERENCIAS DE IMPOSTOS - SAUDE          527 - TRANSFERENCIAS DE IMPOSTOS/SAUDE - SOLICITACAO FINANCEIRA:176176 -2025;Não se aplica (Ex.: Despesas com Pessoal);000000000000
20252150002510006;04/12/2025 00:00:00;1144078,29;;;0,00;;;0,00;33910800;OUTROS BENEFICIOS ASSISTENCIAIS;02371916000183;SECRETARIA MUNICIPAL DE SAUDE;1144078,29;SECRETARIA MUNICIPAL DE SAUDE                                                                                                                                                                                                                                ;SAUDE - 10;ADMINISTRACAO GERAL - 122;RECEITAS DE IMPOSTOS E DE TRANSFERENCIAS DE IMPOSTOS - SAUDE - 102;INSTITUTO DE ASSIST. A SAUDE E SOCIAL DOS SERVID. MUNICIP. D;527 - TRANSFERENCIA DE IMPOSTOS/SAUDE - SOLICITACAO FINANCEIRA: 175683/2025 .                                                                           VALOR TOTAL:....................................................1.144.078,29.                                                                           (CONTRIBUICAO DO IMAS) - VALOR RELATIVO AO MES DE NOVEMBRO/2025             DESPESA COM PAGAMENTO DA FOLHA DE PESSOAL DA SECRETARIA MUNICIPAL DE SAUDE  ;Não se aplica (Ex.: Despesas com Pessoal);000000000000
20252150004610007;19/12/2025 00:00:00;574944,00;0328092025;19/12/2025 00:00:00;574944,00;202521500046100070001;19/12/2025 00:00:00;574944,00;31901100;VENCIMENTOS E VANTAGENS FIXAS - PESSOAL CIVIL;60701190000104;SECRETARIA MUNICIPAL DE SAUDE;0,00;SECRETARIA MUNICIPAL DE SAUDE                                                                                                                                                                                                                                ;SAUDE - 10;ATENCAO BASICA - 301;TRANSFERENCIAS PROVENIENTES DO GOVERNO FEDERAL DESTINADAS AO VENCIMENTO DOS AGENTES COMUNITARIOS DE SAUDE E DOS AGENTES DE COMBATE AS ENDEMIAS - 195;ITAU UNIBANCO S.A.;DESPESA COM PAGAMENTO DA FOLHA DE PESSOAL DA SECRETARIA   MUNICIPAL DE SAUDE(CARGO EFETIVO VINCULADO AO RPPS / AGENTE COMUNITARIO DE SAUDE).            VALOR COMPLEMENTAR REFERENTE AO MES DE DEZEMBRO/2025. SEI 25.27.000008982-6..                                                                           VALOR TOTAL:......................................................574.944,00.                                                                           195-TRANSFERENCIAS PROVENIENTES DO GOVERNO FEDERAL DESTINADAS AO VENCIMENTO DOS AGENTES COMUNITARIOS DE SAUDE E DOS AGENTES DE COMBATE AS ENDEMIAS      91-TRANSFERENCIAS PROVENIENTES DO GOVERNO FEDERAL DESTINADAS AO VENCIMENTO  DOS AGENTES COMUNITARIOS DE SAUDE                                           SOLICITACAO FINANCEIRA : 176540-2025.                                       ;Não se aplica (Ex.: Despesas com Pessoal);000000000000
20252150000210024;18/12/2025 00:00:00;18934,74;0322592025;18/12/2025 00:00:00;11622,64;202521500002100240001;18/12/2025 00:00:00;11622,64;31901100;VENCIMENTOS E VANTAGENS FIXAS - PESSOAL CIVIL;60701190000104;SECRETARIA MUNICIPAL DE SAUDE;0,00;SECRETARIA MUNICIPAL DE SAUDE                                                                                                                                                                                                                                ;SAUDE - 10;ADMINISTRACAO GERAL - 122;RECEITAS DE IMPOSTOS E DE TRANSFERENCIAS DE IMPOSTOS - SAUDE - 102;ITAU UNIBANCO S.A.;DESP. C/PAGAMENTO DA FOLHA DE PESSOAL DA SMS DE GOIANIA(CARGO EFETIVO/INSS)-SEI 25.27.000008807-2-SCC:711555 - SOLICITACAO FINANCEIRA:176336-2025.      .                                                                           OBS: VALOR REFERENTE AO 13º SALARIO 2025.                                   .                                                                           VALOR TOTAL:.......................................................18.934,74.                                                                           102-RECEITAS DE IMPOSTOS E DE TRANSFERENCIAS DE IMPOSTOS - SAUDE            527-TRANSFERENCIAS DE IMPOSTOS / SAUDE                                      ;Não se aplica (Ex.: Despesas com Pessoal);000000000000
20252150000210024;18/12/2025 00:00:00;18934,74;0322602025;18/12/2025 00:00:00;7312,10;202521500002100240002;18/12/2025 00:00:00;7312,10;31901100;VENCIMENTOS E VANTAGENS FIXAS - PESSOAL CIVIL;60701190000104;SECRETARIA MUNICIPAL DE SAUDE;0,00;SECRETARIA MUNICIPAL DE SAUDE                                                                                                                                                                                                                                ;SAUDE - 10;ADMINISTRACAO GERAL - 122;RECEITAS DE IMPOSTOS E DE TRANSFERENCIAS DE IMPOSTOS - SAUDE - 102;ITAU UNIBANCO S.A.;DESP. C/PAGAMENTO DA FOLHA DE PESSOAL DA SMS DE GOIANIA(CARGO EFETIVO/INSS)-SEI 25.27.000008807-2-SCC:711555 - SOLICITACAO FINANCEIRA:176336-2025.      .                                                                           OBS: VALOR REFERENTE AO 13º SALARIO 2025.                                   .                                                                           VALOR TOTAL:.......................................................18.934,74.                                                                           102-RECEITAS DE IMPOSTOS E DE TRANSFERENCIAS DE IMPOSTOS - SAUDE            527-TRANSFERENCIAS DE IMPOSTOS / SAUDE                                      ;Não se aplica (Ex.: Despesas com Pessoal);000000000000
20252150000410028;19/12/2025 00:00:00;130,00;0327512025;19/12/2025 00:00:00;130,00;202521500004100280001;19/12/2025 00:00:00;130,00;31901300;OBRIGACOES PATRONAIS;29979036006424;SECRETARIA MUNICIPAL DE SAUDE;0,00;SECRETARIA MUNICIPAL DE SAUDE                                                                                                                                                                                                                                ;SAUDE - 10;ADMINISTRACAO GERAL - 122;RECEITAS DE IMPOSTOS E DE TRANSFERENCIAS DE IMPOSTOS - SAUDE - 102;INSTITUTO NACIONAL DO SEGURO SOCIAL - INSS;DESPESA COM PAGAMENTO DA FOLHA DE PESSOAL DA SECRETARIA MUNICIPAL DE SAUDE (SALARIO FAMILIA / INSS)                                                     .                                                                           VALOR RELATIVO AO MES DE DEZEMBRO/2025                                      .                                                                           VALOR TOTAL:...............................................130,00           .                                                                           FONTE:  102 - RECEITAS DE IMPOSTOS E DE TRANSFERENCIAS DE IMPOSTOS - SAUDE  FONTE DETALHADA:  527 - TRANSFERENCIAS DE IMPOSTOS/SAUDE                    SOLICITACAO FINANCEIRA NR. 176464-2025                                      ;Não se aplica (Ex.: Despesas com Pessoal);000000000000
20252150001510018;19/12/2025 00:00:00;7590,00;0327182025;19/12/2025 00:00:00;4554,00;202521500015100180001;19/12/2025 00:00:00;4554,00;33900800;OUTROS BENEFICIOS ASSISTENCIAIS;60701190000104;SECRETARIA MUNICIPAL DE SAUDE;0,00;SECRETARIA MUNICIPAL DE SAUDE                                                                                                                                                                                                                                ;SAUDE - 10;ADMINISTRACAO GERAL - 122;RECEITAS DE IMPOSTOS E DE TRANSFERENCIAS DE IMPOSTOS - SAUDE - 102;ITAU UNIBANCO S.A.;DESPESA COM PAGAMENTO DA FOLHA DE PESSOAL DA SECRETARIA MUNICIPAL DE SAUDE (AUXILIO NATALIDADE)                                                         .                                                                           VALOR RELATIVO AO MES DE DEZEMBRO/2025                                      .                                                                           VALOR TOTAL:...............................................7.590,00         .                                                                           FONTE:  102 - RECEITAS DE IMPOSTOS E DE TRANSFERENCIAS DE IMPOSTOS - SAUDE  FONTE DETALHADA:  527 - TRANSFERENCIAS DE IMPOSTOS/SAUDE                    SOLICITACAO FINANCEIRA NR. 176482-2025                                      ;Não se aplica (Ex.: Despesas com Pessoal);000000000000
20252150001510018;19/12/2025 00:00:00;7590,00;0327232025;19/12/2025 00:00:00;3036,00;202521500015100180002;19/12/2025 00:00:00;3036,00;33900800;OUTROS BENEFICIOS ASSISTENCIAIS;60701190000104;SECRETARIA MUNICIPAL DE SAUDE;0,00;SECRETARIA MUNICIPAL DE SAUDE                                                                                                                                                                                                                                ;SAUDE - 10;ADMINISTRACAO GERAL - 122;RECEITAS DE IMPOSTOS E DE TRANSFERENCIAS DE IMPOSTOS - SAUDE - 102;ITAU UNIBANCO S.A.;DESPESA COM PAGAMENTO DA FOLHA DE PESSOAL DA SECRETARIA MUNICIPAL DE SAUDE (AUXILIO NATALIDADE)                                                         .                                                                           VALOR RELATIVO AO MES DE DEZEMBRO/2025                                      .                                                                           VALOR TOTAL:...............................................7.590,00         .                                                                           FONTE:  102 - RECEITAS DE IMPOSTOS E DE TRANSFERENCIAS DE IMPOSTOS - SAUDE  FONTE DETALHADA:  527 - TRANSFERENCIAS DE IMPOSTOS/SAUDE                    SOLICITACAO FINANCEIRA NR. 176482-2025                                      ;Não se aplica (Ex.: Despesas com Pessoal);000000000000
20252150002010385;16/12/2025 00:00:00;1231,82;0320962025;18/12/2025 00:00:00;1231,82;202521500020103850001;18/12/2025 00:00:00;1231,82;33904800;OUTROS AUXILIOS FINANCEIROS A PESSOAS FISICAS;00070031383106;SECRETARIA MUNICIPAL DE SAUDE;0,00;SECRETARIA MUNICIPAL DE SAUDE                                                                                                                                                                                                                                ;SAUDE - 10;ADMINISTRACAO GERAL - 122;RECEITAS DE IMPOSTOS E DE TRANSFERENCIAS DE IMPOSTOS - SAUDE - 102;CAROLINA GALVAO SALIONI;PAGAMENTO DE AUXILIO MORADIA P/ O(A) PROFISSIONAL MEDICO(A):CAROLINA GALVAO SALIONI      PARTICIPANTE DO PROGRAMA DE RESIDENCIA MEDICA NA SECRETARIA    MUNICIPAL DE SAUDE DE GOIANIA. SEI 24290000186367. VALORES REF.AO PERIODO DEDEZEMBRO DE 2025 - CONFORME INFORMADO NA PLANILHA EMITIDA PELA EMSP/SMS -CPF700.313.831-06 / BANCO: BRADESCO - AGENCIA: 0250 - CONTA: 6370-3.           .                                                                           VALOR TOTAL:........................................................1.231,82.                                                                           102 - RECEITAS DE IMPOSTOS E DE TRANSFERENCIAS DE IMPOSTOS - SAUDE          527 - TRANSFERENCIAS DE IMPOSTOS/SAUDE - SOLICITACAO FINANCEIRA:176170 -2025;Não se aplica (Ex.: Despesas com Pessoal);000000000000
20252150002010388;16/12/2025 00:00:00;1231,82;0321022025;18/12/2025 00:00:00;1231,82;202521500020103880001;18/12/2025 00:00:00;1231,82;33904800;OUTROS AUXILIOS FINANCEIROS A PESSOAS FISICAS;00071696410118;SECRETARIA MUNICIPAL DE SAUDE;0,00;SECRETARIA MUNICIPAL DE SAUDE                                                                                                                                                                                                                                ;SAUDE - 10;ADMINISTRACAO GERAL - 122;RECEITAS DE IMPOSTOS E DE TRANSFERENCIAS DE IMPOSTOS - SAUDE - 102;ERIKA MOSCARELLI;PAGAMENTO DE AUXILIO MORADIA PARA O(A) PROFISSIONAL MEDICO(A): ERIKA MOSCARELLI            PARTICIPANTE DO PROGRAMA DE RESIDENCIA MEDICA NA SECRETARIA  MUNICIPAL DE SAUDE DE GOIANIA. SEI 24290000186367. VALORES REF.AO PERIODO DEDEZEMBRO DE 2025 - CONFORME INFORMADO NA PLANILHA EMITIDA PELA EMSP/SMS -CPF716.964.101-18 / BANCO: ITAÚ - AGÊNCIA: 6630 - CONTA:0035055-8.             .                                                                           VALOR TOTAL:........................................................1.231,82.                                                                           102 - RECEITAS DE IMPOSTOS E DE TRANSFERENCIAS DE IMPOSTOS - SAUDE          527 - TRANSFERENCIAS DE IMPOSTOS/SAUDE - SOLICITACAO FINANCEIRA:176174 -2025;Não se aplica (Ex.: Despesas com Pessoal);000000000000
20252150002010383;16/12/2025 00:00:00;1231,82;0320932025;18/12/2025 00:00:00;1231,82;202521500020103830001;18/12/2025 00:00:00;1231,82;33904800;OUTROS AUXILIOS FINANCEIROS A PESSOAS FISICAS;00004466289565;SECRETARIA MUNICIPAL DE SAUDE;0,00;SECRETARIA MUNICIPAL DE SAUDE                                                                                                                                                                                                                                ;SAUDE - 10;ADMINISTRACAO GERAL - 122;RECEITAS DE IMPOSTOS E DE TRANSFERENCIAS DE IMPOSTOS - SAUDE - 102;BRENDA EGLE CARVALHO DE SANTANA;PAGAMENTO DE AUXILIO MORADIA P/ O(A) PROFISSIONAL MEDICO(A):BRENDA EGLE CAR-VALHO DE SANTANA PARTICIPANTE DO PROGRAMA DE RESIDENCIA MEDICA NA SECRETARIAMUNICIPAL DE SAUDE DE GOIANIA. SEI 24290000186367. VALORES REF.AO PERIODO DEDEZEMBRO DE 2025 - CONFORME INFORMADO NA PLANILHA EMITIDA PELA EMSP/SMS -CPF044.662.895-65 / BANCO: ITAU - AGENCIA: 4340 - CONTA:64619-1.               .                                                                           VALOR TOTAL:........................................................1.231,82.                                                                           102 - RECEITAS DE IMPOSTOS E DE TRANSFERENCIAS DE IMPOSTOS - SAUDE          527 - TRANSFERENCIAS DE IMPOSTOS/SAUDE - SOLICITACAO FINANCEIRA:176165 -2025;Não se aplica (Ex.: Despesas com Pessoal);000000000000
20252150002010397;16/12/2025 00:00:00;1231,82;0321172025;18/12/2025 00:00:00;1231,82;202521500020103970001;18/12/2025 00:00:00;1231,82;33904800;OUTROS AUXILIOS FINANCEIROS A PESSOAS FISICAS;00006580694114;SECRETARIA MUNICIPAL DE SAUDE;0,00;SECRETARIA MUNICIPAL DE SAUDE                                                                                                                                                                                                                                ;SAUDE - 10;ADMINISTRACAO GERAL - 122;RECEITAS DE IMPOSTOS E DE TRANSFERENCIAS DE IMPOSTOS - SAUDE - 102;JACKSON LUIZ GONCALVES BEZERRA;PAGAMENTO DE AUXILIO MORADIA PARA O(A) PROFISSIONAL MEDICO(A):JACKSON LUIZ  GONÇALVES BEZERRA PARTICIPANTE DO PROGRAMA DE RESIDENCIA MEDICA NA SMS DE   GOIANIA. SEI 25290000138007. VALORES REF.AO PERIODO DE DEZEMBRO DE 2025.    CONFORME INFORMADO NA PLANILHA EMITIDA PELA EMSP/SMS -CPF 065.806.941-14/BANCO: BRADESCO - AGENCIA: 616 CONTA: 624-6.                                   .                                                                           VALOR TOTAL:........................................................1.231,82.                                                                           102 - RECEITAS DE IMPOSTOS E DE TRANSFERENCIAS DE IMPOSTOS - SAUDE          527 - TRANSFERENCIAS DE IMPOSTOS/SAUDE - SOLICITACAO FINANCEIRA:176186 -2025;Não se aplica (Ex.: Despesas com Pessoal);000000000000
20252150002110006;19/12/2025 00:00:00;318,20;0327712025;19/12/2025 00:00:00;318,20;202521500021100060001;19/12/2025 00:00:00;318,20;33904900;AUXILIO - TRANSPORTE;60701190000104;SECRETARIA MUNICIPAL DE SAUDE;0,00;SECRETARIA MUNICIPAL DE SAUDE                                                                                                                                                                                                                                ;SAUDE - 10;ADMINISTRACAO GERAL - 122;RECEITAS DE IMPOSTOS E DE TRANSFERENCIAS DE IMPOSTOS - SAUDE - 102;ITAU UNIBANCO S.A.;DESPESA COM PAGAMENTO DA FOLHA DE PESSOAL DA SECRETARIA   MUNICIPAL DE SAUDE(AUXILIO TRANSPORTE) SEI 25.27.000008982-6.OBS:MES DE DEZEMBRO/2025.        .                                                                           VALOR TOTAL:..........................................................318,20.                                                                           FONTE:102-RECEITAS DE IMPOSTOS E DE TRANSFERENCIAS DE IMPOSTOS - SAUDE      FONTE DETALHADA:527-TRANSFERENCIAS DE IMPOSTOS / SAUDE                      SOLICITACAO FINANCEIRA : 176480-2025.                                       ;Não se aplica (Ex.: Despesas com Pessoal);000000000000
20252150013210006;08/12/2025 00:00:00;10147,95;;;0,00;;;0,00;44905200;EQUIPAMENTOS E MATERIAL PERMANENTE;20669174000159;SECRETARIA MUNICIPAL DE SAUDE;10147,95;SECRETARIA MUNICIPAL DE SAUDE                                                                                                                                                                                                                                ;SAUDE - 10;ATENCAO BASICA - 301;TRANSFERENCIA DE RECURSOS DO SISTEMA UNICO DE SAUDE - SUS - BLOCO DE MANUTENCAO DAS ACOES E SERVICOS PUBLICOS DE SAUDE - 107;K2 INDUSTRIA, COMERCIO, IMPORTACAO E EXPORTACAO LTDA;.                                                                           ITEM 1-KIT CONTRA ANGULO/MICROMOTOR BAIXA ROTACAO M:KHALKOS.                COD:72256-1.............21,00 UN(60%)........451,9500...............9.490,95ITEM 2-PECA RETA P/ MICROMOTOR BAIXA ROTACAO      M:KHALKOS.                COD:72257-0..............3,00 UN(60%)........219,0000.................657,00175720 - 2025.                                                              02-3UNIDADES), SCC: 796639 - SEI 25.29.000044882-0 - SOLICITACAO FINANCEIRA:CHO 1045 GERCOM - DESPACHO 879 PRECEL - 60%PAB (ITEM 01- 21 UNIDADES E ITEM GISTRO DE PRECO Nº 23/2024 MEMORANDO 265 GEREMO - PARECER 354 GERPSR - DESPADESPESA COM MATERIAL PERMAMENTE - PREGAO ELETRONICO Nº 90027/2024 -ATA DE REVALOR TOTAL:.......................................................10.147,95.                                                                           O FORNECIMENTO DEVERA SER EFETUADO,C/PRAZO DE ENTREGA NAO SUPERIOR A 20 DIASCONTADOS A PARTIR DO RECEBIMENTO DA NOTA DE EMPENHO.ENTREGA NO ALMOXARIFADO CENTRAL DA SECRETARIA MUNICIPAL DE SAúDE NO SEGUINTE ENDERECO: AVENIDA PERI-METRAL NORTE, COND.GOIAZEM, BL.E,GALPAO 09 E 10, VL.JOAO VAZ, GOIANIA/GO.CEP:74.425-090, REALIZAR AGENDAMENTO PREVIO, ATRAVES DO E-MAIL CIAD.GOIANIA@BRANETOLGISTICA.COM.BR,INFORMACOES PELOS TELEFONES:(62)3524-3404/3407.DEMAIS ESCLARECIMENTOS EDITAL EV.8607348, MEMO 265/25 GEREMO E ANEXOS.               .                                                                           8 - TRANSFERENCIA DE RECURSOS DO SUS - ATENCAO PRIMARIA                     ;Pregão;000900272025
20252150024910932;12/12/2025 00:00:00;1401,29;;;0,00;;;0,00;33903900;OUTROS SERVICOS DE TERCEIROS - PESSOA JURIDICA;08796528000201;SECRETARIA MUNICIPAL DE SAUDE;1401,29;SECRETARIA MUNICIPAL DE SAUDE                                                                                                                                                                                                                                ;SAUDE - 10;ASSISTENCIA HOSPITALAR E AMBULATORIAL - 302;TRANSFERENCIA DE RECURSOS DO SISTEMA UNICO DE SAUDE - SUS - BLOCO DE MANUTENCAO DAS ACOES E SERVICOS PUBLICOS DE SAUDE - 107;BRAZIL HUMAN ANIMAL NON GOVERNMENTAL ORGANIZATION;DESPESA COM CONVENIO NR 884/2023 PARA EXECUCAO DE SERVICOS MEDICOS DE       ASSISTENCIA A SAUDE AMBULATORIAL (HOSPITALAR) E/OU APOIO DIAGNOSTICO        TERAPEUTICO PARA ATENDIMENTO DOS SUSUARIOS DO SUS - SCC: 687074             REFERENCIA: COMPETENCIA 10/2025  - SEI:25.29.000013818-0                    .                                                                           VALOR TOTAL:.....................................................1.401,29   .                                                                           64 - TRANSFERENCIAS DE RECURSOS DO SUS - ATENCAO ESPECIALIZADA              SOLICITACAO FINANCEIRA: 176009/2025                                         ;Inexigibilidade de Licitação;000000052020
20252150024910977;16/12/2025 00:00:00;659224,72;0320052025;16/12/2025 00:00:00;659224,72;202521500249109770001;17/12/2025 00:00:00;659224,72;33903900;OUTROS SERVICOS DE TERCEIROS - PESSOA JURIDICA;01588128000180;SECRETARIA MUNICIPAL DE SAUDE;0,00;SECRETARIA MUNICIPAL DE SAUDE                                                                                                                                                                                                                                ;SAUDE - 10;ASSISTENCIA HOSPITALAR E AMBULATORIAL - 302;TRANSFERENCIA DE RECURSOS DO SISTEMA UNICO DE SAUDE - SUS - BLOCO DE MANUTENCAO DAS ACOES E SERVICOS PUBLICOS DE SAUDE - 107;PRONTO SOCORRO PARA QUEIMADURAS LTDA;DESPESA COM CONTRATO NR 782/2020 PARA EXECUCAO DE SERVICOS MEDICOS DE       ASSISTENCIA A SAUDE AMBULATORIAL (HOSPITALAR) E/OU APOIO DIAGNOSTICO        TERAPEUTICO PARA ATENDIMENTO DOS SUSUARIOS DO SUS - SCC: 515362             REFERENCIA: COMPETENCIA 10/2025  - SEI:22.29.000012210-4                    .                                                                           VALOR TOTAL:...................................................659.224,72   .                                                                           64 - TRANSFERENCIAS DE RECURSOS DO SUS - ATENCAO ESPECIALIZADA              SOLICITACAO FINANCEIRA: 176110/2025                                         ;Inexigibilidade de Licitação;000063722020
20252150024910985;17/12/2025 00:00:00;189000,00;0320232025;17/12/2025 00:00:00;189000,00;202521500249109850001;17/12/2025 00:00:00;189000,00;33903900;OUTROS SERVICOS DE TERCEIROS - PESSOA JURIDICA;01103480000189;SECRETARIA MUNICIPAL DE SAUDE;0,00;SECRETARIA MUNICIPAL DE SAUDE                                                                                                                                                                                                                                ;SAUDE - 10;ASSISTENCIA HOSPITALAR E AMBULATORIAL - 302;TRANSFERENCIA DE RECURSOS DO SISTEMA UNICO DE SAUDE - SUS - BLOCO DE MANUTENCAO DAS ACOES E SERVICOS PUBLICOS DE SAUDE - 107;CORAE CENTRO DE ORIENTACAO REABILITACAO E ASSIST. AO ENCEFAL;DESPESA COM CONTRATO NR 1.205/2020 PARA EXECUCAO DE SERVICOS MEDICOS DE     ASSISTENCIA A SAUDE AMBULATORIAL (HOSPITALAR) E/OU APOIO DIAGNOSTICO        TERAPEUTICO PARA ATENDIMENTO DOS SUSUARIOS DO SUS - SCC: 529614             REFERENCIA: COMPETENCIA 10/2025  - SEI:22.29.000011969-3                    .                                                                           VALOR TOTAL:...................................................189.000,00   .                                                                           64 - TRANSFERENCIAS DE RECURSOS DO SUS - ATENCAO ESPECIALIZADA              SOLICITACAO FINANCEIRA: 176134/2025                                         ;Inexigibilidade de Licitação;000080862020
20252150024910986;17/12/2025 00:00:00;234474,59;0320242025;17/12/2025 00:00:00;234474,59;202521500249109860001;17/12/2025 00:00:00;234474,59;33903900;OUTROS SERVICOS DE TERCEIROS - PESSOA JURIDICA;00136446000148;SECRETARIA MUNICIPAL DE SAUDE;0,00;SECRETARIA MUNICIPAL DE SAUDE                                                                                                                                                                                                                                ;SAUDE - 10;ASSISTENCIA HOSPITALAR E AMBULATORIAL - 302;TRANSFERENCIA DE RECURSOS DO SISTEMA UNICO DE SAUDE - SUS - BLOCO DE MANUTENCAO DAS ACOES E SERVICOS PUBLICOS DE SAUDE - 107;NEFROCLINICA CLINICA DE DOENCAS RENAIS LTDA;DESPESA COM CONTRATO NR 928/2020 PARA EXECUCAO DE SERVICOS MEDICOS DE       ASSISTENCIA A SAUDE AMBULATORIAL (HOSPITALAR) E/OU APOIO DIAGNOSTICO        TERAPEUTICO PARA ATENDIMENTO DOS SUSUARIOS DO SUS - SCC: 518434             REFERENCIA: COMPETENCIA 10/2025  - SEI:22.29.000013329-7                    .                                                                           VALOR TOTAL:...................................................234.474,59   .                                                                           64 - TRANSFERENCIAS DE RECURSOS DO SUS - ATENCAO ESPECIALIZADA              SOLICITACAO FINANCEIRA: 176152/2025                                         ;Inexigibilidade de Licitação;000068912020
20252150025310029;11/12/2025 00:00:00;1138031,16;0317182025;11/12/2025 00:00:00;573176,32;202521500253100290001;11/12/2025 00:00:00;573176,32;33903900;OUTROS SERVICOS DE TERCEIROS - PESSOA JURIDICA;72551799000115;SECRETARIA MUNICIPAL DE SAUDE;0,00;SECRETARIA MUNICIPAL DE SAUDE                                                                                                                                                                                                                                ;SAUDE - 10;ASSISTENCIA HOSPITALAR E AMBULATORIAL - 302;TRANSFERENCIAS DE CONVENIOS - ESTADO/SAUDE - 125;HOSPITAL BENEDICENTE SAO JOSE DE HERCULANDIA;FONTE DETALHADA 541 - TRANSFERENCIAS DE CONVENIOS - ESTADO/SAUDE            FONTE/CO STN:1632 0000-TRANSFERENCIAS DO ESTADO REFERENTES A CONVENIOS E INSTRUMENTOS CONGENERES VINCULADOS A SAUDE                                     SOLICITACAO FINANCEIRA NR.175915 - 2025 SCC783090 SEI:25.29.000027894-1     DESPESA COM TERMO DE COLABORACAO PARA A GESTAO PARA O GERENCIAMENTO OPERACIONALIZACAO E A EXECUCAO DAS ACOES E SERVICOS DE SAUDE, PARA O PLENO FUNCIONA-MENTO DA MATERNIDADE CELIA CAMARA - HMCC.                                   HOSPITAL E MATERNIDADE MUNICIPAL CELIA CAMARA (HMMCC) - ENTIDADE RECOMENDADAHOSPITAL BENEFICENTE SAO JOSE DE HERCULANDIA  TERMO DE COLABORACAO EMERGEN- CIAL NR.042/2025 -  REPASSE FUNDO A FUNDO. SCC:783090 SEI 25290000278941.   .                                                                           VALOR TOTAL:....................................................1.138.031,16.                                                                           FONTE 125 - TRANSFERENCIAS DE CONVENIOS - ESTADO/SAUDE                      ;Outros (Convênios, ajustes, similares, etc.);000000012025
20252150025310029;11/12/2025 00:00:00;1138031,16;0317192025;11/12/2025 00:00:00;564854,84;202521500253100290002;11/12/2025 00:00:00;564854,84;33903900;OUTROS SERVICOS DE TERCEIROS - PESSOA JURIDICA;72551799000115;SECRETARIA MUNICIPAL DE SAUDE;0,00;SECRETARIA MUNICIPAL DE SAUDE                                                                                                                                                                                                                                ;SAUDE - 10;ASSISTENCIA HOSPITALAR E AMBULATORIAL - 302;TRANSFERENCIAS DE CONVENIOS - ESTADO/SAUDE - 125;HOSPITAL BENEDICENTE SAO JOSE DE HERCULANDIA;FONTE DETALHADA 541 - TRANSFERENCIAS DE CONVENIOS - ESTADO/SAUDE            FONTE/CO STN:1632 0000-TRANSFERENCIAS DO ESTADO REFERENTES A CONVENIOS E INSTRUMENTOS CONGENERES VINCULADOS A SAUDE                                     SOLICITACAO FINANCEIRA NR.175915 - 2025 SCC783090 SEI:25.29.000027894-1     DESPESA COM TERMO DE COLABORACAO PARA A GESTAO PARA O GERENCIAMENTO OPERACIONALIZACAO E A EXECUCAO DAS ACOES E SERVICOS DE SAUDE, PARA O PLENO FUNCIONA-MENTO DA MATERNIDADE CELIA CAMARA - HMCC.                                   HOSPITAL E MATERNIDADE MUNICIPAL CELIA CAMARA (HMMCC) - ENTIDADE RECOMENDADAHOSPITAL BENEFICENTE SAO JOSE DE HERCULANDIA  TERMO DE COLABORACAO EMERGEN- CIAL NR.042/2025 -  REPASSE FUNDO A FUNDO. SCC:783090 SEI 25290000278941.   .                                                                           VALOR TOTAL:....................................................1.138.031,16.                                                                           FONTE 125 - TRANSFERENCIAS DE CONVENIOS - ESTADO/SAUDE                      ;Outros (Convênios, ajustes, similares, etc.);000000012025
20252150025310030;11/12/2025 00:00:00;1252220,82;0317202025;11/12/2025 00:00:00;1252220,82;202521500253100300001;11/12/2025 00:00:00;1252220,82;33903900;OUTROS SERVICOS DE TERCEIROS - PESSOA JURIDICA;37678845000140;SECRETARIA MUNICIPAL DE SAUDE;0,00;SECRETARIA MUNICIPAL DE SAUDE                                                                                                                                                                                                                                ;SAUDE - 10;ASSISTENCIA HOSPITALAR E AMBULATORIAL - 302;TRANSFERENCIAS DE CONVENIOS - ESTADO/SAUDE - 125;INSTITUTO PATRIS;TO DA MATERNIDADE NASCER CIDADAO - HMDI. SCC:783111.                        HOSPITAL E MATERNIDADE DONA IRIS (HMDI) - ENTIDADE RECOMENDADA: INSTITUTO PATRIS TERMO DE COLABORACAO EMERGENCIAL NR.043/2025-REPASSE ESTADO FUNDO A FUNDO SES/GO.                                                                  .                                                                           VALOR TOTAL:....................................................1.252.220,82.                                                                           FONTE 125 - TRANSFERENCIAS DE CONVENIOS - ESTADO/SAUDE                      FONTE DETALHADA 541 - TRANSFERENCIAS DE CONVENIOS - ESTADO/SAUDE            FONTE/CO STN:1632 0000-TRANSFERENCIAS DO ESTADO REFERENTES A CONVENIOS E INSTRUMENTOS CONGENERES VINCULADOS A SAUDE                                     SOLICITACAO FINANCEIRA NR.175916 - 2025 SCC783111 SEI: 25.29.000027894-1.   DESPESA COM TERMO DE COLABORACAO PARA A GESTAO PARA O GERENCIAMENTO OPERACIONALIZACAO, EXECUCAO DAS ACOES E SERVICOS DE SAUDE, PARA O PLENO FUNCIONAMEN-;Outros (Convênios, ajustes, similares, etc.);000000012025
20252150028810609;03/12/2025 00:00:00;99,00;;;0,00;;;0,00;33909300;INDENIZACOES E RESTITUICOES;00069828393115;SECRETARIA MUNICIPAL DE SAUDE;99,00;SECRETARIA MUNICIPAL DE SAUDE                                                                                                                                                                                                                                ;SAUDE - 10;ASSISTENCIA HOSPITALAR E AMBULATORIAL - 302;TRANSFERENCIA DE RECURSOS DO SISTEMA UNICO DE SAUDE - SUS - BLOCO DE MANUTENCAO DAS ACOES E SERVICOS PUBLICOS DE SAUDE - 107;ALOMA CRISTINA SCHMALTZ ROCHA;RESSARCIMENTO DAS DESPESAS MEDICAS/HOSPITALARES REALIZADAS PELO PACIENTE    BENEFICIARIO DO PROGRAMA DE TFD (TRATAMENTO FORA DO DOMICILIO) - DINESIO    PEREIRA ROCHA - SEI: 25.29.000045509-6                                      OBS: VALORES INFORMADOS NO DESPACHO 1.770/2025/GERPMC ANEXO AOS AUTOS.      .                                                                           VALOR TOTAL:.........................................................99,00  .                                                                           64 - TRANSFERENCIAS DE RECURSOS DO SUS - ATENCAO ESPECIALIZADA              SOLICITACAO FINANCEIRA: 175560/2025                                         ;Não se aplica (Ex.: Despesas com Pessoal);000000000000
20252150028810610;03/12/2025 00:00:00;74,25;;;0,00;;;0,00;33909300;INDENIZACOES E RESTITUICOES;00054669758187;SECRETARIA MUNICIPAL DE SAUDE;74,25;SECRETARIA MUNICIPAL DE SAUDE                                                                                                                                                                                                                                ;SAUDE - 10;ASSISTENCIA HOSPITALAR E AMBULATORIAL - 302;TRANSFERENCIA DE RECURSOS DO SISTEMA UNICO DE SAUDE - SUS - BLOCO DE MANUTENCAO DAS ACOES E SERVICOS PUBLICOS DE SAUDE - 107;JANES FERNANDES DOS REIS;RESSARCIMENTO DAS DESPESAS MEDICAS/HOSPITALARES REALIZADAS PELO PACIENTE    BENEFICIARIO DO PROGRAMA DE TFD (TRATAMENTO FORA DO DOMICILIO) - KRESSIA    MARIA DA SILVA REIS - SEI: 25.29.000045482-0                                OBS: VALORES INFORMADOS NO DESPACHO 1.768/2025/GERPMC ANEXO AOS AUTOS.      .                                                                           VALOR TOTAL:.........................................................74,25  .                                                                           64 - TRANSFERENCIAS DE RECURSOS DO SUS - ATENCAO ESPECIALIZADA              SOLICITACAO FINANCEIRA: 175561/2025                                         ;Não se aplica (Ex.: Despesas com Pessoal);000000000000
20252150028810611;03/12/2025 00:00:00;99,00;;;0,00;;;0,00;33909300;INDENIZACOES E RESTITUICOES;00050939718120;SECRETARIA MUNICIPAL DE SAUDE;99,00;SECRETARIA MUNICIPAL DE SAUDE                                                                                                                                                                                                                                ;SAUDE - 10;ASSISTENCIA HOSPITALAR E AMBULATORIAL - 302;TRANSFERENCIA DE RECURSOS DO SISTEMA UNICO DE SAUDE - SUS - BLOCO DE MANUTENCAO DAS ACOES E SERVICOS PUBLICOS DE SAUDE - 107;MIRILENE DA SILVA LOURENCO;RESSARCIMENTO DAS DESPESAS MEDICAS/HOSPITALARES REALIZADAS PELO PACIENTE    BENEFICIARIO DO PROGRAMA DE TFD (TRATAMENTO FORA DO DOMICILIO) - RONALDO    JOSE LOURENCO - SEI: 25.29.000045272-0                                      OBS: VALORES INFORMADOS NO DESPACHO 1.758/2025/GERPMC ANEXO AOS AUTOS.      .                                                                           VALOR TOTAL:.........................................................99,00  .                                                                           64 - TRANSFERENCIAS DE RECURSOS DO SUS - ATENCAO ESPECIALIZADA              SOLICITACAO FINANCEIRA: 175570/2025                                         ;Não se aplica (Ex.: Despesas com Pessoal);000000000000
20252150028810619;04/12/2025 00:00:00;99,00;;;0,00;;;0,00;33909300;INDENIZACOES E RESTITUICOES;00070710426160;SECRETARIA MUNICIPAL DE SAUDE;99,00;SECRETARIA MUNICIPAL DE SAUDE                                                                                                                                                                                                                                ;SAUDE - 10;ASSISTENCIA HOSPITALAR E AMBULATORIAL - 302;TRANSFERENCIA DE RECURSOS DO SISTEMA UNICO DE SAUDE - SUS - BLOCO DE MANUTENCAO DAS ACOES E SERVICOS PUBLICOS DE SAUDE - 107;GABRIEL BORGES TAVARES;RESSARCIMENTO DAS DESPESAS MEDICAS/HOSPITALARES REALIZADAS PELO PACIENTE    BENEFICIARIO DO PROGRAMA DE TFD (TRATAMENTO FORA DO DOMICILIO) - GABRIEL    BORGES TAVARES - SEI: 25.29.000045313-1                                     OBS: VALORES INFORMADOS NO DESPACHO 1.761/2025/GERPMC ANEXO AOS AUTOS.      .                                                                           VALOR TOTAL:.........................................................99,00  .                                                                           64 - TRANSFERENCIAS DE RECURSOS DO SUS - ATENCAO ESPECIALIZADA              SOLICITACAO FINANCEIRA: 175657/2025                                         ;Não se aplica (Ex.: Despesas com Pessoal);000000000000
20252150028810620;08/12/2025 00:00:00;1485,00;;;0,00;;;0,00;33909300;INDENIZACOES E RESTITUICOES;00000564123129;SECRETARIA MUNICIPAL DE SAUDE;1485,00;SECRETARIA MUNICIPAL DE SAUDE                                                                                                                                                                                                                                ;SAUDE - 10;ASSISTENCIA HOSPITALAR E AMBULATORIAL - 302;TRANSFERENCIA DE RECURSOS DO SISTEMA UNICO DE SAUDE - SUS - BLOCO DE MANUTENCAO DAS ACOES E SERVICOS PUBLICOS DE SAUDE - 107;JOAO PAULO MARTINS COELHO;RESSARCIMENTO DAS DESPESAS MEDICAS/HOSPITALARES REALIZADAS PELO PACIENTE    BENEFICIARIO DO PROGRAMA DE TFD (TRATAMENTO FORA DO DOMICILIO) - JOAO       PAULO MARTINS COELHO - SEI: 25.29.000046255-6                               OBS: VALORES INFORMADOS NO DESPACHO 1.822/2025/GERPMC ANEXO AOS AUTOS.      .                                                                           VALOR TOTAL:......................................................1.485,00  .                                                                           64 - TRANSFERENCIAS DE RECURSOS DO SUS - ATENCAO ESPECIALIZADA              SOLICITACAO FINANCEIRA: 175692/2025                                         ;Não se aplica (Ex.: Despesas com Pessoal);000000000000
20252150028810621;08/12/2025 00:00:00;1485,00;;;0,00;;;0,00;33909300;INDENIZACOES E RESTITUICOES;00002502705100;SECRETARIA MUNICIPAL DE SAUDE;1485,00;SECRETARIA MUNICIPAL DE SAUDE                                                                                                                                                                                                                                ;SAUDE - 10;ASSISTENCIA HOSPITALAR E AMBULATORIAL - 302;TRANSFERENCIA DE RECURSOS DO SISTEMA UNICO DE SAUDE - SUS - BLOCO DE MANUTENCAO DAS ACOES E SERVICOS PUBLICOS DE SAUDE - 107;JULIENE GONCALVES FERREIRA DE MORAIS;RESSARCIMENTO DAS DESPESAS MEDICAS/HOSPITALARES REALIZADAS PELO PACIENTE    BENEFICIARIO DO PROGRAMA DE TFD (TRATAMENTO FORA DO DOMICILIO) -  JULIENE   GONCALVES FERREIRA DE MORAIS - SEI: 25.29.000046260-2                       OBS: VALORES INFORMADOS NO DESPACHO 1.824/2025/GERPMC ANEXO AOS AUTOS.      .                                                                           VALOR TOTAL:......................................................1.485,00  .                                                                           64 - TRANSFERENCIAS DE RECURSOS DO SUS - ATENCAO ESPECIALIZADA              SOLICITACAO FINANCEIRA: 175691/2025                                         ;Não se aplica (Ex.: Despesas com Pessoal);000000000000
20252150031510008;08/12/2025 00:00:00;30200,00;;;0,00;;;0,00;44905200;EQUIPAMENTOS E MATERIAL PERMANENTE;19658645000144;SECRETARIA MUNICIPAL DE SAUDE;30200,00;SECRETARIA MUNICIPAL DE SAUDE                                                                                                                                                                                                                                ;SAUDE - 10;ASSISTENCIA HOSPITALAR E AMBULATORIAL - 302;TRANSFERENCIA DE RECURSOS DO SISTEMA UNICO DE SAUDE - SUS - BLOCO DE MANUTENCAO DAS ACOES E SERVICOS PUBLICOS DE SAUDE - 107;ONE COMERCIAL  LTDA;NICO 64 GERFAR - DESPACHO 810 E 874 PRECEL - PARECER JURIDICO 1393 CHEADV - ITEM 02 - SCC:796558 - SEI:25.29.000015208-5                                .                                                                           ITEM 02 - CARRINHO CILINDRO DE 40 E 50LTS (6 A 10 Mº)                       MARCA: CASA MEDICA                                                          COD:737690...............40UN.............755,00..................30.200,00 VALOR TOTAL:......................................................30.200,00 .                                                                           OBS: O FORNECIMENTO DEVERA SER EFETUADO C/ PRAZO NAO SUP. A 20 DIAS UTEIS   CORRIDOS CONFORME TERMO DE REFERENCIA (6897213) CONTADOS A PARTIR DO        RECEBIMENTO DA NOTA DE EMPENHO,ENTREGA EM PERFEITAS CONDICOES C/A DEVIDA    NOTA FISCAL, DETALHANDO MARCA/FABRICANTE/MODELO/TIPO/PROCEDENCIA. DEMAIS    ESCLARECIMENTOS CONFORME MEMO 186/2025, PARECER 86/2025, PE 90024/2025,     PROCESSO SEI: 25.29.000015208-5 E DOCUMENTOS EM ANEXO.                      .                                                                           LOCAL DA ENTREGA:ALMOXARIFADO CENTRAL SMS, AV.PERIMETRAL NORTE COND.GOIA    ZEM, BL.E, GALPOES 09/10, VL.JOAO VAZ, CEP:74.425-090, GO/GO. FONES:62-3    524-3401/3407, HORARIO:08:00 AS 17:00.                                      .                                                                           64 - TRANSFERENCIAS DE RECURSOS DO SUS - ATENCAO ESPECIALIZADA              SOLICITACAO FINANCEIRA: 175679/2025                                         DESPESA COM MATERIAL PERMANENTE - PREGAO ELETRONICO Nº 90024/2025, ETP 8032297 - EDITAL DE LICITAÇÃO PE 90024/2025 - DESPACHO Nº 872 GEREMO -PARECER TEC;Pregão;000900242025
20252150047610004;18/12/2025 00:00:00;822141,00;0321132025;18/12/2025 00:00:00;822141,00;202521500476100040001;18/12/2025 00:00:00;822141,00;33903900;OUTROS SERVICOS DE TERCEIROS - PESSOA JURIDICA;72551799000115;SECRETARIA MUNICIPAL DE SAUDE;0,00;SECRETARIA MUNICIPAL DE SAUDE                                                                                                                                                                                                                                ;SAUDE - 10;ASSISTENCIA HOSPITALAR E AMBULATORIAL - 302;EMENDA PARLAMENTARES DE BANCADA (ART. 1° DA EC Nº 100/2019 E § 12 DO ART. 165 DA CF/88) - 182;HOSPITAL BENEDICENTE SAO JOSE DE HERCULANDIA;DESPESA COM TERMO DE COLABORACAO EMERGENCIAL NR. 042/2025 PARA ATUAR EM RE- GIME DE GERENCIAMENTO COMPLEMENTAR COM O PODER PUBLICO MUNICIPAL NO HOSPI-  TAL E MATERNIDADE CELIA CAMARA(HMCC) ,NOS TERMOS DA LEI Nº. 13.019, DE 31 DEJULHO DE 2014,QUE ESTABELECE O REGIME JURIDICO DAS PARCERIAS ENTRE A ADMINISTRACAO PUBLICA E AS ORGANIZACOES DA SOCIEDADE CIVIL, EM REGIME JURIDICO DE  COOPERACAO, PARA A CONSECUCAO DE FINALIDADES DE INTERESSE PUBLICO E RECIPRO-CO, MEDIANTE A EXECUCAO DE ATIVIDADES OU DE PROJETOS PREVIAMENTE ESTABELECI-DOS EM PLANOS DE TRABALHO INSERIDOS EM TERMOS DE COLABORACAO, ENTRE OUTROS. HOSPITAL E MATERNIDADE MUNICIPAL CELIA CâMARA(HMMCC)-TERMO DE COLABORACAO E-MERGENCIAL NR. 042/2025 - EMENDA DE BANCADA SILVYE ALVES - 7110.0001/2025.  .                                                                           VALOR TOTAL:......................................................822.141,00.                                                                           182-EMENDA PARLAMENTARES DE BANCADA (ART. 1° DA EC Nº 100/2019 E § 12 DO ART165 DA CF/88)                                                               64 - EMENDA PARLAMENTAR DE BANCADA -ART 1 DA EC NR 100/2019 E § 12 DO ART. 165 DA CF/88 1601 3120 - TRANSFERENCIAS DA UNIAO DECORRENTES DE EMENDAS PARLAMENTARES DE BANCADA.                                                        SOLICITACAO FINANCEIRA NR. 176302-2025 SCC: 783090 SEI: 25.29.000027894-1   ;Outros (Convênios, ajustes, similares, etc.);000000012025
20252150000210029;19/12/2025 00:00:00;555335,98;0326572025;19/12/2025 00:00:00;0,00;202521500002100290002;19/12/2025 00:00:00;0,00;31901100;VENCIMENTOS E VANTAGENS FIXAS - PESSOAL CIVIL;60701190000104;SECRETARIA MUNICIPAL DE SAUDE;0,00;SECRETARIA MUNICIPAL DE SAUDE                                                                                                                                                                                                                                ;SAUDE - 10;ADMINISTRACAO GERAL - 122;RECEITAS DE IMPOSTOS E DE TRANSFERENCIAS DE IMPOSTOS - SAUDE - 102;ITAU UNIBANCO S.A.;DESPESA COM PAGAMENTO DA FOLHA DE PESSOAL DA SECRETARIA MUNICIPAL DE SAUDE (CARGO COMISSIONADO)                                                         .                                                                           VALOR RELATIVO AO MES DE DEZEMBRO/2025                                      .                                                                           VALOR TOTAL:..............................................555.335,98        .                                                                           FONTE:  102 - RECEITAS DE IMPOSTOS E DE TRANSFERENCIAS DE IMPOSTOS - SAUDE  FONTE DETALHADA:  527 - TRANSFERENCIAS DE IMPOSTOS/SAUDE                    SOLICITACAO FINANCEIRA NR. 176467-2025                                      ;Não se aplica (Ex.: Despesas com Pessoal);000000000000
20252150000210029;19/12/2025 00:00:00;555335,98;0326652025;19/12/2025 00:00:00;23165,50;202521500002100290003;19/12/2025 00:00:00;23165,50;31901100;VENCIMENTOS E VANTAGENS FIXAS - PESSOAL CIVIL;60701190000104;SECRETARIA MUNICIPAL DE SAUDE;0,00;SECRETARIA MUNICIPAL DE SAUDE                                                                                                                                                                                                                                ;SAUDE - 10;ADMINISTRACAO GERAL - 122;RECEITAS DE IMPOSTOS E DE TRANSFERENCIAS DE IMPOSTOS - SAUDE - 102;ITAU UNIBANCO S.A.;DESPESA COM PAGAMENTO DA FOLHA DE PESSOAL DA SECRETARIA MUNICIPAL DE SAUDE (CARGO COMISSIONADO)                                                         .                                                                           VALOR RELATIVO AO MES DE DEZEMBRO/2025                                      .                                                                           VALOR TOTAL:..............................................555.335,98        .                                                                           FONTE:  102 - RECEITAS DE IMPOSTOS E DE TRANSFERENCIAS DE IMPOSTOS - SAUDE  FONTE DETALHADA:  527 - TRANSFERENCIAS DE IMPOSTOS/SAUDE                    SOLICITACAO FINANCEIRA NR. 176467-2025                                      ;Não se aplica (Ex.: Despesas com Pessoal);000000000000
20252150000210029;19/12/2025 00:00:00;555335,98;0326692025;19/12/2025 00:00:00;127560,96;202521500002100290001;19/12/2025 00:00:00;127560,96;31901100;VENCIMENTOS E VANTAGENS FIXAS - PESSOAL CIVIL;60701190000104;SECRETARIA MUNICIPAL DE SAUDE;0,00;SECRETARIA MUNICIPAL DE SAUDE                                                                                                                                                                                                                                ;SAUDE - 10;ADMINISTRACAO GERAL - 122;RECEITAS DE IMPOSTOS E DE TRANSFERENCIAS DE IMPOSTOS - SAUDE - 102;ITAU UNIBANCO S.A.;DESPESA COM PAGAMENTO DA FOLHA DE PESSOAL DA SECRETARIA MUNICIPAL DE SAUDE (CARGO COMISSIONADO)                                                         .                                                                           VALOR RELATIVO AO MES DE DEZEMBRO/2025                                      .                                                                           VALOR TOTAL:..............................................555.335,98        .                                                                           FONTE:  102 - RECEITAS DE IMPOSTOS E DE TRANSFERENCIAS DE IMPOSTOS - SAUDE  FONTE DETALHADA:  527 - TRANSFERENCIAS DE IMPOSTOS/SAUDE                    SOLICITACAO FINANCEIRA NR. 176467-2025                                      ;Não se aplica (Ex.: Despesas com Pessoal);000000000000
20252150000210029;19/12/2025 00:00:00;555335,98;0331392025;22/12/2025 00:00:00;404609,52;202521500002100290004;22/12/2025 00:00:00;404609,52;31901100;VENCIMENTOS E VANTAGENS FIXAS - PESSOAL CIVIL;60701190000104;SECRETARIA MUNICIPAL DE SAUDE;0,00;SECRETARIA MUNICIPAL DE SAUDE                                                                                                                                                                                                                                ;SAUDE - 10;ADMINISTRACAO GERAL - 122;RECEITAS DE IMPOSTOS E DE TRANSFERENCIAS DE IMPOSTOS - SAUDE - 102;ITAU UNIBANCO S.A.;DESPESA COM PAGAMENTO DA FOLHA DE PESSOAL DA SECRETARIA MUNICIPAL DE SAUDE (CARGO COMISSIONADO)                                                         .                                                                           VALOR RELATIVO AO MES DE DEZEMBRO/2025                                      .                                                                           VALOR TOTAL:..............................................555.335,98        .                                                                           FONTE:  102 - RECEITAS DE IMPOSTOS E DE TRANSFERENCIAS DE IMPOSTOS - SAUDE  FONTE DETALHADA:  527 - TRANSFERENCIAS DE IMPOSTOS/SAUDE                    SOLICITACAO FINANCEIRA NR. 176467-2025                                      ;Não se aplica (Ex.: Despesas com Pessoal);000000000000
20252150000410025;17/12/2025 00:00:00;1271,62;0328302025;19/12/2025 00:00:00;1271,62;202521500004100250001;23/12/2025 00:00:00;1271,62;31901300;OBRIGACOES PATRONAIS;00360305300094;SECRETARIA MUNICIPAL DE SAUDE;0,00;SECRETARIA MUNICIPAL DE SAUDE                                                                                                                                                                                                                                ;SAUDE - 10;ADMINISTRACAO GERAL - 122;RECEITAS DE IMPOSTOS E DE TRANSFERENCIAS DE IMPOSTOS - SAUDE - 102;CAIXA ECONOMICA FEDERAL;DESPESA C/ PAGAMENTO DA FOLHA DE PESSOAL DA SECRETARIA MUNICIPAL DE SAUDE(ENCARGOS SOCIAIS/CONTRIBUICAO DE FGTS)VALORES RELATIVOS A COMPETENCIA DE NOVEMBRO DE 2025, CONFORME DESP.2789/25-GERFOL E ANEXO 8856126.                  SEI 25.29.000008719-4.                                                      .                                                                           VALOR TOTAL:........................................................1.271,62.                                                                           527 - TRANSFERENCIAS DE IMPOSTOS/SAUDE                                      SOLICITACAO FINANCEIRA:176237-2025                                          ;Não se aplica (Ex.: Despesas com Pessoal);000000000000
20252150001510019;19/12/2025 00:00:00;1972,53;0327922025;19/12/2025 00:00:00;1972,53;202521500015100190001;19/12/2025 00:00:00;1972,53;33900800;OUTROS BENEFICIOS ASSISTENCIAIS;60701190000104;SECRETARIA MUNICIPAL DE SAUDE;0,00;SECRETARIA MUNICIPAL DE SAUDE                                                                                                                                                                                                                                ;SAUDE - 10;ADMINISTRACAO GERAL - 122;RECEITAS DE IMPOSTOS E DE TRANSFERENCIAS DE IMPOSTOS - SAUDE - 102;ITAU UNIBANCO S.A.;VALOR TOTAL:.......................................................1.972,53 .                                                                           FONTE:102-RECEITAS DE IMPOSTOS E DE TRANSFERENCIAS DE IMPOSTOS - SAUDE      FONTE DETALHADA:527-TRANSFERENCIAS DE IMPOSTOS / SAUDE                      DESP.C/PAGAMENTO DA FOLHA DE PESSOAL DA SECRETARIA MUNICIPAL DE SAUDE(AUXILIO RECLUSAO)-SEI_25.27.000008982-6.                                          .                                                                           VALOR RELATIVO AO MES DE DEZEMBRO/2025. SOLICITACAO FINANCEIRA:176476-2025. .                                                                           ;Não se aplica (Ex.: Despesas com Pessoal);000000000000
20252150002010369;15/12/2025 00:00:00;1231,82;0321202025;18/12/2025 00:00:00;1231,82;202521500020103690001;18/12/2025 00:00:00;1231,82;33904800;OUTROS AUXILIOS FINANCEIROS A PESSOAS FISICAS;00003246621144;SECRETARIA MUNICIPAL DE SAUDE;0,00;SECRETARIA MUNICIPAL DE SAUDE                                                                                                                                                                                                                                ;SAUDE - 10;ADMINISTRACAO GERAL - 122;RECEITAS DE IMPOSTOS E DE TRANSFERENCIAS DE IMPOSTOS - SAUDE - 102;LAURA GARCIA GUARANY MARQUES;PAGAMENTO DE AUXILIO MORADIA PARA O PROFISSIONAL MEDICO:LAURA GARCIA GUARANYMARQUES, PARTICIPANTE DO PROGRAMA DE RESIDENCIA MEDICA NA SECRETARIA MUNICI-PAL DE SAUDE DE GOIANIA - SEI: 25.29.000006947-1                            OBS:VALORES REFERENTES AO PERÍODO DE DEZEMBRO DE 2025-CONF.INFORMADO NA PLA-NILHA EMITIDA PELA EMSP/SMS, CPF:032.466.211-44/BANCO:SANTANDER,AG.929-CONTACONTA: 10283011  -   SOLICITACAO FINANCEIRA:176192 - 2025.                  .                                                                           VALOR TOTAL:........................................................1.231,82.                                                                           102 - RECEITAS DE IMPOSTOS E DE TRANSFERENCIAS DE IMPOSTOS - SAUDE          527 - TRANSFERENCIAS DE IMPOSTOS/SAUDEERENCIAS DE IMPOSTOS - SAUDE          ;Não se aplica (Ex.: Despesas com Pessoal);000000000000
20252150000210027;19/12/2025 00:00:00;30174,29;0326522025;19/12/2025 00:00:00;23165,50;202521500002100270002;19/12/2025 00:00:00;23165,50;31901100;VENCIMENTOS E VANTAGENS FIXAS - PESSOAL CIVIL;60701190000104;SECRETARIA MUNICIPAL DE SAUDE;0,00;SECRETARIA MUNICIPAL DE SAUDE                                                                                                                                                                                                                                ;SAUDE - 10;ADMINISTRACAO GERAL - 122;RECEITAS DE IMPOSTOS E DE TRANSFERENCIAS DE IMPOSTOS - SAUDE - 102;ITAU UNIBANCO S.A.;DESPESA COM PAGAMENTO DA FOLHA DE PESSOAL DA SECRETARIA MUNICIPAL DE SAUDE (CARGO EFETIVO / INSS).                                                      .                                                                           VALOR RELATIVO AO MES DE DEZEMBRO/2025                                      .                                                                           VALOR:....................................................30.174,29         .                                                                           FONTE:  102 - RECEITAS DE IMPOSTOS E DE TRANSFERENCIAS DE IMPOSTOS - SAUDE  FONTE DETALHADA:  527 - TRANSFERENCIAS DE IMPOSTOS/SAUDE                    SOLICITACAO FINANCEIRA NR. 176466-2025                                      ;Não se aplica (Ex.: Despesas com Pessoal);000000000000
20252150000210027;19/12/2025 00:00:00;30174,29;0326552025;19/12/2025 00:00:00;7008,79;202521500002100270001;19/12/2025 00:00:00;7008,79;31901100;VENCIMENTOS E VANTAGENS FIXAS - PESSOAL CIVIL;60701190000104;SECRETARIA MUNICIPAL DE SAUDE;0,00;SECRETARIA MUNICIPAL DE SAUDE                                                                                                                                                                                                                                ;SAUDE - 10;ADMINISTRACAO GERAL - 122;RECEITAS DE IMPOSTOS E DE TRANSFERENCIAS DE IMPOSTOS - SAUDE - 102;ITAU UNIBANCO S.A.;DESPESA COM PAGAMENTO DA FOLHA DE PESSOAL DA SECRETARIA MUNICIPAL DE SAUDE (CARGO EFETIVO / INSS).                                                      .                                                                           VALOR RELATIVO AO MES DE DEZEMBRO/2025                                      .                                                                           VALOR:....................................................30.174,29         .                                                                           FONTE:  102 - RECEITAS DE IMPOSTOS E DE TRANSFERENCIAS DE IMPOSTOS - SAUDE  FONTE DETALHADA:  527 - TRANSFERENCIAS DE IMPOSTOS/SAUDE                    SOLICITACAO FINANCEIRA NR. 176466-2025                                      ;Não se aplica (Ex.: Despesas com Pessoal);000000000000
20252150001010004;16/12/2025 00:00:00;9775,98;;;0,00;;;0,00;31909600;RESSARCIMENTO DE DESPESAS DE PESSOAL REQUISITADO;02529964000157;SECRETARIA MUNICIPAL DE SAUDE;9775,98;SECRETARIA MUNICIPAL DE SAUDE                                                                                                                                                                                                                                ;SAUDE - 10;ADMINISTRACAO GERAL - 122;RECEITAS DE IMPOSTOS E DE TRANSFERENCIAS DE IMPOSTOS - SAUDE - 102;SECRETARIA DA SAUDE DO ESTADO DE GOIAS;DESPESA COM PAGAMENTO POR RESSARCIMENTO FUNCIONAL A SECRETARIA DE ESTADO DA SAUDE PELA CESSAO DA SERVIDORA DANIELLA RIBEIRO DE PAULA TIBURCIO A ESTE MU-NICIPIO EM EXERCICIO NA SMS - SEI 25290000097335.                           VALORES REFERENTES AO MES DE NOVEMBRO/2025 CONFORME DESPACHO 2760/25 GERFOL..                                                                           VALOR TOTAL:.......................................................9.775,98 .                                                                           102 - RECEITAS DE IMPOSTOS E DE TRANSFERENCIAS DE IMPOSTOS - SAUDE          527 - TRANSFERENCIAS DE IMPOSTOS/SAUDE  SOLICITACAO FINANCEIRA:176234 - 2025;Não se aplica (Ex.: Despesas com Pessoal);000000000000
20252150001910005;19/12/2025 00:00:00;1743276,44;0327282025;19/12/2025 00:00:00;291476,18;202521500019100050002;19/12/2025 00:00:00;291476,18;33904600;AUXILIO ALIMENTACAO;60701190000104;SECRETARIA MUNICIPAL DE SAUDE;0,00;SECRETARIA MUNICIPAL DE SAUDE                                                                                                                                                                                                                                ;SAUDE - 10;ADMINISTRACAO GERAL - 122;RECEITAS DE IMPOSTOS E DE TRANSFERENCIAS DE IMPOSTOS - SAUDE - 102;ITAU UNIBANCO S.A.;EMPENHO COM PAGAMENTO DA FOLHA DE PESSOAL DA SECRETARIA MUNICIPAL DE SAUDE (AUXILIO ALIMENTACAO)                                                        .                                                                           VALOR RELATIVO AO MES DE DEZEMBRO/2025                                      .                                                                           VALOR TOTAL:..............................................1.743.276,44      .                                                                           FONTE:  102 - RECEITAS DE IMPOSTOS E DE TRANSFERENCIAS DE IMPOSTOS - SAUDE  FONTE DETALHADA:  527 - TRANSFERENCIAS DE IMPOSTOS/SAUDE                    SOLICITACAO FINANCEIRA NR. 176481-2025                                      ;Não se aplica (Ex.: Despesas com Pessoal);000000000000
20252150001910005;19/12/2025 00:00:00;1743276,44;0327312025;19/12/2025 00:00:00;4668,41;202521500019100050001;19/12/2025 00:00:00;4668,41;33904600;AUXILIO ALIMENTACAO;60701190000104;SECRETARIA MUNICIPAL DE SAUDE;0,00;SECRETARIA MUNICIPAL DE SAUDE                                                                                                                                                                                                                                ;SAUDE - 10;ADMINISTRACAO GERAL - 122;RECEITAS DE IMPOSTOS E DE TRANSFERENCIAS DE IMPOSTOS - SAUDE - 102;ITAU UNIBANCO S.A.;EMPENHO COM PAGAMENTO DA FOLHA DE PESSOAL DA SECRETARIA MUNICIPAL DE SAUDE (AUXILIO ALIMENTACAO)                                                        .                                                                           VALOR RELATIVO AO MES DE DEZEMBRO/2025                                      .                                                                           VALOR TOTAL:..............................................1.743.276,44      .                                                                           FONTE:  102 - RECEITAS DE IMPOSTOS E DE TRANSFERENCIAS DE IMPOSTOS - SAUDE  FONTE DETALHADA:  527 - TRANSFERENCIAS DE IMPOSTOS/SAUDE                    SOLICITACAO FINANCEIRA NR. 176481-2025                                      ;Não se aplica (Ex.: Despesas com Pessoal);000000000000
20252150001910005;19/12/2025 00:00:00;1743276,44;0327372025;19/12/2025 00:00:00;1447131,85;202521500019100050003;19/12/2025 00:00:00;1447131,85;33904600;AUXILIO ALIMENTACAO;60701190000104;SECRETARIA MUNICIPAL DE SAUDE;0,00;SECRETARIA MUNICIPAL DE SAUDE                                                                                                                                                                                                                                ;SAUDE - 10;ADMINISTRACAO GERAL - 122;RECEITAS DE IMPOSTOS E DE TRANSFERENCIAS DE IMPOSTOS - SAUDE - 102;ITAU UNIBANCO S.A.;EMPENHO COM PAGAMENTO DA FOLHA DE PESSOAL DA SECRETARIA MUNICIPAL DE SAUDE (AUXILIO ALIMENTACAO)                                                        .                                                                           VALOR RELATIVO AO MES DE DEZEMBRO/2025                                      .                                                                           VALOR TOTAL:..............................................1.743.276,44      .                                                                           FONTE:  102 - RECEITAS DE IMPOSTOS E DE TRANSFERENCIAS DE IMPOSTOS - SAUDE  FONTE DETALHADA:  527 - TRANSFERENCIAS DE IMPOSTOS/SAUDE                    SOLICITACAO FINANCEIRA NR. 176481-2025                                      ;Não se aplica (Ex.: Despesas com Pessoal);000000000000
20252150002010370;15/12/2025 00:00:00;1231,82;0321252025;18/12/2025 00:00:00;1231,82;202521500020103700001;18/12/2025 00:00:00;1231,82;33904800;OUTROS AUXILIOS FINANCEIROS A PESSOAS FISICAS;00002611478112;SECRETARIA MUNICIPAL DE SAUDE;0,00;SECRETARIA MUNICIPAL DE SAUDE                                                                                                                                                                                                                                ;SAUDE - 10;ADMINISTRACAO GERAL - 122;RECEITAS DE IMPOSTOS E DE TRANSFERENCIAS DE IMPOSTOS - SAUDE - 102;LUDIMILA VIEIRA MARTINS COSTA;PAGAMENTO DE AUXILIO MORADIA PARA O PROFISSIONAL MEDICO:LUDIMILA VIEIRA MAR-TINS COSTA PARTICIPANTE DO PROGRAMA DE RESIDENCIA MEDICA NA SECRETARIA MUNI-CIPAL DE SAUDE DE GOIANIA - SEI: 25.6.000011490-8                           OBS.: VALORES REFERENTES AO PERIODO DEZEMBRO DE 2025 - CONFORME DESPACHO 469SUPGRA - CPF: 026.114.781-12 / BANCO: CAIXA - AGENCIA: 1009 - CONTA:38.327-9.                                                                           VALOR TOTAL:.......................................................1.231,82 .                                                                           102 - RECEITAS DE IMPOSTOS E DE TRANSFERENCIAS DE IMPOSTOS - SAUDE          527 - TRANSFERENCIAS DE IMPOSTOS/SAUDE /SOLICITACAO FINANCEIRA:176205 - 2025;Não se aplica (Ex.: Despesas com Pessoal);000000000000
20252150024910926;08/12/2025 00:00:00;4775,50;0314642025;08/12/2025 00:00:00;1176,25;;;0,00;33903900;OUTROS SERVICOS DE TERCEIROS - PESSOA JURIDICA;05933252000197;SECRETARIA MUNICIPAL DE SAUDE;0,00;SECRETARIA MUNICIPAL DE SAUDE                                                                                                                                                                                                                                ;SAUDE - 10;ASSISTENCIA HOSPITALAR E AMBULATORIAL - 302;TRANSFERENCIA DE RECURSOS DO SISTEMA UNICO DE SAUDE - SUS - BLOCO DE MANUTENCAO DAS ACOES E SERVICOS PUBLICOS DE SAUDE - 107;NOMURA E NOMURA LTDA;SOLICITACAO FINANCEIRA: 175698/2025                                         64 - TRANSFERENCIAS DE RECURSOS DO SUS - ATENCAO ESPECIALIZADA              .                                                                           VALOR TOTAL:........................................................4.775,50.                                                                           ,AGOSTO E SETEMBRO RESPECTIVAMENTE                                          PARA PAGAMENTO DAS NOTAS FISCAIS NR 2, 3 E 4 REFERENTE AS COMPETENCIAS JULHOO PARA ATENDIMENTO DOS USUARIOS DO SUS - SCC:515176 - SEI:22.29.000012188-4 ISTENCIA A SAUDE AMBULATORIAL (HOSPITALAR) E/OU APOIO DIAGNOSTICO TERAPEUTICDESPESA COM CONTRATO NR. 770/2020 PARA A EXECUCAO DE SERVICOS MEDICOS DE ASS;Inexigibilidade de Licitação;000062732020
20252150024910926;08/12/2025 00:00:00;4775,50;0314652025;08/12/2025 00:00:00;1985,00;;;0,00;33903900;OUTROS SERVICOS DE TERCEIROS - PESSOA JURIDICA;05933252000197;SECRETARIA MUNICIPAL DE SAUDE;0,00;SECRETARIA MUNICIPAL DE SAUDE                                                                                                                                                                                                                                ;SAUDE - 10;ASSISTENCIA HOSPITALAR E AMBULATORIAL - 302;TRANSFERENCIA DE RECURSOS DO SISTEMA UNICO DE SAUDE - SUS - BLOCO DE MANUTENCAO DAS ACOES E SERVICOS PUBLICOS DE SAUDE - 107;NOMURA E NOMURA LTDA;SOLICITACAO FINANCEIRA: 175698/2025                                         64 - TRANSFERENCIAS DE RECURSOS DO SUS - ATENCAO ESPECIALIZADA              .                                                                           VALOR TOTAL:........................................................4.775,50.                                                                           ,AGOSTO E SETEMBRO RESPECTIVAMENTE                                          PARA PAGAMENTO DAS NOTAS FISCAIS NR 2, 3 E 4 REFERENTE AS COMPETENCIAS JULHOO PARA ATENDIMENTO DOS USUARIOS DO SUS - SCC:515176 - SEI:22.29.000012188-4 ISTENCIA A SAUDE AMBULATORIAL (HOSPITALAR) E/OU APOIO DIAGNOSTICO TERAPEUTICDESPESA COM CONTRATO NR. 770/2020 PARA A EXECUCAO DE SERVICOS MEDICOS DE ASS;Inexigibilidade de Licitação;000062732020
20252150024910926;08/12/2025 00:00:00;4775,50;0314662025;08/12/2025 00:00:00;1614,25;;;0,00;33903900;OUTROS SERVICOS DE TERCEIROS - PESSOA JURIDICA;05933252000197;SECRETARIA MUNICIPAL DE SAUDE;0,00;SECRETARIA MUNICIPAL DE SAUDE                                                                                                                                                                                                                                ;SAUDE - 10;ASSISTENCIA HOSPITALAR E AMBULATORIAL - 302;TRANSFERENCIA DE RECURSOS DO SISTEMA UNICO DE SAUDE - SUS - BLOCO DE MANUTENCAO DAS ACOES E SERVICOS PUBLICOS DE SAUDE - 107;NOMURA E NOMURA LTDA;SOLICITACAO FINANCEIRA: 175698/2025                                         64 - TRANSFERENCIAS DE RECURSOS DO SUS - ATENCAO ESPECIALIZADA              .                                                                           VALOR TOTAL:........................................................4.775,50.                                                                           ,AGOSTO E SETEMBRO RESPECTIVAMENTE                                          PARA PAGAMENTO DAS NOTAS FISCAIS NR 2, 3 E 4 REFERENTE AS COMPETENCIAS JULHOO PARA ATENDIMENTO DOS USUARIOS DO SUS - SCC:515176 - SEI:22.29.000012188-4 ISTENCIA A SAUDE AMBULATORIAL (HOSPITALAR) E/OU APOIO DIAGNOSTICO TERAPEUTICDESPESA COM CONTRATO NR. 770/2020 PARA A EXECUCAO DE SERVICOS MEDICOS DE ASS;Inexigibilidade de Licitação;000062732020
20252150024910933;12/12/2025 00:00:00;3250,90;;;0,00;;;0,00;33903900;OUTROS SERVICOS DE TERCEIROS - PESSOA JURIDICA;00686074000123;SECRETARIA MUNICIPAL DE SAUDE;3250,90;SECRETARIA MUNICIPAL DE SAUDE                                                                                                                                                                                                                                ;SAUDE - 10;ASSISTENCIA HOSPITALAR E AMBULATORIAL - 302;TRANSFERENCIA DE RECURSOS DO SISTEMA UNICO DE SAUDE - SUS - BLOCO DE MANUTENCAO DAS ACOES E SERVICOS PUBLICOS DE SAUDE - 107;CEDOG CENTRO DE DENSITOMETRIA OSSEA E OSTEOPOROSE DE GOIAS L;REFERENCIA: COMPETENCIA 10/2025  - SEI:24.29.000026866-5                    .                                                                           VALOR TOTAL:.....................................................3.250,90   .                                                                           64 - TRANSFERENCIAS DE RECURSOS DO SUS - ATENCAO ESPECIALIZADA              SOLICITACAO FINANCEIRA: 176014/2025                                         TERAPEUTICO PARA ATENDIMENTO DOS SUSUARIOS DO SUS - SCC: 666387             DESPESA COM CONVENIO NR 555/2023 PARA EXECUCAO DE SERVICOS MEDICOS DE       ASSISTENCIA A SAUDE AMBULATORIAL (HOSPITALAR) E/OU APOIO DIAGNOSTICO        ;Inexigibilidade de Licitação;000000052020
20252150024910976;16/12/2025 00:00:00;634185,06;0319702025;16/12/2025 00:00:00;634185,06;202521500249109760001;17/12/2025 00:00:00;634185,06;33903900;OUTROS SERVICOS DE TERCEIROS - PESSOA JURIDICA;01957797000182;SECRETARIA MUNICIPAL DE SAUDE;0,00;SECRETARIA MUNICIPAL DE SAUDE                                                                                                                                                                                                                                ;SAUDE - 10;ASSISTENCIA HOSPITALAR E AMBULATORIAL - 302;TRANSFERENCIA DE RECURSOS DO SISTEMA UNICO DE SAUDE - SUS - BLOCO DE MANUTENCAO DAS ACOES E SERVICOS PUBLICOS DE SAUDE - 107;CLINICA DE DOENCAS RENAIS LTDA;DESPESA COM CONTRATO NR 929/2020 PARA EXECUCAO DE SERVICOS MEDICOS DE       ASSISTENCIA A SAUDE AMBULATORIAL (HOSPITALAR) E/OU APOIO DIAGNOSTICO        TERAPEUTICO PARA ATENDIMENTO DOS SUSUARIOS DO SUS - SCC: 518442             REFERENCIA: COMPETENCIA 10/2025  - SEI:22.29.000012353-4                    .                                                                           VALOR TOTAL:...................................................634.185,06   .                                                                           64 - TRANSFERENCIAS DE RECURSOS DO SUS - ATENCAO ESPECIALIZADA              SOLICITACAO FINANCEIRA: 176108/2025                                         ;Inexigibilidade de Licitação;000068942020
20252150028810615;03/12/2025 00:00:00;198,00;;;0,00;;;0,00;33909300;INDENIZACOES E RESTITUICOES;00007566927175;SECRETARIA MUNICIPAL DE SAUDE;198,00;SECRETARIA MUNICIPAL DE SAUDE                                                                                                                                                                                                                                ;SAUDE - 10;ASSISTENCIA HOSPITALAR E AMBULATORIAL - 302;TRANSFERENCIA DE RECURSOS DO SISTEMA UNICO DE SAUDE - SUS - BLOCO DE MANUTENCAO DAS ACOES E SERVICOS PUBLICOS DE SAUDE - 107;GIOVANA MENDES MARTINS GONCALVES;RESSARCIMENTO DAS DESPESAS MEDICAS/HOSPITALARES REALIZADAS PELO PACIENTE    BENEFICIARIO DO PROGRAMA DE TFD (TRATAMENTO FORA DO DOMICILIO) - GIOVANA    MENDES MARTINS GONCALVES - SEI: 25.29.000045309-3                           OBS: VALORES INFORMADOS NO DESPACHO 1.760/2025/GERPMC ANEXO AOS AUTOS.      .                                                                           VALOR TOTAL:........................................................198,00  .                                                                           64 - TRANSFERENCIAS DE RECURSOS DO SUS - ATENCAO ESPECIALIZADA              SOLICITACAO FINANCEIRA: 175567/2025                                         ;Não se aplica (Ex.: Despesas com Pessoal);000000000000
20252150035110098;01/12/2025 00:00:00;10350,00;;;0,00;;;0,00;33903000;MATERIAL DE CONSUMO;06065614000138;SECRETARIA MUNICIPAL DE SAUDE;10350,00;SECRETARIA MUNICIPAL DE SAUDE                                                                                                                                                                                                                                ;SAUDE - 10;SUPORTE PROFILATICO E TERAPEUTICO - 303;TRANSFERENCIA DE RECURSOS DO SISTEMA UNICO DE SAUDE - SUS - BLOCO DE MANUTENCAO DAS ACOES E SERVICOS PUBLICOS DE SAUDE - 107;SUPERMEDICA DISTRIBUIDORA HOSPITALAR LTDA;"DESPESA COM MEDICAMENTOS PARA ABASTECIMENTO DA SMS - PREGÃO ELETRÔNICO Nº90007/2025 - ATA DE REGISTRO DE PREÇO Nº 081/2025, MEMORANDO 266 GEREMO-PARECER345 GERPSR - DESPACHO 1014 GERCOM - DESPACHO 849 PRECEL - AQUISICAO 06 MESES - RENAME. PED.COMPRAS:669/2025 - GERCOM. SEI 25.29.000044946-0 - SCC:796108SOLICITACAO FINANCEIRA:175516 - 2025.                                       .                                                                           .                                                                           ITEM 1- R30-CARBONATO DE CALCIO 1.250 MG (500 MG DE CALCIO ELEMENTAR) COMPRIMIDO, M:MAYBEN.                                                             COD;395269..............22.000,00 UN..........0,0500................1.100,00.                                                                           ITEM 2- R86 -LORATADINA 10 MG COMPRIMIDO M:CIMED.                           COD;470970.............185.000,00 UN..........0,0500................9.250,00VALOR TOTAL:.......................................................10.350,00.                                                                           FORNECIMENTO DEVERá SER EFETUADO, COM PRAZO DE ENTREGA NãO SUPERIOR A 20(VINTE)DIAS, CONTADOS A PARTIR DO RECEBIMENTO DA NOTA DE EMPENHO/AUTORIZAçãO DE FORNECIMENTO E ACOMPANHADOS DOS DOCUMENTOS FISCAIS RESPECTIVOS DEVE CONTER, OBRIGATORIAMENTE, A ESPECIFICAçãO DO ITEM, MARCA DO FABRICANTE E QUANTIDADE ENTREGUE. ENTREGA NO ALMOXARIFADO CENTRAL DA SECRETARIA MUNICIPAL DE SAúDE -DE GOIANIA/GO, AV.PERIMETRAL NORTE,CONDOMíNIO GOYAZEM, BLOCO E, GALPõES 06 A10, VILA JOãO VAZ  CEP: 74.445-190,HORáRIO DAS 08H00MIN àS 17H00MIN,MEDIANTEAGENDAMENTO PRéVIO PELO E-MAIL CIAD.GOIANIA@BRANETLOGISTICA.COM.BR./TELEFONE(62) 3524-3401 / 3524-3407. DEMAIS ESCLARECIEMNTOS CONF.EDITAL EV.8612837, ATA 081/2025 E ANEXOS.                                                       .                                                                           13 - TRANSFERENCIAS DE RECURSOS DO SUS - ASSISTENCIA FARMACEUTICA           ";Pregão;000900072025
20252150047310031;11/12/2025 00:00:00;650000,00;0317212025;11/12/2025 00:00:00;650000,00;202521500473100310001;11/12/2025 00:00:00;650000,00;33903900;OUTROS SERVICOS DE TERCEIROS - PESSOA JURIDICA;45349461000102;SECRETARIA MUNICIPAL DE SAUDE;0,00;SECRETARIA MUNICIPAL DE SAUDE                                                                                                                                                                                                                                ;SAUDE - 10;ASSISTENCIA HOSPITALAR E AMBULATORIAL - 302;EMENDAS PARLAMENTARES INDIVIDUAIS - TRANSFERêNCIA COM FINALIDADE DEFINIDA (ART. 1º DA EC 105/2019 E INCISO II DO ART. 166-A DA CF/88) - 181;ASSOCIACAO HOSPITALAR BENEFICENTE DO BRASIL;LAMENTARES INDIVIDUAIS                                                      DESPESA COM TERMO DE COLABORACAO PARA A GESTAO PARA O GERENCIAMENTO OPERACIONALIZACAO, EXECUCAO DAS ACOES E SERVICOS DE SAUDE, PARA O PLENO FUNCIONAMEN-TO DA MATERNIDADE NASCER CIDADAO-HMNC- SCC:783073 - SEI 25290000278941.     MATERNIDADE NASCER CIDADAO(HMNC)- ENTIDADE RECOMENDADA: AHBB -ASSOCIACAO DOSHOSPITAIS BENEFICENTES DO BRASIL TERMO DE COLABORACAO EMERGENCIAL N.041/2025OBS:  EMENDA FEDERAL SILVYE ALVES - 44780004.                               .                                                                           VALOR TOTAL:......................................................650.000,00.                                                                           SOLICITACAO FINANCEIRA NR.175914 - 2025  SCC: 783090 SEI: 25.29.000027894-1.FONTE 181 - EMENDAS PARLAMENTARES INDIVIDUAIS - TRANSFERêNCIA COM FINALIDADEDEFINIDA (ART. 1º DA EC 105/2019 E INCISO II DO ART. 166-A DA CF/88)        FONTE DETALHADA 64 - EMENDAS PARLAMENTARES INDIVIDUAIS-TRANSF.COM FINALIDADEDEFINIDA AR 1 DA EC 105/2019 E INCISO II DO ART 166A                        FONTE/CO STN:1706 3110 - TRANSFERENCIA DA UNIAO DE CORRENTES DE EMENDAS PAR-;Outros (Convênios, ajustes, similares, etc.);000000012025
20252150047610005;18/12/2025 00:00:00;400000,00;0321052025;18/12/2025 00:00:00;400000,00;202521500476100050001;18/12/2025 00:00:00;400000,00;33903900;OUTROS SERVICOS DE TERCEIROS - PESSOA JURIDICA;72551799000115;SECRETARIA MUNICIPAL DE SAUDE;0,00;SECRETARIA MUNICIPAL DE SAUDE                                                                                                                                                                                                                                ;SAUDE - 10;ASSISTENCIA HOSPITALAR E AMBULATORIAL - 302;EMENDA PARLAMENTARES DE BANCADA (ART. 1° DA EC Nº 100/2019 E § 12 DO ART. 165 DA CF/88) - 182;HOSPITAL BENEDICENTE SAO JOSE DE HERCULANDIA;DESPESA COM TERMO DE COLABORACAO EMERGENCIAL NR. 042/2025 PARA ATUAR EM RE- GIME DE GERENCIAMENTO COMPLEMENTAR COM O PODER PUBLICO MUNICIPAL NO HOSPI-  TAL E MATERNIDADE CELIA CAMARA(HMCC) ,NOS TERMOS DA LEI Nº. 13.019, DE 31   DE JULHO DE 2014, QUE ESTABELECE O REGIME JURIDICO DAS   PARCERIAS ENTRE A  ADMINISTRACAO PUBLICA E AS ORGANIZACOES DA SOCIEDADE CIVIL, EM REGIME JURI- DICO DE MUTUA COOPERACAO, PARA A CONSECUCAO DE FINALIDADES DE INTERESSE PU- BLICO E RECIPROCO, MEDIANTE A EXECUCAO DE ATIVIDADES OU DE PROJETOS PREVIA- MENTE ESTABELECIDOS EM PLANOS DE TRABALHO INSERIDOS EM TERMOS DE COLABORA-  CAO, ENTRE OUTROS.HOSPITAL E MATERNIDADE MUNICIPAL CELIA CAEARA (HMMCC) -TERMO DE COLABORACAOO EMERGENCIAL NR. 042/2025 .                               EMENDA DE BANCADA - JEFERSON RODRIGUES - 7110.0001/2025.                    .                                                                           VALOR TOTAL:..................................................... 400.000,00.                                                                           182-EMENDA PARLAMENTARES DE BANCADA(ART. 1° DA EC Nº 100/2019 E § 12 DO ART.165 DA CF/88)                                                               64 - EMENDA PARLAMENTAR DE BANCADA -ART 1 DA EC NR 100/2019 E § 12 DO ART. 165 DA CF/88 1601 3120 - TRANSFERENCIAS DA UNIAO DECORRENTES DE EMENDAS PARLAMENTARES DE BANCADA.                                                        SOLICITACAO FINANCEIRA NR. 176301-2025 SCC: 783090 SEI: 25.29.000027894-1   ;Outros (Convênios, ajustes, similares, etc.);000000012025
20252150049110048;02/12/2025 00:00:00;1100000,00;0332452025;29/12/2025 00:00:00;1100000,00;202521500491100480001;19/01/2026 00:00:00;1100000,00;33903900;OUTROS SERVICOS DE TERCEIROS - PESSOA JURIDICA;22579469000160;SECRETARIA MUNICIPAL DE SAUDE;0,00;SECRETARIA MUNICIPAL DE SAUDE                                                                                                                                                                                                                                ;SAUDE - 10;ATENCAO BASICA - 301;RECEITAS DE IMPOSTOS E DE TRANSFERENCIAS DE IMPOSTOS - SAUDE - 102;CENTRO DE GESTAO INTEGRADA - CGI;CORDO COM A LEI NR. 11.315, DE 07/01/2025-LOA. SCC:796299, SOLICITACAO FINAN.                                                                           OBS:BANCO: BANCO DO BRASIL, AG.4475-0, CONTA: 46904-1.DEMAIS ESCLARECIMENTOSCONF.ANEXOS.                                                                FONTE: 102 - RECEITAS DE IMPOSTOS E DE TRANSFERENCIAS DE IMPOSTOS - SAUDE   FONTE DETALHADA: 634 - RECURSOS ORDINARIOS PARA ATENDER EMENDA IMPOSITIVA   FONTE / CO STN: 1500 1002 - IDENTIFICACAO DAS DESPESAS COM ACOES E SERVICOS DE SAUDE                                                                    CEIRA: 175219 - 2025 - SEI 25.29.000037650-1.                               EMENDA NR. 31.02 /PARLAMENTAR: SARGENTO NOVANDIR / DESTINO: CENTRO DE GESTAOINTEGRADA - CGI VALOR ESTIMADO: R$ 1.100.000,00.                            .                                                                           VALOR TOTAL:....................................................1.100.000,00DESPESA COM EMENDA AO PROJETO DE LEI NR. 268/2024 PARA O REPASSE DE RECURSOSDE NATUREZA IMPOSITIVA DESTINA À SAÚDE NO EXERCÍCIO FINANCEIRO DE 2025, DE A;Outros (Convênios, ajustes, similares, etc.);000010652025
20252150049110053;29/12/2025 00:00:00;500000,00;0336102025;29/01/2026 00:00:00;500000,00;202521500491100530001;30/01/2026 00:00:00;500000,00;33903900;OUTROS SERVICOS DE TERCEIROS - PESSOA JURIDICA;20429894000147;SECRETARIA MUNICIPAL DE SAUDE;0,00;SECRETARIA MUNICIPAL DE SAUDE                                                                                                                                                                                                                                ;SAUDE - 10;ATENCAO BASICA - 301;RECEITAS DE IMPOSTOS E DE TRANSFERENCIAS DE IMPOSTOS - SAUDE - 102;INSTITUTO VITAL GESTAO PUBLICA;DESPESA COM EMENDA AO PROJETO DE LEI NR. 268/2024 PARA O REPASSE DE RECURSOSDE NATUREZA IMPOSITIVA DESTINA À SAÚDE NO EXERCÍCIO FINANCEIRO DE 2025, DE ACORDO COM A LEI NR. 11.315, DE 07/01/2025-LOA. SEI25.29.000045793-5.        EMENDA NR.19.04/PARLAMENTAR: LEANDRO SENA / DESTINO: INSTITUTO VITAL GESTAO PUBLICA VALOR ESTIMADO: R$ 500.000,00.  SCC:797881.                         .                                                                           VALOR TOTAL:......................................................500.000,00.                                                                           102 - RECEITAS DE IMPOSTOS E DE TRANSFERENCIAS DE IMPOSTOS - SAUDE          634 - RECURSOS ORDINARIOS PARA ATENDER EMENDA IMPOSITIVA                    SOLICITACAO FINANCEIRA:176663 - 2025.                                       ;Outros (Convênios, ajustes, similares, etc.);000013642025
20252150049110056;29/12/2025 00:00:00;1000000,00;0336222025;29/01/2026 00:00:00;1000000,00;202521500491100560001;30/01/2026 00:00:00;1000000,00;33903900;OUTROS SERVICOS DE TERCEIROS - PESSOA JURIDICA;32839901000591;SECRETARIA MUNICIPAL DE SAUDE;0,00;SECRETARIA MUNICIPAL DE SAUDE                                                                                                                                                                                                                                ;SAUDE - 10;ATENCAO BASICA - 301;RECEITAS DE IMPOSTOS E DE TRANSFERENCIAS DE IMPOSTOS - SAUDE - 102;GRUPO FUTURO - GESTAO DE SAUDE;634 - RECURSOS ORDINARIOS PARA ATENDER EMENDA IMPOSITIVA                    SOLICITACAO FINANCEIRA:176687 - 2025.                                       DESPESA COM EMENDA AO PROJETO DE LEI NR. 268/2024 PARA O REPASSE DE RECURSOSDE NATUREZA IMPOSITIVA DESTINA A SAUDE NO EXERCICIO FINANCEIRO DE 2025, DE ACORDO COM A LEI NR. 11.315, DE 07/01/2025-LOA. SEI 25.29.000031154-0        EMENDA NR. 14.01 / PARLAMENTAR: IZÍDIO ALVES / DESTINO: GRUPO FUTURO-GESTAO DE SAUDE VALOR ESTIMADO: R$ 1.000.000,00. SCC:797945.                       .                                                                           VALOR TOTAL:....................................................1.000.000,00.                                                                           102 - RECEITAS DE IMPOSTOS E DE TRANSFERENCIAS DE IMPOSTOS - SAUDE          ;Outros (Convênios, ajustes, similares, etc.);000009352025
20252150049110057;29/12/2025 00:00:00;100000,00;0338822025;13/04/2026 00:00:00;100000,00;;;0,00;33903900;OUTROS SERVICOS DE TERCEIROS - PESSOA JURIDICA;01587609000414;SECRETARIA MUNICIPAL DE SAUDE;0,00;SECRETARIA MUNICIPAL DE SAUDE                                                                                                                                                                                                                                ;SAUDE - 10;ATENCAO BASICA - 301;RECEITAS DE IMPOSTOS E DE TRANSFERENCIAS DE IMPOSTOS - SAUDE - 102;SOCIEDADE GOIANA DE CULTURA;DESPESA COM EMENDA AO PROJETO DE LEI NR. 268/2024 PARA O REPASSE DE RECURSOSDE NATUREZA IMPOSITIVA DESTINA A SAUDE NO EXERCICIO FINANCEIRO DE 2025, DE ACORDO COM A LEI NR. 11.315, DE 07/01/2025-LOA. SEI 25290000416570.          EMENDA NR. 17.13 / PARLAMENTAR: KATIA MARIA DOS SANTOS / DESTINO: SOCIEDADE GOIANA DE CULTURA-AREA V PUC/GOIAS,VALOR ESTIMADO: R$100.000,00-SCC:797902. ,                                                                           VALOR TOTAL:......................................................100.000,00.                                                                           102 - RECEITAS DE IMPOSTOS E DE TRANSFERENCIAS DE IMPOSTOS - SAUDE          634 - RECURSOS ORDINARIOS PARA ATENDER EMENDA IMPOSITIVA                    SOLICITACAO FINANCEIRA:176665 - 2025.                                       ;Outros (Convênios, ajustes, similares, etc.);000011602025
20252150049110058;30/12/2025 00:00:00;50000,00;;;0,00;;;0,00;33903900;OUTROS SERVICOS DE TERCEIROS - PESSOA JURIDICA;49644425000122;SECRETARIA MUNICIPAL DE SAUDE;0,00;SECRETARIA MUNICIPAL DE SAUDE                                                                                                                                                                                                                                ;SAUDE - 10;ATENCAO BASICA - 301;RECEITAS DE IMPOSTOS E DE TRANSFERENCIAS DE IMPOSTOS - SAUDE - 102;NUCLEO DE ARTE E INCLUSAO DO AUTISTA;DESPESA COM TERMO DE COMPROMISSO NR. 220 /2025 PARA A TRANSFERENCIA DE RECU RSOS REFERENTE A EMENDA PARLAMENTAR INDIVIDUAL DE NATUREZA IMPOSITIVA A LEI ORCAMENTARIA ANUAL DE 2025, PARA AS ENTIDADES SEM FIM LUCRATIVOS QUE COMPLE MENTAM O SISTEMA UNICO DE SAUDE - SUS, DE ACORDO COM A LEI NR. 11.315, DE   07/01/2025-LOA                                                              .                                                                           EMENDA NR.: / PARLAMENTAR: 9.11 - FABRICIO ROSA                             FAVORECIDO: NUCLEO DE ARTE E INCLUSAO DO AUTISTA                            .                                                                           VALOR ESTIMADO:...........................................R$ 50.000,00      .                                                                           FONTE: 102 - RECEITAS DE IMPOSTOS E DE TRANSFERENCIAS DE IMPOSTOS - SAUDE   FONTE DETALHADA: 634 - RECURSOS ORDINARIOS PARA ATENDER EMENDA IMPOSITIVA   FONTE / CO STN: 1500 1002 - IDENTIFICACAO DAS DESPESAS COM ACOES E SERVICOS SOLICITACAO FINANCEIRA NR. 176751-2025 SEI: 25.29.000044349-7 SCC: 798151   ;Outros (Convênios, ajustes, similares, etc.);000012572025
20252150006710239;08/12/2025 00:00:00;112568,00;;;0,00;;;0,00;33903000;MATERIAL DE CONSUMO;06105362000123;SECRETARIA MUNICIPAL DE SAUDE;112568,00;SECRETARIA MUNICIPAL DE SAUDE                                                                                                                                                                                                                                ;SAUDE - 10;ATENCAO BASICA - 301;TRANSFERENCIA DE RECURSOS DO SISTEMA UNICO DE SAUDE - SUS - BLOCO DE MANUTENCAO DAS ACOES E SERVICOS PUBLICOS DE SAUDE - 107;ACCUMED PRODUTOS MEDICO HOSPITALARES LTDA;DESPESA COM MATERIAL DE CONSUMO (TIRA REATIVAS E LANCETAS) - PREGAO ELETRONICO N.90021/2025 - ATA DE REGISTRO DE PRECO Nº 142/2025, MEMORANDO 275 GEREMODESPACHO 1301 GERPSR - DESPACHO 887 PRECEL -ITEM 01 50%PAB,E ITEM 02 100%PABSEI 25.29.000044668-2 - SOLICITACAO FINANCEIRA: 175713 - 2025 - SCC796655.  .                                                                           .                                                                           ITEM 01-TIRA REATIVA DETERMINACAO GLICOSE FR C/5 0,0 UN, M:G-TECHVITA/TTV.  COD:26203-0..............11.200,00FR.........9,4400...............105.728,00ITEM 02-LANCETA DESCARTAVEL M:G-TECH/LAN2810G.                              COD:26203-0.............228.000,00 UN........0,0300.................6.840,00VALOR TOTAL:......................................................112.568,00.                                                                           O PRAZO DE ENTREGA DOS BENS SERA EFETUADO NO PRAZO NAO SUPERIOR A 15 DIAS,U TEIS, CONTADOS APOS O RECEBIMENTO DA ORDEM DE ENTREGA OU NOTA DE EMPENHO/AU-TORIZACAO DE FORNECIMENTO E ACOMPANHADOS DOS DOCUMENTOS FISCAIS RESPECTIVOS,DEVE CONTER, OBRIGATORIAMENTE, A ESPECIFICACAO DO ITEM, MARCA DO FABRICANTE E QUANTIDADE ENTREGUE. OS BENS DEVERAO SER ENTREGUES NO ALMOXARIFADO CENTRALDA SMS DE GOIANIA, ENDERECO:AVENIDA PERIMETRAL NORTE N. 2.859, VILA JOAO VAZ, CONDOMINIO GOYAZEM BLOCO E,GALPOES DE 06 A 10, CEP 74.445-190, GOIANIA-GO.AS ENTREGAS DEVERAO SER EFETUADAS MEDIANTE AGENDAMENTO PREVIO, ATRAVES DO E-MAIL CIAD.GOIANIA@BRANETLOGISTICA.COM.BR._ MAIORES INFORMACOES PELOS TELEFO-NES: (62) 3524-3404/3407.DEMAIS ESCLARECIMENTOS EDITAL EV.8591788 E ANEXOS. .                                                                           8 - TRANSFERENCIA DE RECURSOS DO SUS - ATENCAO PRIMARIA                     ;Pregão;000900242025
20252150024910928;11/12/2025 00:00:00;1759835,66;0317232025;11/12/2025 00:00:00;1759835,66;202521500249109280001;11/12/2025 00:00:00;1759835,66;33903900;OUTROS SERVICOS DE TERCEIROS - PESSOA JURIDICA;72551799000115;SECRETARIA MUNICIPAL DE SAUDE;0,00;SECRETARIA MUNICIPAL DE SAUDE                                                                                                                                                                                                                                ;SAUDE - 10;ASSISTENCIA HOSPITALAR E AMBULATORIAL - 302;TRANSFERENCIA DE RECURSOS DO SISTEMA UNICO DE SAUDE - SUS - BLOCO DE MANUTENCAO DAS ACOES E SERVICOS PUBLICOS DE SAUDE - 107;HOSPITAL BENEDICENTE SAO JOSE DE HERCULANDIA;DESPESA COM A FORMALIZACAO DE CONVENIO PARA A GESTAO PARA O GERENCIAMENTO O-PERACIONALIZACAO E A EXECUCAO DAS ACOES E SERVICOS DE SAUDE,PARA O PLENO FUNCIONAMENTO DO HMCC - CELIA CAMARA. SCC:783090.                              2. HOSPITAL E MATERNIDADE MUNICIPAL CELIA CâMARA (HMMCC) -REFERENCIA:12/2025.                                                                           VALOR TOTAL:....................................................1.759.835,66.                                                                           FONTE 107 - TRANSFERENCIA DE RECURSOS DO SISTEMA UNICO DE SAUDE - SUS -BLOCODE MANUTENCAO DAS ACOES E SERVICOS PUBLICOS DE SAUDE                        FONTE DETALHADA 64 - TRANSFERENCIAS DE RECURSOS DO SUS-ATENCAO ESPECIALIZADAFONTE/CO STN 1600 0000 - TRANSFERENCIAS FUNDO A FUNDO DE RECURSOS DO SUS PROVENIENTES DO GOVERNO FEDERAL-BLOCO DE MANUTENCAO DAS ACOES E SERVICOS PUBLI-COS DE SAUDE                                                                SOLICITACAO FINANCEIRA NR.175921 - 2025 SCC783090 SEI: 25.29.000027894-1    ;Outros (Convênios, ajustes, similares, etc.);000000012025
20252150024910934;12/12/2025 00:00:00;3254,00;;;0,00;;;0,00;33903900;OUTROS SERVICOS DE TERCEIROS - PESSOA JURIDICA;05933252000197;SECRETARIA MUNICIPAL DE SAUDE;3254,00;SECRETARIA MUNICIPAL DE SAUDE                                                                                                                                                                                                                                ;SAUDE - 10;ASSISTENCIA HOSPITALAR E AMBULATORIAL - 302;TRANSFERENCIA DE RECURSOS DO SISTEMA UNICO DE SAUDE - SUS - BLOCO DE MANUTENCAO DAS ACOES E SERVICOS PUBLICOS DE SAUDE - 107;NOMURA E NOMURA LTDA;DESPESA COM CONTRATO NR 770/2020 PARA EXECUCAO DE SERVICOS MEDICOS DE       ASSISTENCIA A SAUDE AMBULATORIAL (HOSPITALAR) E/OU APOIO DIAGNOSTICO        TERAPEUTICO PARA ATENDIMENTO DOS SUSUARIOS DO SUS - SCC: 515176-1           REFERENCIA: COMPETENCIA 10/2025  - SEI:22.29.000012188-4                    .                                                                           VALOR TOTAL:.....................................................3.254,00   .                                                                           64 - TRANSFERENCIAS DE RECURSOS DO SUS - ATENCAO ESPECIALIZADA              SOLICITACAO FINANCEIRA: 176016/2025                                         ;Inexigibilidade de Licitação;000062732020
20252150024910935;12/12/2025 00:00:00;3660,00;;;0,00;;;0,00;33903900;OUTROS SERVICOS DE TERCEIROS - PESSOA JURIDICA;00812514000141;SECRETARIA MUNICIPAL DE SAUDE;3660,00;SECRETARIA MUNICIPAL DE SAUDE                                                                                                                                                                                                                                ;SAUDE - 10;ASSISTENCIA HOSPITALAR E AMBULATORIAL - 302;TRANSFERENCIA DE RECURSOS DO SISTEMA UNICO DE SAUDE - SUS - BLOCO DE MANUTENCAO DAS ACOES E SERVICOS PUBLICOS DE SAUDE - 107;INSTITUTO GOIANO DE CARDIOLOGIA SERVICOS MEDICOS LTDA  EPP;DESPESA COM CONTRATO NR 061/2024 PARA EXECUCAO DE SERVICOS MEDICOS DE       ASSISTENCIA A SAUDE AMBULATORIAL (HOSPITALAR) E/OU APOIO DIAGNOSTICO        TERAPEUTICO PARA ATENDIMENTO DOS SUSUARIOS DO SUS - SCC: 726746             REFERENCIA: COMPETENCIA 10/2025  - SEI:24.29.000037681-6                    .                                                                           VALOR TOTAL:.....................................................3.660,00   .                                                                           64 - TRANSFERENCIAS DE RECURSOS DO SUS - ATENCAO ESPECIALIZADA              SOLICITACAO FINANCEIRA: 176018/2025                                         ;Inexigibilidade de Licitação;000000052020
20252150024910940;15/12/2025 00:00:00;4984338,94;;;0,00;;;0,00;33903900;OUTROS SERVICOS DE TERCEIROS - PESSOA JURIDICA;01619790000150;SECRETARIA MUNICIPAL DE SAUDE;4984338,94;SECRETARIA MUNICIPAL DE SAUDE                                                                                                                                                                                                                                ;SAUDE - 10;ASSISTENCIA HOSPITALAR E AMBULATORIAL - 302;TRANSFERENCIA DE RECURSOS DO SISTEMA UNICO DE SAUDE - SUS - BLOCO DE MANUTENCAO DAS ACOES E SERVICOS PUBLICOS DE SAUDE - 107;SANTA CASA DE MISERICORDIA DE GOIANIA;.                                                                           FONTE:107-TRANSFERENCIA DE RECURSOS DO SISTEMA UNICO DE SAUDE -SUS -BLOCO DEMANUTENCAO DAS ACOES E SERVICOS PUBLICOS DE SAUDE                           FONTE DETALHADA 64-TRANSFERENCIAS DE RECURSOS DO SUS - ATENCAO ESPECIALIZADA.                                                                           SOLICITACAO FINANCEIRA:176140 - 2025  SEI 24.29.000022638-5                 VALOR TOTAL:....................................................4.984.338,94.                                                                           DESPESA COM CONTRATO NR. 021/2024 PARA A EXECUCAO DE SERVICOS MEDICOS DE AS-SISTENCIA A SAUDE AMBULATORIAL(HOSPITALAR) E/OU APOIO DIAGNOSTICO TERAPEUTI-CO PARA ATENDIMENTO DOS USUARIOS DO SUS. REFERENCIA:10/2025. SCC:722856.    .                                                                           ;Outros (Convênios, ajustes, similares, etc.);000000212024
20252150024910950;15/12/2025 00:00:00;20951,92;;;0,00;;;0,00;33903900;OUTROS SERVICOS DE TERCEIROS - PESSOA JURIDICA;01407360000175;SECRETARIA MUNICIPAL DE SAUDE;20951,92;SECRETARIA MUNICIPAL DE SAUDE                                                                                                                                                                                                                                ;SAUDE - 10;ASSISTENCIA HOSPITALAR E AMBULATORIAL - 302;TRANSFERENCIA DE RECURSOS DO SISTEMA UNICO DE SAUDE - SUS - BLOCO DE MANUTENCAO DAS ACOES E SERVICOS PUBLICOS DE SAUDE - 107;AMIGO ASSISTENCIA MEDICA INFANTIL DE GOIANIA LTDA;DESPESA COM CONTRATO NR 1.024/2020 PARA EXECUCAO DE SERVICOS MEDICOS DE     ASSISTENCIA A SAUDE AMBULATORIAL (HOSPITALAR) E/OU APOIO DIAGNOSTICO        TERAPEUTICO PARA ATENDIMENTO DOS SUSUARIOS DO SUS - SCC: 520951             REFERENCIA: COMPETENCIA 10/2025  - SEI:22.29.000011843-3                    .                                                                           VALOR TOTAL:....................................................20.951,92   .                                                                           64 - TRANSFERENCIAS DE RECURSOS DO SUS - ATENCAO ESPECIALIZADA              SOLICITACAO FINANCEIRA: 176046/2025                                         ;Inexigibilidade de Licitação;000068872020
20252150024910960;15/12/2025 00:00:00;26820,00;;;0,00;;;0,00;33903900;OUTROS SERVICOS DE TERCEIROS - PESSOA JURIDICA;00828905000154;SECRETARIA MUNICIPAL DE SAUDE;26820,00;SECRETARIA MUNICIPAL DE SAUDE                                                                                                                                                                                                                                ;SAUDE - 10;ASSISTENCIA HOSPITALAR E AMBULATORIAL - 302;TRANSFERENCIA DE RECURSOS DO SISTEMA UNICO DE SAUDE - SUS - BLOCO DE MANUTENCAO DAS ACOES E SERVICOS PUBLICOS DE SAUDE - 107;HOSPITAL MEMORIAL BATISTA DO CENTENARIO;DESPESA COM CONTRATO NR 744/2020 PARA EXECUCAO DE SERVICOS MEDICOS DE       ASSISTENCIA A SAUDE AMBULATORIAL (HOSPITALAR) E/OU APOIO DIAGNOSTICO        TERAPEUTICO PARA ATENDIMENTO DOS SUSUARIOS DO SUS - SCC: 514021-1           REFERENCIA: COMPETENCIA 10/2025  - SEI:22.29.000025573-2                    .                                                                           VALOR TOTAL:....................................................26.820,00   .                                                                           64 - TRANSFERENCIAS DE RECURSOS DO SUS - ATENCAO ESPECIALIZADA              SOLICITACAO FINANCEIRA: 176060/2025                                         ;Inexigibilidade de Licitação;000063392020
20252150024910963;15/12/2025 00:00:00;35234,90;;;0,00;;;0,00;33903900;OUTROS SERVICOS DE TERCEIROS - PESSOA JURIDICA;37018009000130;SECRETARIA MUNICIPAL DE SAUDE;35234,90;SECRETARIA MUNICIPAL DE SAUDE                                                                                                                                                                                                                                ;SAUDE - 10;ASSISTENCIA HOSPITALAR E AMBULATORIAL - 302;TRANSFERENCIA DE RECURSOS DO SISTEMA UNICO DE SAUDE - SUS - BLOCO DE MANUTENCAO DAS ACOES E SERVICOS PUBLICOS DE SAUDE - 107;PRO LIFE LABORATORIO DE ANALISES CLINICAS LTDA;DESPESA COM CONTRATO NR 727/2020 PARA EXECUCAO DE SERVICOS MEDICOS DE       ASSISTENCIA A SAUDE AMBULATORIAL (HOSPITALAR) E/OU APOIO DIAGNOSTICO        TERAPEUTICO PARA ATENDIMENTO DOS SUSUARIOS DO SUS - SCC: 513815-1           REFERENCIA: COMPETENCIA 10/2025  - SEI:22.29.000012209-0                    .                                                                           VALOR TOTAL:....................................................35.234,90   .                                                                           64 - TRANSFERENCIAS DE RECURSOS DO SUS - ATENCAO ESPECIALIZADA              SOLICITACAO FINANCEIRA: 176120/2025                                         ;Inexigibilidade de Licitação;000063322020
20252150024910980;16/12/2025 00:00:00;1616710,70;0320892025;18/12/2025 00:00:00;1616710,70;202521500249109800001;18/12/2025 00:00:00;1616710,70;33903900;OUTROS SERVICOS DE TERCEIROS - PESSOA JURIDICA;02600740000194;SECRETARIA MUNICIPAL DE SAUDE;0,00;SECRETARIA MUNICIPAL DE SAUDE                                                                                                                                                                                                                                ;SAUDE - 10;ASSISTENCIA HOSPITALAR E AMBULATORIAL - 302;TRANSFERENCIA DE RECURSOS DO SISTEMA UNICO DE SAUDE - SUS - BLOCO DE MANUTENCAO DAS ACOES E SERVICOS PUBLICOS DE SAUDE - 107;FUNDACAO BANCO DE OLHOS DE GOIAS;DESPESA COM CONVENIO NR 367/2020 PARA EXECUCAO DE SERVICOS MEDICOS DE       ASSISTENCIA A SAUDE AMBULATORIAL (HOSPITALAR) E/OU APOIO DIAGNOSTICO        TERAPEUTICO PARA ATENDIMENTO DOS SUSUARIOS DO SUS - SCC: 498891-1           REFERENCIA: COMPETENCIA 10/2025  - SEI:22.29.000011984-7                    .                                                                           VALOR TOTAL:.................................................1.616.710,70   .                                                                           64 - TRANSFERENCIAS DE RECURSOS DO SUS - ATENCAO ESPECIALIZADA              SOLICITACAO FINANCEIRA: 176124/2025                                         ;Inexigibilidade de Licitação;000043202020
20252150028810607;03/12/2025 00:00:00;49,50;;;0,00;;;0,00;33909300;INDENIZACOES E RESTITUICOES;00000911362100;SECRETARIA MUNICIPAL DE SAUDE;49,50;SECRETARIA MUNICIPAL DE SAUDE                                                                                                                                                                                                                                ;SAUDE - 10;ASSISTENCIA HOSPITALAR E AMBULATORIAL - 302;TRANSFERENCIA DE RECURSOS DO SISTEMA UNICO DE SAUDE - SUS - BLOCO DE MANUTENCAO DAS ACOES E SERVICOS PUBLICOS DE SAUDE - 107;VERA LUCIA DE OLIVEIRA;RESSARCIMENTO DAS DESPESAS MEDICAS/HOSPITALARES REALIZADAS PELO PACIENTE    BENEFICIARIO DO PROGRAMA DE TFD (TRATAMENTO FORA DO DOMICILIO) - MILENA     OLIVEIRA MARTINS - SEI: 25.29.000046060-0                                   OBS: VALORES INFORMADOS NO DESPACHO 1.820/2025/GERPMC ANEXO AOS AUTOS.      .                                                                           VALOR TOTAL:.........................................................49,50  .                                                                           64 - TRANSFERENCIAS DE RECURSOS DO SUS - ATENCAO ESPECIALIZADA              SOLICITACAO FINANCEIRA: 175610/2025                                         ;Não se aplica (Ex.: Despesas com Pessoal);000000000000
20252150047610001;18/12/2025 00:00:00;822141,00;0321292025;18/12/2025 00:00:00;822141,00;202521500476100010001;18/12/2025 00:00:00;822141,00;33903900;OUTROS SERVICOS DE TERCEIROS - PESSOA JURIDICA;37678845000140;SECRETARIA MUNICIPAL DE SAUDE;0,00;SECRETARIA MUNICIPAL DE SAUDE                                                                                                                                                                                                                                ;SAUDE - 10;ASSISTENCIA HOSPITALAR E AMBULATORIAL - 302;EMENDA PARLAMENTARES DE BANCADA (ART. 1° DA EC Nº 100/2019 E § 12 DO ART. 165 DA CF/88) - 182;INSTITUTO PATRIS;DESPESA COM TERMO DE COLABORACAO EMERGENCIAL NR. 043/2025 PARA ATUAR EM RE  GIME DE GERENCIAMENTO COMPLEMENTAR COM O PODER PUBLICO MUNICIPAL NO HOSPI-  TAL E MATERNIDADE DONA IRIS(HMDI),NOS TERMOS DA LEI Nº. 13.019, DE 31       DE JULHO DE 2014, QUE ESTABELECE O REGIME JURIDICO DAS PARCERIAS ENTRE A    ADMINISTRACAO PUBLICA E AS ORGANIZACOES DA SOCIEDADE CIVIL, EM REGIME JURI- DICO DE MUTUA COOPERACAO, PARA A CONSECUCAO DE FINALIDADES DE INTERESSE PU  BLICO E RECIPROCO, MEDIANTE A EXECUCAO DE ATIVIDADES OU DE PROJETOS PREVIA  MENTE ESTABELECIDOS EM PLANOS DE TRABALHO INSERIDOS EM TERMOS DE COLABORA-  CAO, ENTRE OUTROS.                                                          HOSPITAL E MATERNIDADE DONA IRIS (HMDI)/TERMO DE COLABORACAO EMERGENCIAL NR.043/2025-EMENDA DE BANCADA SILVYE ALVES - 7110.0001/2025.                   .                                                                           VALOR TOTAL:......................................................822.141,00.                                                                           SOLICITACAO FINANCEIRA NR.176305-2025 SCC: 783111 SEI: 25.29.000027894-1.   182-EMENDA PARLAMENTARES DE BANCADA(ART. 1° DA EC Nº 100/2019 E § 12 DO ART.165 DA CF/88)                                                               64 - EMENDA PARLAMENTAR DE BANCADA -ART 1 DA EC NR 100/2019 E § 12 DO ART. 165 DA CF/88 1601 3120 - TRANSFERENCIAS DA UNIAO DECORRENTES DE EMENDAS PARLAMENTARES DE BANCADA.                                                        ;Outros (Convênios, ajustes, similares, etc.);000000012025
20252150049110049;04/12/2025 00:00:00;50000,00;0333792025;16/01/2026 00:00:00;50000,00;202521500491100490001;30/01/2026 00:00:00;50000,00;33903900;OUTROS SERVICOS DE TERCEIROS - PESSOA JURIDICA;02600740000194;SECRETARIA MUNICIPAL DE SAUDE;0,00;SECRETARIA MUNICIPAL DE SAUDE                                                                                                                                                                                                                                ;SAUDE - 10;ATENCAO BASICA - 301;RECEITAS DE IMPOSTOS E DE TRANSFERENCIAS DE IMPOSTOS - SAUDE - 102;FUNDACAO BANCO DE OLHOS DE GOIAS;DESPESA COM EMENDA AO PROJETO DE LEI NR. 268/2024 PARA O REPASSE DE RECURSOSDE NATUREZA IMPOSITIVA DESTINA A SAUDE NO EXERCICIO FINANCEIRO DE 2025, DE ACORDO COM A LEI NR. 11.315, DE 07/01/2025-LOA.                              EMENDA NR. 11.01 / PARLAMENTAR: GERVERSON ABEL / DESTINO:  FUNDACAO BANCO DEOLHOS DE GOIAS   VALOR ESTIMADO: R$ 50.000,00.  SCC:796507.                 .                                                                           VALOR TOTAL:.......................................................50.000,00.                                                                           FONTE: 102 - RECEITAS DE IMPOSTOS E DE TRANSFERENCIAS DE IMPOSTOS - SAUDE   FONTE DETALHADA: 634 - RECURSOS ORDINARIOS PARA ATENDER EMENDA IMPOSITIVA   FONTE / CO STN: 1500 1002 - IDENTIFICACAO DAS DESPESAS COM ACOES E SERVICOS SOLICITACAO FINANCEIRA:175672 - 2025.                                       ;Outros (Convênios, ajustes, similares, etc.);000012952025
20252150049110054;29/12/2025 00:00:00;800000,00;0337962025;09/03/2026 00:00:00;50000,00;202521500491100540002;13/03/2026 00:00:00;50000,00;33903900;OUTROS SERVICOS DE TERCEIROS - PESSOA JURIDICA;34544745000133;SECRETARIA MUNICIPAL DE SAUDE;0,00;SECRETARIA MUNICIPAL DE SAUDE                                                                                                                                                                                                                                ;SAUDE - 10;ATENCAO BASICA - 301;RECEITAS DE IMPOSTOS E DE TRANSFERENCIAS DE IMPOSTOS - SAUDE - 102;INSTITUTO SINERGIA - GESTAO EM SAUDE, EDUCACAO E DESENVOLVIM;DESPESA COM EMENDA AO PROJETO DE LEI NR. 268/2024 PARA O REPASSE DE RECURSOSDE NATUREZA IMPOSITIVA DESTINA A SAUDE NO EXERCICIO FINANCEIRO DE 2025, DE ACORDO COM A LEI NR. 11.315, DE 07/01/2025-LOA. SEI 25.29.000040169-7.       EMENDA NR. 4.03 E 11.02 / PARLAMENTAR: GEVERSON ABEL E BESSA / DESTINO:INSTITUTO SINERGIA - GESTAO EM SAUDE, EDUCACAO E DESENVOLVIMENTO VALOR ESTIMADO :R$ 50.000,00 + R$ 750.000,00. SCC:797911.                                   .                                                                           VALOR TOTAL:......................................................800.000,00.                                                                           102 - RECEITAS DE IMPOSTOS E DE TRANSFERENCIAS DE IMPOSTOS - SAUDE          634 - RECURSOS ORDINARIOS PARA ATENDER EMENDA IMPOSITIVA                    SOLICITACAO FINANCEIRA:176681 - 2025.                                       ;Outros (Convênios, ajustes, similares, etc.);000010982025
20252150049110054;29/12/2025 00:00:00;800000,00;0337972025;09/03/2026 00:00:00;750000,00;202521500491100540001;13/03/2026 00:00:00;750000,00;33903900;OUTROS SERVICOS DE TERCEIROS - PESSOA JURIDICA;34544745000133;SECRETARIA MUNICIPAL DE SAUDE;0,00;SECRETARIA MUNICIPAL DE SAUDE                                                                                                                                                                                                                                ;SAUDE - 10;ATENCAO BASICA - 301;RECEITAS DE IMPOSTOS E DE TRANSFERENCIAS DE IMPOSTOS - SAUDE - 102;INSTITUTO SINERGIA - GESTAO EM SAUDE, EDUCACAO E DESENVOLVIM;DESPESA COM EMENDA AO PROJETO DE LEI NR. 268/2024 PARA O REPASSE DE RECURSOSDE NATUREZA IMPOSITIVA DESTINA A SAUDE NO EXERCICIO FINANCEIRO DE 2025, DE ACORDO COM A LEI NR. 11.315, DE 07/01/2025-LOA. SEI 25.29.000040169-7.       EMENDA NR. 4.03 E 11.02 / PARLAMENTAR: GEVERSON ABEL E BESSA / DESTINO:INSTITUTO SINERGIA - GESTAO EM SAUDE, EDUCACAO E DESENVOLVIMENTO VALOR ESTIMADO :R$ 50.000,00 + R$ 750.000,00. SCC:797911.                                   .                                                                           VALOR TOTAL:......................................................800.000,00.                                                                           102 - RECEITAS DE IMPOSTOS E DE TRANSFERENCIAS DE IMPOSTOS - SAUDE          634 - RECURSOS ORDINARIOS PARA ATENDER EMENDA IMPOSITIVA                    SOLICITACAO FINANCEIRA:176681 - 2025.                                       ;Outros (Convênios, ajustes, similares, etc.);000010982025
20252150049110059;30/12/2025 00:00:00;100000,00;;;0,00;;;0,00;33903900;OUTROS SERVICOS DE TERCEIROS - PESSOA JURIDICA;14657835000123;SECRETARIA MUNICIPAL DE SAUDE;0,00;SECRETARIA MUNICIPAL DE SAUDE                                                                                                                                                                                                                                ;SAUDE - 10;ATENCAO BASICA - 301;RECEITAS DE IMPOSTOS E DE TRANSFERENCIAS DE IMPOSTOS - SAUDE - 102;GRUPO TERAPEUTICO GOIAS SEM DROGAS;DESPESA COM TERMO DE COMPROMISSO NR. 219 /2025 PARA A TRANSFERENCIA DE RECU RSOS REFERENTE A EMENDA PARLAMENTAR INDIVIDUAL DE NATUREZA IMPOSITIVA A LEI ORCAMENTARIA ANUAL DE 2025, PARA AS ENTIDADES SEM FIM LUCRATIVOS QUE COMPLE MENTAM O SISTEMA UNICO DE SAUDE - SUS, DE ACORDO COM A LEI NR. 11.315, DE   07/01/2025-LOA                                                              .                                                                           EMENDA NR.: / PARLAMENTAR: 3.35 / ANSELMO PEREIRA                           FAVORECIDO: GRUPO TERAPEUTICO GOIAS SEM DROGAS                              .                                                                           VALOR ESTIMADO:...........................................R$ 100.000,00     .                                                                           FONTE: 102 - RECEITAS DE IMPOSTOS E DE TRANSFERENCIAS DE IMPOSTOS - SAUDE   FONTE DETALHADA: 634 - RECURSOS ORDINARIOS PARA ATENDER EMENDA IMPOSITIVA   FONTE / CO STN: 1500 1002 - IDENTIFICACAO DAS DESPESAS COM ACOES E SERVICOS SOLICITACAO FINANCEIRA NR. 176753-2025 SEI: 25.9.000000990-1 SCC: 798143    ;Outros (Convênios, ajustes, similares, etc.);000013032025
20252150049110066;30/12/2025 00:00:00;966853,23;0338992025;24/04/2026 00:00:00;966853,23;202521500491100660001;24/04/2026 00:00:00;966853,23;33903900;OUTROS SERVICOS DE TERCEIROS - PESSOA JURIDICA;45349461000102;SECRETARIA MUNICIPAL DE SAUDE;0,00;SECRETARIA MUNICIPAL DE SAUDE                                                                                                                                                                                                                                ;SAUDE - 10;ATENCAO BASICA - 301;RECEITAS DE IMPOSTOS E DE TRANSFERENCIAS DE IMPOSTOS - SAUDE - 102;ASSOCIACAO HOSPITALAR BENEFICENTE DO BRASIL;FAVORECIDO: ASSOCIACAO HOSPITALAR BENEFICENTE DO BRASIL                     .                                                                           DESPESA COM TERMO DE COMPROMISSO NR. 216 /2025 PARA A TRANSFERENCIA DE RECU RSOS REFERENTE A EMENDA PARLAMENTAR INDIVIDUAL DE NATUREZA IMPOSITIVA A LEI ORCAMENTARIA ANUAL DE 2025, PARA AS ENTIDADES SEM FIM LUCRATIVOS QUE COMPLE MENTAM O SISTEMA UNICO DE SAUDE - SUS, DE ACORDO COM A LEI NR. 11.315, DE   07/01/2025-LOA                                                              .                                                                           EMENDA NR.: / PARLAMENTAR: 29.01 / SABRINA GARCEZ                           VALOR ESTIMADO:...........................................R$ 966.853,23     .                                                                           FONTE: 102 - RECEITAS DE IMPOSTOS E DE TRANSFERENCIAS DE IMPOSTOS - SAUDE   FONTE DETALHADA: 634 - RECURSOS ORDINARIOS PARA ATENDER EMENDA IMPOSITIVA   FONTE / CO STN: 1500 1002 - IDENTIFICACAO DAS DESPESAS COM ACOES E SERVICOS SOLICITACAO FINANCEIRA NR. 176764-2025 SEI: 25.29.000031967-2 SCC: 798119   ;Outros (Convênios, ajustes, similares, etc.);000011862025
20252150049510006;30/12/2025 00:00:00;6788,00;;;0,00;;;0,00;44905200;EQUIPAMENTOS E MATERIAL PERMANENTE;54322844000188;SECRETARIA MUNICIPAL DE SAUDE;0,00;SECRETARIA MUNICIPAL DE SAUDE                                                                                                                                                                                                                                ;SAUDE - 10;ATENCAO BASICA - 301;RECEITAS DE IMPOSTOS E DE TRANSFERENCIAS DE IMPOSTOS - SAUDE - 102;ITAPEMED IMPORTADORA E EXP DE EQUIP HOSPITALARES LTDA;"DESPESA COM EMENDA AO PROJETO DE LEI NR. 268/2024 PARA O REPASSE DE RECURSOSDE NATUREZA IMPOSITIVA DESTINA À SAÚDE NO EXERCÍCIO FINANCEIRO DE 2025, DE ACORDO COM A LEI NR. 11.315, DE 07/01/2025-LOA. SEI 25290000146069.          EMENDA NR. 17.24 /PARLAMENTAR: KATIA MARIA DOS SANTOS/DESTINO:MELHORIAS,AQUISICAO DE EQUIPAMENTOS DO CONSULTÓRIO ODONTOLÓGICO DA UBS MADRE GERMANA.     ITEM 2-AUTOCLAVE ELETRICO HORIZONTAL MESA 21 L ALT                          COD;35874-6................2,00 UN..........3.394,0000.............6.788.00 VALOR TOTAL:.......................................................6.788.00 .                                                                           O PRAZO DE ENTREGA DOS BENS SERá EFETUADO NO PRAZO NãO SUPERIOR A 30 (TRINTA) DIAS CORRIDOS, CONTADOS APóS O RECEBIMENTO DA ORDEM DE ENTREGA OU NOTA DE ACOMPANHADOS DOS DOCUMENTOS FISCAIS RESPECTIVOS, DEVE CONTER, OBRIGATORIAMENTE, A ESPECIFICAçãO DO ITEM, MARCA DO FABRICANTE E QUANTIDADE ENTREGUE.     LOCAL ALMOXARIFADO CENTRAL DA SECRETARIA MUNICIPAL DE SAúDE AV.PERIMETRAL   NORTE, CONDOMíNIO GOIAZéM, BLOCO E, GALPãO 09 E 10, VILA JOãO VAZ, CEP: 74.425-090, GOIâNIA/GO.                                                         AGENDAMENTO PRéVIO, ATRAVéS DO E-MAIL CIAD.GOIANIA@BRANETOLGISTICA.COM.BR.  SOLICITACAO FINANCEIRA;176711 - 2025 SCC 798062.                            .                                                                           102 - RECEITAS DE IMPOSTOS E DE TRANSFERENCIAS DE IMPOSTOS - SAUDE          634 - RECURSOS ORDINARIOS PARA ATENDER EMENDA IMPOSITIVA                    ";Pregão;000002932025
20252150002010390;16/12/2025 00:00:00;1231,82;0321142025;18/12/2025 00:00:00;1231,82;202521500020103900001;18/12/2025 00:00:00;1231,82;33904800;OUTROS AUXILIOS FINANCEIROS A PESSOAS FISICAS;00004869846136;SECRETARIA MUNICIPAL DE SAUDE;0,00;SECRETARIA MUNICIPAL DE SAUDE                                                                                                                                                                                                                                ;SAUDE - 10;ADMINISTRACAO GERAL - 122;RECEITAS DE IMPOSTOS E DE TRANSFERENCIAS DE IMPOSTOS - SAUDE - 102;ISABELLE SILVA DINIZ ALVES BORGES;PAGAMENTO DE AUXILIO MORADIA P/O(A) PROFISSIONAL MEDICO(A):ISABELLE SILVA DINIZ ALVES BORGES PARTICIPANTE DO PROGRAMA DE RESIDENCIA MEDICA NA SECRETARIAMUNICIPAL DE SAUDE DE GOIANIA. SEI 24290000186367. VALORES REF.AO PERIODO DEDEZEMBRO DE 2025 - CONFORME INFORMADO NA PLANILHA EMITIDA PELA EMSP/SMS -CPF048.698.461-36 / BANCO: BRADESCO - AGÊNCIA: 1216- CONTA: 16928-5.           .                                                                           VALOR TOTAL:........................................................1.231,82.                                                                           102 - RECEITAS DE IMPOSTOS E DE TRANSFERENCIAS DE IMPOSTOS - SAUDE          527 - TRANSFERENCIAS DE IMPOSTOS/SAUDE - SOLICITACAO FINANCEIRA:176183 -2025;Não se aplica (Ex.: Despesas com Pessoal);000000000000
20252150002010394;16/12/2025 00:00:00;1231,82;0321082025;18/12/2025 00:00:00;1231,82;202521500020103940001;18/12/2025 00:00:00;1231,82;33904800;OUTROS AUXILIOS FINANCEIROS A PESSOAS FISICAS;00070027644111;SECRETARIA MUNICIPAL DE SAUDE;0,00;SECRETARIA MUNICIPAL DE SAUDE                                                                                                                                                                                                                                ;SAUDE - 10;ADMINISTRACAO GERAL - 122;RECEITAS DE IMPOSTOS E DE TRANSFERENCIAS DE IMPOSTOS - SAUDE - 102;INDRA SILVA SANTOS;PAGAMENTO DE AUXILIO MORADIA PARA O(A) PROFISSIONAL MEDICO(A):  INDRA SILVA SANTOS         PARTICIPANTE DO PROGRAMA DE RESIDENCIA MEDICA NA SECRETARIA  MUNICIPAL DE SAUDE DE GOIANIA. SEI 25290000246101. VALORES REF.AO PERIODO DEDEZEMBRO DE 2025 - CONFORME INFORMADO NA PLANILHA EMITIDA PELA EMSP/SMS -CPF700.276.441-11 / BANCO: CAIXA - AGÊNCIA: 0015 - CONTA:00046921-1.           .                                                                           VALOR TOTAL:........................................................1.231,82.                                                                           102 - RECEITAS DE IMPOSTOS E DE TRANSFERENCIAS DE IMPOSTOS - SAUDE          527 - TRANSFERENCIAS DE IMPOSTOS/SAUDE - SOLICITACAO FINANCEIRA:176180 -2025;Não se aplica (Ex.: Despesas com Pessoal);000000000000
20252150002010396;16/12/2025 00:00:00;1231,82;0321272025;18/12/2025 00:00:00;1231,82;202521500020103960001;18/12/2025 00:00:00;1231,82;33904800;OUTROS AUXILIOS FINANCEIROS A PESSOAS FISICAS;00001076258140;SECRETARIA MUNICIPAL DE SAUDE;0,00;SECRETARIA MUNICIPAL DE SAUDE                                                                                                                                                                                                                                ;SAUDE - 10;ADMINISTRACAO GERAL - 122;RECEITAS DE IMPOSTOS E DE TRANSFERENCIAS DE IMPOSTOS - SAUDE - 102;MARCELO RIBEIRO DE OLIVEIRA;PAGAMENTO DE AUXILIO MORADIA PARA O(A) PROFISSIONAL MEDICO(A)MARCELO RIBEIRODE OLIVEIRA PARTICIPANTE DO PROGRAMA DE RESIDENCIA MEDICA NA SECRETARIA MUNICIPAL DE SAÚDE DE GOIANIA.VALORES REFERENTES AO PERIODO DE DEZEMBRO DE 2025 - CONFORME INFORMADO NA PLANILHA EMITIDA PELA EMSP/SMS - CPF: 010.762.581-40 / BANCO: ITAÚ - AGÊNCIA: 3277 - CONTA:02700-3. SEI 2560000071559.          .                                                                           VALOR TOTAL:........................................................1.231,82.                                                                           102 - RECEITAS DE IMPOSTOS E DE TRANSFERENCIAS DE IMPOSTOS - SAUDE          527 - TRANSFERENCIAS DE IMPOSTOS/SAUDE - SOLICITACAO FINANCEIRA:176195 -2025;Não se aplica (Ex.: Despesas com Pessoal);000000000000
20252150002510007;12/12/2025 00:00:00;1144078,29;0328402025;19/12/2025 00:00:00;0,00;;;0,00;33910800;OUTROS BENEFICIOS ASSISTENCIAIS;02371916000183;SECRETARIA MUNICIPAL DE SAUDE;1144078,29;SECRETARIA MUNICIPAL DE SAUDE                                                                                                                                                                                                                                ;SAUDE - 10;ADMINISTRACAO GERAL - 122;RECEITAS DE IMPOSTOS E DE TRANSFERENCIAS DE IMPOSTOS - SAUDE - 102;INSTITUTO DE ASSIST. A SAUDE E SOCIAL DOS SERVID. MUNICIP. D;DESPESA COM PAGAMENTO DA FOLHA DE PESSOAL DA SECRETARIA MUN DESPESA COM PAGAMENTO DA FOLHA DE PESSOAL DA SECRETARIA MUNICIPAL DE SAUDE(CONTRIBUICAO DO IMAS) - VALOR RELATIVO AO MES DE NOVEMBRO/2025._SEI 25.27.000008550-2.       .                                                                           VALOR TOTAL:....................................................1.144.078,29.                                                                           527 - TRANSFERENCIAS DE IMPOSTOS/SAUDE                                      SOLICITACAO FINANCEIRA:175683 - 2025.                                       ;Não se aplica (Ex.: Despesas com Pessoal);000000000000
20252150008510084;04/12/2025 00:00:00;323760,00;;;0,00;;;0,00;33903900;OUTROS SERVICOS DE TERCEIROS - PESSOA JURIDICA;58921792000117;SECRETARIA MUNICIPAL DE SAUDE;323760,00;SECRETARIA MUNICIPAL DE SAUDE                                                                                                                                                                                                                                ;SAUDE - 10;ATENCAO BASICA - 301;TRANSFERENCIA DE RECURSOS DO SISTEMA UNICO DE SAUDE - SUS - BLOCO DE MANUTENCAO DAS ACOES E SERVICOS PUBLICOS DE SAUDE - 107;PLANISA PLANEJAMENTO E ORGANIZACAO DE INTITUICOES DE SAUDE;DESPESA COM A CONTRATACAO DE EMPRESA ESPECIALIZADA NA PRESTACAO DE SERVICOS DE GESTAO ESTRATEGICA DE CUSTOS E INDICADORES DE PERFORMANCE EM UNIDADES    ASSISTENCIAIS DA SECRETARIA MUNICIPAL DE SAUDE DE GOIANIA, DE ACORDO COM    AS ESPECIFICACOES E QUANTITATIVOS PREVISTOS EM TABELA(IMPLANTACAO) E CONFOR ME CONDICOES E EXIGENCIAS ESTABELECIDAS NESTE INSTRUMENTO                   .                                                                           VALOR TOTAL:.....................................................323.760,00 .                                                                           OBSERVACOES:                                                                O PRAZO DE VIGENCIA DA CONTRATACAO E DE 12(DOZE) MESES CONTADOS DA PUBLICA  CAO DO INSTRUMENTO CONTRATUAL NO PORTAL NACIONAL DE CONTRATACOES PUBLICAS,  NA FORMA DO ART. 106, DA LEI NR. 14.133/2021                                .                                                                           107 - TRANSFERENCIA DE RECURSOS DO SISTEMA UNICO DE SAUDE - SUS             SOLICITACAO FINANCEIRA NR. 165853-2025 SEI: 25.29.000009511-1 SCC: 784100   RECURSO: PAB 50%                                                            ;Inexigibilidade de Licitação;000001852025
20252150013210007;10/12/2025 00:00:00;14570,00;;;0,00;;;0,00;44905200;EQUIPAMENTOS E MATERIAL PERMANENTE;30323616000164;SECRETARIA MUNICIPAL DE SAUDE;14570,00;SECRETARIA MUNICIPAL DE SAUDE                                                                                                                                                                                                                                ;SAUDE - 10;ATENCAO BASICA - 301;TRANSFERENCIA DE RECURSOS DO SISTEMA UNICO DE SAUDE - SUS - BLOCO DE MANUTENCAO DAS ACOES E SERVICOS PUBLICOS DE SAUDE - 107;QUICKBUM E-COMMERCE LTDA;ZEM, BL.E, GALPOES 09/10, VL.JOAO VAZ, CEP:74.425-090, GO/GO. FONES:62-3    SOLICITACAO FINANCEIRA: 175769/2025                                         524-3401/3407, HORARIO:08:00 AS 17:00.                                      .                                                                           8 - TRANSFERENCIA DE RECURSOS DO SUS - ATENCAO PRIMARIA                     DESPESA COM MATERIAL PERMANENTE - PREGÃO ELETRONICO Nº 90027/2024 - ATA DE REGISTRO DE PRECO Nº 027/2025 - SCC:686/2025 - SEI:25.29.000044879-0         MEMORANDO 264 GEREMO - PARECER 358 GERPSR - DESPACHO 1043 GERCOM - DESPACHO 885 PRECEL -60% PAB (47 UNIDADES)                                           .                                                                           01 (ITEM R33) - SELADORA MANUAL - MARCA: AGIR PROTECT SEAL PLUS             COD:451649...............47UN.............310,00..................14.570,00 VALOR TOTAL:.......................................................9.300,00 .                                                                           OBS: O FORNECIMENTO DEVERA SER EFETUADO C/ PRAZO NAO SUP. A 20 DIAS         CORRIDOS CONFORME TERMO DE REFERENCIA (8607156) CONTADOS A PARTIR DO        RECEBIMENTO DA NOTA DE EMPENHO,ENTREGA EM PERFEITAS CONDICOES C/A DEVIDA    NOTA FISCAL, DETALHANDO MARCA/FABRICANTE/MODELO/TIPO/PROCEDENCIA. DEMAIS    ESCLARECIMENTOS CONFORME MEMO 264/2025, PARECER 358/2025, PE 90027/2024,    ATA 27/2025, PROCESSO SEI: 25.29.000044879-0 E DOCUMENTOS EM ANEXO.         .                                                                           LOCAL DA ENTREGA:ALMOXARIFADO CENTRAL SMS, AV.PERIMETRAL NORTE COND.GOIA    ;Pregão;000900272025
20252150021810321;08/12/2025 00:00:00;4830,00;;;0,00;;;0,00;33903000;MATERIAL DE CONSUMO;17174657000844;SECRETARIA MUNICIPAL DE SAUDE;4830,00;SECRETARIA MUNICIPAL DE SAUDE                                                                                                                                                                                                                                ;SAUDE - 10;ASSISTENCIA HOSPITALAR E AMBULATORIAL - 302;TRANSFERENCIA DE RECURSOS DO SISTEMA UNICO DE SAUDE - SUS - BLOCO DE MANUTENCAO DAS ACOES E SERVICOS PUBLICOS DE SAUDE - 107;HYPOFARMA INSTITUTO DE HYPODERMIA E FARMACIA LTDA;DESPESA DE MEDICAMENTOS PARA ABASTECIMENTO DAS UNIDADES DE SAUDE DA SMS- PREGAO ELETRONICO Nº90001/2025 - ATA DE REGISTRO DE PRECO Nº046/2025 MEMORANDO 257 GEREMO - PARECER 340 GERPSR - DESPACHO 1011 GERCOM - DESPACHO 844 PRECEL - AQUISICAO DE 03 MESES - 100%MAC - SCC:796591 - SEI25.29.000044703-4 - SO-LICITACAO FINANCEIRA: 175681 - 2025.                                        .                                                                           .                                                                           ITEM 1-ACIDO ASCORBICO 100 MG/ML SOLUCAO INJETAVEL AMPOLA 5 ML M:HYPOFARMA. COD:69186-0...............7.000,00 UN...........0,6900..............4.830,00VALOR TOTAL:........................................................4.830,00.                                                                           O FORNECIMENTO DEVERA SER EFETUADO,C/PRAZO DE ENTREGA NAO SUPERIOR A 20 DIASCONTADOS A PARTIR DO RECEBIMENTO DA NOTA DE EMPENHO/AUTORIZACAO DE FORNECIMENTO E ACOMPANHADOS DOS DOCUMENTOS FISCAIS RESPECTIVOS, DEVE CONTER, OBRIGATORIAMENTE, A ESPECIFICACAO DO ITEM,MARCA DO FABRICANTE E QUANTIDADE ENTREGUE.LOCAL:ALMOXARIFADO/SMS DE GOIANIA, AV.AVENIDA PERIMETRAL NORTE, COND.GOIAZEMBLOCO E, GALPOES 06 A 10, VILA JOAO VAZ, CEP: 74.445-190, GOIANIA - GOIAS.  TELEFONES:(62)3524-3401/3524-3407, NO HORARIO DAS 08H00MIN AS 17H00MIN, MEDIANTE AGENDAMENTO PREVIO PELO E-MAIL CIAD.GOIANIA@BRANETLOGISTICA.COM.BR.    DEMAIS ESCLARECIMENTOS CONF.TERMO DE REFERENCIA/EDITAL EV.8593969 E ANEXOS. .                                                                           64 - TRANSFERENCIAS DE RECURSOS DO SUS - ATENCAO ESPECIALIZADA              ;Pregão;000900012025
20252150022310028;22/12/2025 00:00:00;311080,00;0330472025;22/12/2025 00:00:00;311080,00;202521500223100280001;22/12/2025 00:00:00;311080,00;33903000;MATERIAL DE CONSUMO;13413977000182;SECRETARIA MUNICIPAL DE SAUDE;0,00;SECRETARIA MUNICIPAL DE SAUDE                                                                                                                                                                                                                                ;SAUDE - 10;ASSISTENCIA HOSPITALAR E AMBULATORIAL - 302;TRANSFERENCIA DE RECURSOS DO SISTEMA UNICO DE SAUDE - SUS / ESTADOS - 131;CRECIIL COMERCIO FARMA HOSPITALAR LTDA;"DESP.C/AQUISICAO DE INSUMOS(LUVAS PROC.LATEX/NITRILICA)P/ABASTECER O ALMOXA RIFADO CENTRAL / SMS POR 6 MESES, PE 90005/25, ATA 92/2025, MAC.            OBS:PED.COMPRAS 497/25-FMS,MEMO 210/2025(UNID.DE URGENCIA E ATENCAO BASICA)-GEREMO,PARECER 259/25-GERPSR, DESP.577/2025-PRECEL. SEI 25.29.000035690-0.  .                                                                           SOLICITACAO FINANCEIRA: 176248 - 2025. SCC:788792.                          .                                                                           ITEM 1 - LUVA PROCEDIMENTO LATEX NAO ESTERIL MEDI0 CX C/100,0 UN M:EMBRAST. COD:23973-9...............17.500,00 CX............17,5000.........306.250,00ITEM 2 - LUVA PROCEDIMENTO NITRILICA SEM AMIDO GRANDE M:EMBRAST.            COD:60355-4...................45,00 CX............14,0000.............630,00ITEM 3 - LUVA PROCEDIMENTO NITRILICA SEM AMIDO PEQUENA M:EMBRAST.           COD:60353-8...............300,00 CX...............14,0000...........4.200,00VALOR TOTAL:......................................................311.080,00.                                                                           .                                                                           O PRAZO DE ENTREGA DOS BENS SERA EFETUADO NO PRAZO NAO SUPERIOR A 15(QUINZE)DIAS UTEIS, CONTADOS APOS O RECEBIMENTO DA ORDEM DE ENTREGA OU NOTA DE EMPE-NHO/AUTORIZACAO DE FORNECIMENTO, ACOMPANHADOS DOS DOCUMENTOS FISCAIS RESPEC-TIVOS DEVE CONTER, OBRIGATORIAMENTE, A ESPECIFICACAO DO ITEM, MARCA DO FABRICANTE E QUANTIDADE ENTREGUE;                                                ENTREGA: NO ALMOXARIFADO CENTRAL DA SECRETARIA MUNICIPAL DE SAUDE, NO SEGUINTE ENDERECO: AVENIDA PERIMETRAL NORTE, CONDOMINIO GOIAEM, BLOCO E, GALPAO 09E 10, VILA JOAO VAZ, CEP: 74.425-090, GOIANIA;                              AS ENTREGAS DEVERAO SER EFETUADAS MEDIANTE AGENDAMENTO PREVIO, ATRAVES DO E-MAIL CIAD.GOIANIA@BRANETOLGISTICA.COM.BR.                                   MAIORES INFORMACOES PELOS TELEFONES: (62) 3524-3404/3407.                   DEMAIS ESCLARECIMENTOS CONFORME EDITAL EV.7984424(PE 90005/2025) TERMO DE REFERENCIA - ANEXO I, MEMO 210/2025-GEREMO E ANEXOS.                          .                                                                           131 - TRANSFERENCIA DE RECURSOS DO SISTEMA UNICO DE SAUDE - SUS / ESTADOS   17 - MEDIA ALTA COMPLEXIDADE - MAC                                          1621 0000 - TRANSFERENCIAS FUNDO A FUNDO DE RECURSOS DO SUS PROVENIENTES DO GOVERNO ESTADUAL                                                            ";Pregão;003569002025
20252150022710070;30/12/2025 00:00:00;7796,75;;;0,00;;;0,00;33903200;MATERIAL DE DISTRIBUICAO GRATUITA;48174071000137;SECRETARIA MUNICIPAL DE SAUDE;7796,75;SECRETARIA MUNICIPAL DE SAUDE                                                                                                                                                                                                                                ;SAUDE - 10;ASSISTENCIA HOSPITALAR E AMBULATORIAL - 302;TRANSFERENCIA DE RECURSOS DO SISTEMA UNICO DE SAUDE - SUS - BLOCO DE MANUTENCAO DAS ACOES E SERVICOS PUBLICOS DE SAUDE - 107;WISDOM DISTRIBUIDORA DE MEDICAMENTOS LTDA;"DESPESA C/AQUISICAO DE KIT MONITOR PORT.DE GLICEMIA  EM ATENDIMENTO DE      MANDADO DE NOTIF.E INTIMACAO APRESENTADO PELO PJE GOIAS,REFERENTE AO        PROCESSO JUDICIAL N. 5225651-09.2025.8.09.0051, MEMO N.366/2025 GERESP,     PARECER N. 98/2025(GERPSR),AVISO N.72/2025 DISPENSA ELETRONICA N.90061/     2025(GERCOM),DESPACHO N.921/2025 (GERCOM),PED.COMPRAS 207/2025              SCC:79527, SEI 25.29.000017424-0.                                           .                                                                           ITEM 01-KIT MONITOR PORTATIL GLICEMIA P/SENSOR INTERSTICIAL C/SENSORES      GLICOSE 5 X 35MM X 5G.  M:ABBOTT                                            COD:73609-0..........1,00UN................7.796,75...............7.796,75  VALOR TOTAL:......................................................7.796,75  .                                                                           ENTREGA:SERA EM REMESSA UNICA, NO PRAZO NAO SUPERIOR A 15 (QUINZE) DIAS,    CONTADOS APOS O RECEBIMENTO DA ORDEM DE ENTREGA OU NOTA DE EMPENHO/AUTORI-  ZACAO DE FORNECIMENTO, ACOMPANHADOS DOS DOCUMENTOS FISCAIS RESPECTIVOS,     DEVE CONTER OBRIGATORIAMENTE, A ESPECIFICACAO DO ITEM, MARCA DO FABRICANTE  E QUANTIDADE ENTREGUE, BEM COMO O SEU ACONDICIONAMENTO;RESSALTA-SE QUE NA   DATA DA ENTREGA O PRAZO DE VALIDADE DO SENSOR NAO PODERA SER INFERIOR A 12  MESES OU   80% DOPRAZO TOTAL RECOMENDADO PELO FABRICANTE. DEMAIS ESCLARE-   CIMENTOS CONFORME TERMO DE REFERENCIA EM ANEXO NOS AUTOS(EVENTO7141838).    LOCAL:OS BENS DEVERAO SER ENTREGUES NO ALMOXARIFADO CENTRAL DA SECRETARIA   MUNICIPAL DE SAUDE, ENDERECO AVENIDA PERIMETRAL NORTE, CONDOMINIO GOIAZEM,  BLOCO E, GALPAO 09 E 10, VILA JOAO VAZ, CEP:74.425-090, GOIANIA/GOIAS.      AS ENTREGAS DEVERAO SER EFETUADAS MEDIANTE AGENDAMENTO PREVIO, ATRAVES DO   E-MAIL CIAD.GOIANIA@BRANETOLGISTICA.COM.BR, MAIORES INFORMACOES PELOS       TELEFONES:(62)3524-3404/3407 - SOLICITACAO FINANCEIRA: 174698 - 2025.       .                                                                           FONTE:107-TRANSFERENCIA DE RECURSOS DO SISTEMA UNICO DE SAUDE -SUS          BLOCO DE MANUTENCAO DAS ACOES E SERVICOS PUBLICOS DE SAUDE                  FONTE DETALHADA:64-TRANSFERENCIAS DE RECURSOS DO SUS - ATENCAO ESPECIALIZADA";Dispensa de Licitação;000000282025
20252150024810105;12/12/2025 00:00:00;33084,24;0319302025;15/12/2025 00:00:00;33084,24;202521500248101050001;16/12/2025 00:00:00;33084,24;33903900;OUTROS SERVICOS DE TERCEIROS - PESSOA JURIDICA;00602238000197;SECRETARIA MUNICIPAL DE SAUDE;0,00;SECRETARIA MUNICIPAL DE SAUDE                                                                                                                                                                                                                                ;SAUDE - 10;ASSISTENCIA HOSPITALAR E AMBULATORIAL - 302;TRANSFERENCIA DE RECURSOS DO SISTEMA UNICO DE SAUDE - SUS - BLOCO DE MANUTENCAO DAS ACOES E SERVICOS PUBLICOS DE SAUDE - 107;DAVITA SERVICOS DE NEFROLOGIA BUENO LTDA;FONTE DETALHADA: 97-ASSISTENCIA FINANCEIRA PARA COMPLEMENTACAO PISO - ENFER-MAGEM                                                                       FONTE/CO STN:1605 0000-ASSISTENCIA FINANCEIRA DA UNIAO DESTINADA A COMPLEMENTACAO AO PAGAMENTO DOS PISOS SALARIAIS PARA PROFISSIONAIS DA ENFERMAGEM     DESPESA COM REPASSE FINANCEIRO COMPLEMENTAR DECORRENTE DA ASSISTENCIA FINAN-CEIRA DA UNIAO E DESTINADA AO PISO SALARIAL DE ENFERMAGEM AS INSTITUICOES FILANTROPICAS DE GOIANIA VALOR RELATIVO AO 13ºSALARIO CONFORME INFORMADO NO DEESPACHO DIRPS._SCC:774201 - SOLICITACAO FINANCEIRA:175982 - 2025.           .                                                                           .                                                                           VALOR TOTAL:.......................................................33.084,24.                                                                           107 - TRANSFERENCIA DE RECURSOS DO SISTEMA UNICO DE SAUDE - SUS - BLOCO DE  MANUTENCAO DAS ACOES E SERVICOS PUBLICOS DE SAUDE                           ;Outros (Convênios, ajustes, similares, etc.);000001472025
20252150024810108;12/12/2025 00:00:00;21015,68;0319342025;15/12/2025 00:00:00;21015,68;202521500248101080001;16/12/2025 00:00:00;21015,68;33903900;OUTROS SERVICOS DE TERCEIROS - PESSOA JURIDICA;03706577000101;SECRETARIA MUNICIPAL DE SAUDE;0,00;SECRETARIA MUNICIPAL DE SAUDE                                                                                                                                                                                                                                ;SAUDE - 10;ASSISTENCIA HOSPITALAR E AMBULATORIAL - 302;TRANSFERENCIA DE RECURSOS DO SISTEMA UNICO DE SAUDE - SUS - BLOCO DE MANUTENCAO DAS ACOES E SERVICOS PUBLICOS DE SAUDE - 107;DAVITA SERVICOS DE NEFROLOGIA MARISTA LTDA.;DESPESA COM REPASSE FINANCEIRO COMPLEMENTAR DECORRENTE DA ASSISTENCIA FINAN-CEIRA DA UNIAO E DESTINADA AO PISO SALARIAL DE ENFERMAGEM AS INSTITUICOES FILANTROPICAS DE GOIANIA VALOR RELATIVO AO 13ºSALARIO CONFORME INFORMADO NO DEESPACHO DIRPS._SCC:774236 - SOLICITACAO FINANCEIRA:175992 - 2025.           .                                                                           .                                                                           VALOR TOTAL:.......................................................21.015,68.                                                                           107 - TRANSFERENCIA DE RECURSOS DO SISTEMA UNICO DE SAUDE - SUS - BLOCO DE  MANUTENCAO DAS ACOES E SERVICOS PUBLICOS DE SAUDE                           FONTE DETALHADA: 97-ASSISTENCIA FINANCEIRA PARA COMPLEMENTACAO PISO - ENFER-MAGEM                                                                       FONTE/CO STN:1605 0000-ASSISTENCIA FINANCEIRA DA UNIAO DESTINADA A COMPLEMENTACAO AO PAGAMENTO DOS PISOS SALARIAIS PARA PROFISSIONAIS DA ENFERMAGEM     ;Outros (Convênios, ajustes, similares, etc.);000001502025
20252150024810115;12/12/2025 00:00:00;28936,66;0319402025;15/12/2025 00:00:00;28936,66;202521500248101150001;16/12/2025 00:00:00;28936,66;33903900;OUTROS SERVICOS DE TERCEIROS - PESSOA JURIDICA;01588128000180;SECRETARIA MUNICIPAL DE SAUDE;0,00;SECRETARIA MUNICIPAL DE SAUDE                                                                                                                                                                                                                                ;SAUDE - 10;ASSISTENCIA HOSPITALAR E AMBULATORIAL - 302;TRANSFERENCIA DE RECURSOS DO SISTEMA UNICO DE SAUDE - SUS - BLOCO DE MANUTENCAO DAS ACOES E SERVICOS PUBLICOS DE SAUDE - 107;PRONTO SOCORRO PARA QUEIMADURAS LTDA;DESPESA COM REPASSE FINANCEIRO COMPLEMENTAR DECORRENTE DA ASSISTENCIA FINAN-CEIRA DA UNIAO E DESTINADA AO PISO SALARIAL DE ENFERMAGEM AS INSTITUICOES FILANTROPICAS DE GOIANIA VALOR RELATIVO AO 13ºSALARIO CONFORME INFORMADO NO DEESPACHO DIRPS._SCC:773761 - SOLICITACAO FINANCEIRA:176001 - 2025.           .                                                                           .                                                                           VALOR TOTAL:......................................................28.936,66 .                                                                           107 - TRANSFERENCIA DE RECURSOS DO SISTEMA UNICO DE SAUDE - SUS - BLOCO DE  MANUTENCAO DAS ACOES E SERVICOS PUBLICOS DE SAUDE                           FONTE DETALHADA: 97-ASSISTENCIA FINANCEIRA PARA COMPLEMENTACAO PISO - ENFER-MAGEM                                                                       FONTE/CO STN:1605 0000-ASSISTENCIA FINANCEIRA DA UNIAO DESTINADA A COMPLEMENTACAO AO PAGAMENTO DOS PISOS SALARIAIS PARA PROFISSIONAIS DA ENFERMAGEM     ;Outros (Convênios, ajustes, similares, etc.);000000602025
20252150024810118;12/12/2025 00:00:00;40682,33;0319432025;15/12/2025 00:00:00;40682,33;202521500248101180001;16/12/2025 00:00:00;40682,33;33903900;OUTROS SERVICOS DE TERCEIROS - PESSOA JURIDICA;01531714000199;SECRETARIA MUNICIPAL DE SAUDE;0,00;SECRETARIA MUNICIPAL DE SAUDE                                                                                                                                                                                                                                ;SAUDE - 10;ASSISTENCIA HOSPITALAR E AMBULATORIAL - 302;TRANSFERENCIA DE RECURSOS DO SISTEMA UNICO DE SAUDE - SUS - BLOCO DE MANUTENCAO DAS ACOES E SERVICOS PUBLICOS DE SAUDE - 107;S R HOSPITALAR LTDA;DESPESA COM REPASSE FINANCEIRO COMPLEMENTAR DECORRENTE DA ASSISTENCIA FINAN-CEIRA DA UNIAO E DESTINADA AO PISO SALARIAL DE ENFERMAGEM AS INSTITUICOES FILANTROPICAS DE GOIANIA VALOR RELATIVO AO 13ºSALARIO CONFORME INFORMADO NO DEESPACHO DIRPS._SCC:773868 - SOLICITACAO FINANCEIRA:176008 - 2025.           .                                                                           .                                                                           VALOR TOTAL:......................................................40.682,33 .                                                                           107 - TRANSFERENCIA DE RECURSOS DO SISTEMA UNICO DE SAUDE - SUS - BLOCO DE  MANUTENCAO DAS ACOES E SERVICOS PUBLICOS DE SAUDE                           FONTE DETALHADA: 97-ASSISTENCIA FINANCEIRA PARA COMPLEMENTACAO PISO - ENFER-MAGEM                                                                       FONTE/CO STN:1605 0000-ASSISTENCIA FINANCEIRA DA UNIAO DESTINADA A COMPLEMENTACAO AO PAGAMENTO DOS PISOS SALARIAIS PARA PROFISSIONAIS DA ENFERMAGEM     ;Outros (Convênios, ajustes, similares, etc.);000000932025
20252150024910946;15/12/2025 00:00:00;18843,70;;;0,00;;;0,00;33903900;OUTROS SERVICOS DE TERCEIROS - PESSOA JURIDICA;07929079000189;SECRETARIA MUNICIPAL DE SAUDE;18843,70;SECRETARIA MUNICIPAL DE SAUDE                                                                                                                                                                                                                                ;SAUDE - 10;ASSISTENCIA HOSPITALAR E AMBULATORIAL - 302;TRANSFERENCIA DE RECURSOS DO SISTEMA UNICO DE SAUDE - SUS - BLOCO DE MANUTENCAO DAS ACOES E SERVICOS PUBLICOS DE SAUDE - 107;AMTR ASSESSORIA MEDICA ESPECIALIZADA LTDA;DESPESA COM CONTRATO NR 759/2020 PARA EXECUCAO DE SERVICOS MEDICOS DE       ASSISTENCIA A SAUDE AMBULATORIAL (HOSPITALAR) E/OU APOIO DIAGNOSTICO        TERAPEUTICO PARA ATENDIMENTO DOS SUSUARIOS DO SUS - SCC: 514676-1           REFERENCIA: COMPETENCIA 10/2025  - SEI:22.29.000011853-0                    .                                                                           VALOR TOTAL:....................................................18.343,70   .                                                                           64 - TRANSFERENCIAS DE RECURSOS DO SUS - ATENCAO ESPECIALIZADA              SOLICITACAO FINANCEIRA: 176040/2025                                         ;Inexigibilidade de Licitação;000063602020
20252150024910956;15/12/2025 00:00:00;24616,62;;;0,00;;;0,00;33903900;OUTROS SERVICOS DE TERCEIROS - PESSOA JURIDICA;04537819000143;SECRETARIA MUNICIPAL DE SAUDE;24616,62;SECRETARIA MUNICIPAL DE SAUDE                                                                                                                                                                                                                                ;SAUDE - 10;ASSISTENCIA HOSPITALAR E AMBULATORIAL - 302;TRANSFERENCIA DE RECURSOS DO SISTEMA UNICO DE SAUDE - SUS - BLOCO DE MANUTENCAO DAS ACOES E SERVICOS PUBLICOS DE SAUDE - 107;CENTRO DE DIAGNOSTICO AVANCADOS SS LTDA;DESPESA COM CONTRATO NR 1.492/2025 PARA EXECUCAO DE SERVICOS MEDICOS DE     ASSISTENCIA A SAUDE AMBULATORIAL (HOSPITALAR) E/OU APOIO DIAGNOSTICO        TERAPEUTICO PARA ATENDIMENTO DOS SUSUARIOS DO SUS - SCC: 776441             REFERENCIA: COMPETENCIA 10/2025  - SEI:25.29.000032326-2                    .                                                                           VALOR TOTAL:....................................................24.616,62   .                                                                           64 - TRANSFERENCIAS DE RECURSOS DO SUS - ATENCAO ESPECIALIZADA              SOLICITACAO FINANCEIRA: 176055/2025                                         ;Inexigibilidade de Licitação;000000052020
20252150024910966;16/12/2025 00:00:00;40972,26;0319982025;16/12/2025 00:00:00;40972,26;;;0,00;33903900;OUTROS SERVICOS DE TERCEIROS - PESSOA JURIDICA;01234848000148;SECRETARIA MUNICIPAL DE SAUDE;0,00;SECRETARIA MUNICIPAL DE SAUDE                                                                                                                                                                                                                                ;SAUDE - 10;ASSISTENCIA HOSPITALAR E AMBULATORIAL - 302;TRANSFERENCIA DE RECURSOS DO SISTEMA UNICO DE SAUDE - SUS - BLOCO DE MANUTENCAO DAS ACOES E SERVICOS PUBLICOS DE SAUDE - 107;LABORATORIO CAPC LTDA;DESPESA COM CONTRATO NR 927/2020 PARA EXECUCAO DE SERVICOS MEDICOS DE       ASSISTENCIA A SAUDE AMBULATORIAL (HOSPITALAR) E/OU APOIO DIAGNOSTICO        TERAPEUTICO PARA ATENDIMENTO DOS SUSUARIOS DO SUS - SCC: 518426             REFERENCIA: COMPETENCIA 10/2025  - SEI:22.29.000012106-0                    .                                                                           VALOR TOTAL:....................................................40.972,26   .                                                                           64 - TRANSFERENCIAS DE RECURSOS DO SUS - ATENCAO ESPECIALIZADA              SOLICITACAO FINANCEIRA: 176127/2025                                         ;Inexigibilidade de Licitação;000000052020
20252150049110064;30/12/2025 00:00:00;758426,62;;;0,00;;;0,00;33903900;OUTROS SERVICOS DE TERCEIROS - PESSOA JURIDICA;24342283000118;SECRETARIA MUNICIPAL DE SAUDE;0,00;SECRETARIA MUNICIPAL DE SAUDE                                                                                                                                                                                                                                ;SAUDE - 10;ATENCAO BASICA - 301;RECEITAS DE IMPOSTOS E DE TRANSFERENCIAS DE IMPOSTOS - SAUDE - 102;INSTITUTO ELISEDAPE;DESPESA COM TERMO DE COMPROMISSO NR. 222 /2025 PARA A TRANSFERENCIA DE RECU RSOS REFERENTE A EMENDA PARLAMENTAR INDIVIDUAL DE NATUREZA IMPOSITIVA A LEI ORCAMENTARIA ANUAL DE 2025, PARA AS ENTIDADES SEM FIM LUCRATIVOS QUE COMPLE MENTAM O SISTEMA UNICO DE SAUDE - SUS, DE ACORDO COM A LEI NR. 11.315, DE   07/01/2025-LOA                                                              .                                                                           EMENDA NR.: / PARLAMENTAR: 21.04 / LEO JOSE                                 FAVORECIDO: INSTITUTO ELISADAPE                                             .                                                                           VALOR ESTIMADO:...........................................R$ 758.426,62     .                                                                           FONTE: 102 - RECEITAS DE IMPOSTOS E DE TRANSFERENCIAS DE IMPOSTOS - SAUDE   FONTE DETALHADA: 634 - RECURSOS ORDINARIOS PARA ATENDER EMENDA IMPOSITIVA   FONTE / CO STN: 1500 1002 - IDENTIFICACAO DAS DESPESAS COM ACOES E SERVICOS SOLICITACAO FINANCEIRA NR. 176763-2025 SEI: 25.29.000030344-0 SCC: 798178   ;Outros (Convênios, ajustes, similares, etc.);000007472025
20252150049510004;30/12/2025 00:00:00;17555,21;;;0,00;;;0,00;44905200;EQUIPAMENTOS E MATERIAL PERMANENTE;10567214000106;SECRETARIA MUNICIPAL DE SAUDE;0,00;SECRETARIA MUNICIPAL DE SAUDE                                                                                                                                                                                                                                ;SAUDE - 10;ATENCAO BASICA - 301;RECEITAS DE IMPOSTOS E DE TRANSFERENCIAS DE IMPOSTOS - SAUDE - 102;SUPRIMEDICE PRODUTOS HOSPITALARES LTDA;"DESPESA COM EMENDA AO PROJETO DE LEI NR. 268/2024 PARA O REPASSE DE RECURSOSDE NATUREZA IMPOSITIVA DESTINA À SAÚDE NO EXERCÍCIO FINANCEIRO DE 2025, DE ACORDO COM A LEI NR. 11.315, DE 07/01/2025-LOA. SEI 25.29.000014606-9.       EMENDA NR. 17.24 / PARLAMENTAR: KATIA MARIA DOS SANTOS / DESTINO: MELHORIAS,AQUISICAO DE EQUIPAMENTOS DO CONSULTÓRIO ODONTOLÓGICO DA UBS MADRE GERMANA /ITENS 1 E 3. SCC:798054 - SOLICITACAO FINANCEIRA:176708 - 2025              .                                                                           ITEM 1 - APARELHO FOTOPOLIMERIZADOR RESTAURACAO RESINA SCHUSTER/EMITTE.     COD:34606-3...............1,00UN...........714,4100..................714,41 ITEM 3 - CONJ.ODONTOLOGICO COMPOSTO:CADEIRA CONV.MOT./ENCOSTO ART./REFLETOR ACOPL.CADEIRA/EQUIPO ACOPL.REFLET. SCHUSTER/EMITTE.                         COD:20014-0...............1,00UN........16.840,8000................16.840,80VALOR TOTAL:.......................................................17.555,21.                                                                           O PRAZO DE ENTREGA DOS BENS SERá EFETUADO NO PRAZO NãO SUPERIOR A 30 (TRINTA) DIAS CORRIDOS, CONTADOS APóS O RECEBIMENTO DA ORDEM DE ENTREGA OU NOTA DE ACOMPANHADOS DOS DOCUMENTOS FISCAIS RESPECTIVOS, DEVE CONTER, OBRIGATORIAMENTE, A ESPECIFICAçãO DO ITEM, MARCA DO FABRICANTE E QUANTIDADE ENTREGUE.     LOCAL ALMOXARIFADO CENTRAL DA SECRETARIA MUNICIPAL DE SAúDE AV.PERIMETRAL   NORTE, CONDOMíNIO GOIAZéM, BLOCO E, GALPãO 09 E 10, VILA JOãO VAZ, CEP: 74.425-090, GOIâNIA/GO.                                                         AGENDAMENTO PRéVIO, ATRAVéS DO E-MAIL CIAD.GOIANIA@BRANETOLGISTICA.COM.BR.  SOLICITACAO FINANCEIRA;176708 - 2025 - SCC:  798054                         .                                                                           102 - RECEITAS DE IMPOSTOS E DE TRANSFERENCIAS DE IMPOSTOS - SAUDE          634 - RECURSOS ORDINARIOS PARA ATENDER EMENDA IMPOSITIVA                    ";Pregão;000002932025
20252150049810006;09/12/2025 00:00:00;8182,64;0338632025;07/04/2026 00:00:00;8182,64;202521500498100060001;10/04/2026 00:00:00;8182,64;44905200;EQUIPAMENTOS E MATERIAL PERMANENTE;13898616000173;SECRETARIA MUNICIPAL DE SAUDE;0,00;SECRETARIA MUNICIPAL DE SAUDE                                                                                                                                                                                                                                ;SAUDE - 10;ASSISTENCIA HOSPITALAR E AMBULATORIAL - 302;RECEITAS DE IMPOSTOS E DE TRANSFERENCIAS DE IMPOSTOS - SAUDE - 102;METALURGICA FLEX FITNESS LTDA;DESPESAS COM AQUISICAO DE EQUIPAMENTOS ESPORTIVOS PARA ESTRUTURACAO DA ACADEMIA DO CAPS NOROESTE -EMENDA PARLAMENTAR MUNICIPAL Nº 9.01-VEREADOR FABRICIOROSA, CONF. TERMO DE HOMOLOGACAO DO PREGAO ELETRONICO Nº 90036/2025, PEDIDO DE COMPRAS Nº259/2025, PED.COMPRAS 259/2025-SCC:796710 -SEI25.29.000014587-9SOLICITACAO FINANCEIRA:175740 - 2025.                                       .                                                                           ITEM 10-ANILHA BARRA RETA 200CM X 25MM. M:FLEX EQUI PAMENT                  COD:73800-0..............1,00UN.............617.6400..................617,64ITEM 30-APARELHO GINASTICA MESA FLEXORA.   M:FLEX EQUIPAMENT                COD:73803-4..............1,00UN.............7.565,0000..............7.565,00VALOR TOTAL:........................................................8.182,64.                                                                           O PRAZO DE ENTREGA DOS BENS SERA EFETUADO C/PRAZO NAO SUPERIOR A 30 DIAS CORRIDOS, CONTADOS APOS O RECEBIMENTO DA ORDEM DE ENTREGA OU NOTA DE EMPENHO/AUTORIZACAO DE FORNECIMENTO, ACOMPANHADOS DOS DOCUMENTOS FISCAIS RESPECTIVOS, OBRIGATORIAMENTE CONTER:ESPECIFICACAO DO ITEM,MARCA DO FABRICANTE E QUANTIDADE ENTREGUE.LOCAL:NO ALMOXARIFADO CENTRAL DA SECRETARIA MUNICIPAL DE SAUDE, NO SEGUINTE ENDERECO:AVENIDA PERIMETRAL NORTE, CONDOMINIO GOIAZEM, BL.E, GALPOES 09/10 VL.JOAO VAZ, CEP: 74.425-090, GOIANIA/GO. AS ENTREGAS DEVERAO SERPREVIAMENTE AGENDADAS NO E-MAIL: CIAD.GOIANIA@BRANETOLGISTICA.COM.BR.       DEMAIS ESCLARECIMENTOS NO TERMO DE REFERENCIA EV.7392630(GEREMO)E ANEXOS.   .                                                                           FONTE 102 - RECEITAS DE IMPOSTOS E DE TRANSFERENCIAS DE IMPOSTOS - SAUDE    FONTE DETALHADA 634 - RECURSOS ORDINARIOS PARA ATENDER EMENDA IMPOSITIVA    ;Pregão;000005292025
20252150049810012;30/12/2025 00:00:00;730,00;;;0,00;;;0,00;44905200;EQUIPAMENTOS E MATERIAL PERMANENTE;46956380000133;SECRETARIA MUNICIPAL DE SAUDE;0,00;SECRETARIA MUNICIPAL DE SAUDE                                                                                                                                                                                                                                ;SAUDE - 10;ASSISTENCIA HOSPITALAR E AMBULATORIAL - 302;RECEITAS DE IMPOSTOS E DE TRANSFERENCIAS DE IMPOSTOS - SAUDE - 102;LTM SERVICOS E COMERCIO LTDA;DESPESA COM EMENDA AO PROJETO DE LEI NR. 268/2024 PARA O REPASSE DE RECURSOSDE NATUREZA IMPOSITIVA DESTINA À SAÚDE NO EXERCÍCIO FINANCEIRO DE 2025, DE ACORDO COM A LEI NR. 11.315, DE 07/01/2025-LOA.SEI 25.29.000014494-5.        EMENDA NR.1.04 / PARLAMENTAR: AAVA SANTIAGO / DESTINO: CENTRO DE CONVIVENCIACUCA FRESCA. ITEM 14 - SCC:797988.                                          .                                                                           ITEM 14-PURIFICADOR AGUA NATURAL E GELADA M:LATINA                          COD:17318-5...............1,00 UN...........730,0000..................730,00VALOR TOTAL:..........................................................730,00.                                                                           ENTREGA:ENTREGA EM PARCELA UNICA, COM RECURSO PROVENIENTE DA EMENDA PARLAMENTAR MUNICIPAL N.1.04, DE AUTORIA DA VEREADORA AAVA SANTIAGO, CONFORME ESPECIFICACOES E QUANTIDADES ESTABELECIDAS NESTE EDITAL E SEUS ANEXOS, PE 90040/2025, PRAZO NAO SUPERIOR A 30(TRINTA)DIAS CORRIDOS,CONTADOS APOS O RECEBIMENTODA ORDEM DE ENTREGA OU NOTA DE EMPENHO/AUTORIZACAO DE FORNECIMENTO,ACOMPANHADOS DO RESPECTIVO DOCUMENTO FISCAL, CONTENDO OBRIGATORIAMENTE ESPECIFICACAO DO ITEM, MARCA DO FABRICANTE E QUANTIDADE ENTREGUE.OS BENS DEVERAO SER ENTREGUES NO ALMOXARIFADO CENTRAL DA SECRETARIA MUNICIPAL DE SAUDE,NO SEGUINTE ENDERECO:AV.PERIMETRAL NORTE,COND.GOIAZEM, BLOCO E, GALPAO 09 E 10, VILA JOAO VAZ, CEP: 74.425-090, GOIANIA/GO.AGENDAMENTO PREVIO ATRAVES DO EMAIL:       CIAD.GOIANIA@BRANETOLGISTICA.COM.BR.  - MAIORES INFORMACOES PELOS TELEFONES:(62) 3524-3404/3407.                                                        SOLICITACAO FINANCEIRA :176689 - 2025                                       .                                                                           102 - RECEITAS DE IMPOSTOS E DE TRANSFERENCIAS DE IMPOSTOS - SAUDE          634 - RECURSOS ORDINARIOS PARA ATENDER EMENDA IMPOSITIVA                    ;Pregão;000003062025
20252150000410026;19/12/2025 00:00:00;138782,24;0328502025;19/12/2025 00:00:00;138782,24;;;0,00;31901300;OBRIGACOES PATRONAIS;29979036006424;SECRETARIA MUNICIPAL DE SAUDE;0,00;SECRETARIA MUNICIPAL DE SAUDE                                                                                                                                                                                                                                ;SAUDE - 10;ADMINISTRACAO GERAL - 122;RECEITAS DE IMPOSTOS E DE TRANSFERENCIAS DE IMPOSTOS - SAUDE - 102;INSTITUTO NACIONAL DO SEGURO SOCIAL - INSS;DESPESA COM PAGAMENTO DA FOLHA DE PESSOAL DA SECRETARIA MUNICIPAL DE SAUDE (ENCARGOS SOCIAIS / CONTRIBUICAO DE INSS/GFIP)                               .                                                                           VALOR RELATIVO AO MES DE NOVEMBRO/2025                                      .                                                                           VALOR TOTAL:..............................................138.782,24        .                                                                           FONTE:  102 - RECEITAS DE IMPOSTOS E DE TRANSFERENCIAS DE IMPOSTOS - SAUDE  FONTE DETALHADA:  527 - TRANSFERENCIAS DE IMPOSTOS/SAUDE                    SOLICITACAO FINANCEIRA NR. 176402-2025                                      ;Não se aplica (Ex.: Despesas com Pessoal);000000000000
20252150001510021;19/12/2025 00:00:00;1040,00;0327782025;19/12/2025 00:00:00;1040,00;202521500015100210001;19/12/2025 00:00:00;1040,00;33900800;OUTROS BENEFICIOS ASSISTENCIAIS;60701190000104;SECRETARIA MUNICIPAL DE SAUDE;0,00;SECRETARIA MUNICIPAL DE SAUDE                                                                                                                                                                                                                                ;SAUDE - 10;ADMINISTRACAO GERAL - 122;RECEITAS DE IMPOSTOS E DE TRANSFERENCIAS DE IMPOSTOS - SAUDE - 102;ITAU UNIBANCO S.A.;DESPESA COM PAGAMENTO DA FOLHA DE PESSOAL DA SECRETARIA   MUNICIPAL DE SAUDE(SALARIO FAMILIA/RPPS). SEI 25.27.000008982-6.                              .                                                                           VALOR TOTAL:........................................................1.040,00.                                                                           FONTE:102-RECEITAS DE IMPOSTOS E DE TRANSFERENCIAS DE IMPOSTOS - SAUDE      FONTE DETALHADA:527-TRANSFERENCIAS DE IMPOSTOS / SAUDE                      SOLICITACAO FINANCEIRA : 176462-2025.                                       ;Não se aplica (Ex.: Despesas com Pessoal);000000000000
20252150002010372;16/12/2025 00:00:00;1231,82;0321072025;18/12/2025 00:00:00;1231,82;202521500020103720001;18/12/2025 00:00:00;1231,82;33904800;OUTROS AUXILIOS FINANCEIROS A PESSOAS FISICAS;00013123368629;SECRETARIA MUNICIPAL DE SAUDE;0,00;SECRETARIA MUNICIPAL DE SAUDE                                                                                                                                                                                                                                ;SAUDE - 10;ADMINISTRACAO GERAL - 122;RECEITAS DE IMPOSTOS E DE TRANSFERENCIAS DE IMPOSTOS - SAUDE - 102;HYRLANA OLIVEIRA ALBERNAZ;PERIODO DE DEZEMMBRO/2025 CONF.INFORMADO NA PLANILHA EMITIDA PELA EMSP/SMS -CPF: 131.233.686-29/BANCO: CAIXA - AGENCIA: 380-8 - CONTA:49024-5.          .                                                                           VALOR TOTAL:.......................................................1.231,82 .                                                                           102 - RECEITAS DE IMPOSTOS E DE TRANSFERENCIAS DE IMPOSTOS - SAUDE          527 - TRANSFERENCIAS DE IMPOSTOS/SAUDE - SOLICITACAO FINANCEIRA:176179-2025 PAGAMENTO DE AUXILIO MORADIA PARA O(A) PROFISSIONAL MEDICO(A) HYRLANA OLIVEIRA ALBERNAZ PARTICIPANTE DO PROGRAMA DE RESIDÊNCIA MÉDICA NA SECRETARIA MUNICIPAL DE SAUDE DE GOIANIA. SEI 25.29.000026570-0.OBS.: VALORES REFERENTES AO;Não se aplica (Ex.: Despesas com Pessoal);000000000000
20252150002010376;16/12/2025 00:00:00;1231,82;0321362025;18/12/2025 00:00:00;1231,82;202521500020103760001;18/12/2025 00:00:00;1231,82;33904800;OUTROS AUXILIOS FINANCEIROS A PESSOAS FISICAS;00002377275109;SECRETARIA MUNICIPAL DE SAUDE;0,00;SECRETARIA MUNICIPAL DE SAUDE                                                                                                                                                                                                                                ;SAUDE - 10;ADMINISTRACAO GERAL - 122;RECEITAS DE IMPOSTOS E DE TRANSFERENCIAS DE IMPOSTOS - SAUDE - 102;THAIS GONCALVES GUIMARAES;PAGAMENTO DE AUXILIO MORADIA PARA A PROFISSIONAL MEDICO(A): THAIS GONCALVES GUIMARAES PARTICIPANTE DO PROGRAMA DE RESIDENCIA MEDICA NA SECRETARIA_MUNI- CIPAL DE SAUDE DE GOIANIA. SEI 24290000186367. VALORES REF.AO PERIODO DE    DEZEMBRO DE 2025 - CONFORME INFORMADO NA PLANILHA EMITIDA PELA EMSP/SMS -CPF023.772.751-09 / BANCO: BRADESCO - AGENCIA: 3756 - CONTA: 45301-3.          .                                                                           VALOR TOTAL:........................................................1.231,82.                                                                           102 - RECEITAS DE IMPOSTOS E DE TRANSFERENCIAS DE IMPOSTOS - SAUDE          527 - TRANSFERENCIAS DE IMPOSTOS/SAUDE -SOLICITACAO FINANCEIRA:176201 - 2025;Não se aplica (Ex.: Despesas com Pessoal);000000000000
20252150002010393;16/12/2025 00:00:00;1231,82;0321342025;18/12/2025 00:00:00;1231,82;202521500020103930001;18/12/2025 00:00:00;1231,82;33904800;OUTROS AUXILIOS FINANCEIROS A PESSOAS FISICAS;00004832856502;SECRETARIA MUNICIPAL DE SAUDE;0,00;SECRETARIA MUNICIPAL DE SAUDE                                                                                                                                                                                                                                ;SAUDE - 10;ADMINISTRACAO GERAL - 122;RECEITAS DE IMPOSTOS E DE TRANSFERENCIAS DE IMPOSTOS - SAUDE - 102;RENATA CASTRO FAGUNDES BOMFIM CAVALCANTE;PAGAMENTO DE AUXILIO MORADIA PARA O(A) PROFISSIONAL MEDICO(A) RENATA CASTRO FAGUNDES BOMFIM CAVALCANTE PARTICIPANTE DO PROGRAMA DE RESIDENCIA MEDICA NA SECRETARIA MUNICIPAL DE SAÚDE DE GOIÂNIA.VALORES REFERENTES AO PERIODO DE DEZEMBRO DE 2025 - CONFORME INFORMADO NA PLANILHA EMITIDA PELA EMSP/SMS - CPF:048328565-02 / BANCO: BRADESCO - AGÊNCIA: 3350 - CONTA: 18.806-9.           .                                                                           VALOR TOTAL:.......................................................1.231,82 .                                                                           102 - RECEITAS DE IMPOSTOS E DE TRANSFERENCIAS DE IMPOSTOS - SAUDE          527 - TRANSFERENCIAS DE IMPOSTOS/SAUDE- SOLICITACAO FINANCEIRA:176200 - 2025;Não se aplica (Ex.: Despesas com Pessoal);000000000000
20252150021810319;03/12/2025 00:00:00;1674,40;;;0,00;;;0,00;33903000;MATERIAL DE CONSUMO;67729178000491;SECRETARIA MUNICIPAL DE SAUDE;1674,40;SECRETARIA MUNICIPAL DE SAUDE                                                                                                                                                                                                                                ;SAUDE - 10;ASSISTENCIA HOSPITALAR E AMBULATORIAL - 302;TRANSFERENCIA DE RECURSOS DO SISTEMA UNICO DE SAUDE - SUS - BLOCO DE MANUTENCAO DAS ACOES E SERVICOS PUBLICOS DE SAUDE - 107;COMERCIAL CIRURGICA RIOCLARENSE LTDA;DESPESA COM AQUISICAO DE MEDICAMENTOS PARA SMS - PREGAO ELETRONICO Nº 90007/2025-ATA DE REGISTRO DE PRECO Nº064/2025, MEMO.269 GEREMO-PARECER 349 GERPSRDESP.1022 GERCOM - DESP.859 PRECEL - AQUISICAO DE 06 MESES- ITEM 03 REMUME -SCC:796311 50%MAC/SOLICITACAO FINANCEIRA:175544-2025 - SEI:25.29.000045259-3.                                                                           .                                                                           ITEM 3-CLONIDINA CLORIDRATO 0,100 MG COMPRIMIDO  M:MAWDSLEYS.               COD:40982-0..............6.500.UN..........0,2576...................1.674,40VALOR TOTAL:........................................................1.674,40.                                                                           ENTREGA:O FORNECIMENTO DEVERA SER EFETUADO,COM PRAZO DE ENTREGA NAO SUPERIORA 20(VINTE)DIAS,CONTADOS A PARTIR DO RECEBIMENTO DA NOTA DE EMPENHO/AUTORIZACAO DE FORNECIMENTO E ACOMPANHADOS DOS DOCUMENTOS FISCAIS RESPECTIVOS, DEVE CONTER,OBRIGATORIAMENTE, A ESPECIFICACAO DO ITEM, MARCA DO FABRICANTE E QUANTIDADE ENTREGUE.LOCAL:ALMOXARIFADO CENTRAL DA SECRETARIA MUNICIPAL DE SAUDE NO SEGUINTE ENDERECO:AV.PERIMETRAL NORTE, COND.GOIAZEM, BLOCO E, GALPAO 09 E10, VL.JOAO VAZ, CEP:74.445-190, GOIANIA/GO, TELEFONES:(62)3524-3401/3407,NOHORARIO DAS 08H00MIN AS 17H00MIN, MEDIANTE AGENDAMENTO PREVIO PELO E-MAIL:  CIAD.GOIANIA@BRANETLOGISTICA.COM.BR.                                        DEMAIS ESCLARECIMENTOS CONF.MEMO269/25-GEREMO, EDITAL PE90007/25 EV.8632338..                                                                           FONTE 107-TRANSFERENCIA DE RECURSOS DO SISTEMA UNICO DE SAUDE - SUS - BLOCO DE MANUTENCAO DAS ACOES E SERVICOS PUBLICOS DE SAUDE                        FONTE DETALHADA:64 - TRANSFERENCIAS DE RECURSOS DO SUS-ATENCAO ESPECIALIZADA;Pregão;000900072025
20252150022710068;02/12/2025 00:00:00;6336,00;;;0,00;;;0,00;33903200;MATERIAL DE DISTRIBUICAO GRATUITA;16699864000183;SECRETARIA MUNICIPAL DE SAUDE;6336,00;SECRETARIA MUNICIPAL DE SAUDE                                                                                                                                                                                                                                ;SAUDE - 10;ASSISTENCIA HOSPITALAR E AMBULATORIAL - 302;TRANSFERENCIA DE RECURSOS DO SISTEMA UNICO DE SAUDE - SUS - BLOCO DE MANUTENCAO DAS ACOES E SERVICOS PUBLICOS DE SAUDE - 107;SANTE MEDICA HOSPITALAR LTDA;DESPESA COM AQUISICAO DE FORMULA INFANTIL INFATRINI PARA PACIENTE CONFORME ADECISAO JUDICIAL- PROCESSO 5909529-11.2024.8.09.0051,PARECER 293/2024-GERPSRPEDIDO DE COMPRAS 494/2024 - SCC:776760 - SOLICITACAO FINANCEIRA:162723/2025.                                                                           .                                                                           ITEM 1 - MEDICAMENTO PROCESSOS JUDICIAIS/MANDADO SEGURANCA NOME COMERCIAL:INFANTRINI LATA 400 GRAMAS  MARCA: DANONE                                     COD:55089-2................72,00 UN............88,0000..............6.336,00VALOR TOTAL:........................................................6.336,00.                                                                           A ENTREGA DEVERA SER EFETUADA EM PARCELA UNICA, E COM PRAZO DE ENTREGA DE A-TE 10(DEZ) DIAS. O PRAZO SERA CONTADO APOS O RECEBIMENTO DA NOTA DE EMPENHO/AUTORIZACAO DE FORNECIMENTO E ACOMPANHADOS DOS DOCUMENTOS FISCAIS RESPECTI- VOS. ENTREGA NO ALMOXARIFADO CENTRAL DA SECRETARIA MUNICIPAL DE SAUIE, AVENIDA PERIMETRAL NORTE, CONDOMINIO GOIAZEM, BLOCO E,GALPAO 09 E 10, VL.JOAO VAZCEP: 74.425-090, GOIANIA/GO.DEMAIS ESCLARECIMENTOS CONFORME TERMO DE REFERENCIA EV.5740639 E DEMAIS ANEXOS.                                             AS ENTREGAS DEVERAO SER EFETUADAS MEDIANTE AGENDAMENTO PREVIO, ATRAVES DO E-MAIL CIAD.GOIANIA@BRANETOLGISTICA.COM.BR, MAIORES INFORMACOES PELOS TELEFONES: (62) 3524-3404/3407.                                                     .                                                                           64 - TRANSFERENCIAS DE RECURSOS DO SUS - ATENCAO ESPECIALIZADA              ;Dispensa de Licitação;000900062025
20252150002010371;16/12/2025 00:00:00;1231,82;0321092025;18/12/2025 00:00:00;1231,82;202521500020103710001;18/12/2025 00:00:00;1231,82;33904800;OUTROS AUXILIOS FINANCEIROS A PESSOAS FISICAS;00002003204164;SECRETARIA MUNICIPAL DE SAUDE;0,00;SECRETARIA MUNICIPAL DE SAUDE                                                                                                                                                                                                                                ;SAUDE - 10;ADMINISTRACAO GERAL - 122;RECEITAS DE IMPOSTOS E DE TRANSFERENCIAS DE IMPOSTOS - SAUDE - 102;ISABELA CHRISTIE PARANAIBA MARQUES;PAGAMENTO DE AUXILIO MORADIA PARA A PROFISSIONAL ISABELA CHRISTIE PARANAIBA MARQUES PARTICIPANTE DO PROGRAMA DE RESIDENCIA MEDICA NA SECRETARIA MUNIC. DSAUDE DE GOIANIA. SEI 25.6.000006127-8. OBS:VALORES REFERENTES AO PERIODO DEDEZEMBRO DE 2025 CONF.INFORMADO NA PLANILHA EMITIDA PELA EMSP/SMS CPF:020.032.041-64 / BANCO: BRADESCO - AGÊNCIA: 140 - CONTA: 378367-7.                .                                                                           VALOR TOTAL:.......................................................1.231,82 .                                                                           102 - RECEITAS DE IMPOSTOS E DE TRANSFERENCIAS DE IMPOSTOS - SAUDE          527 -TRANSFERENCIAS DE IMPOSTOS/SAUDE - SOLICITACAO FINANCEIRA:176181 - 2025;Não se aplica (Ex.: Despesas com Pessoal);000000000000
20252150002010398;16/12/2025 00:00:00;1231,82;0321102025;18/12/2025 00:00:00;1231,82;202521500020103980001;18/12/2025 00:00:00;1231,82;33904800;OUTROS AUXILIOS FINANCEIROS A PESSOAS FISICAS;00006834961151;SECRETARIA MUNICIPAL DE SAUDE;0,00;SECRETARIA MUNICIPAL DE SAUDE                                                                                                                                                                                                                                ;SAUDE - 10;ADMINISTRACAO GERAL - 122;RECEITAS DE IMPOSTOS E DE TRANSFERENCIAS DE IMPOSTOS - SAUDE - 102;ISABELLA FARIAS ABREU;PAGAMENTO DE AUXILIO MORADIA P/O(A) PROFISSIONAL MEDICO(A):  ISABELLA FARIASABREU    -    PARTICIPANTE DO PROGRAMA DE RESIDENCIA MEDICA NA SECRETARIA   MUNICIPAL DE SAUDE DE GOIANIA. SEI 25290000289420. VALORES REF.AO PERIODO DEDEZEMBRO DE 2025 - CONFORME INFORMADO NA PLANILHA EMITIDA PELA EMSP/SMS -CPF068.349.661-51 / BANCO: BRADESCO - AGÊNCIA: 6240 - CONTA:359902-7.          .                                                                           VALOR TOTAL:........................................................1.231,82.                                                                           102 - RECEITAS DE IMPOSTOS E DE TRANSFERENCIAS DE IMPOSTOS - SAUDE          527 - TRANSFERENCIAS DE IMPOSTOS/SAUDE - SOLICITACAO FINANCEIRA:176182 -2025;Não se aplica (Ex.: Despesas com Pessoal);000000000000
20252150006710237;03/12/2025 00:00:00;1674,40;;;0,00;;;0,00;33903000;MATERIAL DE CONSUMO;67729178000491;SECRETARIA MUNICIPAL DE SAUDE;1674,40;SECRETARIA MUNICIPAL DE SAUDE                                                                                                                                                                                                                                ;SAUDE - 10;ATENCAO BASICA - 301;TRANSFERENCIA DE RECURSOS DO SISTEMA UNICO DE SAUDE - SUS - BLOCO DE MANUTENCAO DAS ACOES E SERVICOS PUBLICOS DE SAUDE - 107;COMERCIAL CIRURGICA RIOCLARENSE LTDA;DESPESA COM AQUISICAO DE MEDICAMENTOS PARA SMS - PREGAO ELETRONICO Nº 90007/2025-ATA DE REGISTRO DE PRECO Nº064/2025, MEMO.269 GEREMO-PARECER 349 GERPSRDESP.1022 GERCOM - DESP.859 PRECEL - AQUISICAO DE 06 MESES- ITEM 03 REMUME -SCC:796311 50%PAB/SOLICITACAO FINANCEIRA:175543-2025 - SEI:25.29.000045259-3.                                                                           .                                                                           ITEM 3-CLONIDINA CLORIDRATO 0,100 MG COMPRIMIDO  M:MAWDSLEYS.               COD:40982-0..............6.500.UN..........0,2576...................1.674,40DEMAIS ESCLARECIMENTOS CONF.MEMO269/25-GEREMO, EDITAL PE90007/25 EV.8632338..                                                                           FONTE 107-TRANSFERENCIA DE RECURSOS DO SISTEMA UNICO DE SAUDE - SUS - BLOCO DE MANUTENCAO DAS ACOES E SERVICOS PUBLICOS DE SAUDE                        FONTE DETALHADA: 8 - TRANSFERENCIA DE RECURSOS DO SUS - ATENCAO PRIMARIA    VALOR TOTAL:........................................................1.674,40.                                                                           ENTREGA:O FORNECIMENTO DEVERá SER EFETUADO,COM PRAZO DE ENTREGA NãO SUPERIORA 20(VINTE)DIAS,CONTADOS A PARTIR DO RECEBIMENTO DA NOTA DE EMPENHO/AUTORIZACAO DE FORNECIMENTO E ACOMPANHADOS DOS DOCUMENTOS FISCAIS RESPECTIVOS, DEVE CONTER,OBRIGATORIAMENTE, A ESPECIFICACAO DO ITEM, MARCA DO FABRICANTE E QUANTIDADE ENTREGUE.LOCAL:ALMOXARIFADO CENTRAL DA SECRETARIA MUNICIPAL DE SAUDE NO SEGUINTE ENDERECO:AV.PERIMETRAL NORTE, COND.GOIAZEM, BLOCO E, GALPAO 09 E10, VL.JOAO VAZ, CEP:74.445-190, GOIANIA/GO, TELEFONES:(62)3524-3401/3407,NOHORARIO DAS 08H00MIN AS 17H00MIN, MEDIANTE AGENDAMENTO PREVIO PELO E-MAIL:  CIAD.GOIANIA@BRANETLOGISTICA.COM.BR.                                        ;Pregão;000900072025
20252150008510083;01/12/2025 00:00:00;31168,17;;;0,00;;;0,00;33903900;OUTROS SERVICOS DE TERCEIROS - PESSOA JURIDICA;07797967000195;SECRETARIA MUNICIPAL DE SAUDE;31168,17;SECRETARIA MUNICIPAL DE SAUDE                                                                                                                                                                                                                                ;SAUDE - 10;ATENCAO BASICA - 301;TRANSFERENCIA DE RECURSOS DO SISTEMA UNICO DE SAUDE - SUS - BLOCO DE MANUTENCAO DAS ACOES E SERVICOS PUBLICOS DE SAUDE - 107;NP TECNOLOGIA E GESTAO DE DADOS LTDA;DESPESA COM PAGAMENTO DE EMPRESA ESPECIALIZADA NO FORNECIMENTO DE FERRAMENTADE PESQUISAS E COMPARACAO DE PRECOS PRATICADOS PELA ADMINISTRACAO PUBLICA  -CONF. PARECER N. 344/2025-GERSPR E DOCUMENTO DE FORMALIZACAO DE DEMANDA N.79/2025-GERCOM, PED.COMPRAS 668/2025-GERCOM,TERMO DE REFERENCIA EV.8638550-GERCOM, SEI 25.29.000044813-8, SCC:796124, SOLICITACAO FINANCEIRA:175496-2025. .                                                                           VALOR TOTAL:.......................................................31.168,17.                                                                           8 - TRANSFERENCIA DE RECURSOS DO SUS - ATENCAO PRIMARIA                     ;Inexigibilidade de Licitação;000003442025
20252150011310008;09/12/2025 00:00:00;581174,99;;;0,00;;;0,00;33909300;INDENIZACOES E RESTITUICOES;07966540000173;SECRETARIA MUNICIPAL DE SAUDE;581174,99;SECRETARIA MUNICIPAL DE SAUDE                                                                                                                                                                                                                                ;SAUDE - 10;ATENCAO BASICA - 301;TRANSFERENCIA DE RECURSOS DO SISTEMA UNICO DE SAUDE - SUS - BLOCO DE MANUTENCAO DAS ACOES E SERVICOS PUBLICOS DE SAUDE - 107;INSTITUTO DE DESENVOLVIMENTO TECNOLOGICO E HUMANO;DESPESA COM PAGAMENTO POR INDENIZACAO RELATIVO AOS SERVICOS REFERENTES AO FUNCIONAMENTO DA CENTRAL DE ATENDIMENTO AO CIDADAO/TELECONSULTA VALOR REFERENTE AO PAGAMENTO DA COMPETENCIA: JANEIRO/2025 - CONFORME NOTA FISCAL Nº 471   SEI:25.29.000005627-2                                                       .                                                                           VALOR TOTAL....................................................581.174,99   .                                                                           8 - TRANSFERENCIA DE RECURSOS DO SUS - ATENCAO PRIMARIA                     SOLICITACAO FINANCEIRA:175626/2025                                          ;Não se aplica (Ex.: Despesas com Pessoal);000000000000
20252150024810099;08/12/2025 00:00:00;39334,42;0314552025;08/12/2025 00:00:00;39334,42;202521500248100990001;10/12/2025 00:00:00;39334,42;33903900;OUTROS SERVICOS DE TERCEIROS - PESSOA JURIDICA;01552868000167;SECRETARIA MUNICIPAL DE SAUDE;0,00;SECRETARIA MUNICIPAL DE SAUDE                                                                                                                                                                                                                                ;SAUDE - 10;ASSISTENCIA HOSPITALAR E AMBULATORIAL - 302;TRANSFERENCIA DE RECURSOS DO SISTEMA UNICO DE SAUDE - SUS - BLOCO DE MANUTENCAO DAS ACOES E SERVICOS PUBLICOS DE SAUDE - 107;HOSPITAL SANTA LUCIA LTDA;DESPESA COM REPASSE FINANCEIRO COMPLEMENTAR DECORRENTE DA ASSISTENCIA FINANCEIRA DA UNIAO E DESTINADA AO PISO SALARIAL DE ENFERMAGEM AS INSTITUICOES FILANTROPICAS DE GOIANIA - SCC:775461 - SEI:25.29.000010760-8                  VALOR ESTIMADO REFERENTE AO COMPLEMENTO MES DE NOVEMBRO/2025 CONFORME INFORMADO NO TERMO DE ATESTO                                                      .                                                                           VALOR TOTAL:.....................................................39.334,42  .                                                                           97 - ASSISTENCIA FINANCEIRA PARA COMPLEMENTACAO PISO - ENFERMAGEM           SOLICITACAO FINANCEIRA:175709/2025                                          ;Outros (Convênios, ajustes, similares, etc.);000002372025
20252150024810117;12/12/2025 00:00:00;726293,91;0319422025;15/12/2025 00:00:00;726293,91;202521500248101170001;16/12/2025 00:00:00;726293,91;33903900;OUTROS SERVICOS DE TERCEIROS - PESSOA JURIDICA;01619790000150;SECRETARIA MUNICIPAL DE SAUDE;0,00;SECRETARIA MUNICIPAL DE SAUDE                                                                                                                                                                                                                                ;SAUDE - 10;ASSISTENCIA HOSPITALAR E AMBULATORIAL - 302;TRANSFERENCIA DE RECURSOS DO SISTEMA UNICO DE SAUDE - SUS - BLOCO DE MANUTENCAO DAS ACOES E SERVICOS PUBLICOS DE SAUDE - 107;SANTA CASA DE MISERICORDIA DE GOIANIA;DESPESA COM REPASSE FINANCEIRO COMPLEMENTAR DECORRENTE DA ASSISTENCIA FINAN-CEIRA DA UNIAO E DESTINADA AO PISO SALARIAL DE ENFERMAGEM AS INSTITUICOES FILANTROPICAS DE GOIANIA VALOR RELATIVO AO 13ºSALARIO CONFORME INFORMADO NO DEESPACHO DIRPS._SCC:773906 - SOLICITACAO FINANCEIRA:176063 - 2025.           .                                                                           .                                                                           VALOR TOTAL:......................................................726.293,91.                                                                           107 - TRANSFERENCIA DE RECURSOS DO SISTEMA UNICO DE SAUDE - SUS - BLOCO DE  MANUTENCAO DAS ACOES E SERVICOS PUBLICOS DE SAUDE                           FONTE DETALHADA: 97-ASSISTENCIA FINANCEIRA PARA COMPLEMENTACAO PISO - ENFER-MAGEM                                                                       FONTE/CO STN:1605 0000-ASSISTENCIA FINANCEIRA DA UNIAO DESTINADA A COMPLEMENTACAO AO PAGAMENTO DOS PISOS SALARIAIS PARA PROFISSIONAIS DA ENFERMAGEM     ;Outros (Convênios, ajustes, similares, etc.);000000812025
20252150024910931;12/12/2025 00:00:00;610,74;;;0,00;;;0,00;33903900;OUTROS SERVICOS DE TERCEIROS - PESSOA JURIDICA;11508515000113;SECRETARIA MUNICIPAL DE SAUDE;610,74;SECRETARIA MUNICIPAL DE SAUDE                                                                                                                                                                                                                                ;SAUDE - 10;ASSISTENCIA HOSPITALAR E AMBULATORIAL - 302;TRANSFERENCIA DE RECURSOS DO SISTEMA UNICO DE SAUDE - SUS - BLOCO DE MANUTENCAO DAS ACOES E SERVICOS PUBLICOS DE SAUDE - 107;R & R PRESTACAO DE SERVICOS MEDICOS LTDA;DESPESA COM CONVENIO NR 931/2020 PARA EXECUCAO DE SERVICOS MEDICOS DE       ASSISTENCIA A SAUDE AMBULATORIAL (HOSPITALAR) E/OU APOIO DIAGNOSTICO        TERAPEUTICO PARA ATENDIMENTO DOS SUSUARIOS DO SUS - SCC: 518469             REFERENCIA: COMPETENCIA 10/2025  - SEI:22.29.000012213-9                    .                                                                           VALOR TOTAL:.......................................................610,74   .                                                                           64 - TRANSFERENCIAS DE RECURSOS DO SUS - ATENCAO ESPECIALIZADA              SOLICITACAO FINANCEIRA: 176007/2025                                         ;Inexigibilidade de Licitação;000000052020
20252150024910947;15/12/2025 00:00:00;18222,33;;;0,00;;;0,00;33903900;OUTROS SERVICOS DE TERCEIROS - PESSOA JURIDICA;01607944000194;SECRETARIA MUNICIPAL DE SAUDE;18222,33;SECRETARIA MUNICIPAL DE SAUDE                                                                                                                                                                                                                                ;SAUDE - 10;ASSISTENCIA HOSPITALAR E AMBULATORIAL - 302;TRANSFERENCIA DE RECURSOS DO SISTEMA UNICO DE SAUDE - SUS - BLOCO DE MANUTENCAO DAS ACOES E SERVICOS PUBLICOS DE SAUDE - 107;LABORATORIO SANTA MARTA LTDA;DESPESA COM CONTRATO NR 1.028/2020 PARA EXECUCAO DE SERVICOS MEDICOS DE     ASSISTENCIA A SAUDE AMBULATORIAL (HOSPITALAR) E/OU APOIO DIAGNOSTICO        TERAPEUTICO PARA ATENDIMENTO DOS SUSUARIOS DO SUS - SCC: 511001             REFERENCIA: COMPETENCIA 10/2025  - SEI:22.29.000012169-8                    .                                                                           VALOR TOTAL:....................................................18.222,33   .                                                                           64 - TRANSFERENCIAS DE RECURSOS DO SUS - ATENCAO ESPECIALIZADA              SOLICITACAO FINANCEIRA: 176038/2025                                         ;Inexigibilidade de Licitação;000000052020
20252150024910957;15/12/2025 00:00:00;26152,50;;;0,00;;;0,00;33903900;OUTROS SERVICOS DE TERCEIROS - PESSOA JURIDICA;04693442000111;SECRETARIA MUNICIPAL DE SAUDE;26152,50;SECRETARIA MUNICIPAL DE SAUDE                                                                                                                                                                                                                                ;SAUDE - 10;ASSISTENCIA HOSPITALAR E AMBULATORIAL - 302;TRANSFERENCIA DE RECURSOS DO SISTEMA UNICO DE SAUDE - SUS - BLOCO DE MANUTENCAO DAS ACOES E SERVICOS PUBLICOS DE SAUDE - 107;JB PRESTACOES DE SERVICOS DIAGNOSTICOS LTDA;DESPESA COM CONTRATO NR 755/2025 PARA EXECUCAO DE SERVICOS MEDICOS DE       ASSISTENCIA A SAUDE AMBULATORIAL (HOSPITALAR) E/OU APOIO DIAGNOSTICO        TERAPEUTICO PARA ATENDIMENTO DOS SUSUARIOS DO SUS - SCC: 514188-2           REFERENCIA: COMPETENCIA 10/2025  - SEI:22.29.000012098-5                    .                                                                           VALOR TOTAL:....................................................26.152,50   .                                                                           64 - TRANSFERENCIAS DE RECURSOS DO SUS - ATENCAO ESPECIALIZADA              SOLICITACAO FINANCEIRA: 176056/2025                                         ;Inexigibilidade de Licitação;000062602020
20252150024910967;16/12/2025 00:00:00;48865,93;0319602025;16/12/2025 00:00:00;48865,93;;;0,00;33903900;OUTROS SERVICOS DE TERCEIROS - PESSOA JURIDICA;03845195000169;SECRETARIA MUNICIPAL DE SAUDE;0,00;SECRETARIA MUNICIPAL DE SAUDE                                                                                                                                                                                                                                ;SAUDE - 10;ASSISTENCIA HOSPITALAR E AMBULATORIAL - 302;TRANSFERENCIA DE RECURSOS DO SISTEMA UNICO DE SAUDE - SUS - BLOCO DE MANUTENCAO DAS ACOES E SERVICOS PUBLICOS DE SAUDE - 107;PINHEIRO OLIVEIRA LABORATORIO CLINICO LTDAA;REFERENCIA: COMPETENCIA 10/2025  - SEI:22.29.000012193-0                    .                                                                           VALOR TOTAL:....................................................48.865,93   .                                                                           64 - TRANSFERENCIAS DE RECURSOS DO SUS - ATENCAO ESPECIALIZADA              SOLICITACAO FINANCEIRA: 176130/2025                                         DESPESA COM CONTRATO NR 932/2020 PARA EXECUCAO DE SERVICOS MEDICOS DE       ASSISTENCIA A SAUDE AMBULATORIAL (HOSPITALAR) E/OU APOIO DIAGNOSTICO        TERAPEUTICO PARA ATENDIMENTO DOS SUSUARIOS DO SUS - SCC: 518477             ;Inexigibilidade de Licitação;000000052020
20252150024910987;17/12/2025 00:00:00;146998,17;;;0,00;;;0,00;33903900;OUTROS SERVICOS DE TERCEIROS - PESSOA JURIDICA;00294440000107;SECRETARIA MUNICIPAL DE SAUDE;146998,17;SECRETARIA MUNICIPAL DE SAUDE                                                                                                                                                                                                                                ;SAUDE - 10;ASSISTENCIA HOSPITALAR E AMBULATORIAL - 302;TRANSFERENCIA DE RECURSOS DO SISTEMA UNICO DE SAUDE - SUS - BLOCO DE MANUTENCAO DAS ACOES E SERVICOS PUBLICOS DE SAUDE - 107;CEMA CENTRO DE MEDICINA AVANCADA LTDA;.                                                                           64 - TRANSFERENCIAS DE RECURSOS DO SUS - ATENCAO ESPECIALIZADA              SOLICITACAO FINANCEIRA: 175025 - 2025  - SCC: 525813.                       DESPESA COM TERMO DE APOSTILAMENTO(REEQUILIBRIO ECONOMICO) CONTRATO NR. 298/22 P/ A EXECUCAO DE SERVICOS MEDICOS DE ASSISTENCIA A SAUDE AMBULATORIAL(HOSPITALAR) E/OU APOIO DIAGNOSTICO TERAPEUTICO, REFERENCIA: EXERCICIO DE 2025, VALORES ESTIMADOS PEDIDO DE COMPRA NR.: 554/2025-FMS. SEI 25.29.000037580-7..                                                                           VALOR TOTAL:......................................................146.998,17;Inexigibilidade de Licitação;000000052020
20252150028810602;02/12/2025 00:00:00;24,75;;;0,00;;;0,00;33909300;INDENIZACOES E RESTITUICOES;00001708226133;SECRETARIA MUNICIPAL DE SAUDE;24,75;SECRETARIA MUNICIPAL DE SAUDE                                                                                                                                                                                                                                ;SAUDE - 10;ASSISTENCIA HOSPITALAR E AMBULATORIAL - 302;TRANSFERENCIA DE RECURSOS DO SISTEMA UNICO DE SAUDE - SUS - BLOCO DE MANUTENCAO DAS ACOES E SERVICOS PUBLICOS DE SAUDE - 107;MACIEL VIEIRA SOUSA;SOUSA - BENEFICIARIO(A) DO PROGRAMA DE TRATAMENTO FORA DO DOMICILIO - TFD   64 - TRANSFERENCIAS DE RECURSOS DO SUS - ATENCAO ESPECIALIZADA              RESSARCIMENTO DAS DESPESAS MEDICAS/HOSPITALARES REQUERIDO POR MACIEL VIEIRA OBS.: VALOR A EMPENHAR CONFORME PLANILHA DE VALORES INFORMADA NO DESPACHO Nº1781/2025-GERPMC. SOLICITACAO FINANCEIRA:175545 - 2025.                     .                                                                           VALOR TOTAL:...........................................................24,75.                                                                           ;Não se aplica (Ex.: Despesas com Pessoal);000000000000
20252150028810605;03/12/2025 00:00:00;470,25;;;0,00;;;0,00;33909300;INDENIZACOES E RESTITUICOES;00075380927149;SECRETARIA MUNICIPAL DE SAUDE;470,25;SECRETARIA MUNICIPAL DE SAUDE                                                                                                                                                                                                                                ;SAUDE - 10;ASSISTENCIA HOSPITALAR E AMBULATORIAL - 302;TRANSFERENCIA DE RECURSOS DO SISTEMA UNICO DE SAUDE - SUS - BLOCO DE MANUTENCAO DAS ACOES E SERVICOS PUBLICOS DE SAUDE - 107;MARIANA RODRIGUES DOS SANTOS;RESSARCIMENTO DAS DESPESAS MEDICAS/HOSPITALARES REALIZADAS PELO PACIENTE    BENEFICIARIO DO PROGRAMA DE TFD (TRATAMENTO FORA DO DOMICILIO) - ERICK      ARAUJO DOS SANTOS - SEI: 25.29.000046031-6                                  OBS: VALORES INFORMADOS NO DESPACHO 1.818/2025/GERPMC ANEXO AOS AUTOS.      .                                                                           VALOR TOTAL:........................................................470,25  .                                                                           64 - TRANSFERENCIAS DE RECURSOS DO SUS - ATENCAO ESPECIALIZADA              SOLICITACAO FINANCEIRA: 175612/2025                                         ;Não se aplica (Ex.: Despesas com Pessoal);000000000000
20252150043310001;01/12/2025 00:00:00;895,92;;;0,00;;;0,00;33903000;MATERIAL DE CONSUMO;37054879000164;SECRETARIA MUNICIPAL DE SAUDE;895,92;SECRETARIA MUNICIPAL DE SAUDE                                                                                                                                                                                                                                ;SAUDE - 10;VIGILANCIA EPIDEMIOLOGICA - 305;TRANSFERENCIA DE RECURSOS DO SISTEMA UNICO DE SAUDE - SUS - BLOCO DE MANUTENCAO DAS ACOES E SERVICOS PUBLICOS DE SAUDE - 107;FAROVET PRODUTOS VETERINRIOS LTDA;VALOR TOTAL:..........................................................895,92.                                                                           ENTREGA:O PRAZO DE ENTREGA DOS BENS E DE ATE 15 (QUINZE) DIAS,EM PARCELA UNICA, CONTADOS APóS O RECEBIMENTO DA ORDEM DE ENTREGA OU NOTA DE EMPENHO/AUTO-RIZACAO DE FORNECIMENTO,ACOMPANHADOS DOS DOCUMENTOS FISCAIS RESPECTIVOS, QUEDEVEM CONTER, OBRIGATORIAMENTE, A ESPECIFICACAO DO ITEM, MARCA DO FABRICANTELOCAL:ALMOXARIFADO CENTRAL DA SECRETARIA MUNICIPAL DE SAUDE, AVENIDA PERIME-TRAL NORTE, CONDOMINIO GOIAZEM, BLOCO E, GALPAO 09 E 10,VILA JOAO VAZ, CEP: 74.425-090, GOIANIA/GO. DEVERAO SER EFETUADAS MEDIANTE AGENDAMENTO PREVIO, ATRAVES DO E-MAIL CIAD.GOIANIA@BRANETOLGISTICA.COM.BR, MAIORES INFORMACOES PELOS TELEFONES: (62) 3524-3404/3407.DEMAIS ESCLARECIMENTOS CONF.DFD N.6/2025-DIRZOO/SMS, TERMO DE REFERENCIA EV.7708135 E ANEXOS.                        .                                                                           62 - TRANSFERENCIAS DE RECURSOS DO SUS - VIGILANCIA EM SAUDE                DESPESA COM AQUISICAO EMERGENCIAL DE MEDICAMENTOS VETERINÁRIOS PARA ATENDER A DIRETORIA VIGILANCIA EM ZOONOSES DA SMS/MEMORANDO 92 E 208 DIRZOO -PARECER177 GERPSR- DESPACHO 796, 857 E 948 GERCOM - DESPACHO 849 GEREMO - AVISO 87 DISP. LICITACAO GERCOM - AQUISICAO 12 MESES, ITEM 02. SOLICITACAO FINANCEIRA175500 - 2025 - SCC:796191 - SEI 25.29.000021105-7.                         .                                                                           ITEM 2-VETASET CLORIDRATO CETAMINA INJETAVEL ANESTESICO FR C/10,0 ML.M:DECHRAC.                                                                         COD:442836..............24,00 FR............37,3300...................895,92;Dispensa de Licitação;000000312025
20252150047610003;18/12/2025 00:00:00;1000000,00;0321222025;18/12/2025 00:00:00;1000000,00;202521500476100030001;18/12/2025 00:00:00;1000000,00;33903900;OUTROS SERVICOS DE TERCEIROS - PESSOA JURIDICA;37678845000140;SECRETARIA MUNICIPAL DE SAUDE;0,00;SECRETARIA MUNICIPAL DE SAUDE                                                                                                                                                                                                                                ;SAUDE - 10;ASSISTENCIA HOSPITALAR E AMBULATORIAL - 302;EMENDA PARLAMENTARES DE BANCADA (ART. 1° DA EC Nº 100/2019 E § 12 DO ART. 165 DA CF/88) - 182;INSTITUTO PATRIS;DESPESA COM TERMO DE COLABORACAO EMERGENCIAL NR. 043/2025 PARA ATUAR EM RE  GIME DE GERENCIAMENTO COMPLEMENTAR COM O PODER PUBLICO MUNICIPAL NO HOSPI-  TAL E MATERNIDADE DONA IRIS(HMDI),NOS TERMOS DA LEI Nº. 13.019, DE 31       DE JULHO DE 2014, QUE ESTABELECE O REGIME JURIDICO DAS PARCERIAS ENTRE A    ADMINISTRACAO PUBLICA E AS ORGANIZACOES DA SOCIEDADE CIVIL, EM REGIME JURI- DICO DE MUTUA COOPERACAO, PARA A CONSECUCAO DE FINALIDADES DE INTERESSE PU  BLICO E RECIPROCO, MEDIANTE A EXECUCAO DE ATIVIDADES OU DE PROJETOS PREVIA  MENTE ESTABELECIDOS EM PLANOS DE TRABALHO INSERIDOS EM TERMOS DE COLABORA-  CAO, ENTRE OUTROS. HOSPITAL E MATERNIDADE DONA ÍRIS (HMDI)/TERMO DE COLABORACAO EMERGENCIAL NR043/25-EMENDA DE BANCADA-ISMAEL ALEXANDRINO-7110.0001/2025.                                                                           VALOR TOTAL:................................................... 1.000.000,00.                                                                           SOLICITACAO FINANCEIRA NR. 176303-2025 SCC: 783111 SEI: 25.29.000027894-1   182-EMENDA PARLAMENTARES DE BANCADA(ART. 1° DA EC Nº 100/2019 E § 12 DO ART.165 DA CF/88)                                                               64 - EMENDA PARLAMENTAR DE BANCADA -ART 1 DA EC NR 100/2019 E § 12 DO ART.165 DA CF/88 1601 3120 -TRANSFERENCIAS DA UNIAO DECORRENTES DE EMENDAS PARLAMENTARES DE BANCADA.                                                          ;Outros (Convênios, ajustes, similares, etc.);000000012025
20252150049110047;02/12/2025 00:00:00;258853,23;0336162025;29/01/2026 00:00:00;258853,23;202521500491100470001;30/01/2026 00:00:00;258853,23;33903900;OUTROS SERVICOS DE TERCEIROS - PESSOA JURIDICA;32839901000591;SECRETARIA MUNICIPAL DE SAUDE;0,00;SECRETARIA MUNICIPAL DE SAUDE                                                                                                                                                                                                                                ;SAUDE - 10;ATENCAO BASICA - 301;RECEITAS DE IMPOSTOS E DE TRANSFERENCIAS DE IMPOSTOS - SAUDE - 102;GRUPO FUTURO - GESTAO DE SAUDE;"DE  NATUREZA IMPOSITIVA DESTINA À SAÚDE NO EXERCÍCIO FINANCEIRO DE 2025  DE VALOR ESTIMADO: R$ 258.853,23 - PED.COMPRAS 667/2025 - BANCO SANTANDER, AG.0003, CONTA CORRENTE 13012030-1, OP.001, TITUTLAR GRUPO FUTURO -GESTAO DE SAUDE.                                                                         .                                                                           VALOR TOTAL:..................................................... 258.853,23.                                                                           OBS:OBJETO: CUSTEIO PROJETO ""SAUDE DA MULHER"" ATRAVES DE UNIDADE MOVEL DE SAUDE, COM CONSULTAS E EXAMES.                                                .                                                                           FONTE: 102 - RECEITAS DE IMPOSTOS E DE TRANSFERENCIAS DE IMPOSTOS - SAUDE   FONTE DETALHADA: 634 - RECURSOS ORDINARIOS PARA ATENDER EMENDA IMPOSITIVA   FONTE / CO STN: 1500 1002 - IDENTIFICACAO DAS DESPESAS COM ACOES E SERVICOS DE SAUDE                                                                    ACORDO COM A LEI NR. 11.315, DE 07/01/2025-LOA. SEI 25.29.000042435-2  - SCC796281- SOLICITACAO FINANCEIRA:175389 - 2025.                               EMENDA NR. 15.19 / PARLAMENTAR: JOAOZINHO GUIMARAES / DESTINO:  GRUPO FUTURODESPESA COM EMENDA AO PROJETO DE LEI NR. 268/2024 PARA O REPASSE DE RECURSOS";Outros (Convênios, ajustes, similares, etc.);000011442025
20252150049110061;30/12/2025 00:00:00;416853,23;0339422025;26/06/2026 00:00:00;416853,23;202521500491100610001;14/07/2026 00:00:00;416853,23;33903900;OUTROS SERVICOS DE TERCEIROS - PESSOA JURIDICA;32839901000591;SECRETARIA MUNICIPAL DE SAUDE;0,00;SECRETARIA MUNICIPAL DE SAUDE                                                                                                                                                                                                                                ;SAUDE - 10;ATENCAO BASICA - 301;RECEITAS DE IMPOSTOS E DE TRANSFERENCIAS DE IMPOSTOS - SAUDE - 102;GRUPO FUTURO - GESTAO DE SAUDE;FONTE DETALHADA: 634 - RECURSOS ORDINARIOS PARA ATENDER EMENDA IMPOSITIVA   FONTE / CO STN: 1500 1002 - IDENTIFICACAO DAS DESPESAS COM ACOES E SERVICOS SOLICITACAO FINANCEIRA NR. 176757-2025 SEI: 25.29.000042428-0 SCC: 798135   DESPESA COM TERMO DE COMPROMISSO NR. 218 /2025 PARA A TRANSFERENCIA DE RECU RSOS REFERENTE A EMENDA PARLAMENTAR INDIVIDUAL DE NATUREZA IMPOSITIVA A LEI ORCAMENTARIA ANUAL DE 2025, PARA AS ENTIDADES SEM FIM LUCRATIVOS QUE COMPLE MENTAM O SISTEMA UNICO DE SAUDE - SUS, DE ACORDO COM A LEI NR. 11.315, DE   07/01/2025-LOA                                                              .                                                                           EMENDA NR.: / PARLAMENTAR: 23.04 / LUCIOLA DO RECANTO                       FAVORECIDO: GRUPO FUTURO GESTAO                                             .                                                                           VALOR ESTIMADO:...........................................R$ 416.853,23     .                                                                           FONTE: 102 - RECEITAS DE IMPOSTOS E DE TRANSFERENCIAS DE IMPOSTOS - SAUDE   ;Outros (Convênios, ajustes, similares, etc.);000011472025
20252150000210026;18/12/2025 00:00:00;25727,64;0322662025;18/12/2025 00:00:00;19987,01;202521500002100260002;18/12/2025 00:00:00;19987,01;31901100;VENCIMENTOS E VANTAGENS FIXAS - PESSOAL CIVIL;60701190000104;SECRETARIA MUNICIPAL DE SAUDE;0,00;SECRETARIA MUNICIPAL DE SAUDE                                                                                                                                                                                                                                ;SAUDE - 10;ADMINISTRACAO GERAL - 122;RECEITAS DE IMPOSTOS E DE TRANSFERENCIAS DE IMPOSTOS - SAUDE - 102;ITAU UNIBANCO S.A.;DESPESA COM PAGAMENTO DA FOLHA DE PESSOAL DA SECRETARIA   MUNICIPAL DE SAUDE(SUBSIDIO DO SECRETARIO DE SAUDE) SEI 25.27.000008807-2 - SCC: 771555.      OBS:VALOR REFERENTE AO 13º SALARIO 2025.                                    .                                                                           VALOR TOTAL:.......................................................25.727,64.                                                                           102-RECEITAS DE IMPOSTOS E DE TRANSFERENCIAS DE IMPOSTOS - SAUDE            527-TRANSFERENCIAS DE IMPOSTOS / SAUDE                                      SOLICITACAO FINANCEIRA : 176340-2025.                                       ;Inexigibilidade de Licitação;000000012022
20252150000210026;18/12/2025 00:00:00;25727,64;0322672025;18/12/2025 00:00:00;5740,63;202521500002100260001;18/12/2025 00:00:00;5740,63;31901100;VENCIMENTOS E VANTAGENS FIXAS - PESSOAL CIVIL;60701190000104;SECRETARIA MUNICIPAL DE SAUDE;0,00;SECRETARIA MUNICIPAL DE SAUDE                                                                                                                                                                                                                                ;SAUDE - 10;ADMINISTRACAO GERAL - 122;RECEITAS DE IMPOSTOS E DE TRANSFERENCIAS DE IMPOSTOS - SAUDE - 102;ITAU UNIBANCO S.A.;DESPESA COM PAGAMENTO DA FOLHA DE PESSOAL DA SECRETARIA   MUNICIPAL DE SAUDE(SUBSIDIO DO SECRETARIO DE SAUDE) SEI 25.27.000008807-2 - SCC: 771555.      OBS:VALOR REFERENTE AO 13º SALARIO 2025.                                    .                                                                           VALOR TOTAL:.......................................................25.727,64.                                                                           102-RECEITAS DE IMPOSTOS E DE TRANSFERENCIAS DE IMPOSTOS - SAUDE            527-TRANSFERENCIAS DE IMPOSTOS / SAUDE                                      SOLICITACAO FINANCEIRA : 176340-2025.                                       ;Inexigibilidade de Licitação;000000012022
20252150000210028;19/12/2025 00:00:00;64109811,10;0325732025;19/12/2025 00:00:00;86714,90;202521500002100280004;19/12/2025 00:00:00;86714,90;31901100;VENCIMENTOS E VANTAGENS FIXAS - PESSOAL CIVIL;60701190000104;SECRETARIA MUNICIPAL DE SAUDE;2874559,06;SECRETARIA MUNICIPAL DE SAUDE                                                                                                                                                                                                                                ;SAUDE - 10;ADMINISTRACAO GERAL - 122;RECEITAS DE IMPOSTOS E DE TRANSFERENCIAS DE IMPOSTOS - SAUDE - 102;ITAU UNIBANCO S.A.;DESPESA COM PAGAMENTO DA FOLHA DE PESSOAL DA SECRETARIA MUNICIPAL DE SAUDE (CARGO EFETIVO / RPPS)                                                       .                                                                           VALOR RELATIVO AO MES DE DEZEMBRO/2025                                      .                                                                           VALOR TOTAL:..............................................64.109.811,10     .                                                                           FONTE:  102 - RECEITAS DE IMPOSTOS E DE TRANSFERENCIAS DE IMPOSTOS - SAUDE  FONTE DETALHADA:  527 - TRANSFERENCIAS DE IMPOSTOS/SAUDE                    SOLICITACAO FINANCEIRA NR. 176488-2025                                      ;Não se aplica (Ex.: Despesas com Pessoal);000000000000
20252150000210028;19/12/2025 00:00:00;64109811,10;0325992025;19/12/2025 00:00:00;0,00;202521500002100280005;22/12/2025 00:00:00;0,00;31901100;VENCIMENTOS E VANTAGENS FIXAS - PESSOAL CIVIL;60701190000104;SECRETARIA MUNICIPAL DE SAUDE;2874559,06;SECRETARIA MUNICIPAL DE SAUDE                                                                                                                                                                                                                                ;SAUDE - 10;ADMINISTRACAO GERAL - 122;RECEITAS DE IMPOSTOS E DE TRANSFERENCIAS DE IMPOSTOS - SAUDE - 102;ITAU UNIBANCO S.A.;DESPESA COM PAGAMENTO DA FOLHA DE PESSOAL DA SECRETARIA MUNICIPAL DE SAUDE (CARGO EFETIVO / RPPS)                                                       .                                                                           VALOR RELATIVO AO MES DE DEZEMBRO/2025                                      .                                                                           VALOR TOTAL:..............................................64.109.811,10     .                                                                           FONTE:  102 - RECEITAS DE IMPOSTOS E DE TRANSFERENCIAS DE IMPOSTOS - SAUDE  FONTE DETALHADA:  527 - TRANSFERENCIAS DE IMPOSTOS/SAUDE                    SOLICITACAO FINANCEIRA NR. 176488-2025                                      ;Não se aplica (Ex.: Despesas com Pessoal);000000000000
20252150000210028;19/12/2025 00:00:00;64109811,10;0326092025;19/12/2025 00:00:00;21836291,90;202521500002100280002;19/12/2025 00:00:00;21836291,90;31901100;VENCIMENTOS E VANTAGENS FIXAS - PESSOAL CIVIL;60701190000104;SECRETARIA MUNICIPAL DE SAUDE;2874559,06;SECRETARIA MUNICIPAL DE SAUDE                                                                                                                                                                                                                                ;SAUDE - 10;ADMINISTRACAO GERAL - 122;RECEITAS DE IMPOSTOS E DE TRANSFERENCIAS DE IMPOSTOS - SAUDE - 102;ITAU UNIBANCO S.A.;DESPESA COM PAGAMENTO DA FOLHA DE PESSOAL DA SECRETARIA MUNICIPAL DE SAUDE (CARGO EFETIVO / RPPS)                                                       .                                                                           VALOR RELATIVO AO MES DE DEZEMBRO/2025                                      .                                                                           VALOR TOTAL:..............................................64.109.811,10     .                                                                           FONTE:  102 - RECEITAS DE IMPOSTOS E DE TRANSFERENCIAS DE IMPOSTOS - SAUDE  FONTE DETALHADA:  527 - TRANSFERENCIAS DE IMPOSTOS/SAUDE                    SOLICITACAO FINANCEIRA NR. 176488-2025                                      ;Não se aplica (Ex.: Despesas com Pessoal);000000000000
20252150000210028;19/12/2025 00:00:00;64109811,10;0326152025;19/12/2025 00:00:00;7677,94;202521500002100280003;19/12/2025 00:00:00;7677,94;31901100;VENCIMENTOS E VANTAGENS FIXAS - PESSOAL CIVIL;60701190000104;SECRETARIA MUNICIPAL DE SAUDE;2874559,06;SECRETARIA MUNICIPAL DE SAUDE                                                                                                                                                                                                                                ;SAUDE - 10;ADMINISTRACAO GERAL - 122;RECEITAS DE IMPOSTOS E DE TRANSFERENCIAS DE IMPOSTOS - SAUDE - 102;ITAU UNIBANCO S.A.;DESPESA COM PAGAMENTO DA FOLHA DE PESSOAL DA SECRETARIA MUNICIPAL DE SAUDE (CARGO EFETIVO / RPPS)                                                       .                                                                           VALOR RELATIVO AO MES DE DEZEMBRO/2025                                      .                                                                           VALOR TOTAL:..............................................64.109.811,10     .                                                                           FONTE:  102 - RECEITAS DE IMPOSTOS E DE TRANSFERENCIAS DE IMPOSTOS - SAUDE  FONTE DETALHADA:  527 - TRANSFERENCIAS DE IMPOSTOS/SAUDE                    SOLICITACAO FINANCEIRA NR. 176488-2025                                      ;Não se aplica (Ex.: Despesas com Pessoal);000000000000
20252150000210028;19/12/2025 00:00:00;64109811,10;0326162025;19/12/2025 00:00:00;0,00;;;0,00;31901100;VENCIMENTOS E VANTAGENS FIXAS - PESSOAL CIVIL;60701190000104;SECRETARIA MUNICIPAL DE SAUDE;2874559,06;SECRETARIA MUNICIPAL DE SAUDE                                                                                                                                                                                                                                ;SAUDE - 10;ADMINISTRACAO GERAL - 122;RECEITAS DE IMPOSTOS E DE TRANSFERENCIAS DE IMPOSTOS - SAUDE - 102;ITAU UNIBANCO S.A.;DESPESA COM PAGAMENTO DA FOLHA DE PESSOAL DA SECRETARIA MUNICIPAL DE SAUDE (CARGO EFETIVO / RPPS)                                                       .                                                                           VALOR RELATIVO AO MES DE DEZEMBRO/2025                                      .                                                                           VALOR TOTAL:..............................................64.109.811,10     .                                                                           FONTE:  102 - RECEITAS DE IMPOSTOS E DE TRANSFERENCIAS DE IMPOSTOS - SAUDE  FONTE DETALHADA:  527 - TRANSFERENCIAS DE IMPOSTOS/SAUDE                    SOLICITACAO FINANCEIRA NR. 176488-2025                                      ;Não se aplica (Ex.: Despesas com Pessoal);000000000000
20252150000210028;19/12/2025 00:00:00;64109811,10;0326432025;19/12/2025 00:00:00;3707241,78;202521500002100280001;19/12/2025 00:00:00;3707241,78;31901100;VENCIMENTOS E VANTAGENS FIXAS - PESSOAL CIVIL;60701190000104;SECRETARIA MUNICIPAL DE SAUDE;2874559,06;SECRETARIA MUNICIPAL DE SAUDE                                                                                                                                                                                                                                ;SAUDE - 10;ADMINISTRACAO GERAL - 122;RECEITAS DE IMPOSTOS E DE TRANSFERENCIAS DE IMPOSTOS - SAUDE - 102;ITAU UNIBANCO S.A.;DESPESA COM PAGAMENTO DA FOLHA DE PESSOAL DA SECRETARIA MUNICIPAL DE SAUDE (CARGO EFETIVO / RPPS)                                                       .                                                                           VALOR RELATIVO AO MES DE DEZEMBRO/2025                                      .                                                                           VALOR TOTAL:..............................................64.109.811,10     .                                                                           FONTE:  102 - RECEITAS DE IMPOSTOS E DE TRANSFERENCIAS DE IMPOSTOS - SAUDE  FONTE DETALHADA:  527 - TRANSFERENCIAS DE IMPOSTOS/SAUDE                    SOLICITACAO FINANCEIRA NR. 176488-2025                                      ;Não se aplica (Ex.: Despesas com Pessoal);000000000000
20252150000210028;19/12/2025 00:00:00;64109811,10;0331372025;22/12/2025 00:00:00;35597325,52;202521500002100280006;22/12/2025 00:00:00;35597325,52;31901100;VENCIMENTOS E VANTAGENS FIXAS - PESSOAL CIVIL;60701190000104;SECRETARIA MUNICIPAL DE SAUDE;2874559,06;SECRETARIA MUNICIPAL DE SAUDE                                                                                                                                                                                                                                ;SAUDE - 10;ADMINISTRACAO GERAL - 122;RECEITAS DE IMPOSTOS E DE TRANSFERENCIAS DE IMPOSTOS - SAUDE - 102;ITAU UNIBANCO S.A.;DESPESA COM PAGAMENTO DA FOLHA DE PESSOAL DA SECRETARIA MUNICIPAL DE SAUDE (CARGO EFETIVO / RPPS)                                                       .                                                                           VALOR RELATIVO AO MES DE DEZEMBRO/2025                                      .                                                                           VALOR TOTAL:..............................................64.109.811,10     .                                                                           FONTE:  102 - RECEITAS DE IMPOSTOS E DE TRANSFERENCIAS DE IMPOSTOS - SAUDE  FONTE DETALHADA:  527 - TRANSFERENCIAS DE IMPOSTOS/SAUDE                    SOLICITACAO FINANCEIRA NR. 176488-2025                                      ;Não se aplica (Ex.: Despesas com Pessoal);000000000000
20252150002010391;16/12/2025 00:00:00;1231,82;0321152025;18/12/2025 00:00:00;1231,82;202521500020103910001;18/12/2025 00:00:00;1231,82;33904800;OUTROS AUXILIOS FINANCEIROS A PESSOAS FISICAS;00003535714150;SECRETARIA MUNICIPAL DE SAUDE;0,00;SECRETARIA MUNICIPAL DE SAUDE                                                                                                                                                                                                                                ;SAUDE - 10;ADMINISTRACAO GERAL - 122;RECEITAS DE IMPOSTOS E DE TRANSFERENCIAS DE IMPOSTOS - SAUDE - 102;IZADORA MARTINS DA SILVA CABRAL;PAGAMENTO DE AUXILIO MORADIA P/ O(A) PROFISSIONAL MEDICO(A):IZADORA MARTINS DA SILVA CABRAL PARTICIPANTE DO PROGRAMA DE RESIDENCIA MEDICA NA SECRETARIA MUNICIPAL DE SAUDE DE GOIANIA. SEI 24290000186367. VALORES REF.AO PERIODO DEDEZEMBRO DE 2025 - CONFORME INFORMADO NA PLANILHA EMITIDA PELA EMSP/SMS -CPF035.357.141-50 / BANCO: ITAU - AGÊNCIA: 4311- CONTA: 34384-4.               .                                                                           VALOR TOTAL:........................................................1.231,82.                                                                           102 - RECEITAS DE IMPOSTOS E DE TRANSFERENCIAS DE IMPOSTOS - SAUDE          527 - TRANSFERENCIAS DE IMPOSTOS/SAUDE - SOLICITACAO FINANCEIRA:176184 -2025;Não se aplica (Ex.: Despesas com Pessoal);000000000000
20252150002010399;16/12/2025 00:00:00;1231,82;0321042025;18/12/2025 00:00:00;1231,82;202521500020103990001;18/12/2025 00:00:00;1231,82;33904800;OUTROS AUXILIOS FINANCEIROS A PESSOAS FISICAS;00005931817190;SECRETARIA MUNICIPAL DE SAUDE;0,00;SECRETARIA MUNICIPAL DE SAUDE                                                                                                                                                                                                                                ;SAUDE - 10;ADMINISTRACAO GERAL - 122;RECEITAS DE IMPOSTOS E DE TRANSFERENCIAS DE IMPOSTOS - SAUDE - 102;GIOVANNA PASQUALOTTO DE ANDRADE;PAGAMENTO DE AUXILIO MORADIA P/O(A) PROFISSIONAL MEDICO(A):GIOVANNA PASQUALOTTO DE ANDRADE PARTICIPANTE DO PROGRAMA DE RESIDENCIA MEDICA NA SECRETARIA  MUNICIPAL DE SAUDE DE GOIANIA. SEI 2560000105291/PROCEDIMENTO DE CUMPRIMENTODE SENTENCA/DECISAO REF.DEZEMBRO/2025 DESP. 10179 PGM/PJUD. BCO 237. AG 1423CC 26056-8 - CPF:059.318.171-90.                                            .                                                                           VALOR TOTAL:........................................................1.231,82.                                                                           102 - RECEITAS DE IMPOSTOS E DE TRANSFERENCIAS DE IMPOSTOS - SAUDE          527 - TRANSFERENCIAS DE IMPOSTOS/SAUDE - SOLICITACAO FINANCEIRA:176204 -2025;Não se aplica (Ex.: Despesas com Pessoal);000000000000
20252150007710008;02/12/2025 00:00:00;3867489,77;0308112025;03/12/2025 00:00:00;3842489,77;202521500077100080001;03/12/2025 00:00:00;966109,49;33903400;TERCEIRIZACAO DE MAO DE OBRA.;60701190000104;SECRETARIA MUNICIPAL DE SAUDE;4375,00;SECRETARIA MUNICIPAL DE SAUDE                                                                                                                                                                                                                                ;SAUDE - 10;ATENCAO BASICA - 301;TRANSFERENCIA DE RECURSOS DO SISTEMA UNICO DE SAUDE - SUS - BLOCO DE MANUTENCAO DAS ACOES E SERVICOS PUBLICOS DE SAUDE - 107;ITAU UNIBANCO S.A.;DESPESA COM A FOLHA DE PESSOAL DA SECRETARIA MUNICIPAL DE SAUEE REFERENTE AOPAGAMENTO DOS MEDICOS CREDENCIADOS QUE PRESTAM SERVICOS NAS UNIDADES DE SAU-DE DA SMS - SCC:771555 - SEI:25.29.000000391-8__- SCC 771555.               OBS.: VALORES RELATIVOS AO MES DE NOVEMBRO/2025.                            .                                                                           .                                                                           VALOR TOTAL:....................................................3.867.489,77.                                                                           8- TRANSFERENCIA DE RECURSOS DO SUS - ATENCAO PRIMARIA                      SOLICITACAO FINANCEIRA:175587-2025                                          ;Inexigibilidade de Licitação;000000012022
20252150007710008;02/12/2025 00:00:00;3867489,77;0308112025;03/12/2025 00:00:00;3842489,77;202521500077100080002;03/12/2025 00:00:00;1860580,67;33903400;TERCEIRIZACAO DE MAO DE OBRA.;60701190000104;SECRETARIA MUNICIPAL DE SAUDE;4375,00;SECRETARIA MUNICIPAL DE SAUDE                                                                                                                                                                                                                                ;SAUDE - 10;ATENCAO BASICA - 301;TRANSFERENCIA DE RECURSOS DO SISTEMA UNICO DE SAUDE - SUS - BLOCO DE MANUTENCAO DAS ACOES E SERVICOS PUBLICOS DE SAUDE - 107;ITAU UNIBANCO S.A.;DESPESA COM A FOLHA DE PESSOAL DA SECRETARIA MUNICIPAL DE SAUEE REFERENTE AOPAGAMENTO DOS MEDICOS CREDENCIADOS QUE PRESTAM SERVICOS NAS UNIDADES DE SAU-DE DA SMS - SCC:771555 - SEI:25.29.000000391-8__- SCC 771555.               OBS.: VALORES RELATIVOS AO MES DE NOVEMBRO/2025.                            .                                                                           .                                                                           VALOR TOTAL:....................................................3.867.489,77.                                                                           8- TRANSFERENCIA DE RECURSOS DO SUS - ATENCAO PRIMARIA                      SOLICITACAO FINANCEIRA:175587-2025                                          ;Inexigibilidade de Licitação;000000012022
20252150007710008;02/12/2025 00:00:00;3867489,77;0308112025;03/12/2025 00:00:00;3842489,77;202521500077100080003;03/12/2025 00:00:00;1015799,61;33903400;TERCEIRIZACAO DE MAO DE OBRA.;60701190000104;SECRETARIA MUNICIPAL DE SAUDE;4375,00;SECRETARIA MUNICIPAL DE SAUDE                                                                                                                                                                                                                                ;SAUDE - 10;ATENCAO BASICA - 301;TRANSFERENCIA DE RECURSOS DO SISTEMA UNICO DE SAUDE - SUS - BLOCO DE MANUTENCAO DAS ACOES E SERVICOS PUBLICOS DE SAUDE - 107;ITAU UNIBANCO S.A.;DESPESA COM A FOLHA DE PESSOAL DA SECRETARIA MUNICIPAL DE SAUEE REFERENTE AOPAGAMENTO DOS MEDICOS CREDENCIADOS QUE PRESTAM SERVICOS NAS UNIDADES DE SAU-DE DA SMS - SCC:771555 - SEI:25.29.000000391-8__- SCC 771555.               OBS.: VALORES RELATIVOS AO MES DE NOVEMBRO/2025.                            .                                                                           .                                                                           VALOR TOTAL:....................................................3.867.489,77.                                                                           8- TRANSFERENCIA DE RECURSOS DO SUS - ATENCAO PRIMARIA                      SOLICITACAO FINANCEIRA:175587-2025                                          ;Inexigibilidade de Licitação;000000012022
20252150007710008;02/12/2025 00:00:00;3867489,77;0311122025;04/12/2025 00:00:00;20625,00;202521500077100080005;04/12/2025 00:00:00;0,00;33903400;TERCEIRIZACAO DE MAO DE OBRA.;60701190000104;SECRETARIA MUNICIPAL DE SAUDE;4375,00;SECRETARIA MUNICIPAL DE SAUDE                                                                                                                                                                                                                                ;SAUDE - 10;ATENCAO BASICA - 301;TRANSFERENCIA DE RECURSOS DO SISTEMA UNICO DE SAUDE - SUS - BLOCO DE MANUTENCAO DAS ACOES E SERVICOS PUBLICOS DE SAUDE - 107;ITAU UNIBANCO S.A.;DESPESA COM A FOLHA DE PESSOAL DA SECRETARIA MUNICIPAL DE SAUEE REFERENTE AOPAGAMENTO DOS MEDICOS CREDENCIADOS QUE PRESTAM SERVICOS NAS UNIDADES DE SAU-DE DA SMS - SCC:771555 - SEI:25.29.000000391-8__- SCC 771555.               OBS.: VALORES RELATIVOS AO MES DE NOVEMBRO/2025.                            .                                                                           .                                                                           VALOR TOTAL:....................................................3.867.489,77.                                                                           8- TRANSFERENCIA DE RECURSOS DO SUS - ATENCAO PRIMARIA                      SOLICITACAO FINANCEIRA:175587-2025                                          ;Inexigibilidade de Licitação;000000012022
20252150007710008;02/12/2025 00:00:00;3867489,77;0311122025;04/12/2025 00:00:00;20625,00;202521500077100080006;08/12/2025 00:00:00;15211,31;33903400;TERCEIRIZACAO DE MAO DE OBRA.;60701190000104;SECRETARIA MUNICIPAL DE SAUDE;4375,00;SECRETARIA MUNICIPAL DE SAUDE                                                                                                                                                                                                                                ;SAUDE - 10;ATENCAO BASICA - 301;TRANSFERENCIA DE RECURSOS DO SISTEMA UNICO DE SAUDE - SUS - BLOCO DE MANUTENCAO DAS ACOES E SERVICOS PUBLICOS DE SAUDE - 107;ITAU UNIBANCO S.A.;DESPESA COM A FOLHA DE PESSOAL DA SECRETARIA MUNICIPAL DE SAUEE REFERENTE AOPAGAMENTO DOS MEDICOS CREDENCIADOS QUE PRESTAM SERVICOS NAS UNIDADES DE SAU-DE DA SMS - SCC:771555 - SEI:25.29.000000391-8__- SCC 771555.               OBS.: VALORES RELATIVOS AO MES DE NOVEMBRO/2025.                            .                                                                           .                                                                           VALOR TOTAL:....................................................3.867.489,77.                                                                           8- TRANSFERENCIA DE RECURSOS DO SUS - ATENCAO PRIMARIA                      SOLICITACAO FINANCEIRA:175587-2025                                          ;Inexigibilidade de Licitação;000000012022
20252150007710008;02/12/2025 00:00:00;3867489,77;0311122025;04/12/2025 00:00:00;20625,00;202521500077100080004;04/12/2025 00:00:00;5413,69;33903400;TERCEIRIZACAO DE MAO DE OBRA.;60701190000104;SECRETARIA MUNICIPAL DE SAUDE;4375,00;SECRETARIA MUNICIPAL DE SAUDE                                                                                                                                                                                                                                ;SAUDE - 10;ATENCAO BASICA - 301;TRANSFERENCIA DE RECURSOS DO SISTEMA UNICO DE SAUDE - SUS - BLOCO DE MANUTENCAO DAS ACOES E SERVICOS PUBLICOS DE SAUDE - 107;ITAU UNIBANCO S.A.;DESPESA COM A FOLHA DE PESSOAL DA SECRETARIA MUNICIPAL DE SAUEE REFERENTE AOPAGAMENTO DOS MEDICOS CREDENCIADOS QUE PRESTAM SERVICOS NAS UNIDADES DE SAU-DE DA SMS - SCC:771555 - SEI:25.29.000000391-8__- SCC 771555.               OBS.: VALORES RELATIVOS AO MES DE NOVEMBRO/2025.                            .                                                                           .                                                                           VALOR TOTAL:....................................................3.867.489,77.                                                                           8- TRANSFERENCIA DE RECURSOS DO SUS - ATENCAO PRIMARIA                      SOLICITACAO FINANCEIRA:175587-2025                                          ;Inexigibilidade de Licitação;000000012022
20252150013210008;10/12/2025 00:00:00;8700,00;;;0,00;;;0,00;44905200;EQUIPAMENTOS E MATERIAL PERMANENTE;08979861000175;SECRETARIA MUNICIPAL DE SAUDE;8700,00;SECRETARIA MUNICIPAL DE SAUDE                                                                                                                                                                                                                                ;SAUDE - 10;ATENCAO BASICA - 301;TRANSFERENCIA DE RECURSOS DO SISTEMA UNICO DE SAUDE - SUS - BLOCO DE MANUTENCAO DAS ACOES E SERVICOS PUBLICOS DE SAUDE - 107;BIOTRON EQUIPAMENTOS MEDICOS LTDA;DESPESA COM AQUISICAO DE APARELHO DESTILADOR AGUA AUTOMATICO 2 A 10L ATRAVESDO 1º PEDIDO FILHO, ATA DE REGISTRO DE PRECOS Nº 019/2025, PREGAO ELETRONICONº 90027/2024 - SCC:796825 - SEI:25.29.000044871-5                          CONF. MEMORANDO 261/2025-GEREMO, PARECER 352/2025-GERPSR, PEDIDO DE COMPRA N679/2025                                                                    .                                                                           01 (ITEM R02) - APARELHO DESTILADOR AGUA AUTOMATICO 2 A 10L-MARCA: BIOTRON  COD:191230...............20UN.............435,00...................8.700,00 VALOR TOTAL:.......................................................8.700,00 .                                                                           OBS: O FORNECIMENTO DEVERA SER EFETUADO C/ PRAZO NAO SUP. A 20 DIAS         CORRIDOS CONFORME TERMO DE REFERENCIA (8606627) CONTADOS A PARTIR DO        RECEBIMENTO DA NOTA DE EMPENHO,ENTREGA EM PERFEITAS CONDICOES C/A DEVIDA    NOTA FISCAL, DETALHANDO MARCA/FABRICANTE/MODELO/TIPO/PROCEDENCIA. DEMAIS    ESCLARECIMENTOS CONFORME MEMO 261/2025, PARECER 352/2025, PE 90027/2024,    ATA 19/2025, PROCESSO SEI: 25.29.000044871-5 E DOCUMENTOS EM ANEXO.         .                                                                           LOCAL DA ENTREGA:ALMOXARIFADO CENTRAL SMS, AV.PERIMETRAL NORTE COND.GOIA    ZEM, BL.E, GALPOES 09/10, VL.JOAO VAZ, CEP:74.425-090, GO/GO. FONES:62-3    524-3401/3407, HORARIO:08:00 AS 17:00.                                      .                                                                           8 - TRANSFERENCIA DE RECURSOS DO SUS - ATENCAO PRIMARIA                     SOLICITACAO FINANCEIRA: 175860/2025                                         ;Pregão;000900272025
20252150022310026;02/12/2025 00:00:00;277200,00;;;0,00;;;0,00;33903000;MATERIAL DE CONSUMO;43640754000119;SECRETARIA MUNICIPAL DE SAUDE;277200,00;SECRETARIA MUNICIPAL DE SAUDE                                                                                                                                                                                                                                ;SAUDE - 10;ASSISTENCIA HOSPITALAR E AMBULATORIAL - 302;TRANSFERENCIA DE RECURSOS DO SISTEMA UNICO DE SAUDE - SUS / ESTADOS - 131;FURP FUNDACAO PARA O REMEDIO POPULAR;DESPESA COM AQUISICAO DE BENZILPENICILINA G BENZATINA 1.200.000 UI PO LIOFI-LIZADO PARA SUSPENSAO INJETAVEL PARA ATENDER AS NECESSIDADES DA SMS CONF. DOCUMENTO DE FORMALIZACAO DA DEMANDA 147-SMS/GEREMO, PARECER Nº 336/2025-SMS /GERPSR, PEDIDO DE COMPRA Nº 650/2025. SCC: 795985 - SEI 25.29.000042218-0  -SOLICITACAO FINANCEIRA:175413 - 2025.                                       .                                                                           .                                                                           ITEM 1-BENZILPENICILINA BENZATINA 1.200.000UI PO P/ SOLUCAO INJETAVEL FRASCO-AMPOLA M:FURP - RENAME                                                     COD:16713...........50.400,00 UN.............5,5000...............277.200,00VALOR TOTAL:......................................................277.200,00.                                                                           A ENTREGA DOS BENS SERA EM TRES REMESSAS, EM ATE 15 (QUINZE) DIAS CORRIDOS,APARTIR DA INTIMACAO, CONTADOS APOS O RECEBIMENTO DA ORDEM DE ENTREGA OU NOTADE EMPENHO/AUTORIZACAO DE FORNECIMENTO, ACOMPANHADOS DOS DOCUMENTOS FISCAIS RESPECTIVOS, DEVE CONTER, OBRIGATORIAMENTE, A ESPECIFICACAO DO ITEM,MARCA DOFABRICANTE E QUANTIDADE ENTREGUE. A SEGUNDA REMESSA DEVERA SER ENTREGUE APOS120 (CENTO E VINTE) DIAS CORRIDOS DA DATA DE ENTREGA DA PRIMEIRA REMESSA, EMATE 15 (QUINZE) DIAS CORRIDOS, A PARTIR DA INTIMACAO, CONTADOS APOS O RECEBIMENTO DA ORDEM DE ENTREGA OU NOTA DE EMPENHO/AUTORIZACAO DE FORNECIMENTO,   ACOMPANHADOS DOS DOCUMENTOS FISCAIS RESPECTIVOS, DEVE CONTER, OBRIGATORIAMENTE, A ESPECIFICACAO DO ITEM, MARCA DO FABRICANTE E QUANTIDADE ENTREGUE. A TERCEIRA REMESSA DEVERA SER ENTREGUE APóS 120 (CENTO E VINTE) DIAS CORRIDOS DADATA DE ENTREGA DA SEGUNDA REMESSA, EM ATE 15(QUINZE)DIAS CORRIDOS, A PARTIRDA INTIMACAO, CONTADOS APóS O RECEBIMENTO DA ORDEM DE ENTREGA OU NOTA DE EM-PENHO//AUTORIZACAO DE FORNECIMENTO, ACOMPANHADOS DOS DOCUMENTOS FISCAIS RESPECTIVOS, DEVE CONTER, OBRIGATORIAMENTE, A ESPECIFICACAO DO ITEM, MARCA DO FABRICANTE E QUANTIDADE ENTREGUE.OS BENS DEVERAO SER ENTREGUES NO ALMOXARIFADOCENTRAL DA SECRETARIA MUNICIPAL DE SAUDE, NO SEGUINTE ENDERECO: AVENIDA PERIMETRAL NORTE, COND.GOIAZEM, BL.E, GALPOES 09/10, VL.JOAO VAZ,CEP:74.445-190,GOIANIA/GO.AS ENTREGAS DEVERAO SER EFETUADAS MEDIANTE AGENDAMENTO PREVIO, NOE-MAIL CIAD.GOIANIA@BRANETLOGISTICA.COM.BR, MAIORES INFORMACOES PELOS TELEFONES: (62) 3524-3404/3407.DEMAIS ESCLARECIMENTOS CONFORME A DOCUMENTACAO EM ANEXO NO SEI 25.29.000042218-0.                                              .                                                                           17 - MEDIA ALTA COMPLEXIDADE - MAC                                          ;Dispensa de Licitação;000003362025
20252150002010374;16/12/2025 00:00:00;1231,82;0321232025;18/12/2025 00:00:00;1231,82;202521500020103740001;18/12/2025 00:00:00;1231,82;33904800;OUTROS AUXILIOS FINANCEIROS A PESSOAS FISICAS;00004688691157;SECRETARIA MUNICIPAL DE SAUDE;0,00;SECRETARIA MUNICIPAL DE SAUDE                                                                                                                                                                                                                                ;SAUDE - 10;ADMINISTRACAO GERAL - 122;RECEITAS DE IMPOSTOS E DE TRANSFERENCIAS DE IMPOSTOS - SAUDE - 102;LILIAN CASSIA GOMES CINTRA;PAGAMENTO DE AUXILIO MORADIA PARA O(A) PROFISSIONAL MEDICO(A):LILIAN CASSIA GOMES CINTRA   PARTICIPANTE DO PROGRAMA DE RESIDENCIA MEDICA NA SECRETARIA  MUNICIPAL DE SAUDE DE GOIANIA. SEI 24290000186367. VALORES REF.AO PERIODO DEDEZEMBRO DE 2025 - CONFORME INFORMADO NA PLANILHA EMITIDA PELA EMSP/SMS -CPF046.886.911-57 / BANCO: ITAU - AGENCIA: 7934- CONTA:33999-0.                .                                                                           VALOR TOTAL:........................................................1.231,82.                                                                           102 - RECEITAS DE IMPOSTOS E DE TRANSFERENCIAS DE IMPOSTOS - SAUDE          527 - TRANSFERENCIAS DE IMPOSTOS/SAUDE -SOLICITACAO FINANCEIRA:176194 - 2025;Não se aplica (Ex.: Despesas com Pessoal);000000000000
20252150002010375;16/12/2025 00:00:00;1231,82;0321212025;18/12/2025 00:00:00;0,00;;;0,00;33904800;OUTROS AUXILIOS FINANCEIROS A PESSOAS FISICAS;00004681880108;SECRETARIA MUNICIPAL DE SAUDE;0,00;SECRETARIA MUNICIPAL DE SAUDE                                                                                                                                                                                                                                ;SAUDE - 10;ADMINISTRACAO GERAL - 122;RECEITAS DE IMPOSTOS E DE TRANSFERENCIAS DE IMPOSTOS - SAUDE - 102;MIRELE ALVES DA SILVA;PAGAMENTO DE AUXILIO MORADIA PARA O(A) PROFISSIONAL MEDICO(A): MIRELE ALVES DA SILVA   -   PARTICIPANTE DO PROGRAMA DE RESIDENCIA MEDICA NA SECRETARIA  MUNICIPAL DE SAUDE DE GOIANIA. SEI 24290000186367. VALORES REF.AO PERIODO DEDEZEMBRO DE 2025 - CONFORME INFORMADO NA PLANILHA EMITIDA PELA EMSP/SMS -CPF046.818.801-08 /BANCO: BRADESCO - AGENCIA:2147/CONTA: 52146-9.              .                                                                           VALOR TOTAL:........................................................1.231,82.                                                                           102 - RECEITAS DE IMPOSTOS E DE TRANSFERENCIAS DE IMPOSTOS - SAUDE          527 - TRANSFERENCIAS DE IMPOSTOS/SAUDE -SOLICITACAO FINANCEIRA:176197 - 2025;Não se aplica (Ex.: Despesas com Pessoal);000000000000
20252150002010375;16/12/2025 00:00:00;1231,82;0321312025;18/12/2025 00:00:00;1231,82;202521500020103750001;18/12/2025 00:00:00;1231,82;33904800;OUTROS AUXILIOS FINANCEIROS A PESSOAS FISICAS;00004681880108;SECRETARIA MUNICIPAL DE SAUDE;0,00;SECRETARIA MUNICIPAL DE SAUDE                                                                                                                                                                                                                                ;SAUDE - 10;ADMINISTRACAO GERAL - 122;RECEITAS DE IMPOSTOS E DE TRANSFERENCIAS DE IMPOSTOS - SAUDE - 102;MIRELE ALVES DA SILVA;PAGAMENTO DE AUXILIO MORADIA PARA O(A) PROFISSIONAL MEDICO(A): MIRELE ALVES DA SILVA   -   PARTICIPANTE DO PROGRAMA DE RESIDENCIA MEDICA NA SECRETARIA  MUNICIPAL DE SAUDE DE GOIANIA. SEI 24290000186367. VALORES REF.AO PERIODO DEDEZEMBRO DE 2025 - CONFORME INFORMADO NA PLANILHA EMITIDA PELA EMSP/SMS -CPF046.818.801-08 /BANCO: BRADESCO - AGENCIA:2147/CONTA: 52146-9.              .                                                                           VALOR TOTAL:........................................................1.231,82.                                                                           102 - RECEITAS DE IMPOSTOS E DE TRANSFERENCIAS DE IMPOSTOS - SAUDE          527 - TRANSFERENCIAS DE IMPOSTOS/SAUDE -SOLICITACAO FINANCEIRA:176197 - 2025;Não se aplica (Ex.: Despesas com Pessoal);000000000000
20252150002010377;16/12/2025 00:00:00;1231,82;0321372025;18/12/2025 00:00:00;1231,82;202521500020103770001;18/12/2025 00:00:00;1231,82;33904800;OUTROS AUXILIOS FINANCEIROS A PESSOAS FISICAS;00000505464225;SECRETARIA MUNICIPAL DE SAUDE;0,00;SECRETARIA MUNICIPAL DE SAUDE                                                                                                                                                                                                                                ;SAUDE - 10;ADMINISTRACAO GERAL - 122;RECEITAS DE IMPOSTOS E DE TRANSFERENCIAS DE IMPOSTOS - SAUDE - 102;VANESSA CRISTINA GUEDES SILVEIRA;PAGAMENTO DE AUXILIO MORADIA PARA O(A) PROFISSIONAL MEDICO(A): VANESSA CRIS-TINA GUEDES SILVEIRA PARTICIPANTE DO DO PROGRAMA DE RESIDENCIA MEDICA NA SMSDE GOIANIA. SEI 24290000186367. VALORES REF.AO PERIODO DEDEZEMBRO DE 2025 - CONFORME INFORMADO NA PLANILHA EMITIDA PELA EMSP/SMS -CPF:005.054.642-25/   BANCO: ITAÚ - AGÊNCIA: 7247 - CONTA: 43605-3.                               .                                                                           VALOR TOTAL:........................................................1.231,82.                                                                           102 - RECEITAS DE IMPOSTOS E DE TRANSFERENCIAS DE IMPOSTOS - SAUDE          527 - TRANSFERENCIAS DE IMPOSTOS/SAUDE - SOLICITACAO FINANCEIRA:176202 -2025;Não se aplica (Ex.: Despesas com Pessoal);000000000000
20252150002010378;16/12/2025 00:00:00;1231,82;0321382025;18/12/2025 00:00:00;1231,82;202521500020103780001;18/12/2025 00:00:00;1231,82;33904800;OUTROS AUXILIOS FINANCEIROS A PESSOAS FISICAS;00075002574149;SECRETARIA MUNICIPAL DE SAUDE;0,00;SECRETARIA MUNICIPAL DE SAUDE                                                                                                                                                                                                                                ;SAUDE - 10;ADMINISTRACAO GERAL - 122;RECEITAS DE IMPOSTOS E DE TRANSFERENCIAS DE IMPOSTOS - SAUDE - 102;VITORIA NOBREGA DE MACEDO;PAGAMENTO DE AUXILIO MORADIA PARA O(A) PROFISSIONAL MEDICO(A): VITORIA NOBREGA DE MACEDO   PARTICIPANTE DO PROGRAMA DE RESIDENCIA MEDICA NA SECRETARIA  MUNICIPAL DE SAUDE DE GOIANIA. SEI 24290000186367. VALORES REF.AO PERIODO DEDEZEMBRO DE 2025 - CONFORME INFORMADO NA PLANILHA EMITIDA PELA EMSP/SMS -CPF750.025.741-49 / BANCO: BRADESCO - AGÊNCIA: 1283 - CONTA: 16406-2.          .                                                                           VALOR TOTAL:........................................................1.231,82.                                                                           102 - RECEITAS DE IMPOSTOS E DE TRANSFERENCIAS DE IMPOSTOS - SAUDE          527 - TRANSFERENCIAS DE IMPOSTOS/SAUDE - SOLICITACAO FINANCEIRA:176203 -2025;Não se aplica (Ex.: Despesas com Pessoal);000000000000
20252150002110007;19/12/2025 00:00:00;2511289,73;0327562025;19/12/2025 00:00:00;2499679,73;202521500021100070003;19/12/2025 00:00:00;2499679,73;33904900;AUXILIO - TRANSPORTE;60701190000104;SECRETARIA MUNICIPAL DE SAUDE;0,00;SECRETARIA MUNICIPAL DE SAUDE                                                                                                                                                                                                                                ;SAUDE - 10;ADMINISTRACAO GERAL - 122;RECEITAS DE IMPOSTOS E DE TRANSFERENCIAS DE IMPOSTOS - SAUDE - 102;ITAU UNIBANCO S.A.;DESPESA COM PAGAMENTO DA FOLHA DE PESSOAL DA SECRETARIA   MUNICIPAL DE SAUDE(AUXILIO TRANSPORTE ). SEI 25.27.000008982-6.____OBS:MES DE DEZEMBRO/2025.  .                                                                           VALOR TOTAL:....................................................2.511.289,73.                                                                           FONTE:102-RECEITAS DE IMPOSTOS E DE TRANSFERENCIAS DE IMPOSTOS - SAUDE      FONTE DETALHADA:527-TRANSFERENCIAS DE IMPOSTOS / SAUDE                      SOLICITACAO FINANCEIRA : 176475-2025.                                       ;Não se aplica (Ex.: Despesas com Pessoal);000000000000
20252150002110007;19/12/2025 00:00:00;2511289,73;0327622025;19/12/2025 00:00:00;1496,40;202521500021100070001;19/12/2025 00:00:00;1496,40;33904900;AUXILIO - TRANSPORTE;60701190000104;SECRETARIA MUNICIPAL DE SAUDE;0,00;SECRETARIA MUNICIPAL DE SAUDE                                                                                                                                                                                                                                ;SAUDE - 10;ADMINISTRACAO GERAL - 122;RECEITAS DE IMPOSTOS E DE TRANSFERENCIAS DE IMPOSTOS - SAUDE - 102;ITAU UNIBANCO S.A.;DESPESA COM PAGAMENTO DA FOLHA DE PESSOAL DA SECRETARIA   MUNICIPAL DE SAUDE(AUXILIO TRANSPORTE ). SEI 25.27.000008982-6.____OBS:MES DE DEZEMBRO/2025.  .                                                                           VALOR TOTAL:....................................................2.511.289,73.                                                                           FONTE:102-RECEITAS DE IMPOSTOS E DE TRANSFERENCIAS DE IMPOSTOS - SAUDE      FONTE DETALHADA:527-TRANSFERENCIAS DE IMPOSTOS / SAUDE                      SOLICITACAO FINANCEIRA : 176475-2025.                                       ;Não se aplica (Ex.: Despesas com Pessoal);000000000000
20252150002110007;19/12/2025 00:00:00;2511289,73;0327652025;19/12/2025 00:00:00;10113,60;202521500021100070002;19/12/2025 00:00:00;10113,60;33904900;AUXILIO - TRANSPORTE;60701190000104;SECRETARIA MUNICIPAL DE SAUDE;0,00;SECRETARIA MUNICIPAL DE SAUDE                                                                                                                                                                                                                                ;SAUDE - 10;ADMINISTRACAO GERAL - 122;RECEITAS DE IMPOSTOS E DE TRANSFERENCIAS DE IMPOSTOS - SAUDE - 102;ITAU UNIBANCO S.A.;DESPESA COM PAGAMENTO DA FOLHA DE PESSOAL DA SECRETARIA   MUNICIPAL DE SAUDE(AUXILIO TRANSPORTE ). SEI 25.27.000008982-6.____OBS:MES DE DEZEMBRO/2025.  .                                                                           VALOR TOTAL:....................................................2.511.289,73.                                                                           FONTE:102-RECEITAS DE IMPOSTOS E DE TRANSFERENCIAS DE IMPOSTOS - SAUDE      FONTE DETALHADA:527-TRANSFERENCIAS DE IMPOSTOS / SAUDE                      SOLICITACAO FINANCEIRA : 176475-2025.                                       ;Não se aplica (Ex.: Despesas com Pessoal);000000000000
20252150006710238;03/12/2025 00:00:00;4478,00;;;0,00;;;0,00;33903000;MATERIAL DE CONSUMO;46983819000117;SECRETARIA MUNICIPAL DE SAUDE;4478,00;SECRETARIA MUNICIPAL DE SAUDE                                                                                                                                                                                                                                ;SAUDE - 10;ATENCAO BASICA - 301;TRANSFERENCIA DE RECURSOS DO SISTEMA UNICO DE SAUDE - SUS - BLOCO DE MANUTENCAO DAS ACOES E SERVICOS PUBLICOS DE SAUDE - 107;FAZ VENDAS LTDA;ACOMPANHADOS DOS DOCUMENTOS FISCAIS RESPECTIVOS, DEVE CONTER, OBRIGATORIAMENTE, A ESPECIFICACAO DO ITEM, MARCA DO FABRICANTE E QUANTIDADE ENTREGUE.     ENTREGA:NO ALMOXARIFADO CENTRAL DA SMS/GOIANIA/GO, AV.PERIMETRAL NORTE, BL.EGALPAO:09 E 10, VL.JOAO VAZ, CEP:74.425-090, GOIANIA-GO. A ENTREGA DOS BENS DEVERAO SER EFETUADAS C/AGENDAMENTO PREVIO,NO EMAIL:CIAD.GOIANIA@BRANETOLGISTICA.COM.BR, MAIORES INFORMACOES PELOS TELEFONES:(62)3524-3404/3407.        DEMAIS ESCLARECIMENTOS MEMORANDO 83 (7208290)-GEREMO, EDITAL (7208322) E ANEXOS.DESPACHO Nº 1081/2025-GEREMO.                                           .                                                                           8 - TRANSFERENCIA DE RECURSOS DO SUS - ATENCAO PRIMARIA                     DESPESA COM A AQUISICAO DE MATERIAIS/INSUMOS(LACRE PLASTICO NUMERACAO)  POR MEIO DO 1ºPEDIDO FILHO,ATA DE REGISTRO DE PREÇOS Nº 004/2025,PREGAO ELETRONICO N.90025/2024-SRP. CONF.MEMORANDO 83/2025,PARECER Nº103/2025,PEDIDO DE COMPRAS Nº218/2025,DESP.N.317/2025PRECEL. SCC:781933, SEI 25.29.000023448-0, SOLICITACAO FINANCEIRA: 164747 - 2025.                                        .                                                                           1-(ITEM R27) - LACRE PLASTICO NUMERACAO - MARCA: BLESSED SEALS              COD:263125.............200PT..............22,39.....................4.478,00VALOR TOTAL:........................................................4.478,00.                                                                           O PRAZO DE ENTREGA DOS BENS E DE 20 (VINTE) DIAS UTEIS, CONTADOS APOS O RECEBIMENTO DA ORDEM DE ENTREGA OU NOTA DE EMPENHO/AUTORIZACAO DE FORNECIMENTO E;Pregão;000900252024
20252150011310007;03/12/2025 00:00:00;27379,00;;;0,00;;;0,00;33909300;INDENIZACOES E RESTITUICOES;01569466005649;SECRETARIA MUNICIPAL DE SAUDE;27379,00;SECRETARIA MUNICIPAL DE SAUDE                                                                                                                                                                                                                                ;SAUDE - 10;ATENCAO BASICA - 301;TRANSFERENCIA DE RECURSOS DO SISTEMA UNICO DE SAUDE - SUS - BLOCO DE MANUTENCAO DAS ACOES E SERVICOS PUBLICOS DE SAUDE - 107;ARQUIDIOCESE DE GOIANIA PAROQ N SRA DO PERPETUO SOCORRO;FONTE 107-TRANSFERENCIA DE RECURSOS DO SISTEMA UNICO DE SAUDE - SUS - BLOCO DE_MANUTENCAO DAS ACOES E SERVICOS PUBLICOS DE SAUDE                        FONTE DETALHADA:8 - TRANSFERENCIA DE RECURSOS DO SUS - ATENCAO PRIMARIA     DESPESA COM PAGAMENTO INDENIZATORIO DE ALUGUEL PARA O IMOVEL ONDE ESTA LOCA-LIZADO O CENTRO DE SAUDE NORTE FERROVIARIO.DESPACHO 540 GERFINF - IMOVEL SEMCOBERTURA CONTRATUAL APOS TERMINO DO 5º ADITIVO DO CONTRATO DE LOCACAO Nº100/2019 - PERIODO 02/05/2025 A 31/11/2025. SEI 25.29.000045926-1 - SOLICITACAOFINANCEIRA:175593 - 2025.                                                   .                                                                           VALOR TOTAL:.......................................................27.379,00.                                                                           ;Não se aplica (Ex.: Despesas com Pessoal);000000000000
20252150021810320;04/12/2025 00:00:00;2490,00;;;0,00;;;0,00;33903000;MATERIAL DE CONSUMO;51899357000194;SECRETARIA MUNICIPAL DE SAUDE;2490,00;SECRETARIA MUNICIPAL DE SAUDE                                                                                                                                                                                                                                ;SAUDE - 10;ASSISTENCIA HOSPITALAR E AMBULATORIAL - 302;TRANSFERENCIA DE RECURSOS DO SISTEMA UNICO DE SAUDE - SUS - BLOCO DE MANUTENCAO DAS ACOES E SERVICOS PUBLICOS DE SAUDE - 107;NEW START NEGOCIOS LTDA;DESPESA COM MATERIAL DE LIMPEZA E CONSERVACAO E ARTIGO DOMESTICOS, (JARRA PLASTICAS 2 LITROS) PARA SUPRIR AS NECESSIDADES DE SERV. REIDRATACAO VIA ORAL DAS UNIDADES DA SMS DOCUMENTO DE FORMALIZACAO DE DEMANDA 138 - ETP 8376058 -PARECER 313 GERPSR - DESPACHO NR 931/GERCOM - AVISO 92/GERCOM - DESPACHO 997GERCOM - DESPACHO 1051/GEREMO                                               .                                                                           01 - JARRA PLASTICA COZINHA 2L - MARCA:GIPLAS                               COD:062839..............300UN..............08,30...................2.490,00 VALOR TOTAL:.......................................................2.490,00 .                                                                           SERA EM REMESSA UNICA, NO PRAZO NãO SUPERIOR A 10 (DEZ) DIAS CORRIDOS, CONTADOS APOS O RECEBIMENTO DA ORDEM DE ENTREGA OU NOTA DE EMPENHO/AUTORIZACAO DEFORNECIMENTO, ACOMPANHADOS DOS DOCUMENTOS FISCAIS RESPECTIVOS, DEVE CONTER, OBRIGATORIAMENTE, A ESPECIFICAçãO DO ITEM, MARCA DO FABRICANTE E QUANTIDADE ENTREGUE, BEM COMO O SEU ACONDICIONAMENTO.                                  .                                                                           OS BENS DEVERAO SER ENTREGUES NO ALMOXARIFADO CENTRAL DA SECRETARIA MUNICIPAL DE SAUDE DE GOIANIA, SEDIADO NA AVENIDA PERIMETRAL NORTE N° 2.859, VILA JOAO VAZ, CONDOMINIO GOYAZEM BLOCO E GALPOES DE 06 A 10, CEP 74.445-190, GOIANIA-GO.                                                                      .                                                                           64 - TRANSFERENCIAS DE RECURSOS DO SUS - ATENCAO ESPECIALIZADA              SOLICITACAO FINANCEIRA: 175546/2025                                         ;Dispensa de Licitação;000000332025
20252150024810103;12/12/2025 00:00:00;25506,82;0319092025;15/12/2025 00:00:00;25506,82;202521500248101030001;16/12/2025 00:00:00;25506,82;33903900;OUTROS SERVICOS DE TERCEIROS - PESSOA JURIDICA;02778769000160;SECRETARIA MUNICIPAL DE SAUDE;0,00;SECRETARIA MUNICIPAL DE SAUDE                                                                                                                                                                                                                                ;SAUDE - 10;ASSISTENCIA HOSPITALAR E AMBULATORIAL - 302;TRANSFERENCIA DE RECURSOS DO SISTEMA UNICO DE SAUDE - SUS - BLOCO DE MANUTENCAO DAS ACOES E SERVICOS PUBLICOS DE SAUDE - 107;CEMPRE III CENTRO DE MEDICINA INTEGRADA LTDA;DESPESA COM REPASSE FINANCEIRO COMPLEMENTAR DECORRENTE DA ASSISTENCIA FINAN-CEIRA DA UNIAO E DESTINADA AO PISO SALARIAL DE ENFERMAGEM AS INSTITUICOES FILANTROPICAS DE GOIANIA VALOR RELATIVO AO 13ºSALARIO CONFORME INFORMADO NO DEESPACHO DIRPS. SCC:773850 - SOLICITACAO FINANCEIRA:175979 - 2025.           .                                                                           .                                                                           VALOR TOTAL:.......................................................25.506,82.                                                                           107 - TRANSFERENCIA DE RECURSOS DO SISTEMA UNICO DE SAUDE - SUS - BLOCO DE  MANUTENCAO DAS ACOES E SERVICOS PUBLICOS DE SAUDE                           FONTE DETALHADA: 97-ASSISTENCIA FINANCEIRA PARA COMPLEMENTACAO PISO - ENFER-MAGEM                                                                       FONTE/CO STN:1605 0000-ASSISTENCIA FINANCEIRA DA UNIAO DESTINADA A COMPLEMENTACAO AO PAGAMENTO DOS PISOS SALARIAIS PARA PROFISSIONAIS DA ENFERMAGEM     ;Outros (Convênios, ajustes, similares, etc.);000000842025
20252150024810106;12/12/2025 00:00:00;62154,60;0319312025;15/12/2025 00:00:00;62154,60;202521500248101060001;16/12/2025 00:00:00;62154,60;33903900;OUTROS SERVICOS DE TERCEIROS - PESSOA JURIDICA;01004795000179;SECRETARIA MUNICIPAL DE SAUDE;0,00;SECRETARIA MUNICIPAL DE SAUDE                                                                                                                                                                                                                                ;SAUDE - 10;ASSISTENCIA HOSPITALAR E AMBULATORIAL - 302;TRANSFERENCIA DE RECURSOS DO SISTEMA UNICO DE SAUDE - SUS - BLOCO DE MANUTENCAO DAS ACOES E SERVICOS PUBLICOS DE SAUDE - 107;DAVITA SERVICOS DE NEFROLOGIA GOIANIA LTDA.;DESPESA COM REPASSE FINANCEIRO COMPLEMENTAR DECORRENTE DA ASSISTENCIA FINAN-CEIRA DA UNIAO E DESTINADA AO PISO SALARIAL DE ENFERMAGEM AS INSTITUICOES FILANTROPICAS DE GOIANIA VALOR RELATIVO AO 13ºSALARIO CONFORME INFORMADO NO DEESPACHO DIRPS._SCC:774228 - SOLICITACAO FINANCEIRA:175985 - 2025.           .                                                                           .                                                                           VALOR TOTAL:.......................................................62.154,60.                                                                           107 - TRANSFERENCIA DE RECURSOS DO SISTEMA UNICO DE SAUDE - SUS - BLOCO DE  MANUTENCAO DAS ACOES E SERVICOS PUBLICOS DE SAUDE                           FONTE DETALHADA: 97-ASSISTENCIA FINANCEIRA PARA COMPLEMENTACAO PISO - ENFER-MAGEM                                                                       FONTE/CO STN:1605 0000-ASSISTENCIA FINANCEIRA DA UNIAO DESTINADA A COMPLEMENTACAO AO PAGAMENTO DOS PISOS SALARIAIS PARA PROFISSIONAIS DA ENFERMAGEM     ;Outros (Convênios, ajustes, similares, etc.);000001482025
20252150024810113;12/12/2025 00:00:00;79567,37;0319382025;15/12/2025 00:00:00;79567,37;202521500248101130001;16/12/2025 00:00:00;79567,37;33903900;OUTROS SERVICOS DE TERCEIROS - PESSOA JURIDICA;01525849000141;SECRETARIA MUNICIPAL DE SAUDE;0,00;SECRETARIA MUNICIPAL DE SAUDE                                                                                                                                                                                                                                ;SAUDE - 10;ASSISTENCIA HOSPITALAR E AMBULATORIAL - 302;TRANSFERENCIA DE RECURSOS DO SISTEMA UNICO DE SAUDE - SUS - BLOCO DE MANUTENCAO DAS ACOES E SERVICOS PUBLICOS DE SAUDE - 107;MATERNIDADE E HOSPITAL SAO JUDAS TADEU LTDA;DESPESA COM REPASSE FINANCEIRO COMPLEMENTAR DECORRENTE DA ASSISTENCIA FINAN-CEIRA DA UNIAO E DESTINADA AO PISO SALARIAL DE ENFERMAGEM AS INSTITUICOES FILANTROPICAS DE GOIANIA VALOR RELATIVO AO 13ºSALARIO CONFORME INFORMADO NO DEESPACHO DIRPS._SCC:773884 - SOLICITACAO FINANCEIRA:175997 - 2025.           .                                                                           .                                                                           VALOR TOTAL:.......................................................79.567,37.                                                                           107 - TRANSFERENCIA DE RECURSOS DO SISTEMA UNICO DE SAUDE - SUS - BLOCO DE  MANUTENCAO DAS ACOES E SERVICOS PUBLICOS DE SAUDE                           FONTE DETALHADA: 97-ASSISTENCIA FINANCEIRA PARA COMPLEMENTACAO PISO - ENFER-MAGEM                                                                       FONTE/CO STN:1605 0000-ASSISTENCIA FINANCEIRA DA UNIAO DESTINADA A COMPLEMENTACAO AO PAGAMENTO DOS PISOS SALARIAIS PARA PROFISSIONAIS DA ENFERMAGEM     ;Outros (Convênios, ajustes, similares, etc.);000000822025
20252150024810116;12/12/2025 00:00:00;35177,84;0319412025;15/12/2025 00:00:00;35177,84;202521500248101160001;16/12/2025 00:00:00;35177,84;33903900;OUTROS SERVICOS DE TERCEIROS - PESSOA JURIDICA;02043906000119;SECRETARIA MUNICIPAL DE SAUDE;0,00;SECRETARIA MUNICIPAL DE SAUDE                                                                                                                                                                                                                                ;SAUDE - 10;ASSISTENCIA HOSPITALAR E AMBULATORIAL - 302;TRANSFERENCIA DE RECURSOS DO SISTEMA UNICO DE SAUDE - SUS - BLOCO DE MANUTENCAO DAS ACOES E SERVICOS PUBLICOS DE SAUDE - 107;RENALCLINICA CLINICA DE NEFROLOGIA LTDA;DESPESA COM REPASSE FINANCEIRO COMPLEMENTAR DECORRENTE DA ASSISTENCIA FINAN-CEIRA DA UNIAO E DESTINADA AO PISO SALARIAL DE ENFERMAGEM AS INSTITUICOES FILANTROPICAS DE GOIANIA VALOR RELATIVO AO 13ºSALARIO CONFORME INFORMADO NO DEESPACHO DIRPS._SCC:773752 - SOLICITACAO FINANCEIRA:176005 - 2025.           .                                                                           .                                                                           VALOR TOTAL:.......................................................35.177,84.                                                                           107 - TRANSFERENCIA DE RECURSOS DO SISTEMA UNICO DE SAUDE - SUS - BLOCO DE  MANUTENCAO DAS ACOES E SERVICOS PUBLICOS DE SAUDE                           FONTE DETALHADA: 97-ASSISTENCIA FINANCEIRA PARA COMPLEMENTACAO PISO - ENFER-MAGEM                                                                       FONTE/CO STN:1605 0000-ASSISTENCIA FINANCEIRA DA UNIAO DESTINADA A COMPLEMENTACAO AO PAGAMENTO DOS PISOS SALARIAIS PARA PROFISSIONAIS DA ENFERMAGEM     ;Outros (Convênios, ajustes, similares, etc.);000000022025
20252150024910929;11/12/2025 00:00:00;251433,72;0317242025;11/12/2025 00:00:00;251433,72;202521500249109290001;11/12/2025 00:00:00;251433,72;33903900;OUTROS SERVICOS DE TERCEIROS - PESSOA JURIDICA;45349461000102;SECRETARIA MUNICIPAL DE SAUDE;0,00;SECRETARIA MUNICIPAL DE SAUDE                                                                                                                                                                                                                                ;SAUDE - 10;ASSISTENCIA HOSPITALAR E AMBULATORIAL - 302;TRANSFERENCIA DE RECURSOS DO SISTEMA UNICO DE SAUDE - SUS - BLOCO DE MANUTENCAO DAS ACOES E SERVICOS PUBLICOS DE SAUDE - 107;ASSOCIACAO HOSPITALAR BENEFICENTE DO BRASIL;FONTE/CO STN 1600 0000 - TRANSFERENCIAS FUNDO A FUNDO DE RECURSOS DO SUS PROVENIENTES DO GOVERNO FEDERAL-BLOCO DE MANUTENCAO DAS ACOES E SERVICOS PUBLI-COS DE SAUDE                                                                SOLICITACAO FINANCEIRA NR.175920-2025  - SCC783073 SEI:25.29.000027894-1.   DESPESA COM A FORMALIZACAO DE CONVENIO PARA A GESTAO PARA O GERENCIAMENTO,  OPERACIONALIZACAO, EXECUCAO DAS ACOES E SERVICOS DE SAUDE, PARA O PLENO FUN-CIONAMENTO DA MATERNIDADE NASCER CIDADAO - HMNC. SCC: 783073.               1. MATERNIDADE NASCER CIDADAO (MNC)- ENTIDADE RECOMENDADA: AHBB - ASSOCIACAODOS HOSPITAIS BENEFICENTES DO BRASIL - REFERENCIA: 12/2025                  .                                                                           VALOR TOTAL:......................................................251.433,72.                                                                           FONTE 107-TRANSFERENCIA DE RECURSOS DO SISTEMA UNICO DE SAUDE - SUS - BLOCO DE MANUTENCAO DAS ACOES E SERVICOS PUBLICOS DE SAUDE                        FONTE DETALHADA 64-TRANSFERENCIAS DE RECURSOS DO SUS - ATENCAO ESPECIALIZADA;Outros (Convênios, ajustes, similares, etc.);000000012025
20252150024910930;12/12/2025 00:00:00;29,33;;;0,00;;;0,00;33903900;OUTROS SERVICOS DE TERCEIROS - PESSOA JURIDICA;37839396000175;SECRETARIA MUNICIPAL DE SAUDE;29,33;SECRETARIA MUNICIPAL DE SAUDE                                                                                                                                                                                                                                ;SAUDE - 10;ASSISTENCIA HOSPITALAR E AMBULATORIAL - 302;TRANSFERENCIA DE RECURSOS DO SISTEMA UNICO DE SAUDE - SUS - BLOCO DE MANUTENCAO DAS ACOES E SERVICOS PUBLICOS DE SAUDE - 107;BASE LABORATORIO MEDICO LTDA;DESPESA COM CONVENIO NR 756/2020 PARA EXECUCAO DE SERVICOS MEDICOS DE       ASSISTENCIA A SAUDE AMBULATORIAL (HOSPITALAR) E/OU APOIO DIAGNOSTICO        TERAPEUTICO PARA ATENDIMENTO DOS SUSUARIOS DO SUS - SCC: 514196-1           REFERENCIA: COMPETENCIA 10/2025  - SEI:22.29.000011878-6                    .                                                                           VALOR TOTAL:........................................................29,33   .                                                                           64 - TRANSFERENCIAS DE RECURSOS DO SUS - ATENCAO ESPECIALIZADA              SOLICITACAO FINANCEIRA: 175996/2025                                         ;Inexigibilidade de Licitação;000000052020
20252150024910937;12/12/2025 00:00:00;5566,64;;;0,00;;;0,00;33903900;OUTROS SERVICOS DE TERCEIROS - PESSOA JURIDICA;86840378000119;SECRETARIA MUNICIPAL DE SAUDE;5566,64;SECRETARIA MUNICIPAL DE SAUDE                                                                                                                                                                                                                                ;SAUDE - 10;ASSISTENCIA HOSPITALAR E AMBULATORIAL - 302;TRANSFERENCIA DE RECURSOS DO SISTEMA UNICO DE SAUDE - SUS - BLOCO DE MANUTENCAO DAS ACOES E SERVICOS PUBLICOS DE SAUDE - 107;ABRIGO DOS IDOSOS SAO VICENTE DE PAULO DE GOIANIA;TERAPEUTICO PARA ATENDIMENTO DOS SUSUARIOS DO SUS - SCC: 549721             REFERENCIA: COMPETENCIA 10/2025  - SEI:24.29.000037662-0                    .                                                                           VALOR TOTAL:.....................................................5.566,64   .                                                                           64 - TRANSFERENCIAS DE RECURSOS DO SUS - ATENCAO ESPECIALIZADA              SOLICITACAO FINANCEIRA: 176021/2025                                         DESPESA COM CONTRATO NR 169/2024 PARA EXECUCAO DE SERVICOS MEDICOS DE       ASSISTENCIA A SAUDE AMBULATORIAL (HOSPITALAR) E/OU APOIO DIAGNOSTICO        ;Inexigibilidade de Licitação;000000052020
20252150024910943;15/12/2025 00:00:00;14205,03;;;0,00;;;0,00;33903900;OUTROS SERVICOS DE TERCEIROS - PESSOA JURIDICA;03025402000139;SECRETARIA MUNICIPAL DE SAUDE;14205,03;SECRETARIA MUNICIPAL DE SAUDE                                                                                                                                                                                                                                ;SAUDE - 10;ASSISTENCIA HOSPITALAR E AMBULATORIAL - 302;TRANSFERENCIA DE RECURSOS DO SISTEMA UNICO DE SAUDE - SUS - BLOCO DE MANUTENCAO DAS ACOES E SERVICOS PUBLICOS DE SAUDE - 107;ELETRO NEURO MEDICINA LTDA;DESPESA COM CONTRATO NR 925/2020 PARA EXECUCAO DE SERVICOS MEDICOS DE       ASSISTENCIA A SAUDE AMBULATORIAL (HOSPITALAR) E/OU APOIO DIAGNOSTICO        TERAPEUTICO PARA ATENDIMENTO DOS SUSUARIOS DO SUS - SCC: 518400             REFERENCIA: COMPETENCIA 10/2025  - SEI:22.29.000011977-4                    .                                                                           VALOR TOTAL:....................................................14.205,03   .                                                                           64 - TRANSFERENCIAS DE RECURSOS DO SUS - ATENCAO ESPECIALIZADA              SOLICITACAO FINANCEIRA: 176032/2025                                         ;Inexigibilidade de Licitação;000000052020
20252150024910944;15/12/2025 00:00:00;16912,43;;;0,00;;;0,00;33903900;OUTROS SERVICOS DE TERCEIROS - PESSOA JURIDICA;01567601000143;SECRETARIA MUNICIPAL DE SAUDE;16912,43;SECRETARIA MUNICIPAL DE SAUDE                                                                                                                                                                                                                                ;SAUDE - 10;ASSISTENCIA HOSPITALAR E AMBULATORIAL - 302;TRANSFERENCIA DE RECURSOS DO SISTEMA UNICO DE SAUDE - SUS - BLOCO DE MANUTENCAO DAS ACOES E SERVICOS PUBLICOS DE SAUDE - 107;UNIVERSIDADE FEDERAL DE GOIAS;DESPESA COM CONVENIO NR 002/2021 PARA EXECUCAO DE SERVICOS MEDICOS DE       ASSISTENCIA A SAUDE AMBULATORIAL (HOSPITALAR) E/OU APOIO DIAGNOSTICO        TERAPEUTICO PARA ATENDIMENTO DOS SUSUARIOS DO SUS - SCC: 529355             REFERENCIA: COMPETENCIA 10/2025  - SEI:22.29.000012081-0                    .                                                                           VALOR TOTAL:....................................................16.912,43   .                                                                           64 - TRANSFERENCIAS DE RECURSOS DO SUS - ATENCAO ESPECIALIZADA              SOLICITACAO FINANCEIRA: 176034/2025                                         ;Inexigibilidade de Licitação;000025752020
20252150024910945;15/12/2025 00:00:00;17542,50;;;0,00;;;0,00;33903900;OUTROS SERVICOS DE TERCEIROS - PESSOA JURIDICA;00958245000126;SECRETARIA MUNICIPAL DE SAUDE;17542,50;SECRETARIA MUNICIPAL DE SAUDE                                                                                                                                                                                                                                ;SAUDE - 10;ASSISTENCIA HOSPITALAR E AMBULATORIAL - 302;TRANSFERENCIA DE RECURSOS DO SISTEMA UNICO DE SAUDE - SUS - BLOCO DE MANUTENCAO DAS ACOES E SERVICOS PUBLICOS DE SAUDE - 107;CLINICOR CLINICA CARDIOLOGICA LTDA;DESPESA COM CONTRATO NR 733/2020 PARA EXECUCAO DE SERVICOS MEDICOS DE       ASSISTENCIA A SAUDE AMBULATORIAL (HOSPITALAR) E/OU APOIO DIAGNOSTICO        TERAPEUTICO PARA ATENDIMENTO DOS SUSUARIOS DO SUS - SCC: 513874-1           REFERENCIA: COMPETENCIA 10/2025  - SEI:22.29.000011967-7                    .                                                                           VALOR TOTAL:....................................................17.542,50   .                                                                           64 - TRANSFERENCIAS DE RECURSOS DO SUS - ATENCAO ESPECIALIZADA              SOLICITACAO FINANCEIRA: 176037/2025                                         ;Inexigibilidade de Licitação;000000052020
20252150049810010;30/12/2025 00:00:00;6920,64;;;0,00;;;0,00;44905200;EQUIPAMENTOS E MATERIAL PERMANENTE;20819329000196;SECRETARIA MUNICIPAL DE SAUDE;0,00;SECRETARIA MUNICIPAL DE SAUDE                                                                                                                                                                                                                                ;SAUDE - 10;ASSISTENCIA HOSPITALAR E AMBULATORIAL - 302;RECEITAS DE IMPOSTOS E DE TRANSFERENCIAS DE IMPOSTOS - SAUDE - 102;ALCANCE VIBE LTDA;DESPESA COM EMENDA AO PROJETO DE LEI NR. 268/2024 PARA O REPASSE DE RECURSOSDE NATUREZA IMPOSITIVA DESTINA A SAUDE NO EXERCICIO FINANCEIRO DE 2025, DE ACORDO COM A LEI NR. 11.315, DE 07/01/2025-LOA.SEI 25.29.000014494-5.        EMENDA NR.1.04 / PARLAMENTAR: AAVA SANTIAGO/DESTINO:CENTRO DE CONVIVÊNCIA CUCA FRESCA.______ITEM 9 - SCC:798003.                                        .                                                                           ITEM 9-APARELHO AR CONDICIONADO 12000 BTU'S M:ELGIN.                        COD:159182................2,00 UN...........3.460,3200..............6.920,64VALOR TOTAL:........................................................6.920,64.                                                                           ENTREGA:ENTREGA EM PARCELA UNICA, COM RECURSO PROVENIENTE DA EMENDA PARLAMENTAR MUNICIPAL N.1.04, DE AUTORIA DA VEREADORA AAVA SANTIAGO, CONFORME ESPECIFICACOES E QUANTIDADES ESTABELECIDAS NESTE EDITAL E SEUS ANEXOS, PE 90040/2025, PRAZO NAO SUPERIOR A 30(TRINTA)DIAS CORRIDOS,CONTADOS APOS O RECEBIMENTODA ORDEM DE ENTREGA OU NOTA DE EMPENHO/AUTORIZACAO DE FORNECIMENTO,ACOMPANHADOS DO RESPECTIVO DOCUMENTO FISCAL, CONTENDO OBRIGATORIAMENTE ESPECIFICACAO DO ITEM, MARCA DO FABRICANTE E QUANTIDADE ENTREGUE.OS BENS DEVERAO SER ENTREGUES NO ALMOXARIFADO CENTRAL DA SECRETARIA MUNICIPAL DE SAUDE,NO SEGUINTE ENDERECO:AV.PERIMETRAL NORTE,COND.GOIAZEM, BLOCO E, GALPAO 09 E 10, VILA JOAO VAZ, CEP: 74.425-090, GOIANIA/GO.AGENDAMENTO PREVIO ATRAVES DO EMAIL:       CIAD.GOIANIA@BRANETOLGISTICA.COM.BR.  - MAIORES INFORMACOES PELOS TELEFONES:(62) 3524-3404/3407.                                                        SOLICITACAO FINANCEIRA :176682 - 2025                                       .                                                                           102 - RECEITAS DE IMPOSTOS E DE TRANSFERENCIAS DE IMPOSTOS - SAUDE          634 - RECURSOS ORDINARIOS PARA ATENDER EMENDA IMPOSITIVA                    ;Pregão;000003062025
20252150049810013;30/12/2025 00:00:00;9270,00;;;0,00;;;0,00;44905200;EQUIPAMENTOS E MATERIAL PERMANENTE;46956380000133;SECRETARIA MUNICIPAL DE SAUDE;0,00;SECRETARIA MUNICIPAL DE SAUDE                                                                                                                                                                                                                                ;SAUDE - 10;ASSISTENCIA HOSPITALAR E AMBULATORIAL - 302;RECEITAS DE IMPOSTOS E DE TRANSFERENCIAS DE IMPOSTOS - SAUDE - 102;LTM SERVICOS E COMERCIO LTDA;DESPESA COM EMENDA AO PROJETO DE LEI NR. 268/2024 PARA O REPASSE DE RECURSOSDE NATUREZA IMPOSITIVA DESTINA A SAUDE NO EXERCICIO FINANCEIRO DE 2025, DE ACORDO COM A LEI NR. 11.315, DE 07/01/2025-LOA.SEI 25.29.000014494-5.        EMENDA NR.1.04 / PARLAMENTAR: AAVA SANTIAGO / DESTINO: CENTRO DE CONVIVENCIACUCA FRESCA. ITEM 16 - SCC:797988.                                          .                                                                           ITEM 16-NOTEBOOK COMPUTADOR PORTATIL  M:ASUS.                               COD:25277-8...............2,00 UN...........4.635,0000..............9.270,00VALOR TOTAL:........................................................9.270,00.                                                                           ENTREGA:ENTREGA EM PARCELA UNICA, COM RECURSO PROVENIENTE DA EMENDA PARLAMENTAR MUNICIPAL N.1.04, DE AUTORIA DA VEREADORA AAVA SANTIAGO, CONFORME ESPECIFICACOES E QUANTIDADES ESTABELECIDAS NESTE EDITAL E SEUS ANEXOS, PE 90040/2025, PRAZO NAO SUPERIOR A 30(TRINTA)DIAS CORRIDOS,CONTADOS APOS O RECEBIMENTODA ORDEM DE ENTREGA OU NOTA DE EMPENHO/AUTORIZACAO DE FORNECIMENTO,ACOMPANHADOS DO RESPECTIVO DOCUMENTO FISCAL, CONTENDO OBRIGATORIAMENTE ESPECIFICACAO DO ITEM, MARCA DO FABRICANTE E QUANTIDADE ENTREGUE.OS BENS DEVERAO SER ENTREGUES NO ALMOXARIFADO CENTRAL DA SECRETARIA MUNICIPAL DE SAUDE,NO SEGUINTE ENDERECO:AV.PERIMETRAL NORTE,COND.GOIAZEM, BLOCO E, GALPAO 09 E 10, VILA JOAO VAZ, CEP: 74.425-090, GOIANIA/GO.AGENDAMENTO PREVIO ATRAVES DO EMAIL:       CIAD.GOIANIA@BRANETOLGISTICA.COM.BR.  - MAIORES INFORMACOES PELOS TELEFONES:(62) 3524-3404/3407.                                                        SOLICITACAO FINANCEIRA :176690 - 2025                                       .                                                                           102 - RECEITAS DE IMPOSTOS E DE TRANSFERENCIAS DE IMPOSTOS - SAUDE          634 - RECURSOS ORDINARIOS PARA ATENDER EMENDA IMPOSITIVA                    ;Pregão;000003062025
20252150049810018;30/12/2025 00:00:00;1448,99;;;0,00;;;0,00;44905200;EQUIPAMENTOS E MATERIAL PERMANENTE;59377751000174;SECRETARIA MUNICIPAL DE SAUDE;0,00;SECRETARIA MUNICIPAL DE SAUDE                                                                                                                                                                                                                                ;SAUDE - 10;ASSISTENCIA HOSPITALAR E AMBULATORIAL - 302;RECEITAS DE IMPOSTOS E DE TRANSFERENCIAS DE IMPOSTOS - SAUDE - 102;DRONE AIR COMERCIO E SERVICOS TECNOLOGICOS LTDA;DESPESA COM EMENDA AO PROJETO DE LEI NR. 268/2024 PARA O REPASSE DE RECURSOSDE NATUREZA IMPOSITIVA DESTINA A SAUDE NO EXERCICIO FINANCEIRO DE 2025, DE ACORDO COM A LEI NR. 11.315, DE 07/01/2025-LOA.SEI 25.29.000014494-5.        EMENDA NR.1.04 / PARLAMENTAR: AAVA SANTIAGO / DESTINO: CENTRO DE CONVIVENCIACUCA FRESCA. ITEM 19 - SCC:798038.                                          .                                                                           ITEM 19-PROJETOR MULTIMIDIA DIGITAL VIVIBRIGHT PROJ.                        COD:31088-3...............1,00 UN...........1.448,9900..............1.448,99VALOR TOTAL:........................................................1.448,99.                                                                           ENTREGA:ENTREGA EM PARCELA UNICA, COM RECURSO PROVENIENTE DA EMENDA PARLAMENTAR MUNICIPAL N.1.04, DE AUTORIA DA VEREADORA AAVA SANTIAGO, CONFORME ESPECIFICACOES E QUANTIDADES ESTABELECIDAS NESTE EDITAL E SEUS ANEXOS, PE 90040/2025, PRAZO NAO SUPERIOR A 30(TRINTA)DIAS CORRIDOS,CONTADOS APOS O RECEBIMENTODA ORDEM DE ENTREGA OU NOTA DE EMPENHO/AUTORIZACAO DE FORNECIMENTO,ACOMPANHADOS DO RESPECTIVO DOCUMENTO FISCAL, CONTENDO OBRIGATORIAMENTE ESPECIFICACAO DO ITEM, MARCA DO FABRICANTE E QUANTIDADE ENTREGUE.OS BENS DEVERAO SER ENTREGUES NO ALMOXARIFADO CENTRAL DA SECRETARIA MUNICIPAL DE SAUDE,NO SEGUINTE ENDERECO:AV.PERIMETRAL NORTE,COND.GOIAZEM, BLOCO E, GALPAO 09 E 10, VILA JOAO VAZ, CEP: 74.425-090, GOIANIA/GO.AGENDAMENTO PREVIO ATRAVES DO EMAIL:       CIAD.GOIANIA@BRANETOLGISTICA.COM.BR.  - MAIORES INFORMACOES PELOS TELEFONES:(62) 3524-3404/3407.                                                        SOLICITACAO FINANCEIRA :176701 - 2025                                       .                                                                           102 - RECEITAS DE IMPOSTOS E DE TRANSFERENCIAS DE IMPOSTOS - SAUDE          634 - RECURSOS ORDINARIOS PARA ATENDER EMENDA IMPOSITIVA                    ;Outros (Convênios, ajustes, similares, etc.);000003062025
20252150035110096;01/12/2025 00:00:00;11731,00;;;0,00;;;0,00;33903000;MATERIAL DE CONSUMO;21595464000168;SECRETARIA MUNICIPAL DE SAUDE;11731,00;SECRETARIA MUNICIPAL DE SAUDE                                                                                                                                                                                                                                ;SAUDE - 10;SUPORTE PROFILATICO E TERAPEUTICO - 303;TRANSFERENCIA DE RECURSOS DO SISTEMA UNICO DE SAUDE - SUS - BLOCO DE MANUTENCAO DAS ACOES E SERVICOS PUBLICOS DE SAUDE - 107;UNI HOSPITALAR CEARA LTDA;13 - TRANSFERENCIAS DE RECURSOS DO SUS - ASSISTENCIA FARMACEUTICA           .                                                                           MEDIANTE AGENDAMENTO PREVIO PELO E-MAIL CIAD.GOIANIA@BRANETLOGISTICA.COM.BR.VL.JOAO VAZ, GO/GO.TELEFONES:(62)3524-3401/3524-3407,HORARIO:08:00 AS 17:00,DE SAUDE DE GOIANIA, AV.PERIMETRAL NORTE,COND.GOIAZEM, BL.E, GALPOES 06 A 10ATA N.051/2025 E ANEXOS.ENTREGA:ALMOXARIFADO CENTRAL DA SECRETARIA MUNICIPALDADE ENTREGUE.DEMAIS ESCLARECIMENTOS CONF.M.253/25-GEREMO,EDITAL EV.8568176,TER, OBRIGATORIAMENTE, A ESPECIFICACAO DO ITEM, MARCA DO FABRICANTE E QUANTIDE FORNECIMENTO E ACOMPANHADOS DOS DOCUMENTOS FISCAIS RESPECTIVOS, DEVE CON-VINTE) DIAS, CONTADOS A PARTIR DO RECEBIMENTO DA NOTA DE EMPENHO/AUTORIZACAOO FORNECIMENTO DEVERA SER EFETUADO, COM PRAZO DE ENTREGA NAO SUPERIOR A 20 (.                                                                           VALOR TOTAL:.......................................................11.731,00COD:39832-2........50,00 FR(PREENCHIDA).......234,6200.............11.731,00ITEM 1 - R54 -IMUNOGLOBULINA ANTI RH 300 MCG 1500 UI INJETAVEL  M:RHOPHYLAC..                                                                           .                                                                           SOLICITACAO FINANCEIRA: 175503 - 2025.                                      25.29.000044380-2, PED.COMPRAS:659/2025.                                    AME. 2º FILHO DO PREGAO ELETRONICO Nº PE 90001/2025 - SRP. SCC: 796086. SEI:GEREMO - PARECER 338 GERPSR - DESPACHO 832 PRECEL - AQUISICAO 07 MESES - RENTRONICO Nº 90001/2025 - ATA DE REGISTRO DE PRECO Nº 051/2025, MEMORANDO 253-DESPESA COM AQUISICAO DE MEDICAMENTOS PARA ABASTECIMENTO DA SMS - PREGAO ELE;Pregão;000900012025
20252150035110097;01/12/2025 00:00:00;910,00;;;0,00;;;0,00;33903000;MATERIAL DE CONSUMO;29404097000180;SECRETARIA MUNICIPAL DE SAUDE;910,00;SECRETARIA MUNICIPAL DE SAUDE                                                                                                                                                                                                                                ;SAUDE - 10;SUPORTE PROFILATICO E TERAPEUTICO - 303;TRANSFERENCIA DE RECURSOS DO SISTEMA UNICO DE SAUDE - SUS - BLOCO DE MANUTENCAO DAS ACOES E SERVICOS PUBLICOS DE SAUDE - 107;OCTO FARMACO LTDA;13 - TRANSFERENCIAS DE RECURSOS DO SUS - ASSISTENCIA FARMACEUTICA           .                                                                           EDITAL EV.8655077-ATA 062/2025.                                             (62) 3524-3401/ 3524-3407.DEMAIS ESCLARECIMENTOS CONF.DOCUMENTOS EM ANEXO E DAMENTO PREVIO PELO E-MAIL CIAD.GOIANIA@BRANETLOGISTICA.COM.BR./  TELEFONES:LA JOAO VAZ, CEP: 74.445-190.HORARIO DAS 08H00MIN AS  17H00MIN,MEDIANTE AGENDE GOIANIA/GO, AV. PERIMETRAL NORTE, COND.GOIAZEM BL.E, GALPOES 06 A 10, VI-DADE ENTREGUE.ENTREGA:ALMOXARIFADO CENTRAL DA SECRETARIA MUNICIPAL DE SAUDE TER, OBRIGATORIAMENTE, A ESPECIFICACAO DO ITEM, MARCA DO FABRICANTE E QUANTIDE FORNECIMENTO E ACOMPANHADOS DOS DOCUMENTOS FISCAIS RESPECTIVOS, DEVE CON-VINTE) DIAS, CONTADOS A PARTIR DO RECEBIMENTO DA NOTA DE EMPENHO/AUTORIZACAOO FORNECIMENTO DEVERA SER EFETUADO, COM PRAZO DE ENTREGA NAO SUPERIOR A 20 (.                                                                           VALOR TOTAL:..........................................................910,00COD:56415-0.............500,00FR............1,8200....................910,00ITEM 1 - R110 -PERMETRINA LOCAO 10 MG/ML (1%) FRASCO 60 ML M:NATIVITA.      .                                                                           .                                                                           SEI 25.29.000045559-2 - SOLICITACAO FINANCEIRA: 175515 - 2025 - SCC: 796116.GERPSR -DESP.855-PRECEL-AQUISICAO DE 06 MESES - RENAME. PED.COMPRAS 670/202507/2025 - ATA  REGISTRO DE PREÇO Nº 062/2025, MEMO.271-GEREMO - PARECER:346/DESPESA COM MEDICAMENTOS PARA ABASTECIMENTO NA SMS - PREGÃO ELETRONICO Nº900;Pregão;000900072025
20252150035110099;03/12/2025 00:00:00;37656,60;;;0,00;;;0,00;33903000;MATERIAL DE CONSUMO;67729178000491;SECRETARIA MUNICIPAL DE SAUDE;37656,60;SECRETARIA MUNICIPAL DE SAUDE                                                                                                                                                                                                                                ;SAUDE - 10;SUPORTE PROFILATICO E TERAPEUTICO - 303;TRANSFERENCIA DE RECURSOS DO SISTEMA UNICO DE SAUDE - SUS - BLOCO DE MANUTENCAO DAS ACOES E SERVICOS PUBLICOS DE SAUDE - 107;COMERCIAL CIRURGICA RIOCLARENSE LTDA;DESPESA COM AQUISICAO DE MEDICAMENTOS PARA SMS - PREGAO ELETRONICO Nº 90007/2025-ATA DE REGISTRO DE PRECO Nº064/2025, MEMO.269 GEREMO-PARECER 349 GERPSRDESP.1022 GERCOM - DESP.859 PRECEL - AQUISICAO DE 06 MESES - ITENS 01,02,04,05 E 06 - RENAME. SCC:796311 - SOLICITACAO FINANCEIRA:175542 - 2025 -  SEI :25.29.000045259-3.                                                          .                                                                           ITEM 1- ACIDO FOLINICO FOLINATO DE CALCIO 15MG COMPRIMIDO M:HIPOLABOR.      COD:41162-0..............3.600,00 UN..........2,3000................8.280,00ITEM 2- ANLODIPINO BESILATO 5MG COMPRIMIDO M:GEOLAB.                        COD:46276-4............162.000,00 UN..........0,0283................4.584,60ITEM 4- ITRACONAZOL 100 MG CAPSULA M:GEOLAB.                                COD:25323-5..............3.800,00 UN..........0,7800................2.964,00ITEM 5- METILDOPA 250 MG COMPRIMIDO M:HIPOLABOR.                            COD:01518-0.............43.000,00 UN..........0,3240...............13.932,00ITEM 6- SULFAMETOXAZOL 400 MG + TRIMETOPRIMA 80MG COMPRIMIDO M:BELFAR.      COD:03437-1.............47.000,00 UN..........0,1680................7.896,00VALOR TOTAL:.......................................................37.656,60.                                                                           ENTREGA:O FORNECIMENTO DEVERA SER EFETUADO,COM PRAZO DE ENTREGA NAO SUPERIORA 20(VINTE)DIAS,CONTADOS A PARTIR DO RECEBIMENTO DA NOTA DE EMPENHO/AUTORIZACAO DE FORNECIMENTO E ACOMPANHADOS DOS DOCUMENTOS FISCAIS RESPECTIVOS, DEVE CONTER,OBRIGATORIAMENTE, A ESPECIFICACAO DO ITEM, MARCA DO FABRICANTE E QUANTIDADE ENTREGUE.LOCAL:ALMOXARIFADO CENTRAL DA SECRETARIA MUNICIPAL DE SAUDE NO SEGUINTE ENDERECO:AV.PERIMETRAL NORTE, COND.GOIAZEM, BLOCO E, GALPAO 09 E10, VL.JOAO VAZ, CEP:74.445-190, GOIANIA/GO, TELEFONES:(62)3524-3401/3407,NOHORARIO DAS 08H00MIN àS 17H00MIN, MEDIANTE AGENDAMENTO PREVIO PELO E-MAIL:  CIAD.GOIANIA@BRANETLOGISTICA.COM.BR.                                        DEMAIS ESCLARECIMENTOS CONF.MEMO269/25-GEREMO, EDITAL PE90007/25 EV.8632338..                                                                           FONTE 107-TRANSFERENCIA DE RECURSOS DO SISTEMA UNICO DE SAUDE - SUS - BLOCO DE MANUTENCAO DAS ACOES E SERVICOS PUBLICOS DE SAUDE                        FONTE DETALHADA:13-TRANSFERENCIAS DE RECURSOS DO SUS-ASSISTENCIA FARMACEUTI-CA.                                                                         ;Pregão;000900072025
20252150035110100;30/12/2025 00:00:00;11731,00;;;0,00;;;0,00;33903000;MATERIAL DE CONSUMO;21595464000168;SECRETARIA MUNICIPAL DE SAUDE;0,00;SECRETARIA MUNICIPAL DE SAUDE                                                                                                                                                                                                                                ;SAUDE - 10;SUPORTE PROFILATICO E TERAPEUTICO - 303;TRANSFERENCIA DE RECURSOS DO SISTEMA UNICO DE SAUDE - SUS - BLOCO DE MANUTENCAO DAS ACOES E SERVICOS PUBLICOS DE SAUDE - 107;UNI HOSPITALAR CEARA LTDA;DESPESA COM AQUISICAO DE MEDICAMENTOS PARA ABASTECIMENTO DA SMS - PREGAO ELETRONICO Nº 90001/2025 - ATA DE REGISTRO DE PRECO Nº 051/2025, MEMORANDO 253-GEREMO - PARECER 338 GERPSR - DESPACHO 832 PRECEL - AQUISICAO 07 MESES - RENAME. 2º FILHO DO PREGAO ELETRONICO Nº PE 90001/2025 - SRP. SCC: 796086. SEI:25.29.000044380-2, PED.COMPRAS:659/2025.                                    SOLICITACAO FINANCEIRA: 175503 - 2025.                                      .                                                                           ITEM 1 - R54 -IMUNOGLOBULINA ANTI RH 300 MCG 1500 UI INJETAVEL  M:RHOPHYLAC.COD:39832-2........50,00 FR(PREENCHIDA).......234,6200.............11.731,00VALOR TOTAL:.......................................................11.731,00.                                                                           O FORNECIMENTO DEVERA SER EFETUADO, COM PRAZO DE ENTREGA NAO SUPERIOR A 20 (VINTE) DIAS, CONTADOS A PARTIR DO RECEBIMENTO DA NOTA DE EMPENHO/AUTORIZACAODE FORNECIMENTO E ACOMPANHADOS DOS DOCUMENTOS FISCAIS RESPECTIVOS, DEVE CON-TER, OBRIGATORIAMENTE, A ESPECIFICACAO DO ITEM, MARCA DO FABRICANTE E QUANTIDADE ENTREGUE.DEMAIS ESCLARECIMENTOS CONF.M.253/25-GEREMO,EDITAL EV.8568176,ATA N.051/2025 E ANEXOS.ENTREGA:ALMOXARIFADO CENTRAL DA SECRETARIA MUNICIPALDE SAUDE DE GOIANIA, AV.PERIMETRAL NORTE,COND.GOIAZEM, BL.E, GALPOES 06 A 10VL.JOAO VAZ, GO/GO.TELEFONES:(62)3524-3401/3524-3407,HORARIO:08:00 AS 17:00,MEDIANTE AGENDAMENTO PREVIO PELO E-MAIL CIAD.GOIANIA@BRANETLOGISTICA.COM.BR..                                                                           13 - TRANSFERENCIAS DE RECURSOS DO SUS - ASSISTENCIA FARMACEUTICA           ;Pregão;000900012025
20252150037010010;22/12/2025 00:00:00;110077,79;;;0,00;;;0,00;31901300;OBRIGACOES PATRONAIS;29979036006424;SECRETARIA MUNICIPAL DE SAUDE;110077,79;SECRETARIA MUNICIPAL DE SAUDE                                                                                                                                                                                                                                ;SAUDE - 10;VIGILANCIA EPIDEMIOLOGICA - 305;TRANSFERENCIA DE RECURSOS DO SISTEMA UNICO DE SAUDE - SUS - BLOCO DE MANUTENCAO DAS ACOES E SERVICOS PUBLICOS DE SAUDE - 107;INSTITUTO NACIONAL DO SEGURO SOCIAL - INSS;DESPESA COM A FOLHA DE PESSOAL DA SECRETARIA MUNICIPAL DE SAUDE REFERENTE AOPAGAMENTO DO INSS (PATRONAL) DOS PROFISSIONAIS CREDENCIADOS.                .                                                                           OBS:VALOR RELATIVO AO MES DE NOVEMBRO/2025. SOLICITACAO FINANCEIRA: 176401 -2025.                                                                       .                                                                           VALOR TOTAL:......................................................110.077,79107 - TRANSFERENCIA DE RECURSOS DO SISTEMA UNICO DE SAUDE - SUS - BLOCO DE  MANUTENCAO DAS ACOES E SERVICOS PUBLICOS DE SAUDE                           62 - TRANSFERENCIAS DE RECURSOS DO SUS - VIGILANCIA EM SAUDE                1600 0000 - TRANSFERENCIAS FUNDO A FUNDO DE RECURSOS DO SUS PROVENIENTES DO GOVERNO FEDERAL - BLOCO DE MANUTENCAO DAS ACOES E SERVICOS PUBLICOS DE SAUDE;Não se aplica (Ex.: Despesas com Pessoal);000000000000
20252150047610002;18/12/2025 00:00:00;400000,00;0321242025;18/12/2025 00:00:00;400000,00;202521500476100020001;18/12/2025 00:00:00;400000,00;33903900;OUTROS SERVICOS DE TERCEIROS - PESSOA JURIDICA;37678845000140;SECRETARIA MUNICIPAL DE SAUDE;0,00;SECRETARIA MUNICIPAL DE SAUDE                                                                                                                                                                                                                                ;SAUDE - 10;ASSISTENCIA HOSPITALAR E AMBULATORIAL - 302;EMENDA PARLAMENTARES DE BANCADA (ART. 1° DA EC Nº 100/2019 E § 12 DO ART. 165 DA CF/88) - 182;INSTITUTO PATRIS;DESPESA COM TERMO DE COLABORACAO EMERGENCIAL NR. 043/2025 PARA ATUAR EM RE  GIME DE GERENCIAMENTO COMPLEMENTAR COM O PODER PUBLICO MUNICIPAL NO HOSPI-  TAL E MATERNIDADE DONA IRIS(HMDI),NOS TERMOS DA LEI Nº. 13.019, DE 31       DE JULHO DE 2014, QUE ESTABELECE O REGIME JURIDICO DAS PARCERIAS ENTRE A    ADMINISTRACAO PUBLICA E AS ORGANIZACOES DA SOCIEDADE CIVIL, EM REGIME JURI- DICO DE MUTUA COOPERACAO, PARA A CONSECUCAO DE FINALIDADES DE INTERESSE PU  BLICO E RECIPROCO, MEDIANTE A EXECUCAO DE ATIVIDADES OU DE PROJETOS PREVIA  MENTE ESTABELECIDOS EM PLANOS DE TRABALHO INSERIDOS EM TERMOS DE COLABORA-  CAO, ENTRE OUTROS.                                                          HOSPITAL E MATERNIDADE DONA IRIS (HMDI)/TERMO DE COLABORACAO EMERGENCIAL NR.043/2025. EMENDA DE BANCADA - JEFERSON RODRIGUES - 7110.0001/2025.          .                                                                           VALOR TOTAL:.....................................................400.000,00 .                                                                           182-EMENDA PARLAMENTARES DE BANCADA(ART. 1° DA EC Nº 100/2019 E § 12 DO ART.165 DA CF/88)                                                               64 - EMENDA PARLAMENTAR DE BANCADA -ART 1 DA EC NR 100/2019 E § 12 DO ART. 165 DA CF/88 1601 3120 - TRANSFERENCIAS DA UNIAO DECORRENTES DE EMENDAS PARLAMENTARES DE BANCADA. SOLICITACAO FINANCEIRA NR. 176304-2025 SCC: 783111 SEI:25.29.000027894-1.                                                          ;Outros (Convênios, ajustes, similares, etc.);000000012025
20252150049110052;29/12/2025 00:00:00;100000,00;0338742025;07/04/2026 00:00:00;100000,00;202521500491100520001;10/04/2026 00:00:00;100000,00;33903900;OUTROS SERVICOS DE TERCEIROS - PESSOA JURIDICA;03874963000102;SECRETARIA MUNICIPAL DE SAUDE;0,00;SECRETARIA MUNICIPAL DE SAUDE                                                                                                                                                                                                                                ;SAUDE - 10;ATENCAO BASICA - 301;RECEITAS DE IMPOSTOS E DE TRANSFERENCIAS DE IMPOSTOS - SAUDE - 102;LIGA DOS AMIGOS DO JARDIM GUANABARA;DESPESA COM EMENDA AO PROJETO DE LEI NR. 268/2024 PARA O REPASSE DE RECURSOSDE NATUREZA IMPOSITIVA DESTINA A SAUDE NO EXERCICIO FINANCEIRO DE 2025, DE ACORDO COM A LEI NR. 11.315, DE 07/01/2025-LOA - SEI 25.29.000044647-0.      EMENDA NR. 33.06 / PARLAMENTAR: THIALU RAPHAEL / DESTINO: LIGA DOS AMIGOS DOJARDIM GUANABARA VALOR ESTIMADO: R$ 100.000,00. SCC:797783.                 .                                                                           VALOR TOTAL:..................................................... 100.000,00.                                                                           102 - RECEITAS DE IMPOSTOS E DE TRANSFERENCIAS DE IMPOSTOS - SAUDE          634 - RECURSOS ORDINARIOS PARA ATENDER EMENDA IMPOSITIVA                    SOLICITACAO FINANCEIRA:175872 - 2025.                                       ;Outros (Convênios, ajustes, similares, etc.);000012792025
20252150049110065;30/12/2025 00:00:00;50000,00;;;0,00;;;0,00;33903900;OUTROS SERVICOS DE TERCEIROS - PESSOA JURIDICA;34983183000124;SECRETARIA MUNICIPAL DE SAUDE;0,00;SECRETARIA MUNICIPAL DE SAUDE                                                                                                                                                                                                                                ;SAUDE - 10;ATENCAO BASICA - 301;RECEITAS DE IMPOSTOS E DE TRANSFERENCIAS DE IMPOSTOS - SAUDE - 102;INSTITUTO OLHOS ALMA SA;DESPESA COM EMENDA AO PROJETO DE LEI NR. 268/2024 PARA O REPASSE DE RECURSOSDE NATUREZA IMPOSITIVA DESTINA À SAÚDE NO EXERCÍCIO FINANCEIRO DE 2025, DE ACORDO COM A LEI NR. 11.315, DE 07/01/2025-LOA. SEI 25290000443535.          EMENDA NR. 9.13 / PARLAMENTAR: FABRICIO ROSA / DESTINO: INSTITUTO OLHOS ALMASA VALOR ESTIMADO:R$50.000,00. SCC798101. SOLICITACAO FINANCEIRA 176766-2025.                                                                           VALOR TOTAL:.......................................................50.000,00.                                                                           102 - RECEITAS DE IMPOSTOS E DE TRANSFERENCIAS DE IMPOSTOS - SAUDE          634 - RECURSOS ORDINARIOS PARA ATENDER EMENDA IMPOSITIVA                    ;Outros (Convênios, ajustes, similares, etc.);000013012025
20252150049110069;30/12/2025 00:00:00;420000,00;0339432025;30/06/2026 00:00:00;420000,00;202521500491100690001;02/07/2026 00:00:00;420000,00;33903900;OUTROS SERVICOS DE TERCEIROS - PESSOA JURIDICA;23798113000180;SECRETARIA MUNICIPAL DE SAUDE;0,00;SECRETARIA MUNICIPAL DE SAUDE                                                                                                                                                                                                                                ;SAUDE - 10;ATENCAO BASICA - 301;RECEITAS DE IMPOSTOS E DE TRANSFERENCIAS DE IMPOSTOS - SAUDE - 102;INSTITUTO BRASIL CENTRAL DE EDUCACAO E SAUDE-IBCES;DESPESA COM EMENDA AO PROJETO DE LEI NR. 268/2024 PARA O REPASSE DE RECURSOSDE NATUREZA IMPOSITIVA DESTINA A SAUDE NO EXERCICIO FINANCEIRO DE 2025, DE ACORDO COM A LEI NR. 11.315, DE 07/01/2025-LOA. SEI25.29.000042113-2.        EMENDA NR. 04.01 E 04.05 / PARLAMENTAR: BESSA / DESTINO:INSTITUTO BRASIL CENTRAL DE EDUCACAO E SAUDE-IBCES VALOR ESTIMADO:R$170.000,00 E R$ 250.000,00. .                                                                           VALOR TOTAL:.....................................................420.000,00 .                                                                           102 - RECEITAS DE IMPOSTOS E DE TRANSFERENCIAS DE IMPOSTOS - SAUDE          634 - RECURSOS ORDINARIOS PARA ATENDER EMENDA IMPOSITIVA                    SOLICITACAO FINANCEIRA:176771 - 2025 - SCC:798194.                          ;Outros (Convênios, ajustes, similares, etc.);000012452025
20252150049510005;30/12/2025 00:00:00;1109,56;;;0,00;;;0,00;44905200;EQUIPAMENTOS E MATERIAL PERMANENTE;10567214000106;SECRETARIA MUNICIPAL DE SAUDE;0,00;SECRETARIA MUNICIPAL DE SAUDE                                                                                                                                                                                                                                ;SAUDE - 10;ATENCAO BASICA - 301;RECEITAS DE IMPOSTOS E DE TRANSFERENCIAS DE IMPOSTOS - SAUDE - 102;SUPRIMEDICE PRODUTOS HOSPITALARES LTDA;"DESPESA COM EMENDA AO PROJETO DE LEI NR. 268/2024 PARA O REPASSE DE RECURSOSDE NATUREZA IMPOSITIVA DESTINA A SAUDE NO EXERCÍCIO FINANCEIRO DE 2025, DE ACORDO COM A LEI NR. 11.315, DE 07/01/2025-LOA. SEI25.29.000014606-9.        EMENDA NR. 17.24 / PARLAMENTAR: KATIA MARIA DOS SANTOS / DESTINO: MELHORIAS,AQUIS.DE EQUIPAMENTOS DO CONSULTORIO ODONTOLOGICO DA UBS MADRE GERMANA/ITEM4.                                                                           ITEM 4 -CUBA ULTRASSONICA ODONTOLOGICA DE BANCADA EM AGO INOX BIOART/BIOWASHCOD;71974-9.............1,00 UN...........1.109,5600...............1.109,56 VALOR TOTAL:.......................................................1.109,56 .                                                                           O PRAZO DE ENTREGA DOS BENS SERá EFETUADO NO PRAZO NãO SUPERIOR A 30 (TRINTA) DIAS CORRIDOS, CONTADOS APóS O RECEBIMENTO DA ORDEM DE ENTREGA OU NOTA DE ACOMPANHADOS DOS DOCUMENTOS FISCAIS RESPECTIVOS, DEVE CONTER, OBRIGATORIAMENTE, A ESPECIFICAçãO DO ITEM, MARCA DO FABRICANTE E QUANTIDADE ENTREGUE.     LOCAL ALMOXARIFADO CENTRAL DA SECRETARIA MUNICIPAL DE SAúDE AV.PERIMETRAL   NORTE, CONDOMíNIO GOIAZéM, BLOCO E, GALPãO 09 E 10, VILA JOãO VAZ, CEP: 74.425-090, GOIâNIA/GO.                                                         AGENDAMENTO PRéVIO, ATRAVéS DO E-MAIL CIAD.GOIANIA@BRANETOLGISTICA.COM.BR.  SOLICITACAO FINANCEIRA;176709 - 2025 - SCC: 798054.                         .                                                                           102 - RECEITAS DE IMPOSTOS E DE TRANSFERENCIAS DE IMPOSTOS - SAUDE          634 - RECURSOS ORDINARIOS PARA ATENDER EMENDA IMPOSITIVA                    ";Pregão;000002932025
20252150049810007;10/12/2025 00:00:00;1639,10;0338582025;06/04/2026 00:00:00;1639,10;202521500498100070001;07/04/2026 00:00:00;1639,10;44905200;EQUIPAMENTOS E MATERIAL PERMANENTE;43235370000110;SECRETARIA MUNICIPAL DE SAUDE;0,00;SECRETARIA MUNICIPAL DE SAUDE                                                                                                                                                                                                                                ;SAUDE - 10;ASSISTENCIA HOSPITALAR E AMBULATORIAL - 302;RECEITAS DE IMPOSTOS E DE TRANSFERENCIAS DE IMPOSTOS - SAUDE - 102;LICITAFISIO COMERCIO DE PRODUTOS MEDICOS HOSPITALARES LTDA;DESPESAS COM AQUISICAO DE EQUIPAMENTOS ESPORTIVOS PARA ESTRUTURACAO DA ACADEMIA DO CAPS NOROESTE -EMENDA PARLAMENTAR MUNICIPAL Nº 9.01-VEREADOR FABRICIOROSA, CONF. TERMO DE HOMOLOGACAO DO PREGAO ELETRONICO Nº 90036/2025, PEDIDO DE COMPRAS Nº259/2025, PED.COMPRAS 259/2025-SCC:796698 -SEI25.29.000014587-9ITEM 21-HALTERES GINASTICA BOLA EMBORRACHADA 1KG M:WJ FUNDIDOS.             VALOR TOTAL:........................................................1.639,10.                                                                           O PRAZO DE ENTREGA DOS BENS SERA EFETUADO C/PRAZO NAO SUPERIOR A 30 DIAS CORRIDOS, CONTADOS APOS O RECEBIMENTO DA ORDEM DE ENTREGA OU NOTA DE EMPENHO/AUTORIZACAO DE FORNECIMENTO, ACOMPANHADOS DOS DOCUMENTOS FISCAIS RESPECTIVOS, OBRIGATORIAMENTE CONTER:ESPECIFICACAO DO ITEM,MARCA DO FABRICANTE E QUANTIDADE ENTREGUE.LOCAL:NO ALMOXARIFADO CENTRAL DA SECRETARIA MUNICIPAL DE SAUDE, NO SEGUINTE ENDERECO:AVENIDA PERIMETRAL NORTE, CONDOMINIO GOIAZEM, BL.E, GALPOES 09/10 VL.JOAO VAZ, CEP: 74.425-090, GOIANIA/GO. AS ENTREGAS DEVERAO SERPREVIAMENTE AGENDADAS NO E-MAIL: CIAD.GOIANIA@BRANETOLGISTICA.COM.BR.       DEMAIS ESCLARECIMENTOS NO TERMO DE REFERENCIA EV.7392630(GEREMO)E ANEXOS.   .                                                                           FONTE 102 - RECEITAS DE IMPOSTOS E DE TRANSFERENCIAS DE IMPOSTOS - SAUDE    FONTE DETALHADA 634 - RECURSOS ORDINARIOS PARA ATENDER EMENDA IMPOSITIVA    COD:70607-8.............16,00UN.............20,4000...................326,40ITEM 26-KETTLEBELL 6KG.  M:WJ FUNDIDOS.                                     COD:73801-8..............8,00 UN............101,6000..................812,80SOLICITACAO FINANCEIRA:175742 - 2025. ITENS 15, 21 E 26.                    .                                                                           ITEM 15-CAMA ELASTICA JUMP.  M:AAZ SAUDE.                                   COD:64970-8..............1,00UN.............499,9000..................499,90;Pregão;000005292025
20252150024810111;12/12/2025 00:00:00;35109,46;0319362025;15/12/2025 00:00:00;35109,46;202521500248101110001;16/12/2025 00:00:00;35109,46;33903900;OUTROS SERVICOS DE TERCEIROS - PESSOA JURIDICA;01552868000167;SECRETARIA MUNICIPAL DE SAUDE;0,00;SECRETARIA MUNICIPAL DE SAUDE                                                                                                                                                                                                                                ;SAUDE - 10;ASSISTENCIA HOSPITALAR E AMBULATORIAL - 302;TRANSFERENCIA DE RECURSOS DO SISTEMA UNICO DE SAUDE - SUS - BLOCO DE MANUTENCAO DAS ACOES E SERVICOS PUBLICOS DE SAUDE - 107;HOSPITAL SANTA LUCIA LTDA;ESPACHO DIRPS._SCC:775461 - SOLICITACAO FINANCEIRA:175994 - 2025.           .                                                                           DESPESA COM REPASSE FINANCEIRO COMPLEMENTAR DECORRENTE DA ASSISTENCIA FINAN-CEIRA DA UNIAO E DESTINADA AO PISO SALARIAL DE ENFERMAGEM AS INSTITUICOES FILANTROPICAS DE GOIANIA VALOR RELATIVO AO 13ºSALARIO CONFORME INFORMADO NO DE.                                                                           VALOR TOTAL:.......................................................35.109,46.                                                                           107 - TRANSFERENCIA DE RECURSOS DO SISTEMA UNICO DE SAUDE - SUS - BLOCO DE  MANUTENCAO DAS ACOES E SERVICOS PUBLICOS DE SAUDE                           FONTE DETALHADA: 97-ASSISTENCIA FINANCEIRA PARA COMPLEMENTACAO PISO - ENFER-MAGEM                                                                       FONTE/CO STN:1605 0000-ASSISTENCIA FINANCEIRA DA UNIAO DESTINADA A COMPLEMENTACAO AO PAGAMENTO DOS PISOS SALARIAIS PARA PROFISSIONAIS DA ENFERMAGEM     ;Outros (Convênios, ajustes, similares, etc.);000002372025
20252150024810120;12/12/2025 00:00:00;99186,83;0319462025;15/12/2025 00:00:00;99186,83;202521500248101200001;16/12/2025 00:00:00;99186,83;33903900;OUTROS SERVICOS DE TERCEIROS - PESSOA JURIDICA;45349461000102;SECRETARIA MUNICIPAL DE SAUDE;0,00;SECRETARIA MUNICIPAL DE SAUDE                                                                                                                                                                                                                                ;SAUDE - 10;ASSISTENCIA HOSPITALAR E AMBULATORIAL - 302;TRANSFERENCIA DE RECURSOS DO SISTEMA UNICO DE SAUDE - SUS - BLOCO DE MANUTENCAO DAS ACOES E SERVICOS PUBLICOS DE SAUDE - 107;ASSOCIACAO HOSPITALAR BENEFICENTE DO BRASIL;DESPESA COM REPASSE FINANCEIRO COMPLEMENTAR DECORRENTE DA ASSISTENCIA FINAN-CEIRA DA UNIAO E DESTINADA AO PISO SALARIAL DE ENFERMAGEM AS INSTITUICOES FILANTROPICAS DE GOIANIA VALOR RELATIVO AO 13ºSALARIO CONFORME INFORMADO NO DEESPACHO DIRPS._SCC:783073 - SOLICITACAO FINANCEIRA:176067 - 2025.           .                                                                           .                                                                           VALOR TOTAL:.......................................................99.186,83.                                                                           107 - TRANSFERENCIA DE RECURSOS DO SISTEMA UNICO DE SAUDE - SUS - BLOCO DE  MANUTENCAO DAS ACOES E SERVICOS PUBLICOS DE SAUDE                           FONTE DETALHADA: 97-ASSISTENCIA FINANCEIRA PARA COMPLEMENTACAO PISO - ENFER-MAGEM                                                                       FONTE/CO STN:1605 0000-ASSISTENCIA FINANCEIRA DA UNIAO DESTINADA A COMPLEMENTACAO AO PAGAMENTO DOS PISOS SALARIAIS PARA PROFISSIONAIS DA ENFERMAGEM     ;Outros (Convênios, ajustes, similares, etc.);000000012025
20252150024810121;19/12/2025 00:00:00;51362,62;0327112025;19/12/2025 00:00:00;51362,62;202521500248101210001;19/12/2025 00:00:00;51362,62;33903900;OUTROS SERVICOS DE TERCEIROS - PESSOA JURIDICA;60701190000104;SECRETARIA MUNICIPAL DE SAUDE;0,00;SECRETARIA MUNICIPAL DE SAUDE                                                                                                                                                                                                                                ;SAUDE - 10;ASSISTENCIA HOSPITALAR E AMBULATORIAL - 302;TRANSFERENCIA DE RECURSOS DO SISTEMA UNICO DE SAUDE - SUS - BLOCO DE MANUTENCAO DAS ACOES E SERVICOS PUBLICOS DE SAUDE - 107;ITAU UNIBANCO S.A.;DESPESA C/REPASSE FINANCEIRO COMPLEMENTAR DECORRENTE DA ASSISTENCIA FINANCEIRA DA UNIAO/MS DESTINADA AO PISO SALARIAL DA ENFERMAGEM A FOLHA DE PAGAMENTO/PESSOAL DA SMS -  SEI:25.27.000008982-6._SCC:792757.                       RELATIVO AO MES DE DEZEMBRO/2025.                                           .                                                                           VALOR TOTAL:.......................................................51.362,62.                                                                           107-TRANSFERENCIA DE RECURSOS DO SISTEMA UNICO DE SAUDE-SUS-BLOCO DE MANUTENCAO DAS ACOES E SERVICOS PUBLICOS DE SAUDE                                  97 - ASSISTENCIA FINANCEIRA PARA COMPLEMENTACAO PISO - ENFERMAGEM           SOLICITACAO FINANCEIRA:176485/2025.                                         ;Inexigibilidade de Licitação;000000012022
20252150024910925;04/12/2025 00:00:00;323760,00;;;0,00;;;0,00;33903900;OUTROS SERVICOS DE TERCEIROS - PESSOA JURIDICA;58921792000117;SECRETARIA MUNICIPAL DE SAUDE;323760,00;SECRETARIA MUNICIPAL DE SAUDE                                                                                                                                                                                                                                ;SAUDE - 10;ASSISTENCIA HOSPITALAR E AMBULATORIAL - 302;TRANSFERENCIA DE RECURSOS DO SISTEMA UNICO DE SAUDE - SUS - BLOCO DE MANUTENCAO DAS ACOES E SERVICOS PUBLICOS DE SAUDE - 107;PLANISA PLANEJAMENTO E ORGANIZACAO DE INTITUICOES DE SAUDE;DESPESA COM A CONTRATACAO DE EMPRESA ESPECIALIZADA NA PRESTACAO DE SERVICOS DE GESTAO ESTRATEGICA DE CUSTOS E INDICADORES DE PERFORMANCE EM UNIDADES    ASSISTENCIAIS DA SECRETARIA MUNICIPAL DE SAUDE DE GOIANIA, DE ACORDO COM    AS ESPECIFICACOES E QUANTITATIVOS PREVISTOS EM TABELA(IMPLANTACAO) E CONFOR ME CONDICOES E EXIGENCIAS ESTABELECIDAS NESTE INSTRUMENTO                   .                                                                           VALOR TOTAL:.....................................................323.760,00 .                                                                           OBSERVACOES:                                                                O PRAZO DE VIGENCIA DA CONTRATACAO E DE 12(DOZE) MESES CONTADOS DA PUBLICA  CAO DO INSTRUMENTO CONTRATUAL NO PORTAL NACIONAL DE CONTRATACOES PUBLICAS,  NA FORMA DO ART. 106, DA LEI NR. 14.133/2021                                .                                                                           107 - TRANSFERENCIA DE RECURSOS DO SISTEMA UNICO DE SAUDE - SUS             64 - TRANSFERENCIAS DE RECURSOS DO SUS - ATENCAO ESPECIALIZADA              SOLICITACAO FINANCEIRA NR. 165852-2025 SEI: 25.29.000009511-1 SCC: 784100   RECURSO: MAC 50%                                                            ;Inexigibilidade de Licitação;000001852025
20252150024910927;11/12/2025 00:00:00;1779940,31;0317222025;11/12/2025 00:00:00;1779940,31;202521500249109270001;11/12/2025 00:00:00;1779940,31;33903900;OUTROS SERVICOS DE TERCEIROS - PESSOA JURIDICA;37678845000140;SECRETARIA MUNICIPAL DE SAUDE;0,00;SECRETARIA MUNICIPAL DE SAUDE                                                                                                                                                                                                                                ;SAUDE - 10;ASSISTENCIA HOSPITALAR E AMBULATORIAL - 302;TRANSFERENCIA DE RECURSOS DO SISTEMA UNICO DE SAUDE - SUS - BLOCO DE MANUTENCAO DAS ACOES E SERVICOS PUBLICOS DE SAUDE - 107;INSTITUTO PATRIS;DESPESA COM A FORMALIZACAO DE CONVENIO PARA A GESTAO PARA O GERENCIAMENTO, OPERACIONALIZACAO E A EXECUCAO DAS ACOES E SERVICOS DE SAUDE,PARA O PLENO FUNCIONAMENTO DO HMDI - DONA IRIS. SCC:783111.                                 3. HOSPITAL E MATERNIDADE DONA IRIS (HMDI) - REFERENCIA: 12/2025.           .                                                                           VALOR TOTAL:....................................................1.779.940,31.                                                                           FONTE 107-TRANSFERENCIA DE RECURSOS DO SISTEMA UNICO DE SAUDE - SUS - BLOCO DE MANUTENCAO DAS ACOES E SERVICOS PUBLICOS DE SAUDE                        FONTE DETALHADA 64-TRANSFERENCIAS DE RECURSOS DO SUS - ATENCAO ESPECIALIZADAFONTE/CO STN 1600 0000 - TRANSFERENCIAS FUNDO A FUNDO DE RECURSOS DO SUS PROVENIENTES DO GOVERNO FEDERAL -BLOCO DE MANUTENCAO DAS ACOES E SERVICOS PUBLICOS DE SAUDE                                                                SOLICITACAO FINANCEIRA NR.175922 - 2025 SCC783111 SEI: 25.29.000027894-1    ;Outros (Convênios, ajustes, similares, etc.);000000012025
20252150024910941;15/12/2025 00:00:00;11000,00;;;0,00;;;0,00;33903900;OUTROS SERVICOS DE TERCEIROS - PESSOA JURIDICA;37864667000142;SECRETARIA MUNICIPAL DE SAUDE;11000,00;SECRETARIA MUNICIPAL DE SAUDE                                                                                                                                                                                                                                ;SAUDE - 10;ASSISTENCIA HOSPITALAR E AMBULATORIAL - 302;TRANSFERENCIA DE RECURSOS DO SISTEMA UNICO DE SAUDE - SUS - BLOCO DE MANUTENCAO DAS ACOES E SERVICOS PUBLICOS DE SAUDE - 107;ENDOCENTRO SERVICOS MEDICOS LTDA;DESPESA COM CONTRATO NR 1.040/2020 PARA EXECUCAO DE SERVICOS MEDICOS DE     ASSISTENCIA A SAUDE AMBULATORIAL (HOSPITALAR) E/OU APOIO DIAGNOSTICO        TERAPEUTICO PARA ATENDIMENTO DOS SUSUARIOS DO SUS - SCC: 521133             REFERENCIA: COMPETENCIA 10/2025  - SEI:2229000011979-0                      .                                                                           VALOR TOTAL:....................................................11.000,00   .                                                                           64 - TRANSFERENCIAS DE RECURSOS DO SUS - ATENCAO ESPECIALIZADA              SOLICITACAO FINANCEIRA: 176030/2025                                         ;Inexigibilidade de Licitação;000000052020
20252150024910948;15/12/2025 00:00:00;19860,64;;;0,00;;;0,00;33903900;OUTROS SERVICOS DE TERCEIROS - PESSOA JURIDICA;02083913000144;SECRETARIA MUNICIPAL DE SAUDE;19860,64;SECRETARIA MUNICIPAL DE SAUDE                                                                                                                                                                                                                                ;SAUDE - 10;ASSISTENCIA HOSPITALAR E AMBULATORIAL - 302;TRANSFERENCIA DE RECURSOS DO SISTEMA UNICO DE SAUDE - SUS - BLOCO DE MANUTENCAO DAS ACOES E SERVICOS PUBLICOS DE SAUDE - 107;LABORATORIO MEDICO OSWALDO CRUZ LTDA;64 - TRANSFERENCIAS DE RECURSOS DO SUS - ATENCAO ESPECIALIZADA              SOLICITACAO FINANCEIRA: 176041/2025                                         DESPESA COM CONTRATO NR 726/2020 PARA EXECUCAO DE SERVICOS MEDICOS DE       ASSISTENCIA A SAUDE AMBULATORIAL (HOSPITALAR) E/OU APOIO DIAGNOSTICO        TERAPEUTICO PARA ATENDIMENTO DOS SUSUARIOS DO SUS - SCC: 513807             REFERENCIA: COMPETENCIA 10/2025  - SEI:22.29.000012145-0                    .                                                                           VALOR TOTAL:....................................................19.860,64   .                                                                           ;Inexigibilidade de Licitação;000000052020
20252150024910949;15/12/2025 00:00:00;20500,00;;;0,00;;;0,00;33903900;OUTROS SERVICOS DE TERCEIROS - PESSOA JURIDICA;00467443000197;SECRETARIA MUNICIPAL DE SAUDE;20500,00;SECRETARIA MUNICIPAL DE SAUDE                                                                                                                                                                                                                                ;SAUDE - 10;ASSISTENCIA HOSPITALAR E AMBULATORIAL - 302;TRANSFERENCIA DE RECURSOS DO SISTEMA UNICO DE SAUDE - SUS - BLOCO DE MANUTENCAO DAS ACOES E SERVICOS PUBLICOS DE SAUDE - 107;CLINICA MEDICA DE ENDOSCOPIA E CIRURGIA LTDA;DESPESA COM CONTRATO NR 1.038/2020 PARA EXECUCAO DE SERVICOS MEDICOS DE     ASSISTENCIA A SAUDE AMBULATORIAL (HOSPITALAR) E/OU APOIO DIAGNOSTICO        TERAPEUTICO PARA ATENDIMENTO DOS SUSUARIOS DO SUS - SCC: 521117             REFERENCIA: COMPETENCIA 10/2025  - SEI:22.29.000011962-6                    .                                                                           VALOR TOTAL:....................................................20.500,00   .                                                                           64 - TRANSFERENCIAS DE RECURSOS DO SUS - ATENCAO ESPECIALIZADA              SOLICITACAO FINANCEIRA: 176043/2025                                         ;Inexigibilidade de Licitação;000068692020
20252150024910951;15/12/2025 00:00:00;21054,29;;;0,00;;;0,00;33903900;OUTROS SERVICOS DE TERCEIROS - PESSOA JURIDICA;22653841000130;SECRETARIA MUNICIPAL DE SAUDE;21054,29;SECRETARIA MUNICIPAL DE SAUDE                                                                                                                                                                                                                                ;SAUDE - 10;ASSISTENCIA HOSPITALAR E AMBULATORIAL - 302;TRANSFERENCIA DE RECURSOS DO SISTEMA UNICO DE SAUDE - SUS - BLOCO DE MANUTENCAO DAS ACOES E SERVICOS PUBLICOS DE SAUDE - 107;J.C.D.F CLINICA MEDICA LTDA;DESPESA COM CONTRATO NR 112/2025 PARA EXECUCAO DE SERVICOS MEDICOS DE       ASSISTENCIA A SAUDE AMBULATORIAL (HOSPITALAR) E/OU APOIO DIAGNOSTICO        TERAPEUTICO PARA ATENDIMENTO DOS SUSUARIOS DO SUS - SCC: 765121             REFERENCIA: COMPETENCIA 10/2025  - SEI:25.29.000048204-2                    .                                                                           VALOR TOTAL:....................................................21.054,29   .                                                                           64 - TRANSFERENCIAS DE RECURSOS DO SUS - ATENCAO ESPECIALIZADA              SOLICITACAO FINANCEIRA: 176047/2025                                         ;Inexigibilidade de Licitação;000000052020
20252150024910958;15/12/2025 00:00:00;26230,36;;;0,00;;;0,00;33903900;OUTROS SERVICOS DE TERCEIROS - PESSOA JURIDICA;26696633000170;SECRETARIA MUNICIPAL DE SAUDE;26230,36;SECRETARIA MUNICIPAL DE SAUDE                                                                                                                                                                                                                                ;SAUDE - 10;ASSISTENCIA HOSPITALAR E AMBULATORIAL - 302;TRANSFERENCIA DE RECURSOS DO SISTEMA UNICO DE SAUDE - SUS - BLOCO DE MANUTENCAO DAS ACOES E SERVICOS PUBLICOS DE SAUDE - 107;CENTRO TECNOLOGICO DE ANALISES E PESQUISAS CLINICAS LTDA;DESPESA COM CONTRATO NR 936/2020 PARA EXECUCAO DE SERVICOS MEDICOS DE       ASSISTENCIA A SAUDE AMBULATORIAL (HOSPITALAR) E/OU APOIO DIAGNOSTICO        TERAPEUTICO PARA ATENDIMENTO DOS SUSUARIOS DO SUS - SCC: 518515             REFERENCIA: COMPETENCIA 10/2025  - SEI:22.29.000011934-0                    .                                                                           VALOR TOTAL:....................................................26.230,36   .                                                                           64 - TRANSFERENCIAS DE RECURSOS DO SUS - ATENCAO ESPECIALIZADA              SOLICITACAO FINANCEIRA: 176058/2025                                         ;Inexigibilidade de Licitação;000068722020
20252150024910959;15/12/2025 00:00:00;26795,50;;;0,00;;;0,00;33903900;OUTROS SERVICOS DE TERCEIROS - PESSOA JURIDICA;02105435000126;SECRETARIA MUNICIPAL DE SAUDE;26795,50;SECRETARIA MUNICIPAL DE SAUDE                                                                                                                                                                                                                                ;SAUDE - 10;ASSISTENCIA HOSPITALAR E AMBULATORIAL - 302;TRANSFERENCIA DE RECURSOS DO SISTEMA UNICO DE SAUDE - SUS - BLOCO DE MANUTENCAO DAS ACOES E SERVICOS PUBLICOS DE SAUDE - 107;ASSOCIACAO DOS SURDOS DE GOIANIA;DESPESA COM CONTRATO NR 471/2023 PARA EXECUCAO DE SERVICOS MEDICOS DE       ASSISTENCIA A SAUDE AMBULATORIAL (HOSPITALAR) E/OU APOIO DIAGNOSTICO        TERAPEUTICO PARA ATENDIMENTO DOS SUSUARIOS DO SUS - SCC: 656993             REFERENCIA: COMPETENCIA 10/2025  - SEI:24.29.000003841-4                    .                                                                           VALOR TOTAL:....................................................26.795,50   .                                                                           64 - TRANSFERENCIAS DE RECURSOS DO SUS - ATENCAO ESPECIALIZADA              SOLICITACAO FINANCEIRA: 176059/2025                                         ;Inexigibilidade de Licitação;000000052020
20252150024910961;15/12/2025 00:00:00;27945,00;;;0,00;;;0,00;33903900;OUTROS SERVICOS DE TERCEIROS - PESSOA JURIDICA;01231876000101;SECRETARIA MUNICIPAL DE SAUDE;27945,00;SECRETARIA MUNICIPAL DE SAUDE                                                                                                                                                                                                                                ;SAUDE - 10;ASSISTENCIA HOSPITALAR E AMBULATORIAL - 302;TRANSFERENCIA DE RECURSOS DO SISTEMA UNICO DE SAUDE - SUS - BLOCO DE MANUTENCAO DAS ACOES E SERVICOS PUBLICOS DE SAUDE - 107;CLINICA CORDIAL S/C;DESPESA COM CONTRATO NR 211/2024 PARA EXECUCAO DE SERVICOS MEDICOS DE       ASSISTENCIA A SAUDE AMBULATORIAL (HOSPITALAR) E/OU APOIO DIAGNOSTICO        TERAPEUTICO PARA ATENDIMENTO DOS SUSUARIOS DO SUS - SCC: 754065             REFERENCIA: COMPETENCIA 10/2025  - SEI:25.29.000044490-6                    .                                                                           VALOR TOTAL:....................................................27.945,00   .                                                                           64 - TRANSFERENCIAS DE RECURSOS DO SUS - ATENCAO ESPECIALIZADA              SOLICITACAO FINANCEIRA: 176061/2025                                         ;Inexigibilidade de Licitação;000000052020
20252150024910962;15/12/2025 00:00:00;33188,01;;;0,00;;;0,00;33903900;OUTROS SERVICOS DE TERCEIROS - PESSOA JURIDICA;01531714000199;SECRETARIA MUNICIPAL DE SAUDE;33188,01;SECRETARIA MUNICIPAL DE SAUDE                                                                                                                                                                                                                                ;SAUDE - 10;ASSISTENCIA HOSPITALAR E AMBULATORIAL - 302;TRANSFERENCIA DE RECURSOS DO SISTEMA UNICO DE SAUDE - SUS - BLOCO DE MANUTENCAO DAS ACOES E SERVICOS PUBLICOS DE SAUDE - 107;S R HOSPITALAR LTDA;DESPESA COM CONTRATO NR 1.269/2024 PARA EXECUCAO DE SERVICOS MEDICOS DE     ASSISTENCIA A SAUDE AMBULATORIAL (HOSPITALAR) E/OU APOIO DIAGNOSTICO        TERAPEUTICO PARA ATENDIMENTO DOS SUSUARIOS DO SUS - SCC: 766713             REFERENCIA: COMPETENCIA 10/2025  - SEI:25.29.000006929-3                    .                                                                           VALOR TOTAL:....................................................33.188,01   .                                                                           64 - TRANSFERENCIAS DE RECURSOS DO SUS - ATENCAO ESPECIALIZADA              SOLICITACAO FINANCEIRA: 176116/2025                                         ;Inexigibilidade de Licitação;000000052024
20252150024910968;16/12/2025 00:00:00;52371,02;;;0,00;;;0,00;33903900;OUTROS SERVICOS DE TERCEIROS - PESSOA JURIDICA;01586380000150;SECRETARIA MUNICIPAL DE SAUDE;52371,02;SECRETARIA MUNICIPAL DE SAUDE                                                                                                                                                                                                                                ;SAUDE - 10;ASSISTENCIA HOSPITALAR E AMBULATORIAL - 302;TRANSFERENCIA DE RECURSOS DO SISTEMA UNICO DE SAUDE - SUS - BLOCO DE MANUTENCAO DAS ACOES E SERVICOS PUBLICOS DE SAUDE - 107;CRD  CENTRO DE RECURSOS DIAGNOSTICOS LTDA;DESPESA COM CONTRATO NR 526/2023 PARA EXECUCAO DE SERVICOS MEDICOS DE       ASSISTENCIA A SAUDE AMBULATORIAL (HOSPITALAR) E/OU APOIO DIAGNOSTICO        TERAPEUTICO PARA ATENDIMENTO DOS SUSUARIOS DO SUS - SCC: 660249             REFERENCIA: COMPETENCIA 10/2025  - SEI:23.29.000027193-8                    .                                                                           VALOR TOTAL:....................................................52.371,02   .                                                                           64 - TRANSFERENCIAS DE RECURSOS DO SUS - ATENCAO ESPECIALIZADA              SOLICITACAO FINANCEIRA: 176133/2025                                         ;Inexigibilidade de Licitação;000011792023
20252150024910969;16/12/2025 00:00:00;55295,00;;;0,00;;;0,00;33903900;OUTROS SERVICOS DE TERCEIROS - PESSOA JURIDICA;01277573000120;SECRETARIA MUNICIPAL DE SAUDE;55295,00;SECRETARIA MUNICIPAL DE SAUDE                                                                                                                                                                                                                                ;SAUDE - 10;ASSISTENCIA HOSPITALAR E AMBULATORIAL - 302;TRANSFERENCIA DE RECURSOS DO SISTEMA UNICO DE SAUDE - SUS - BLOCO DE MANUTENCAO DAS ACOES E SERVICOS PUBLICOS DE SAUDE - 107;INGOH - INSTITUTO GOIANO DE ONCOLOGIA E HEMATOLOGIA S/S LTDA;.                                                                           VALOR TOTAL:....................................................55.295,00   .                                                                           64 - TRANSFERENCIAS DE RECURSOS DO SUS - ATENCAO ESPECIALIZADA              SOLICITACAO FINANCEIRA: 176136/2025                                         DESPESA COM CONTRATO NR 1.133/2020 PARA EXECUCAO DE SERVICOS MEDICOS DE     ASSISTENCIA A SAUDE AMBULATORIAL (HOSPITALAR) E/OU APOIO DIAGNOSTICO        TERAPEUTICO PARA ATENDIMENTO DOS SUSUARIOS DO SUS - SCC: 526381             REFERENCIA: COMPETENCIA 10/2025  - SEI:22.29.000012075-6                    ;Inexigibilidade de Licitação;000074782020
20252150024910974;16/12/2025 00:00:00;565409,69;0320822025;18/12/2025 00:00:00;565409,69;202521500249109740001;18/12/2025 00:00:00;565409,69;33903900;OUTROS SERVICOS DE TERCEIROS - PESSOA JURIDICA;04529890000184;SECRETARIA MUNICIPAL DE SAUDE;0,00;SECRETARIA MUNICIPAL DE SAUDE                                                                                                                                                                                                                                ;SAUDE - 10;ASSISTENCIA HOSPITALAR E AMBULATORIAL - 302;TRANSFERENCIA DE RECURSOS DO SISTEMA UNICO DE SAUDE - SUS - BLOCO DE MANUTENCAO DAS ACOES E SERVICOS PUBLICOS DE SAUDE - 107;DAVITA SERVICOS DE NEFROLOGIA JARDIM AMERICA LTDA;DESPESA COM CONTRATO NR 1.128/2020 PARA EXECUCAO DE SERVICOS MEDICOS DE     ASSISTENCIA A SAUDE AMBULATORIAL (HOSPITALAR) E/OU APOIO DIAGNOSTICO        TERAPEUTICO PARA ATENDIMENTO DOS SUSUARIOS DO SUS - SCC: 526186             REFERENCIA: COMPETENCIA 10/2025  - SEI:22.29.000012367-4                    .                                                                           VALOR TOTAL:...................................................565.409,69   .                                                                           64 - TRANSFERENCIAS DE RECURSOS DO SUS - ATENCAO ESPECIALIZADA              SOLICITACAO FINANCEIRA: 176102/2025                                         ;Inexigibilidade de Licitação;000000052020
20252150024910975;16/12/2025 00:00:00;631516,49;;;0,00;;;0,00;33903900;OUTROS SERVICOS DE TERCEIROS - PESSOA JURIDICA;01004795000179;SECRETARIA MUNICIPAL DE SAUDE;631516,49;SECRETARIA MUNICIPAL DE SAUDE                                                                                                                                                                                                                                ;SAUDE - 10;ASSISTENCIA HOSPITALAR E AMBULATORIAL - 302;TRANSFERENCIA DE RECURSOS DO SISTEMA UNICO DE SAUDE - SUS - BLOCO DE MANUTENCAO DAS ACOES E SERVICOS PUBLICOS DE SAUDE - 107;DAVITA SERVICOS DE NEFROLOGIA GOIANIA LTDA.;DESPESA COM CONTRATO NR 1.651/2021 PARA EXECUCAO DE SERVICOS MEDICOS DE     ASSISTENCIA A SAUDE AMBULATORIAL (HOSPITALAR) E/OU APOIO DIAGNOSTICO        TERAPEUTICO PARA ATENDIMENTO DOS SUSUARIOS DO SUS - SCC: 552195             REFERENCIA: COMPETENCIA 10/2025  - SEI:22.29.000012358-5                    .                                                                           VALOR TOTAL:...................................................631.516,49   .                                                                           64 - TRANSFERENCIAS DE RECURSOS DO SUS - ATENCAO ESPECIALIZADA              SOLICITACAO FINANCEIRA: 176105/2025                                         ;Inexigibilidade de Licitação;000000052020
20252150024910981;16/12/2025 00:00:00;2989133,62;0319952025;16/12/2025 00:00:00;2989133,62;202521500249109810001;17/12/2025 00:00:00;2989133,62;33903900;OUTROS SERVICOS DE TERCEIROS - PESSOA JURIDICA;01081470000190;SECRETARIA MUNICIPAL DE SAUDE;0,00;SECRETARIA MUNICIPAL DE SAUDE                                                                                                                                                                                                                                ;SAUDE - 10;ASSISTENCIA HOSPITALAR E AMBULATORIAL - 302;TRANSFERENCIA DE RECURSOS DO SISTEMA UNICO DE SAUDE - SUS - BLOCO DE MANUTENCAO DAS ACOES E SERVICOS PUBLICOS DE SAUDE - 107;HOSPITAL RUY AZEREDO LTDA;DESPESA COM CONTRATO NR 114/2025 PARA EXECUCAO DE SERVICOS MEDICOS DE       ASSISTENCIA A SAUDE AMBULATORIAL (HOSPITALAR) E/OU APOIO DIAGNOSTICO        TERAPEUTICO PARA ATENDIMENTO DOS SUSUARIOS DO SUS - SCC: 774244             REFERENCIA: COMPETENCIA 10/2025  - SEI:25.29.000016572-1                    .                                                                           VALOR TOTAL:.................................................2.989.133,62   .                                                                           64 - TRANSFERENCIAS DE RECURSOS DO SUS - ATENCAO ESPECIALIZADA              SOLICITACAO FINANCEIRA: 176132/2025                                         ;Inexigibilidade de Licitação;000000052020
20252150024910988;17/12/2025 00:00:00;465426,78;0320632025;17/12/2025 00:00:00;465426,78;202521500249109880001;17/12/2025 00:00:00;465426,78;33903900;OUTROS SERVICOS DE TERCEIROS - PESSOA JURIDICA;01590900000107;SECRETARIA MUNICIPAL DE SAUDE;0,00;SECRETARIA MUNICIPAL DE SAUDE                                                                                                                                                                                                                                ;SAUDE - 10;ASSISTENCIA HOSPITALAR E AMBULATORIAL - 302;TRANSFERENCIA DE RECURSOS DO SISTEMA UNICO DE SAUDE - SUS - BLOCO DE MANUTENCAO DAS ACOES E SERVICOS PUBLICOS DE SAUDE - 107;HOSPITAL UROLOGICO DE GOIANIA LTDA;SOLICITACAO FINANCEIRA: 176162/2025                                         64 - TRANSFERENCIAS DE RECURSOS DO SUS - ATENCAO ESPECIALIZADA              .                                                                           VALOR TOTAL:...................................................465.426,78   .                                                                           REFERENCIA: COMPETENCIA 10/2025  - SEI:22.29.000012356-9                    TERAPEUTICO PARA ATENDIMENTO DOS SUSUARIOS DO SUS - SCC: 518990             ASSISTENCIA A SAUDE AMBULATORIAL (HOSPITALAR) E/OU APOIO DIAGNOSTICO        DESPESA COM CONTRATO NR 980/2020 PARA EXECUCAO DE SERVICOS MEDICOS DE       ;Inexigibilidade de Licitação;000068732020
20252150025410009;22/12/2025 00:00:00;188867,21;;;0,00;;;0,00;33903900;OUTROS SERVICOS DE TERCEIROS - PESSOA JURIDICA;26921908000121;SECRETARIA MUNICIPAL DE SAUDE;188867,21;SECRETARIA MUNICIPAL DE SAUDE                                                                                                                                                                                                                                ;SAUDE - 10;ASSISTENCIA HOSPITALAR E AMBULATORIAL - 302;TRANSFERENCIA DE RECURSOS DO SISTEMA UNICO DE SAUDE - SUS / ESTADOS - 131;HOSPFAR INDUSTRIA E COMERCIO DE PRODUTOS HOSPITALARES SA;DESPESA COM PRORROGACAO DO CONTRATO N.1639/2022 VISANDO O ATENDIMENTO DOS PACIENTES DO SISTEMA DE INFUSAO DE INSULINA. SEI 25.29.000048402-9.           .                                                                           OBS:VALORES RELATIVOS A DEZEMBRO/2025 CONF.PARECER TECNICO N., PEDIDO DE COMPRA N.722/2025, VIGENCIA 23/12/25 A 22/12/26 SCC:634370 - 3.                .                                                                           VALOR TOTAL:......................................................188.867,21.                                                                           131-TRANSFERENCIAS DE RECURSOS DO SISTEMA UNICO DE SAUDE - SUS/ESTADOS      17-MEDIA ALTA COMPLEXIDADE-MAC    -   SOLICITACAO FINANCEIRA:176519-2025.   ;Pregão;000000412022
20252150025610001;01/12/2025 00:00:00;75000,00;;;0,00;;;0,00;33903900;OUTROS SERVICOS DE TERCEIROS - PESSOA JURIDICA;01619790000150;SECRETARIA MUNICIPAL DE SAUDE;75000,00;SECRETARIA MUNICIPAL DE SAUDE                                                                                                                                                                                                                                ;SAUDE - 10;ASSISTENCIA HOSPITALAR E AMBULATORIAL - 302;EMENDAS PARLAMENTARES INDIVIDUAIS - TRANSFERENCIA CM FINALIDADE DEFINIDA (INCISO II DO ART. 1. EC 105/2019)-ESTADOS - 137;SANTA CASA DE MISERICORDIA DE GOIANIA;DESPESA C/ EMENDA PARLAMENTAR IMPOSITIVA PARA A TRANSFERENCIA DE RECURSOS NAMODALIDADE FUNDO A FUNDO, CUSTEIO, COM FUNDAMENTO NAS MANIFESTACOES TECNICASCONSTANTES NO PARECER NR. 2526/2025-GERAF. SEI 23.29.000036953-9 - SCC796175EMENDA NR. 0689 / PARLAMENTAR: ADRIANA ACCORSI / DESTINO:SANTA CASA VALOR ESTIMADO: R$ 75.000,00.                                                       .                                                                           EMENDA N.0689/ADRIANA ACCORSI/DESTINO: SANTA CASA DE MISERICORDIA DE GOIANIAVALOR ESTIMADO:..................................................R$75.000,00VALOR TOTAL:.....................................................R$75.000,00.                                                                           FONTE:137-EMENDAS PARLAMENTARES INDIVIDUAIS-TRANSFERENCIA CM FINALIDADE DEFINIDA(INCISO II DO ART. 1. EC 105/2019)-ESTADOS                              FONTE DETALHADA: 636 - TRANSFERENCIA COM FINALIDADE DEFINIDA                FONTE/CO STN:1710 3210-IDENTIFICACAO DAS TRANSFERENCIAS DOS ESTADOS DECORRENTES DE EMENDAS PARLAMENTARES INDIVIDUAIS-SOLICITACAO FINANCEIRA:175462-2025.;Outros (Convênios, ajustes, similares, etc.);000004552023
20252150049110063;30/12/2025 00:00:00;1416853,23;;;0,00;;;0,00;33903900;OUTROS SERVICOS DE TERCEIROS - PESSOA JURIDICA;40376326000132;SECRETARIA MUNICIPAL DE SAUDE;0,00;SECRETARIA MUNICIPAL DE SAUDE                                                                                                                                                                                                                                ;SAUDE - 10;ATENCAO BASICA - 301;RECEITAS DE IMPOSTOS E DE TRANSFERENCIAS DE IMPOSTOS - SAUDE - 102;ASSOCIACAO BRASILEIRA DE SAUDE OCULAR - ABRASO;DESPESA COM EMENDA AO PROJETO DE LEI NR. 268/2024 PARA O REPASSE DE RECURSOSDE NATUREZA IMPOSITIVA DESTINA À SAÚDE NO EXERCÍCIO FINANCEIRO DE 2025, DE ACORDO COM A LEI NR. 11.315, DE 07/01/2025-LOA. SEI 25290000266129.          EMENDA NR. 31.01 / PARLAMENTAR: SARGENTO NOVANDIR /DESTINO: ASSOCIACAO BRASILEIRA DE SAUDE OCULAR - ABRASO VALOR ESTIMADO: R$1.416.853,23. SCC798097.   .                                                                           VALOR TOTAL:....................................................1.416.853,23.                                                                           102 - RECEITAS DE IMPOSTOS E DE TRANSFERENCIAS DE IMPOSTOS - SAUDE          634 - RECURSOS ORDINARIOS PARA ATENDER EMENDA IMPOSITIVA                    SOLICITACAO FINANCEIRA 176761 - 2025                                        ;Outros (Convênios, ajustes, similares, etc.);000006032025
20252150049110068;30/12/2025 00:00:00;400000,00;;;0,00;;;0,00;33903900;OUTROS SERVICOS DE TERCEIROS - PESSOA JURIDICA;32839901000591;SECRETARIA MUNICIPAL DE SAUDE;0,00;SECRETARIA MUNICIPAL DE SAUDE                                                                                                                                                                                                                                ;SAUDE - 10;ATENCAO BASICA - 301;RECEITAS DE IMPOSTOS E DE TRANSFERENCIAS DE IMPOSTOS - SAUDE - 102;GRUPO FUTURO - GESTAO DE SAUDE;DESPESA COM EMENDA AO PROJETO DE LEI NR. 268/2024 PARA O REPASSE DE RECURSOSDE NATUREZA IMPOSITIVA DESTINA À SAÚDE NO EXERCICIO FINANCEIRO DE 2025, DE ACORDO COM A LEI NR. 11.315, DE 07/01/2025-LOA. SEI 25290000423801.          EMENDA NR. 23.01 / PARLAMENTAR: LUCIOLA DO RECANTO / DESTINO: VALOR ESTIMADO:R$400.000,00  SCC 798186 - SOLICITACAO FINANCEIRA:176755 - 2025.           .                                                                           VALOR TOTAL:..................................................... 400.000,00.                                                                           102 - RECEITAS DE IMPOSTOS E DE TRANSFERENCIAS DE IMPOSTOS - SAUDE          634 - RECURSOS ORDINARIOS PARA ATENDER EMENDA IMPOSITIVA                    ;Outros (Convênios, ajustes, similares, etc.);000011512025
20252150049510001;02/12/2025 00:00:00;20670,00;0338832025;15/04/2026 00:00:00;20670,00;202521500495100010001;16/04/2026 00:00:00;20670,00;44905200;EQUIPAMENTOS E MATERIAL PERMANENTE;20920517000106;SECRETARIA MUNICIPAL DE SAUDE;0,00;SECRETARIA MUNICIPAL DE SAUDE                                                                                                                                                                                                                                ;SAUDE - 10;ATENCAO BASICA - 301;RECEITAS DE IMPOSTOS E DE TRANSFERENCIAS DE IMPOSTOS - SAUDE - 102;MRM HOSPITALAR LTDA;"ATRAVES DO E-MAIL CIAD.GOIANIA@BRANETOLGISTICA.COM.BR.                      DEMAIS ESCLARECIMENTOS CONF. EDITAL - PE 90034/2025(8281194),   ENTREGA  EM PARCELA UNICA.                                                              FONTE: 102 - RECEITAS DE IMPOSTOS E DE TRANSFERENCIAS DE IMPOSTOS - SAUDE   FONTE DETALHADA: 634 - RECURSOS ORDINARIOS PARA ATENDER EMENDA IMPOSITIVA   FONTE / CO STN: 1500 1002 - IDENTIFICACAO DAS DESPESAS COM ACOES E SERVICOS DE SAUDE                                                                    SER EFETUADAS MEDIANTE AGENDAMENTO PREVIO,TELEFONES: (62) 3524-3404/3407 E  PAO 09 E 10,VILA JOAO VAZ, CEP: 74.425-090, GOIANIA/GO.AS ENTREGAS DEVERAO  DE SAUDE, ENDERECO:AVENIDA PERIMETRAL NORTE,CONDOMíNIO GOIAZEM,BLOCO E, GAL-E QUANTIDADE ENTREGUE.ENTREGA: ALMOXARIFADO CENTRAL DA SECRETARIA MUNICIPAL DEVE CONTER, OBRIGATORIAMENTE, A ESPECIFICACAO DO ITEM, MARCA DO FABRICANTE TORIZACAO DE FORNECIMENTO, ACOMPANHADOS DOS DOCUMENTOS FISCAIS RESPECTIVOS, DIAS, CONTADOS APOS O RECEBIMENTO DA ORDEM DE ENTREGA OU NOTA DE EMPENHO/AU-O PRAZO DE ENTREGA DOS BENS SERA EFETUADO NO PRAZO NAO SUPERIOR A 20 (VINTE).                                                                           VALOR TOTAL:.......................................................20.670,00COD:43039-0..............13,00 CJ.............1.590.0000...........20.670,00ITEM 1-  APARELHO ASPIRADOR SECRECAO  M:ASPIRAVIDA.                         .                                                                           NANCEIRA:175532 - 2025.                                                     PEDIDO DE COMPRA 216/2025. SCC: 796248 - SEI25290000231538 - SOLICITACAO FI-MARIA DOS SANTOS/DESTINO:ESTRUTURACAE DE 12 UNIDADES DE URGENCIA/EMERGENCIA,2; 17.33; 17.34; 17.35; 17.36; 17.37; 17.38; 17.39; 17.40 -PARLAMENTAR:KATIACORDO COM A LEI NR. 11.315, DE 07/01/2025-LOA, EPM 17.29; 17.30; 17.31; 17.3DE NATUREZA IMPOSITIVA DESTINA A SAUDE NO EXERCICIO FINANCEIRO DE 2025, DE ADESPESA COM EMENDA AO PROJETO DE LEI NR. 268/2024 PARA O REPASSE DE RECURSOS";Pregão;000900342025
20252150049510003;02/12/2025 00:00:00;6004,70;0338752025;07/04/2026 00:00:00;6004,70;202521500495100030001;10/04/2026 00:00:00;6004,70;44905200;EQUIPAMENTOS E MATERIAL PERMANENTE;18258209000115;SECRETARIA MUNICIPAL DE SAUDE;0,00;SECRETARIA MUNICIPAL DE SAUDE                                                                                                                                                                                                                                ;SAUDE - 10;ATENCAO BASICA - 301;RECEITAS DE IMPOSTOS E DE TRANSFERENCIAS DE IMPOSTOS - SAUDE - 102;CIRURGICAS CERON EQUIPAMENTOS HOSPITALARES E VET. LTDA ME;"DESPESA COM EMENDA AO PROJETO DE LEI NR. 268/2024 PARA O REPASSE DE RECURSOSDE NATUREZA IMPOSITIVA DESTINA A SAUDE NO EXERCICIO FINANCEIRO DE 2025, DE ACORDO COM A LEI NR. 11.315, DE 07/01/2025-LOA, EPM 17.29; 17.30; 17.31; 17.32; 17.33; 17.34; 17.35; 17.36; 17.37; 17.38; 17.39; 17.40 -PARLAMENTAR:KATIAMARIA DOS SANTOS/DESTINO:ESTRUTURACAO DE 12 UNIDADES DE URGENCIA/EMERGENCIA,PEDIDO DE COMPRA 216/2025. SCC: 796264 - SEI25290000231538 - SOLICITACAO FI-NANCEIRA:175534 - 2025.                                                     .                                                                           ITEM 1-  TERMOMETRO DIGITAL INFRAVERMELHO SEM CONTATO M:COFOE.              COD:58784-2..............130,00 UN...............46,1900............6.004,70VALOR TOTAL:........................................................6.004,70.                                                                           O PRAZO DE ENTREGA DOS BENS SERA EFETUADO NO PRAZO NAO SUPERIOR A 20 (VINTE)DIAS, CONTADOS APOS O RECEBIMENTO DA ORDEM DE ENTREGA OU NOTA DE EMPENHO/AU-TORIZACAO DE FORNECIMENTO, ACOMPANHADOS DOS DOCUMENTOS FISCAIS RESPECTIVOS, DEVE CONTER, OBRIGATORIAMENTE, A ESPECIFICACAO DO ITEM, MARCA DO FABRICANTE E QUANTIDADE ENTREGUE.ENTREGA: ALMOXARIFADO CENTRAL DA SECRETARIA MUNICIPAL DE SAUDE, ENDERECO:AVENIDA PERIMETRAL NORTE,CONDOMíNIO GOIAZEM,BLOCO E, GAL-PAO 09 E 10,VILA JOAO VAZ, CEP: 74.425-090, GOIANIA/GO.AS ENTREGAS DEVERAO  SER EFETUADAS MEDIANTE AGENDAMENTO PREVIO,TELEFONES: (62) 3524-3404/3407 E  ATRAVES DO E-MAIL CIAD.GOIANIA@BRANETOLGISTICA.COM.BR.                      DEMAIS ESCLARECIMENTOS CONF. EDITAL - PE 90034/2025(8281194).ENTREGA EM  PARCELA UNICA.                                                                 FONTE: 102 - RECEITAS DE IMPOSTOS E DE TRANSFERENCIAS DE IMPOSTOS - SAUDE   FONTE DETALHADA: 634 - RECURSOS ORDINARIOS PARA ATENDER EMENDA IMPOSITIVA   FONTE / CO STN: 1500 1002 - IDENTIFICACAO DAS DESPESAS COM ACOES E SERVICOS DE SAUDE                                                                    ";Pregão;000900342025
20252150049710005;10/12/2025 00:00:00;808,00;0336932025;12/02/2026 00:00:00;808,00;202521500497100050001;13/03/2026 00:00:00;808,00;33903000;MATERIAL DE CONSUMO;04716276000202;SECRETARIA MUNICIPAL DE SAUDE;0,00;SECRETARIA MUNICIPAL DE SAUDE                                                                                                                                                                                                                                ;SAUDE - 10;ASSISTENCIA HOSPITALAR E AMBULATORIAL - 302;RECEITAS DE IMPOSTOS E DE TRANSFERENCIAS DE IMPOSTOS - SAUDE - 102;RMC - INDUSTRIA BRASILEIRA DE PRODUTOS MEDICOS LTDA;DESPESAS COM AQUISICAO DE EQUIPAMENTOS ESPORTIVOS PARA ESTRUTURACAO DA ACADEMIA DO CAPS NOROESTE -EMENDA PARLAMENTAR MUNICIPAL Nº 9.01-VEREADOR FABRICIOROSA, CONF. TERMO DE HOMOLOGACAO DO PREGAO ELETRONICO N. 90036/2025, PEDIDO DE COMPRAS N.259/2025, PED.COMPRAS 259/2025-SCC:796728 -SEI25.29.000014587-9SOLICITACAO FINANCEIRA:175747 - 2025.                                       .                                                                           ITEM 16-CANELEIRA NYLON 1,0 KG____RMC                                       COD: 56887-2.............8,00 PR............25,0000...................200,00ITEM 17-CANELEIRA NYLON 2,0 KG    RMC                                       COD:56888-0..............8,00 PR............32,0000...................256,00ITEM 18-CANELEIRA NYLON 3,0 KG RMC                                          COD:56889-9..............8,00 PR..............44,0000.................352,00VALOR TOTAL:..........................................................808.00.                                                                           O PRAZO DE ENTREGA DOS BENS SERA EFETUADO C/PRAZO NAO SUPERIOR A 30 DIAS CORRIDOS, CONTADOS APOS O RECEBIMENTO DA ORDEM DE ENTREGA OU NOTA DE EMPENHO/AUTORIZACAO DE FORNECIMENTO, ACOMPANHADOS DOS DOCUMENTOS FISCAIS RESPECTIVOS, OBRIGATORIAMENTE CONTER:ESPECIFICACAO DO ITEM,MARCA DO FABRICANTE E QUANTIDADE ENTREGUE.LOCAL:NO ALMOXARIFADO CENTRAL DA SECRETARIA MUNICIPAL DE SAUDE, NO SEGUINTE ENDERECO:AVENIDA PERIMETRAL NORTE, CONDOMINIO GOIAZEM, BL.E, GALPOES 09/10 VL.JOAO VAZ, CEP: 74.425-090, GOIANIA/GO. AS ENTREGAS DEVERAO SERPREVIAMENTE AGENDADAS NO E-MAIL: CIAD.GOIANIA@BRANETOLGISTICA.COM.BR.       DEMAIS ESCLARECIMENTOS NO TERMO DE REFERENCIA EV.7392630(GEREMO)E ANEXOS.   .                                                                           FONTE 102 - RECEITAS DE IMPOSTOS E DE TRANSFERENCIAS DE IMPOSTOS - SAUDE    FONTE DETALHADA 634 - RECURSOS ORDINARIOS PARA ATENDER EMENDA IMPOSITIVA    ;Pregão;000005262025
20252150049710009;30/12/2025 00:00:00;55,82;;;0,00;;;0,00;33903000;MATERIAL DE CONSUMO;28732430000117;SECRETARIA MUNICIPAL DE SAUDE;0,00;SECRETARIA MUNICIPAL DE SAUDE                                                                                                                                                                                                                                ;SAUDE - 10;ASSISTENCIA HOSPITALAR E AMBULATORIAL - 302;RECEITAS DE IMPOSTOS E DE TRANSFERENCIAS DE IMPOSTOS - SAUDE - 102;CLAUDINEI TONIETTI;DESPESA COM EMENDA AO PROJETO DE LEI NR. 268/2024 PARA O REPASSE DE RECURSOSDE NATUREZA IMPOSITIVA DESTINA A SAUDE NO EXERCICIO FINANCEIRO DE 2025, DE ACORDO COM A LEI NR. 11.315, DE 07/01/2025-LOA.SEI 25.29.000014494-5.        EMENDA NR.1.04 / PARLAMENTAR: AAVA SANTIAGO / DESTINO: CENTRO DE CONVIVENCIACUCA FRESCA. ITEM 20 - SCC:798046.                                          .                                                                           ITEM 20-BAQUETA SIMPLES BAQUETA SURDO M:COMBAT 4043.                        COD:16673-1...............2,00 UN..............27,9100.................55,82VALOR TOTAL:...........................................................55,82.                                                                           ENTREGA:ENTREGA EM PARCELA UNICA, COM RECURSO PROVENIENTE DA EMENDA PARLAMENTAR MUNICIPAL N.1.04, DE AUTORIA DA VEREADORA AAVA SANTIAGO, CONFORME ESPECIFICACOES E QUANTIDADES ESTABELECIDAS NESTE EDITAL E SEUS ANEXOS, PE 90040/2025, PRAZO NAO SUPERIOR A 30(TRINTA)DIAS CORRIDOS,CONTADOS APOS O RECEBIMENTODA ORDEM DE ENTREGA OU NOTA DE EMPENHO/AUTORIZACAO DE FORNECIMENTO,ACOMPANHADOS DO RESPECTIVO DOCUMENTO FISCAL, CONTENDO OBRIGATORIAMENTE ESPECIFICACAO DO ITEM, MARCA DO FABRICANTE E QUANTIDADE ENTREGUE.OS BENS DEVERAO SER ENTREGUES NO ALMOXARIFADO CENTRAL DA SECRETARIA MUNICIPAL DE SAUDE,NO SEGUINTE ENDERECO:AV.PERIMETRAL NORTE,COND.GOIAZEM, BLOCO E, GALPAO 09 E 10, VILA JOAO VAZ, CEP: 74.425-090, GOIANIA/GO.AGENDAMENTO PREVIO ATRAVES DO EMAIL:       CIAD.GOIANIA@BRANETOLGISTICA.COM.BR.  - MAIORES INFORMACOES PELOS TELEFONES:(62) 3524-3404/3407.                                                        SOLICITACAO FINANCEIRA :176704 - 2025                                       .                                                                           102 - RECEITAS DE IMPOSTOS E DE TRANSFERENCIAS DE IMPOSTOS - SAUDE          634 - RECURSOS ORDINARIOS PARA ATENDER EMENDA IMPOSITIVA                    ;Pregão;000003062025
20252150049710010;30/12/2025 00:00:00;200,00;;;0,00;;;0,00;33903000;MATERIAL DE CONSUMO;28732430000117;SECRETARIA MUNICIPAL DE SAUDE;0,00;SECRETARIA MUNICIPAL DE SAUDE                                                                                                                                                                                                                                ;SAUDE - 10;ASSISTENCIA HOSPITALAR E AMBULATORIAL - 302;RECEITAS DE IMPOSTOS E DE TRANSFERENCIAS DE IMPOSTOS - SAUDE - 102;CLAUDINEI TONIETTI;DESPESA COM EMENDA AO PROJETO DE LEI NR. 268/2024 PARA O REPASSE DE RECURSOSDE NATUREZA IMPOSITIVA DESTINA A SAUDE NO EXERCICIO FINANCEIRO DE 2025, DE ACORDO COM A LEI NR. 11.315, DE 07/01/2025-LOA.SEI 25.29.000014494-5.        EMENDA NR.1.04 / PARLAMENTAR: AAVA SANTIAGO / DESTINO: CENTRO DE CONVIVENCIACUCA FRESCA. ITEM 22 - SCC:798046.                                          .                                                                           ITEM 22-CORDA NYLON VIOLAO CJ C/6,0 UN SMART VN.                            COD:51827-1..............10,00 CJ.............20,0000.................200,00VALOR TOTAL:..........................................................200,00.                                                                           ENTREGA:ENTREGA EM PARCELA UNICA, COM RECURSO PROVENIENTE DA EMENDA PARLAMENTAR MUNICIPAL N.1.04, DE AUTORIA DA VEREADORA AAVA SANTIAGO, CONFORME ESPECIFICACOES E QUANTIDADES ESTABELECIDAS NESTE EDITAL E SEUS ANEXOS, PE 90040/2025, PRAZO NAO SUPERIOR A 30(TRINTA)DIAS CORRIDOS,CONTADOS APOS O RECEBIMENTODA ORDEM DE ENTREGA OU NOTA DE EMPENHO/AUTORIZACAO DE FORNECIMENTO,ACOMPANHADOS DO RESPECTIVO DOCUMENTO FISCAL, CONTENDO OBRIGATORIAMENTE ESPECIFICACAO DO ITEM, MARCA DO FABRICANTE E QUANTIDADE ENTREGUE.OS BENS DEVERAO SER ENTREGUES NO ALMOXARIFADO CENTRAL DA SECRETARIA MUNICIPAL DE SAUDE,NO SEGUINTE ENDERECO:AV.PERIMETRAL NORTE,COND.GOIAZEM, BLOCO E, GALPAO 09 E 10, VILA JOAO VAZ, CEP: 74.425-090, GOIANIA/GO.AGENDAMENTO PREVIO ATRAVES DO EMAIL:       CIAD.GOIANIA@BRANETOLGISTICA.COM.BR.  - MAIORES INFORMACOES PELOS TELEFONES:(62) 3524-3404/3407.                                                        SOLICITACAO FINANCEIRA :176705 - 2025                                       .                                                                           102 - RECEITAS DE IMPOSTOS E DE TRANSFERENCIAS DE IMPOSTOS - SAUDE          634 - RECURSOS ORDINARIOS PARA ATENDER EMENDA IMPOSITIVA                    ;Pregão;000003062025
20252150049810015;30/12/2025 00:00:00;2221,75;;;0,00;;;0,00;44905200;EQUIPAMENTOS E MATERIAL PERMANENTE;44718705000114;SECRETARIA MUNICIPAL DE SAUDE;0,00;SECRETARIA MUNICIPAL DE SAUDE                                                                                                                                                                                                                                ;SAUDE - 10;ASSISTENCIA HOSPITALAR E AMBULATORIAL - 302;RECEITAS DE IMPOSTOS E DE TRANSFERENCIAS DE IMPOSTOS - SAUDE - 102;D N P COMERCIO E ACESSORIOS LTDA;DESPESA COM EMENDA AO PROJETO DE LEI NR. 268/2024 PARA O REPASSE DE RECURSOSDE NATUREZA IMPOSITIVA DESTINA À SAÚDE NO EXERCÍCIO FINANCEIRO DE 2025, DE ACORDO COM A LEI NR. 11.315, DE 07/01/2025-LOA.SEI 25.29.000014494-5.        EMENDA NR.1.04 / PARLAMENTAR: AAVA SANTIAGO / DESTINO: CENTRO DE CONVIVENCIACUCA FRESCA. ITEM 10 - SCC:798011.                                          .                                                                           ITEM 10-APARELHO ELETRONICO VIDEOKE M:BERZEK                                COD:40266-4...............1,00 UN...........2.221,7500..............2.221,75VALOR TOTAL:........................................................2.221,75.                                                                           ENTREGA:ENTREGA EM PARCELA UNICA, COM RECURSO PROVENIENTE DA EMENDA PARLAMENTAR MUNICIPAL N.1.04, DE AUTORIA DA VEREADORA AAVA SANTIAGO, CONFORME ESPECIFICACOES E QUANTIDADES ESTABELECIDAS NESTE EDITAL E SEUS ANEXOS, PE 90040/2025, PRAZO NAO SUPERIOR A 30(TRINTA)DIAS CORRIDOS,CONTADOS APOS O RECEBIMENTODA ORDEM DE ENTREGA OU NOTA DE EMPENHO/AUTORIZACAO DE FORNECIMENTO,ACOMPANHADOS DO RESPECTIVO DOCUMENTO FISCAL, CONTENDO OBRIGATORIAMENTE ESPECIFICACAO DO ITEM, MARCA DO FABRICANTE E QUANTIDADE ENTREGUE.OS BENS DEVERAO SER ENTREGUES NO ALMOXARIFADO CENTRAL DA SECRETARIA MUNICIPAL DE SAUDE,NO SEGUINTE ENDERECO:AV.PERIMETRAL NORTE,COND.GOIAZEM, BLOCO E, GALPAO 09 E 10, VILA JOAO VAZ, CEP: 74.425-090, GOIANIA/GO.AGENDAMENTO PREVIO ATRAVES DO EMAIL:       CIAD.GOIANIA@BRANETOLGISTICA.COM.BR.  - MAIORES INFORMACOES PELOS TELEFONES:(62) 3524-3404/3407.                                                        SOLICITACAO FINANCEIRA :176694 - 2025                                       .                                                                           102 - RECEITAS DE IMPOSTOS E DE TRANSFERENCIAS DE IMPOSTOS - SAUDE          634 - RECURSOS ORDINARIOS PARA ATENDER EMENDA IMPOSITIVA                    ;Pregão;000003062025
20252150049810016;30/12/2025 00:00:00;282,12;;;0,00;;;0,00;44905200;EQUIPAMENTOS E MATERIAL PERMANENTE;44718705000114;SECRETARIA MUNICIPAL DE SAUDE;0,00;SECRETARIA MUNICIPAL DE SAUDE                                                                                                                                                                                                                                ;SAUDE - 10;ASSISTENCIA HOSPITALAR E AMBULATORIAL - 302;RECEITAS DE IMPOSTOS E DE TRANSFERENCIAS DE IMPOSTOS - SAUDE - 102;D N P COMERCIO E ACESSORIOS LTDA;TAR MUNICIPAL N.1.04, DE AUTORIA DA VEREADORA AAVA SANTIAGO, CONFORME ESPECIDO ITEM, MARCA DO FABRICANTE E QUANTIDADE ENTREGUE.OS BENS DEVERAO SER ENTREGUES NO ALMOXARIFADO CENTRAL DA SECRETARIA MUNICIPAL DE SAUDE,NO SEGUINTE ENDERECO:AV.PERIMETRAL NORTE,COND.GOIAZEM, BLOCO E, GALPAO 09 E 10, VILA JOAO VAZ, CEP: 74.425-090, GOIANIA/GO.AGENDAMENTO PREVIO ATRAVES DO EMAIL:       CIAD.GOIANIA@BRANETOLGISTICA.COM.BR.  - MAIORES INFORMACOES PELOS TELEFONES:(62) 3524-3404/3407.                                                        SOLICITACAO FINANCEIRA :176696 - 2025                                       .                                                                           102 - RECEITAS DE IMPOSTOS E DE TRANSFERENCIAS DE IMPOSTOS - SAUDE          634 - RECURSOS ORDINARIOS PARA ATENDER EMENDA IMPOSITIVA                    FICACOES E QUANTIDADES ESTABELECIDAS NESTE EDITAL E SEUS ANEXOS, PE 90040/2025, PRAZO NAO SUPERIOR A 30(TRINTA)DIAS CORRIDOS,CONTADOS APOS O RECEBIMENTODA ORDEM DE ENTREGA OU NOTA DE EMPENHO/AUTORIZACAO DE FORNECIMENTO,ACOMPANHADOS DO RESPECTIVO DOCUMENTO FISCAL, CONTENDO OBRIGATORIAMENTE ESPECIFICACAO DESPESA COM EMENDA AO PROJETO DE LEI NR. 268/2024 PARA O REPASSE DE RECURSOSDE NATUREZA IMPOSITIVA DESTINA A SAUDE NO EXERCICIO FINANCEIRO DE 2025, DE ACORDO COM A LEI NR. 11.315, DE 07/01/2025-LOA.SEI 25.29.000014494-5.        EMENDA NR.1.04 / PARLAMENTAR: AAVA SANTIAGO / DESTINO: CENTRO DE CONVIVENCIACUCA FRESCA. ITEM 13 - SCC:798011.                                          .                                                                           ITEM 13-CAIXA SOM PORTATIL M:PHILCO                                         COD:64157-0...............1,00 UN.............282,1200................282,12VALOR TOTAL:..........................................................282,12.                                                                           ENTREGA:ENTREGA EM PARCELA UNICA, COM RECURSO PROVENIENTE DA EMENDA PARLAMEN;Pregão;000003062025
20252150024810101;08/12/2025 00:00:00;1481,68;0314622025;08/12/2025 00:00:00;1481,68;202521500248101010001;10/12/2025 00:00:00;1481,68;33903900;OUTROS SERVICOS DE TERCEIROS - PESSOA JURIDICA;03706577000101;SECRETARIA MUNICIPAL DE SAUDE;0,00;SECRETARIA MUNICIPAL DE SAUDE                                                                                                                                                                                                                                ;SAUDE - 10;ASSISTENCIA HOSPITALAR E AMBULATORIAL - 302;TRANSFERENCIA DE RECURSOS DO SISTEMA UNICO DE SAUDE - SUS - BLOCO DE MANUTENCAO DAS ACOES E SERVICOS PUBLICOS DE SAUDE - 107;DAVITA SERVICOS DE NEFROLOGIA MARISTA LTDA.;97 - ASSISTENCIA FINANCEIRA PARA COMPLEMENTACAO PISO - ENFERMAGEM           SOLICITACAO FINANCEIRA:175710/2025                                          DESPESA COM REPASSE FINANCEIRO COMPLEMENTAR DECORRENTE DA ASSISTENCIA FINANCEIRA DA UNIAO E DESTINADA AO PISO SALARIAL DE ENFERMAGEM AS INSTITUICOES FILANTROPICAS DE GOIANIA - SCC:774236 - SEI:25.29.000007313-4                  VALOR COMPLEMENTAR RELATIVO AO MES DE NOVEMBRO/2025 CONFORME INFORMADO NO   TERMO DE ATESTO                                                             .                                                                           VALOR TOTAL:......................................................1.481,68  .                                                                           ;Outros (Convênios, ajustes, similares, etc.);000001502025
20252150024810102;12/12/2025 00:00:00;503242,54;0319082025;15/12/2025 00:00:00;503242,54;202521500248101020001;16/12/2025 00:00:00;503242,54;33903900;OUTROS SERVICOS DE TERCEIROS - PESSOA JURIDICA;01585595000157;SECRETARIA MUNICIPAL DE SAUDE;0,00;SECRETARIA MUNICIPAL DE SAUDE                                                                                                                                                                                                                                ;SAUDE - 10;ASSISTENCIA HOSPITALAR E AMBULATORIAL - 302;TRANSFERENCIA DE RECURSOS DO SISTEMA UNICO DE SAUDE - SUS - BLOCO DE MANUTENCAO DAS ACOES E SERVICOS PUBLICOS DE SAUDE - 107;ASSOCIACAO DE COMBATE AO CANCER EM GOIAS;DESPESA COM REPASSE FINANCEIRO COMPLEMENTAR DECORRENTE DA ASSISTENCIA FINAN-CEIRA DA UNIAO E DESTINADA AO PISO SALARIAL DE ENFERMAGEM AS INSTITUICOES FILANTROPICAS DE GOIANIA VALOR RELATIVO AO 13ºSALARIO CONFORME INFORMADO NO DEESPACHO DIRPS._SCC:774201 - SOLICITACAO FINANCEIRA:175976 - 2025.           .                                                                           .                                                                           VALOR TOTAL:......................................................503.242,54.                                                                           107 - TRANSFERENCIA DE RECURSOS DO SISTEMA UNICO DE SAUDE - SUS - BLOCO DE  MANUTENCAO DAS ACOES E SERVICOS PUBLICOS DE SAUDE                           FONTE DETALHADA: 97-ASSISTENCIA FINANCEIRA PARA COMPLEMENTACAO PISO - ENFER-MAGEM                                                                       FONTE/CO STN:1605 0000-ASSISTENCIA FINANCEIRA DA UNIAO DESTINADA A COMPLEMENTACAO AO PAGAMENTO DOS PISOS SALARIAIS PARA PROFISSIONAIS DA ENFERMAGEM     ;Outros (Convênios, ajustes, similares, etc.);000001322025
20252150024810109;12/12/2025 00:00:00;101988,42;0319332025;15/12/2025 00:00:00;101988,42;202521500248101090001;16/12/2025 00:00:00;101988,42;33903900;OUTROS SERVICOS DE TERCEIROS - PESSOA JURIDICA;02600740000194;SECRETARIA MUNICIPAL DE SAUDE;0,00;SECRETARIA MUNICIPAL DE SAUDE                                                                                                                                                                                                                                ;SAUDE - 10;ASSISTENCIA HOSPITALAR E AMBULATORIAL - 302;TRANSFERENCIA DE RECURSOS DO SISTEMA UNICO DE SAUDE - SUS - BLOCO DE MANUTENCAO DAS ACOES E SERVICOS PUBLICOS DE SAUDE - 107;FUNDACAO BANCO DE OLHOS DE GOIAS;DESPESA COM REPASSE FINANCEIRO COMPLEMENTAR DECORRENTE DA ASSISTENCIA FINAN-CEIRA DA UNIAO E DESTINADA AO PISO SALARIAL DE ENFERMAGEM AS INSTITUICOES FILANTROPICAS DE GOIANIA VALOR RELATIVO AO 13ºSALARIO CONFORME INFORMADO NO DEESPACHO DIRPS._SCC:773931 - SOLICITACAO FINANCEIRA:175993 - 2025.           .                                                                           .                                                                           VALOR TOTAL:......................................................101.988,42.                                                                           107 - TRANSFERENCIA DE RECURSOS DO SISTEMA UNICO DE SAUDE - SUS - BLOCO DE  MANUTENCAO DAS ACOES E SERVICOS PUBLICOS DE SAUDE                           FONTE DETALHADA: 97-ASSISTENCIA FINANCEIRA PARA COMPLEMENTACAO PISO - ENFER-MAGEM                                                                       FONTE/CO STN:1605 0000-ASSISTENCIA FINANCEIRA DA UNIAO DESTINADA A COMPLEMENTACAO AO PAGAMENTO DOS PISOS SALARIAIS PARA PROFISSIONAIS DA ENFERMAGEM     ;Outros (Convênios, ajustes, similares, etc.);000000912025
20252150024810110;12/12/2025 00:00:00;490934,87;0319352025;15/12/2025 00:00:00;490934,87;202521500248101100001;16/12/2025 00:00:00;490934,87;33903900;OUTROS SERVICOS DE TERCEIROS - PESSOA JURIDICA;01081470000190;SECRETARIA MUNICIPAL DE SAUDE;0,00;SECRETARIA MUNICIPAL DE SAUDE                                                                                                                                                                                                                                ;SAUDE - 10;ASSISTENCIA HOSPITALAR E AMBULATORIAL - 302;TRANSFERENCIA DE RECURSOS DO SISTEMA UNICO DE SAUDE - SUS - BLOCO DE MANUTENCAO DAS ACOES E SERVICOS PUBLICOS DE SAUDE - 107;HOSPITAL RUY AZEREDO LTDA;DESPESA COM REPASSE FINANCEIRO COMPLEMENTAR DECORRENTE DA ASSISTENCIA FINAN-CEIRA DA UNIAO E DESTINADA AO PISO SALARIAL DE ENFERMAGEM AS INSTITUICOES FILANTROPICAS DE GOIANIA VALOR RELATIVO AO 13ºSALARIO CONFORME INFORMADO NO DEESPACHO DIRPS._SCC:773892 - SOLICITACAO FINANCEIRA:176062 - 2025.           .                                                                           .                                                                           VALOR TOTAL:......................................................490.934,87.                                                                           107 - TRANSFERENCIA DE RECURSOS DO SISTEMA UNICO DE SAUDE - SUS - BLOCO DE  MANUTENCAO DAS ACOES E SERVICOS PUBLICOS DE SAUDE                           FONTE DETALHADA: 97-ASSISTENCIA FINANCEIRA PARA COMPLEMENTACAO PISO - ENFER-MAGEM                                                                       FONTE/CO STN:1605 0000-ASSISTENCIA FINANCEIRA DA UNIAO DESTINADA A COMPLEMENTACAO AO PAGAMENTO DOS PISOS SALARIAIS PARA PROFISSIONAIS DA ENFERMAGEM     ;Outros (Convênios, ajustes, similares, etc.);000000942025
20252150024810112;12/12/2025 00:00:00;24174,20;0319372025;15/12/2025 00:00:00;24174,20;202521500248101120001;16/12/2025 00:00:00;24174,20;33903900;OUTROS SERVICOS DE TERCEIROS - PESSOA JURIDICA;01590900000107;SECRETARIA MUNICIPAL DE SAUDE;0,00;SECRETARIA MUNICIPAL DE SAUDE                                                                                                                                                                                                                                ;SAUDE - 10;ASSISTENCIA HOSPITALAR E AMBULATORIAL - 302;TRANSFERENCIA DE RECURSOS DO SISTEMA UNICO DE SAUDE - SUS - BLOCO DE MANUTENCAO DAS ACOES E SERVICOS PUBLICOS DE SAUDE - 107;HOSPITAL UROLOGICO DE GOIANIA LTDA;MAGEM                                                                       FONTE/CO STN:1605 0000-ASSISTENCIA FINANCEIRA DA UNIAO DESTINADA A COMPLEMENTACAO AO PAGAMENTO DOS PISOS SALARIAIS PARA PROFISSIONAIS DA ENFERMAGEM     DESPESA COM REPASSE FINANCEIRO COMPLEMENTAR DECORRENTE DA ASSISTENCIA FINAN-CEIRA DA UNIAO E DESTINADA AO PISO SALARIAL DE ENFERMAGEM AS INSTITUICOES FILANTROPICAS DE GOIANIA VALOR RELATIVO AO 13ºSALARIO CONFORME INFORMADO NO DEESPACHO DIRPS._SCC:773833 - SOLICITACAO FINANCEIRA:175995 - 2025.           .                                                                           .                                                                           VALOR TOTAL:.....................................................24.174,20  .                                                                           107 - TRANSFERENCIA DE RECURSOS DO SISTEMA UNICO DE SAUDE - SUS - BLOCO DE  MANUTENCAO DAS ACOES E SERVICOS PUBLICOS DE SAUDE                           FONTE DETALHADA: 97-ASSISTENCIA FINANCEIRA PARA COMPLEMENTACAO PISO - ENFER-;Outros (Convênios, ajustes, similares, etc.);000000952025
20252150024910936;12/12/2025 00:00:00;5004,18;;;0,00;;;0,00;33903900;OUTROS SERVICOS DE TERCEIROS - PESSOA JURIDICA;01567601000143;SECRETARIA MUNICIPAL DE SAUDE;5004,18;SECRETARIA MUNICIPAL DE SAUDE                                                                                                                                                                                                                                ;SAUDE - 10;ASSISTENCIA HOSPITALAR E AMBULATORIAL - 302;TRANSFERENCIA DE RECURSOS DO SISTEMA UNICO DE SAUDE - SUS - BLOCO DE MANUTENCAO DAS ACOES E SERVICOS PUBLICOS DE SAUDE - 107;UNIVERSIDADE FEDERAL DE GOIAS;DESPESA COM CONVENIO NR 022/2021 PARA EXECUCAO DE SERVICOS MEDICOS DE       ASSISTENCIA A SAUDE AMBULATORIAL (HOSPITALAR) E/OU APOIO DIAGNOSTICO        TERAPEUTICO PARA ATENDIMENTO DOS SUSUARIOS DO SUS - SCC: 549721             REFERENCIA: COMPETENCIA 10/2025  - SEI:22.29.000011983-9                    .                                                                           VALOR TOTAL:.....................................................5.004,18   .                                                                           64 - TRANSFERENCIAS DE RECURSOS DO SUS - ATENCAO ESPECIALIZADA              SOLICITACAO FINANCEIRA: 176019/2025                                         ;Outros (Convênios, ajustes, similares, etc.);000920802021
20252150024910938;12/12/2025 00:00:00;6798,95;;;0,00;;;0,00;33903900;OUTROS SERVICOS DE TERCEIROS - PESSOA JURIDICA;02713282000108;SECRETARIA MUNICIPAL DE SAUDE;6798,95;SECRETARIA MUNICIPAL DE SAUDE                                                                                                                                                                                                                                ;SAUDE - 10;ASSISTENCIA HOSPITALAR E AMBULATORIAL - 302;TRANSFERENCIA DE RECURSOS DO SISTEMA UNICO DE SAUDE - SUS - BLOCO DE MANUTENCAO DAS ACOES E SERVICOS PUBLICOS DE SAUDE - 107;GOIAMO CONSULTORIA E ASSESSORIA EM MEDICINA DE SAUDE LTDA;DESPESA COM CONTRATO NR 780/2020 PARA EXECUCAO DE SERVICOS MEDICOS DE       ASSISTENCIA A SAUDE AMBULATORIAL (HOSPITALAR) E/OU APOIO DIAGNOSTICO        TERAPEUTICO PARA ATENDIMENTO DOS SUSUARIOS DO SUS - SCC: 515257-1           REFERENCIA: COMPETENCIA 10/2025  - SEI:22.29.000012056-0                    .                                                                           VALOR TOTAL:.....................................................6.798,95   .                                                                           64 - TRANSFERENCIAS DE RECURSOS DO SUS - ATENCAO ESPECIALIZADA              SOLICITACAO FINANCEIRA: 176023/2025                                         ;Inexigibilidade de Licitação;000000052020
20252150024910939;12/12/2025 00:00:00;10806,66;;;0,00;;;0,00;33903900;OUTROS SERVICOS DE TERCEIROS - PESSOA JURIDICA;05029600000600;SECRETARIA MUNICIPAL DE SAUDE;10806,66;SECRETARIA MUNICIPAL DE SAUDE                                                                                                                                                                                                                                ;SAUDE - 10;ASSISTENCIA HOSPITALAR E AMBULATORIAL - 302;TRANSFERENCIA DE RECURSOS DO SISTEMA UNICO DE SAUDE - SUS - BLOCO DE MANUTENCAO DAS ACOES E SERVICOS PUBLICOS DE SAUDE - 107;ASSOCIACAO DE GESTAO, INOVACAO E RESULTADOS EM SAUDE;DESPESA COM CONTRATO NR 031/2025 PARA EXECUCAO DE SERVICOS MEDICOS DE       ASSISTENCIA A SAUDE AMBULATORIAL (HOSPITALAR) E/OU APOIO DIAGNOSTICO        TERAPEUTICO PARA ATENDIMENTO DOS SUSUARIOS DO SUS - SCC: 767051             REFERENCIA: COMPETENCIA 10/2025  - SEI:25.29.000016121-1                    .                                                                           VALOR TOTAL:....................................................10.806,66   .                                                                           64 - TRANSFERENCIAS DE RECURSOS DO SUS - ATENCAO ESPECIALIZADA              SOLICITACAO FINANCEIRA: 176026/2025                                         ;Inexigibilidade de Licitação;000000052020
20252150024910942;15/12/2025 00:00:00;12364,25;;;0,00;;;0,00;33903900;OUTROS SERVICOS DE TERCEIROS - PESSOA JURIDICA;02425104000173;SECRETARIA MUNICIPAL DE SAUDE;12364,25;SECRETARIA MUNICIPAL DE SAUDE                                                                                                                                                                                                                                ;SAUDE - 10;ASSISTENCIA HOSPITALAR E AMBULATORIAL - 302;TRANSFERENCIA DE RECURSOS DO SISTEMA UNICO DE SAUDE - SUS - BLOCO DE MANUTENCAO DAS ACOES E SERVICOS PUBLICOS DE SAUDE - 107;CENTRO DIAGNOSTICO RIBEIRO GOMES LTDA;DESPESA COM CONTRATO NR 933/2020 PARA EXECUCAO DE SERVICOS MEDICOS DE       ASSISTENCIA A SAUDE AMBULATORIAL (HOSPITALAR) E/OU APOIO DIAGNOSTICO        TERAPEUTICO PARA ATENDIMENTO DOS SUSUARIOS DO SUS - SCC: 518485             REFERENCIA: COMPETENCIA 10/2025  - SEI:22.29.000011931-6                    .                                                                           VALOR TOTAL:....................................................12.364,25   .                                                                           64 - TRANSFERENCIAS DE RECURSOS DO SUS - ATENCAO ESPECIALIZADA              SOLICITACAO FINANCEIRA: 176031/2025                                         ;Inexigibilidade de Licitação;000000052020
20252150024910952;15/12/2025 00:00:00;23077,67;;;0,00;;;0,00;33903900;OUTROS SERVICOS DE TERCEIROS - PESSOA JURIDICA;01567601000143;SECRETARIA MUNICIPAL DE SAUDE;23077,67;SECRETARIA MUNICIPAL DE SAUDE                                                                                                                                                                                                                                ;SAUDE - 10;ASSISTENCIA HOSPITALAR E AMBULATORIAL - 302;TRANSFERENCIA DE RECURSOS DO SISTEMA UNICO DE SAUDE - SUS - BLOCO DE MANUTENCAO DAS ACOES E SERVICOS PUBLICOS DE SAUDE - 107;UNIVERSIDADE FEDERAL DE GOIAS;DESPESA COM CONVENIO NR 001/2021 PARA EXECUCAO DE SERVICOS MEDICOS DE       ASSISTENCIA A SAUDE AMBULATORIAL (HOSPITALAR) E/OU APOIO DIAGNOSTICO        TERAPEUTICO PARA ATENDIMENTO DOS SUSUARIOS DO SUS - SCC: 534235             REFERENCIA: COMPETENCIA 10/2025  - SEI:22.29.000012134-5                    .                                                                           VALOR TOTAL:....................................................23.077,67   .                                                                           64 - TRANSFERENCIAS DE RECURSOS DO SUS - ATENCAO ESPECIALIZADA              SOLICITACAO FINANCEIRA: 176049/2025                                         ;Outros (Convênios, ajustes, similares, etc.);000025942020
20252150024910970;16/12/2025 00:00:00;55303,89;0320012025;16/12/2025 00:00:00;55303,89;202521500249109700001;17/12/2025 00:00:00;55303,89;33903900;OUTROS SERVICOS DE TERCEIROS - PESSOA JURIDICA;10309312000135;SECRETARIA MUNICIPAL DE SAUDE;0,00;SECRETARIA MUNICIPAL DE SAUDE                                                                                                                                                                                                                                ;SAUDE - 10;ASSISTENCIA HOSPITALAR E AMBULATORIAL - 302;TRANSFERENCIA DE RECURSOS DO SISTEMA UNICO DE SAUDE - SUS - BLOCO DE MANUTENCAO DAS ACOES E SERVICOS PUBLICOS DE SAUDE - 107;TRS TERAPIA RENAL SUBSTITUTIVA LTDA ME;DESPESA COM CONTRATO NR 055/2025 PARA EXECUCAO DE SERVICOS MEDICOS DE       ASSISTENCIA A SAUDE AMBULATORIAL (HOSPITALAR) E/OU APOIO DIAGNOSTICO        TERAPEUTICO PARA ATENDIMENTO DOS SUSUARIOS DO SUS - SCC: 772594             REFERENCIA: COMPETENCIA 10/2025  - SEI:25.29.000021135-9                    .                                                                           VALOR TOTAL:....................................................55.303,89   .                                                                           64 - TRANSFERENCIAS DE RECURSOS DO SUS - ATENCAO ESPECIALIZADA              SOLICITACAO FINANCEIRA: 176138/2025                                         ;Inexigibilidade de Licitação;000000052020
20252150024910973;16/12/2025 00:00:00;541759,30;;;0,00;;;0,00;33903900;OUTROS SERVICOS DE TERCEIROS - PESSOA JURIDICA;01554104000100;SECRETARIA MUNICIPAL DE SAUDE;541759,30;SECRETARIA MUNICIPAL DE SAUDE                                                                                                                                                                                                                                ;SAUDE - 10;ASSISTENCIA HOSPITALAR E AMBULATORIAL - 302;TRANSFERENCIA DE RECURSOS DO SISTEMA UNICO DE SAUDE - SUS - BLOCO DE MANUTENCAO DAS ACOES E SERVICOS PUBLICOS DE SAUDE - 107;HOSPITAL E MATERNIDADE SAO MARCOS E OUTROS;TERAPEUTICO PARA ATENDIMENTO DOS SUSUARIOS DO SUS - SCC: 496112-1           REFERENCIA: COMPETENCIA 10/2025  - SEI:22.29.000012063-2                    .                                                                           VALOR TOTAL:...................................................541.759,30   .                                                                           64 - TRANSFERENCIAS DE RECURSOS DO SUS - ATENCAO ESPECIALIZADA              SOLICITACAO FINANCEIRA: 176097/2025                                         DESPESA COM CONTRATO NR 274/2020 PARA EXECUCAO DE SERVICOS MEDICOS DE       ASSISTENCIA A SAUDE AMBULATORIAL (HOSPITALAR) E/OU APOIO DIAGNOSTICO        ;Inexigibilidade de Licitação;000043362020
20252150024910982;16/12/2025 00:00:00;10431466,66;0319932025;16/12/2025 00:00:00;0,00;;;0,00;33903900;OUTROS SERVICOS DE TERCEIROS - PESSOA JURIDICA;00530493000171;SECRETARIA MUNICIPAL DE SAUDE;10431466,66;SECRETARIA MUNICIPAL DE SAUDE                                                                                                                                                                                                                                ;SAUDE - 10;ASSISTENCIA HOSPITALAR E AMBULATORIAL - 302;TRANSFERENCIA DE RECURSOS DO SISTEMA UNICO DE SAUDE - SUS - BLOCO DE MANUTENCAO DAS ACOES E SERVICOS PUBLICOS DE SAUDE - 107;FUNDO NACIONAL DE SAUDE;DESPESA COM CONTRATO NR 1.110/2020 PARA EXECUCAO DE SERVICOS MEDICOS DE     ASSISTENCIA A SAUDE AMBULATORIAL (HOSPITALAR) E/OU APOIO DIAGNOSTICO        TERAPEUTICO PARA ATENDIMENTO DOS SUSUARIOS DO SUS - SCC: 525783             REFERENCIA: COMPETENCIA 10/2025  - SEI:22.29.000011865-4                    .                                                                           VALOR TOTAL:................................................10.431.466,66   .                                                                           64 - TRANSFERENCIAS DE RECURSOS DO SUS - ATENCAO ESPECIALIZADA              SOLICITACAO FINANCEIRA: 176148/2025                                         ;Inexigibilidade de Licitação;000032602020
20252150028810603;03/12/2025 00:00:00;346,50;;;0,00;;;0,00;33909300;INDENIZACOES E RESTITUICOES;00000104029188;SECRETARIA MUNICIPAL DE SAUDE;346,50;SECRETARIA MUNICIPAL DE SAUDE                                                                                                                                                                                                                                ;SAUDE - 10;ASSISTENCIA HOSPITALAR E AMBULATORIAL - 302;TRANSFERENCIA DE RECURSOS DO SISTEMA UNICO DE SAUDE - SUS - BLOCO DE MANUTENCAO DAS ACOES E SERVICOS PUBLICOS DE SAUDE - 107;ROSILMA MONTEIRO LIMA;RESSARCIMENTO DAS DESPESAS MEDICAS/HOSPITALARES REALIZADAS PELO PACIENTE    BENEFICIARIO DO PROGRAMA DE TFD (TRATAMENTO FORA DO DOMICILIO) - ANA CLARA  LIMA DUARTE - SEI: 25.29.000045290-9                                        OBS: VALORES INFORMADOS NO DESPACHO 1.759/2025/GERPMC ANEXO AOS AUTOS.      .                                                                           VALOR TOTAL:........................................................346,50  .                                                                           64 - TRANSFERENCIAS DE RECURSOS DO SUS - ATENCAO ESPECIALIZADA              SOLICITACAO FINANCEIRA: 175568/2025                                         ;Não se aplica (Ex.: Despesas com Pessoal);000000000000
20252150028810613;03/12/2025 00:00:00;6360,75;;;0,00;;;0,00;33909300;INDENIZACOES E RESTITUICOES;00070868306150;SECRETARIA MUNICIPAL DE SAUDE;6360,75;SECRETARIA MUNICIPAL DE SAUDE                                                                                                                                                                                                                                ;SAUDE - 10;ASSISTENCIA HOSPITALAR E AMBULATORIAL - 302;TRANSFERENCIA DE RECURSOS DO SISTEMA UNICO DE SAUDE - SUS - BLOCO DE MANUTENCAO DAS ACOES E SERVICOS PUBLICOS DE SAUDE - 107;NATHIELLY ANDRADE DA SILVA;RESSARCIMENTO DAS DESPESAS MEDICAS/HOSPITALARES REALIZADAS PELO PACIENTE    BENEFICIARIO DO PROGRAMA DE TFD (TRATAMENTO FORA DO DOMICILIO) - RAFAELLA   ANDRADE REICHHELM - SEI: 25.29.000045468-5                                  OBS: VALORES INFORMADOS NO DESPACHO 1.769/2025/GERPMC ANEXO AOS AUTOS.      .                                                                           VALOR TOTAL:......................................................6.360,75  .                                                                           64 - TRANSFERENCIAS DE RECURSOS DO SUS - ATENCAO ESPECIALIZADA              SOLICITACAO FINANCEIRA: 175562/2025                                         ;Não se aplica (Ex.: Despesas com Pessoal);000000000000
20252150031510006;08/12/2025 00:00:00;31650,00;;;0,00;;;0,00;44905200;EQUIPAMENTOS E MATERIAL PERMANENTE;50328590000154;SECRETARIA MUNICIPAL DE SAUDE;31650,00;SECRETARIA MUNICIPAL DE SAUDE                                                                                                                                                                                                                                ;SAUDE - 10;ASSISTENCIA HOSPITALAR E AMBULATORIAL - 302;TRANSFERENCIA DE RECURSOS DO SISTEMA UNICO DE SAUDE - SUS - BLOCO DE MANUTENCAO DAS ACOES E SERVICOS PUBLICOS DE SAUDE - 107;UNITEC INDUSTRIA E COMERCIO DE APARELHOS HOSPITALARES;.                                                                           524-3401/3407, HORARIO:08:00 AS 17:00.                                      ZEM, BL.E, GALPOES 09/10, VL.JOAO VAZ, CEP:74.425-090, GO/GO. FONES:62-3    LOCAL DA ENTREGA:ALMOXARIFADO CENTRAL SMS, AV.PERIMETRAL NORTE COND.GOIA    .                                                                           PROCESSO SEI: 25.29.000015208-5 E DOCUMENTOS EM ANEXO.                      ESCLARECIMENTOS CONFORME MEMO 186/2025, PARECER 86/2025, PE 90024/2025,     NOTA FISCAL, DETALHANDO MARCA/FABRICANTE/MODELO/TIPO/PROCEDENCIA. DEMAIS    RECEBIMENTO DA NOTA DE EMPENHO,ENTREGA EM PERFEITAS CONDICOES C/A DEVIDA    CORRIDOS CONFORME TERMO DE REFERENCIA (6897213) CONTADOS A PARTIR DO        OBS: O FORNECIMENTO DEVERA SER EFETUADO C/ PRAZO NAO SUP. A 20 DIAS UTEIS   .                                                                           VALOR TOTAL:......................................................31.650,00 COD:737704..............150UN.............211,00..................31.650,00 (6,0 M3 / 10,0 M3) - MARCA: UNITEC                                          ITEM 3 - SUPORTE PAREDE PARA CILINDRO COM CORRENTE CILINDRO 40L E 50L       .                                                                           ITEM 03 - SCC:796566 - SEI:25.29.000015208-5                                NICO 64 GERFAR - DESPACHO 810 E 874 PRECEL - PARECER JURIDICO 1393 CHEADV - 97 - EDITAL DE LICITAÇÃO PE 90024/2025 - DESPACHO Nº 872 GEREMO -PARECER TECDESPESA COM MATERIAL PERMANENTE - PREGÃO ELETRONICO Nº 90024/2025, ETP 8032264 - TRANSFERENCIAS DE RECURSOS DO SUS - ATENCAO ESPECIALIZADA              SOLICITACAO FINANCEIRA: 175677/2025                                         ;Pregão;000090042025
20252150039510018;01/12/2025 00:00:00;3373334,51;0301842025;01/12/2025 00:00:00;0,00;;;0,00;33903900;OUTROS SERVICOS DE TERCEIROS - PESSOA JURIDICA;01543032000104;SECRETARIA MUNICIPAL DE SAUDE;1460496,22;SECRETARIA MUNICIPAL DE SAUDE                                                                                                                                                                                                                                ;SAUDE - 10;VIGILANCIA EPIDEMIOLOGICA - 305;TAXA PELO EXERCICIO DO PODER DE POLICIA - 106;EQUATORIAL GOIAS DISTRIBUIDORA DE ENERGIA SA;DESPESA C/ PAGAMENTO DE TARIFAS REFERENTES AO FORNECIMENTO E DISTRIBUICAO DEENERGIA ELETRICA PARA UNIDADES DE SAUDE DESTA SECRETARIA, VALOR REFERENTE  AJULHO A OUTUBRO/2025, SCC: 577716, PEDIDO DE COMPRA: 116/2021, VIGENCIA: 01/01/2025 A 31/12/2025. SEI 24.29.000002737-4 - SOLICITACAO FINANCEIRA:175513/2025.                                                                       .                                                                           VALOR TOTAL:....................................................3.373.334,51.                                                                           FONTE: 106 - TAXA PELO EXERCICIO DO PODER DE POLICIA                        FONTE DETALHADA: 15 - VIGILANCIA SANITARIA                                  ;Pregão;000000202022
20252150039510018;01/12/2025 00:00:00;3373334,51;0301872025;01/12/2025 00:00:00;0,00;;;0,00;33903900;OUTROS SERVICOS DE TERCEIROS - PESSOA JURIDICA;01543032000104;SECRETARIA MUNICIPAL DE SAUDE;1460496,22;SECRETARIA MUNICIPAL DE SAUDE                                                                                                                                                                                                                                ;SAUDE - 10;VIGILANCIA EPIDEMIOLOGICA - 305;TAXA PELO EXERCICIO DO PODER DE POLICIA - 106;EQUATORIAL GOIAS DISTRIBUIDORA DE ENERGIA SA;DESPESA C/ PAGAMENTO DE TARIFAS REFERENTES AO FORNECIMENTO E DISTRIBUICAO DEENERGIA ELETRICA PARA UNIDADES DE SAUDE DESTA SECRETARIA, VALOR REFERENTE  AJULHO A OUTUBRO/2025, SCC: 577716, PEDIDO DE COMPRA: 116/2021, VIGENCIA: 01/01/2025 A 31/12/2025. SEI 24.29.000002737-4 - SOLICITACAO FINANCEIRA:175513/2025.                                                                       .                                                                           VALOR TOTAL:....................................................3.373.334,51.                                                                           FONTE: 106 - TAXA PELO EXERCICIO DO PODER DE POLICIA                        FONTE DETALHADA: 15 - VIGILANCIA SANITARIA                                  ;Pregão;000000202022
20252150039510018;01/12/2025 00:00:00;3373334,51;0301882025;01/12/2025 00:00:00;0,00;;;0,00;33903900;OUTROS SERVICOS DE TERCEIROS - PESSOA JURIDICA;01543032000104;SECRETARIA MUNICIPAL DE SAUDE;1460496,22;SECRETARIA MUNICIPAL DE SAUDE                                                                                                                                                                                                                                ;SAUDE - 10;VIGILANCIA EPIDEMIOLOGICA - 305;TAXA PELO EXERCICIO DO PODER DE POLICIA - 106;EQUATORIAL GOIAS DISTRIBUIDORA DE ENERGIA SA;DESPESA C/ PAGAMENTO DE TARIFAS REFERENTES AO FORNECIMENTO E DISTRIBUICAO DEENERGIA ELETRICA PARA UNIDADES DE SAUDE DESTA SECRETARIA, VALOR REFERENTE  AJULHO A OUTUBRO/2025, SCC: 577716, PEDIDO DE COMPRA: 116/2021, VIGENCIA: 01/01/2025 A 31/12/2025. SEI 24.29.000002737-4 - SOLICITACAO FINANCEIRA:175513/2025.                                                                       .                                                                           VALOR TOTAL:....................................................3.373.334,51.                                                                           FONTE: 106 - TAXA PELO EXERCICIO DO PODER DE POLICIA                        FONTE DETALHADA: 15 - VIGILANCIA SANITARIA                                  ;Pregão;000000202022
20252150039510018;01/12/2025 00:00:00;3373334,51;0301992025;01/12/2025 00:00:00;0,00;;;0,00;33903900;OUTROS SERVICOS DE TERCEIROS - PESSOA JURIDICA;01543032000104;SECRETARIA MUNICIPAL DE SAUDE;1460496,22;SECRETARIA MUNICIPAL DE SAUDE                                                                                                                                                                                                                                ;SAUDE - 10;VIGILANCIA EPIDEMIOLOGICA - 305;TAXA PELO EXERCICIO DO PODER DE POLICIA - 106;EQUATORIAL GOIAS DISTRIBUIDORA DE ENERGIA SA;DESPESA C/ PAGAMENTO DE TARIFAS REFERENTES AO FORNECIMENTO E DISTRIBUICAO DEENERGIA ELETRICA PARA UNIDADES DE SAUDE DESTA SECRETARIA, VALOR REFERENTE  AJULHO A OUTUBRO/2025, SCC: 577716, PEDIDO DE COMPRA: 116/2021, VIGENCIA: 01/01/2025 A 31/12/2025. SEI 24.29.000002737-4 - SOLICITACAO FINANCEIRA:175513/2025.                                                                       .                                                                           VALOR TOTAL:....................................................3.373.334,51.                                                                           FONTE: 106 - TAXA PELO EXERCICIO DO PODER DE POLICIA                        FONTE DETALHADA: 15 - VIGILANCIA SANITARIA                                  ;Pregão;000000202022
20252150039510018;01/12/2025 00:00:00;3373334,51;0302142025;01/12/2025 00:00:00;632796,45;202521500395100180001;02/12/2025 00:00:00;632796,45;33903900;OUTROS SERVICOS DE TERCEIROS - PESSOA JURIDICA;01543032000104;SECRETARIA MUNICIPAL DE SAUDE;1460496,22;SECRETARIA MUNICIPAL DE SAUDE                                                                                                                                                                                                                                ;SAUDE - 10;VIGILANCIA EPIDEMIOLOGICA - 305;TAXA PELO EXERCICIO DO PODER DE POLICIA - 106;EQUATORIAL GOIAS DISTRIBUIDORA DE ENERGIA SA;DESPESA C/ PAGAMENTO DE TARIFAS REFERENTES AO FORNECIMENTO E DISTRIBUICAO DEENERGIA ELETRICA PARA UNIDADES DE SAUDE DESTA SECRETARIA, VALOR REFERENTE  AJULHO A OUTUBRO/2025, SCC: 577716, PEDIDO DE COMPRA: 116/2021, VIGENCIA: 01/01/2025 A 31/12/2025. SEI 24.29.000002737-4 - SOLICITACAO FINANCEIRA:175513/2025.                                                                       .                                                                           VALOR TOTAL:....................................................3.373.334,51.                                                                           FONTE: 106 - TAXA PELO EXERCICIO DO PODER DE POLICIA                        FONTE DETALHADA: 15 - VIGILANCIA SANITARIA                                  ;Pregão;000000202022
20252150039510018;01/12/2025 00:00:00;3373334,51;0302192025;01/12/2025 00:00:00;109757,39;202521500395100180003;02/12/2025 00:00:00;109757,39;33903900;OUTROS SERVICOS DE TERCEIROS - PESSOA JURIDICA;01543032000104;SECRETARIA MUNICIPAL DE SAUDE;1460496,22;SECRETARIA MUNICIPAL DE SAUDE                                                                                                                                                                                                                                ;SAUDE - 10;VIGILANCIA EPIDEMIOLOGICA - 305;TAXA PELO EXERCICIO DO PODER DE POLICIA - 106;EQUATORIAL GOIAS DISTRIBUIDORA DE ENERGIA SA;DESPESA C/ PAGAMENTO DE TARIFAS REFERENTES AO FORNECIMENTO E DISTRIBUICAO DEENERGIA ELETRICA PARA UNIDADES DE SAUDE DESTA SECRETARIA, VALOR REFERENTE  AJULHO A OUTUBRO/2025, SCC: 577716, PEDIDO DE COMPRA: 116/2021, VIGENCIA: 01/01/2025 A 31/12/2025. SEI 24.29.000002737-4 - SOLICITACAO FINANCEIRA:175513/2025.                                                                       .                                                                           VALOR TOTAL:....................................................3.373.334,51.                                                                           FONTE: 106 - TAXA PELO EXERCICIO DO PODER DE POLICIA                        FONTE DETALHADA: 15 - VIGILANCIA SANITARIA                                  ;Pregão;000000202022
20252150039510018;01/12/2025 00:00:00;3373334,51;0302642025;02/12/2025 00:00:00;285,93;202521500395100180012;02/12/2025 00:00:00;285,93;33903900;OUTROS SERVICOS DE TERCEIROS - PESSOA JURIDICA;01543032000104;SECRETARIA MUNICIPAL DE SAUDE;1460496,22;SECRETARIA MUNICIPAL DE SAUDE                                                                                                                                                                                                                                ;SAUDE - 10;VIGILANCIA EPIDEMIOLOGICA - 305;TAXA PELO EXERCICIO DO PODER DE POLICIA - 106;EQUATORIAL GOIAS DISTRIBUIDORA DE ENERGIA SA;DESPESA C/ PAGAMENTO DE TARIFAS REFERENTES AO FORNECIMENTO E DISTRIBUICAO DEENERGIA ELETRICA PARA UNIDADES DE SAUDE DESTA SECRETARIA, VALOR REFERENTE  AJULHO A OUTUBRO/2025, SCC: 577716, PEDIDO DE COMPRA: 116/2021, VIGENCIA: 01/01/2025 A 31/12/2025. SEI 24.29.000002737-4 - SOLICITACAO FINANCEIRA:175513/2025.                                                                       .                                                                           VALOR TOTAL:....................................................3.373.334,51.                                                                           FONTE: 106 - TAXA PELO EXERCICIO DO PODER DE POLICIA                        FONTE DETALHADA: 15 - VIGILANCIA SANITARIA                                  ;Pregão;000000202022
20252150039510018;01/12/2025 00:00:00;3373334,51;0303022025;02/12/2025 00:00:00;11965,98;202521500395100180010;02/12/2025 00:00:00;11965,98;33903900;OUTROS SERVICOS DE TERCEIROS - PESSOA JURIDICA;01543032000104;SECRETARIA MUNICIPAL DE SAUDE;1460496,22;SECRETARIA MUNICIPAL DE SAUDE                                                                                                                                                                                                                                ;SAUDE - 10;VIGILANCIA EPIDEMIOLOGICA - 305;TAXA PELO EXERCICIO DO PODER DE POLICIA - 106;EQUATORIAL GOIAS DISTRIBUIDORA DE ENERGIA SA;DESPESA C/ PAGAMENTO DE TARIFAS REFERENTES AO FORNECIMENTO E DISTRIBUICAO DEENERGIA ELETRICA PARA UNIDADES DE SAUDE DESTA SECRETARIA, VALOR REFERENTE  AJULHO A OUTUBRO/2025, SCC: 577716, PEDIDO DE COMPRA: 116/2021, VIGENCIA: 01/01/2025 A 31/12/2025. SEI 24.29.000002737-4 - SOLICITACAO FINANCEIRA:175513/2025.                                                                       .                                                                           VALOR TOTAL:....................................................3.373.334,51.                                                                           FONTE: 106 - TAXA PELO EXERCICIO DO PODER DE POLICIA                        FONTE DETALHADA: 15 - VIGILANCIA SANITARIA                                  ;Pregão;000000202022
20252150039510018;01/12/2025 00:00:00;3373334,51;0302362025;01/12/2025 00:00:00;9491,73;202521500395100180002;02/12/2025 00:00:00;9491,73;33903900;OUTROS SERVICOS DE TERCEIROS - PESSOA JURIDICA;01543032000104;SECRETARIA MUNICIPAL DE SAUDE;1460496,22;SECRETARIA MUNICIPAL DE SAUDE                                                                                                                                                                                                                                ;SAUDE - 10;VIGILANCIA EPIDEMIOLOGICA - 305;TAXA PELO EXERCICIO DO PODER DE POLICIA - 106;EQUATORIAL GOIAS DISTRIBUIDORA DE ENERGIA SA;DESPESA C/ PAGAMENTO DE TARIFAS REFERENTES AO FORNECIMENTO E DISTRIBUICAO DEENERGIA ELETRICA PARA UNIDADES DE SAUDE DESTA SECRETARIA, VALOR REFERENTE  AJULHO A OUTUBRO/2025, SCC: 577716, PEDIDO DE COMPRA: 116/2021, VIGENCIA: 01/01/2025 A 31/12/2025. SEI 24.29.000002737-4 - SOLICITACAO FINANCEIRA:175513/2025.                                                                       .                                                                           VALOR TOTAL:....................................................3.373.334,51.                                                                           FONTE: 106 - TAXA PELO EXERCICIO DO PODER DE POLICIA                        FONTE DETALHADA: 15 - VIGILANCIA SANITARIA                                  ;Pregão;000000202022
20252150039510018;01/12/2025 00:00:00;3373334,51;0302372025;01/12/2025 00:00:00;1106,54;202521500395100180004;02/12/2025 00:00:00;1106,54;33903900;OUTROS SERVICOS DE TERCEIROS - PESSOA JURIDICA;01543032000104;SECRETARIA MUNICIPAL DE SAUDE;1460496,22;SECRETARIA MUNICIPAL DE SAUDE                                                                                                                                                                                                                                ;SAUDE - 10;VIGILANCIA EPIDEMIOLOGICA - 305;TAXA PELO EXERCICIO DO PODER DE POLICIA - 106;EQUATORIAL GOIAS DISTRIBUIDORA DE ENERGIA SA;DESPESA C/ PAGAMENTO DE TARIFAS REFERENTES AO FORNECIMENTO E DISTRIBUICAO DEENERGIA ELETRICA PARA UNIDADES DE SAUDE DESTA SECRETARIA, VALOR REFERENTE  AJULHO A OUTUBRO/2025, SCC: 577716, PEDIDO DE COMPRA: 116/2021, VIGENCIA: 01/01/2025 A 31/12/2025. SEI 24.29.000002737-4 - SOLICITACAO FINANCEIRA:175513/2025.                                                                       .                                                                           VALOR TOTAL:....................................................3.373.334,51.                                                                           FONTE: 106 - TAXA PELO EXERCICIO DO PODER DE POLICIA                        FONTE DETALHADA: 15 - VIGILANCIA SANITARIA                                  ;Pregão;000000202022
20252150039510018;01/12/2025 00:00:00;3373334,51;0302412025;01/12/2025 00:00:00;717,17;202521500395100180006;02/12/2025 00:00:00;717,17;33903900;OUTROS SERVICOS DE TERCEIROS - PESSOA JURIDICA;01543032000104;SECRETARIA MUNICIPAL DE SAUDE;1460496,22;SECRETARIA MUNICIPAL DE SAUDE                                                                                                                                                                                                                                ;SAUDE - 10;VIGILANCIA EPIDEMIOLOGICA - 305;TAXA PELO EXERCICIO DO PODER DE POLICIA - 106;EQUATORIAL GOIAS DISTRIBUIDORA DE ENERGIA SA;DESPESA C/ PAGAMENTO DE TARIFAS REFERENTES AO FORNECIMENTO E DISTRIBUICAO DEENERGIA ELETRICA PARA UNIDADES DE SAUDE DESTA SECRETARIA, VALOR REFERENTE  AJULHO A OUTUBRO/2025, SCC: 577716, PEDIDO DE COMPRA: 116/2021, VIGENCIA: 01/01/2025 A 31/12/2025. SEI 24.29.000002737-4 - SOLICITACAO FINANCEIRA:175513/2025.                                                                       .                                                                           VALOR TOTAL:....................................................3.373.334,51.                                                                           FONTE: 106 - TAXA PELO EXERCICIO DO PODER DE POLICIA                        FONTE DETALHADA: 15 - VIGILANCIA SANITARIA                                  ;Pregão;000000202022
20252150039510018;01/12/2025 00:00:00;3373334,51;0302492025;01/12/2025 00:00:00;229,97;202521500395100180008;02/12/2025 00:00:00;229,97;33903900;OUTROS SERVICOS DE TERCEIROS - PESSOA JURIDICA;01543032000104;SECRETARIA MUNICIPAL DE SAUDE;1460496,22;SECRETARIA MUNICIPAL DE SAUDE                                                                                                                                                                                                                                ;SAUDE - 10;VIGILANCIA EPIDEMIOLOGICA - 305;TAXA PELO EXERCICIO DO PODER DE POLICIA - 106;EQUATORIAL GOIAS DISTRIBUIDORA DE ENERGIA SA;DESPESA C/ PAGAMENTO DE TARIFAS REFERENTES AO FORNECIMENTO E DISTRIBUICAO DEENERGIA ELETRICA PARA UNIDADES DE SAUDE DESTA SECRETARIA, VALOR REFERENTE  AJULHO A OUTUBRO/2025, SCC: 577716, PEDIDO DE COMPRA: 116/2021, VIGENCIA: 01/01/2025 A 31/12/2025. SEI 24.29.000002737-4 - SOLICITACAO FINANCEIRA:175513/2025.                                                                       .                                                                           VALOR TOTAL:....................................................3.373.334,51.                                                                           FONTE: 106 - TAXA PELO EXERCICIO DO PODER DE POLICIA                        FONTE DETALHADA: 15 - VIGILANCIA SANITARIA                                  ;Pregão;000000202022
20252150039510018;01/12/2025 00:00:00;3373334,51;0302522025;01/12/2025 00:00:00;1516,65;202521500395100180014;02/12/2025 00:00:00;1516,65;33903900;OUTROS SERVICOS DE TERCEIROS - PESSOA JURIDICA;01543032000104;SECRETARIA MUNICIPAL DE SAUDE;1460496,22;SECRETARIA MUNICIPAL DE SAUDE                                                                                                                                                                                                                                ;SAUDE - 10;VIGILANCIA EPIDEMIOLOGICA - 305;TAXA PELO EXERCICIO DO PODER DE POLICIA - 106;EQUATORIAL GOIAS DISTRIBUIDORA DE ENERGIA SA;DESPESA C/ PAGAMENTO DE TARIFAS REFERENTES AO FORNECIMENTO E DISTRIBUICAO DEENERGIA ELETRICA PARA UNIDADES DE SAUDE DESTA SECRETARIA, VALOR REFERENTE  AJULHO A OUTUBRO/2025, SCC: 577716, PEDIDO DE COMPRA: 116/2021, VIGENCIA: 01/01/2025 A 31/12/2025. SEI 24.29.000002737-4 - SOLICITACAO FINANCEIRA:175513/2025.                                                                       .                                                                           VALOR TOTAL:....................................................3.373.334,51.                                                                           FONTE: 106 - TAXA PELO EXERCICIO DO PODER DE POLICIA                        FONTE DETALHADA: 15 - VIGILANCIA SANITARIA                                  ;Pregão;000000202022
20252150039510018;01/12/2025 00:00:00;3373334,51;0302532025;01/12/2025 00:00:00;933,01;202521500395100180016;02/12/2025 00:00:00;933,01;33903900;OUTROS SERVICOS DE TERCEIROS - PESSOA JURIDICA;01543032000104;SECRETARIA MUNICIPAL DE SAUDE;1460496,22;SECRETARIA MUNICIPAL DE SAUDE                                                                                                                                                                                                                                ;SAUDE - 10;VIGILANCIA EPIDEMIOLOGICA - 305;TAXA PELO EXERCICIO DO PODER DE POLICIA - 106;EQUATORIAL GOIAS DISTRIBUIDORA DE ENERGIA SA;DESPESA C/ PAGAMENTO DE TARIFAS REFERENTES AO FORNECIMENTO E DISTRIBUICAO DEENERGIA ELETRICA PARA UNIDADES DE SAUDE DESTA SECRETARIA, VALOR REFERENTE  AJULHO A OUTUBRO/2025, SCC: 577716, PEDIDO DE COMPRA: 116/2021, VIGENCIA: 01/01/2025 A 31/12/2025. SEI 24.29.000002737-4 - SOLICITACAO FINANCEIRA:175513/2025.                                                                       .                                                                           VALOR TOTAL:....................................................3.373.334,51.                                                                           FONTE: 106 - TAXA PELO EXERCICIO DO PODER DE POLICIA                        FONTE DETALHADA: 15 - VIGILANCIA SANITARIA                                  ;Pregão;000000202022
20252150039510018;01/12/2025 00:00:00;3373334,51;0302242025;01/12/2025 00:00:00;70281,91;202521500395100180005;02/12/2025 00:00:00;70281,91;33903900;OUTROS SERVICOS DE TERCEIROS - PESSOA JURIDICA;01543032000104;SECRETARIA MUNICIPAL DE SAUDE;1460496,22;SECRETARIA MUNICIPAL DE SAUDE                                                                                                                                                                                                                                ;SAUDE - 10;VIGILANCIA EPIDEMIOLOGICA - 305;TAXA PELO EXERCICIO DO PODER DE POLICIA - 106;EQUATORIAL GOIAS DISTRIBUIDORA DE ENERGIA SA;DESPESA C/ PAGAMENTO DE TARIFAS REFERENTES AO FORNECIMENTO E DISTRIBUICAO DEENERGIA ELETRICA PARA UNIDADES DE SAUDE DESTA SECRETARIA, VALOR REFERENTE  AJULHO A OUTUBRO/2025, SCC: 577716, PEDIDO DE COMPRA: 116/2021, VIGENCIA: 01/01/2025 A 31/12/2025. SEI 24.29.000002737-4 - SOLICITACAO FINANCEIRA:175513/2025.                                                                       .                                                                           VALOR TOTAL:....................................................3.373.334,51.                                                                           FONTE: 106 - TAXA PELO EXERCICIO DO PODER DE POLICIA                        FONTE DETALHADA: 15 - VIGILANCIA SANITARIA                                  ;Pregão;000000202022
20252150039510018;01/12/2025 00:00:00;3373334,51;0302252025;01/12/2025 00:00:00;12390,08;202521500395100180007;02/12/2025 00:00:00;12390,08;33903900;OUTROS SERVICOS DE TERCEIROS - PESSOA JURIDICA;01543032000104;SECRETARIA MUNICIPAL DE SAUDE;1460496,22;SECRETARIA MUNICIPAL DE SAUDE                                                                                                                                                                                                                                ;SAUDE - 10;VIGILANCIA EPIDEMIOLOGICA - 305;TAXA PELO EXERCICIO DO PODER DE POLICIA - 106;EQUATORIAL GOIAS DISTRIBUIDORA DE ENERGIA SA;DESPESA C/ PAGAMENTO DE TARIFAS REFERENTES AO FORNECIMENTO E DISTRIBUICAO DEENERGIA ELETRICA PARA UNIDADES DE SAUDE DESTA SECRETARIA, VALOR REFERENTE  AJULHO A OUTUBRO/2025, SCC: 577716, PEDIDO DE COMPRA: 116/2021, VIGENCIA: 01/01/2025 A 31/12/2025. SEI 24.29.000002737-4 - SOLICITACAO FINANCEIRA:175513/2025.                                                                       .                                                                           VALOR TOTAL:....................................................3.373.334,51.                                                                           FONTE: 106 - TAXA PELO EXERCICIO DO PODER DE POLICIA                        FONTE DETALHADA: 15 - VIGILANCIA SANITARIA                                  ;Pregão;000000202022
20252150039510018;01/12/2025 00:00:00;3373334,51;0302262025;01/12/2025 00:00:00;813974,53;202521500395100180009;02/12/2025 00:00:00;813974,53;33903900;OUTROS SERVICOS DE TERCEIROS - PESSOA JURIDICA;01543032000104;SECRETARIA MUNICIPAL DE SAUDE;1460496,22;SECRETARIA MUNICIPAL DE SAUDE                                                                                                                                                                                                                                ;SAUDE - 10;VIGILANCIA EPIDEMIOLOGICA - 305;TAXA PELO EXERCICIO DO PODER DE POLICIA - 106;EQUATORIAL GOIAS DISTRIBUIDORA DE ENERGIA SA;DESPESA C/ PAGAMENTO DE TARIFAS REFERENTES AO FORNECIMENTO E DISTRIBUICAO DEENERGIA ELETRICA PARA UNIDADES DE SAUDE DESTA SECRETARIA, VALOR REFERENTE  AJULHO A OUTUBRO/2025, SCC: 577716, PEDIDO DE COMPRA: 116/2021, VIGENCIA: 01/01/2025 A 31/12/2025. SEI 24.29.000002737-4 - SOLICITACAO FINANCEIRA:175513/2025.                                                                       .                                                                           VALOR TOTAL:....................................................3.373.334,51.                                                                           FONTE: 106 - TAXA PELO EXERCICIO DO PODER DE POLICIA                        FONTE DETALHADA: 15 - VIGILANCIA SANITARIA                                  ;Pregão;000000202022
20252150039510018;01/12/2025 00:00:00;3373334,51;0302282025;01/12/2025 00:00:00;87559,02;202521500395100180015;02/12/2025 00:00:00;87559,02;33903900;OUTROS SERVICOS DE TERCEIROS - PESSOA JURIDICA;01543032000104;SECRETARIA MUNICIPAL DE SAUDE;1460496,22;SECRETARIA MUNICIPAL DE SAUDE                                                                                                                                                                                                                                ;SAUDE - 10;VIGILANCIA EPIDEMIOLOGICA - 305;TAXA PELO EXERCICIO DO PODER DE POLICIA - 106;EQUATORIAL GOIAS DISTRIBUIDORA DE ENERGIA SA;DESPESA C/ PAGAMENTO DE TARIFAS REFERENTES AO FORNECIMENTO E DISTRIBUICAO DEENERGIA ELETRICA PARA UNIDADES DE SAUDE DESTA SECRETARIA, VALOR REFERENTE  AJULHO A OUTUBRO/2025, SCC: 577716, PEDIDO DE COMPRA: 116/2021, VIGENCIA: 01/01/2025 A 31/12/2025. SEI 24.29.000002737-4 - SOLICITACAO FINANCEIRA:175513/2025.                                                                       .                                                                           VALOR TOTAL:....................................................3.373.334,51.                                                                           FONTE: 106 - TAXA PELO EXERCICIO DO PODER DE POLICIA                        FONTE DETALHADA: 15 - VIGILANCIA SANITARIA                                  ;Pregão;000000202022
20252150039510018;01/12/2025 00:00:00;3373334,51;0302312025;01/12/2025 00:00:00;143438,46;202521500395100180013;02/12/2025 00:00:00;143438,46;33903900;OUTROS SERVICOS DE TERCEIROS - PESSOA JURIDICA;01543032000104;SECRETARIA MUNICIPAL DE SAUDE;1460496,22;SECRETARIA MUNICIPAL DE SAUDE                                                                                                                                                                                                                                ;SAUDE - 10;VIGILANCIA EPIDEMIOLOGICA - 305;TAXA PELO EXERCICIO DO PODER DE POLICIA - 106;EQUATORIAL GOIAS DISTRIBUIDORA DE ENERGIA SA;DESPESA C/ PAGAMENTO DE TARIFAS REFERENTES AO FORNECIMENTO E DISTRIBUICAO DEENERGIA ELETRICA PARA UNIDADES DE SAUDE DESTA SECRETARIA, VALOR REFERENTE  AJULHO A OUTUBRO/2025, SCC: 577716, PEDIDO DE COMPRA: 116/2021, VIGENCIA: 01/01/2025 A 31/12/2025. SEI 24.29.000002737-4 - SOLICITACAO FINANCEIRA:175513/2025.                                                                       .                                                                           VALOR TOTAL:....................................................3.373.334,51.                                                                           FONTE: 106 - TAXA PELO EXERCICIO DO PODER DE POLICIA                        FONTE DETALHADA: 15 - VIGILANCIA SANITARIA                                  ;Pregão;000000202022
20252150039510018;01/12/2025 00:00:00;3373334,51;0302342025;01/12/2025 00:00:00;16393,47;202521500395100180011;02/12/2025 00:00:00;16393,47;33903900;OUTROS SERVICOS DE TERCEIROS - PESSOA JURIDICA;01543032000104;SECRETARIA MUNICIPAL DE SAUDE;1460496,22;SECRETARIA MUNICIPAL DE SAUDE                                                                                                                                                                                                                                ;SAUDE - 10;VIGILANCIA EPIDEMIOLOGICA - 305;TAXA PELO EXERCICIO DO PODER DE POLICIA - 106;EQUATORIAL GOIAS DISTRIBUIDORA DE ENERGIA SA;DESPESA C/ PAGAMENTO DE TARIFAS REFERENTES AO FORNECIMENTO E DISTRIBUICAO DEENERGIA ELETRICA PARA UNIDADES DE SAUDE DESTA SECRETARIA, VALOR REFERENTE  AJULHO A OUTUBRO/2025, SCC: 577716, PEDIDO DE COMPRA: 116/2021, VIGENCIA: 01/01/2025 A 31/12/2025. SEI 24.29.000002737-4 - SOLICITACAO FINANCEIRA:175513/2025.                                                                       .                                                                           VALOR TOTAL:....................................................3.373.334,51.                                                                           FONTE: 106 - TAXA PELO EXERCICIO DO PODER DE POLICIA                        FONTE DETALHADA: 15 - VIGILANCIA SANITARIA                                  ;Pregão;000000202022
20252150047610006;18/12/2025 00:00:00;1000000,00;0321012025;18/12/2025 00:00:00;1000000,00;202521500476100060001;18/12/2025 00:00:00;1000000,00;33903900;OUTROS SERVICOS DE TERCEIROS - PESSOA JURIDICA;72551799000115;SECRETARIA MUNICIPAL DE SAUDE;0,00;SECRETARIA MUNICIPAL DE SAUDE                                                                                                                                                                                                                                ;SAUDE - 10;ASSISTENCIA HOSPITALAR E AMBULATORIAL - 302;EMENDA PARLAMENTARES DE BANCADA (ART. 1° DA EC Nº 100/2019 E § 12 DO ART. 165 DA CF/88) - 182;HOSPITAL BENEDICENTE SAO JOSE DE HERCULANDIA;SOLICITACAO FINANCEIRA NR. 176300-2025 SCC: 783090 SEI: 25.29.000027894-1   .                                                                           182-EMENDA PARLAMENTARES DE BANCADA (ART. 1° DA EC Nº 100/2019 E § 12 DO ART165 DA CF/88)                                                               64 - EMENDA PARLAMENTAR DE BANCADA -ART 1 DA EC NR 100/2019 E § 12 DO ART165DA CF/88 1601 3120 - TRANSFERENCIAS DA UNIAO DECORRENTES DE EMENDAS PARLAMENTARES DE BANCADA.                                                           DESPESA COM TERMO DE COLABORACAO EMERGENCIAL NR. 042/2025 PARA ATUAR EM RE  GIME DE GERENCIAMENTO COMPLEMENTAR COM O PODER PUBLICO MUNICIPAL NO HOSPI-  TAL E MATERNIDADE CELIA CAMARA(HMCC) ,NOS TERMOS DA LEI Nº. 13.019, DE 31   DE JULHO DE 2014, QUE ESTABELECE O REGIME JURIDICO DAS PARCERIAS ENTRE A    ADMINISTRACAO PUBLICA E AS ORGANIZACOES DA SOCIEDADE CIVIL, EM REGIME JURI- DICO DE MUTUA COOPERACAO, PARA A CONSECUCAO DE FINALIDADES DE INTERESSE PU- BLICO E RECIPROCO, MEDIANTE A EXECUCAO DE ATIVIDADES OU DE PROJETOS PREVIA- MENTE ESTABELECIDOS EM PLANOS DE TRABALHO INSERIDOS EM TERMOS DE COLABORA-  CAO, ENTRE OUTROS.HOSPITAL E MATERNIDADE MUNICIPAL CELIA CAMARA (HMMCC) -TERMO DE COLABORACAO EMERGENCIAL NR. 042/2025 - EMENDA DE BANCADA  - ISMAEL ALEXANDRINO - 7110.0001/2025.                                                  VALOR TOTAL:....................................................1.000.000,00.                                                                           ;Outros (Convênios, ajustes, similares, etc.);000000012025
20252150049110050;05/12/2025 00:00:00;500000,00;0332432025;29/12/2025 00:00:00;500000,00;202521500491100500001;19/01/2026 00:00:00;500000,00;33903900;OUTROS SERVICOS DE TERCEIROS - PESSOA JURIDICA;49637563000184;SECRETARIA MUNICIPAL DE SAUDE;0,00;SECRETARIA MUNICIPAL DE SAUDE                                                                                                                                                                                                                                ;SAUDE - 10;ATENCAO BASICA - 301;RECEITAS DE IMPOSTOS E DE TRANSFERENCIAS DE IMPOSTOS - SAUDE - 102;INSTITUTO CIDADAO DE EDUCACAO, SAUDE, CULTURA, ESPORTE E LAZ;DESPESA COM EMENDA AO PROJETO DE LEI NR. 268/2024 PARA O REPASSE DE RECURSOSDE NATUREZA IMPOSITIVA DESTINA A SAUDE NO EXERCICIO FINANCEIRO DE 2025, DE ACORDO COM A LEI NR.11.315,DE 07/01/2025-LOA. SEI25.29.000029378-9/SCC:796531EMENDA NR. 14.12 / PARLAMENTAR: IZIDIO ALVES / DESTINO: INSTITUTO CIDADAO DEEDUCACAO SAUDE,CULTURA,ESPORTE E LAZER-INCES/VALOR ESTIMADO:R$500.000,00.   .                                                                           .                                                                           VALOR TOTAL:......................................................500.000,00.                                                                           FONTE 102 - RECEITAS DE IMPOSTOS E DE TRANSFERENCIAS DE IMPOSTOS - SAUDE    FONTE DETALHADA: 634 - RECURSOS ORDINARIOS PARA ATENDER EMENDA IMPOSITIVA   FONTE / CO STN: 1500 1002 - IDENTIFICACAO DAS DESPESAS COM ACOES E SERVICOS DE SAUDE     -     SOLICITACAO FINANCEIRA: 175673 - 2025.                   ;Outros (Convênios, ajustes, similares, etc.);000007032025
20252150024910953;15/12/2025 00:00:00;413508,07;0319232025;15/12/2025 00:00:00;244252,62;202521500249109530001;15/12/2025 00:00:00;244252,62;33903900;OUTROS SERVICOS DE TERCEIROS - PESSOA JURIDICA;72551799000115;SECRETARIA MUNICIPAL DE SAUDE;0,00;SECRETARIA MUNICIPAL DE SAUDE                                                                                                                                                                                                                                ;SAUDE - 10;ASSISTENCIA HOSPITALAR E AMBULATORIAL - 302;TRANSFERENCIA DE RECURSOS DO SISTEMA UNICO DE SAUDE - SUS - BLOCO DE MANUTENCAO DAS ACOES E SERVICOS PUBLICOS DE SAUDE - 107;HOSPITAL BENEDICENTE SAO JOSE DE HERCULANDIA;DESPESA COM TERMO DE COLABORACAO EMERGENCIAL NR. 042/2025 PARA ATUAR EM RE  GIME DE GERENCIAMENTO COMPLEMENTAR COM O PODER PUBLICO MUNICIPAL NO HOSPI-  TAL E MATERNIDADE CELIA CAMARA(HMCC) ,NOS TERMOS DA LEI Nº. 13.019, DE 31   DE JULHO DE 2014, QUE ESTABELECE O REGIME JURIDICO DAS PARCERIAS ENTRE A    ADMINISTRACAO PUBLICA E AS ORGANIZACOES DA SOCIEDADE CIVIL, EM REGIME JURI- DICO DE MUTUA COOPERACAO, PARA A CONSECUCAO DE FINALIDADES DE INTERESSE PU  BLICO E RECIPROCO, MEDIANTE A EXECUCAO DE ATIVIDADES OU DE PROJETOS PREVIA  MENTE ESTABELECIDOS EM PLANOS DE TRABALHO INSERIDOS EM TERMOS DE COLABORA-  CAO, ENTRE OUTROS.                                                          .                                                                           VALOR TOTAL:....................................................413.508,07  .                                                                           SOLICITACAO FINANCEIRA NR. 176089-2025 SCC: 783090 SEI: 25.29.000027894-1   .                                                                           107 - TRANSFERENCIA DE RECURSOS DO SISTEMA UNICO DE SAUDE - SUS - BLOCO DE  MANUTENCAO DAS ACOES E SERVICOS PUBLICOS DE SAUDE                           FONTE DETALHADA: 64 - TRANSFERENCIAS DE RECURSOS DO SUS - ATENCAO ESPECIALIZADA                                                                         .                                                                           REF.: 09/2025 E 11/2025 - VALOR RESTANTE                                    ;Outros (Convênios, ajustes, similares, etc.);000000012025
20252150024910953;15/12/2025 00:00:00;413508,07;0319242025;15/12/2025 00:00:00;169255,45;202521500249109530002;15/12/2025 00:00:00;169255,45;33903900;OUTROS SERVICOS DE TERCEIROS - PESSOA JURIDICA;72551799000115;SECRETARIA MUNICIPAL DE SAUDE;0,00;SECRETARIA MUNICIPAL DE SAUDE                                                                                                                                                                                                                                ;SAUDE - 10;ASSISTENCIA HOSPITALAR E AMBULATORIAL - 302;TRANSFERENCIA DE RECURSOS DO SISTEMA UNICO DE SAUDE - SUS - BLOCO DE MANUTENCAO DAS ACOES E SERVICOS PUBLICOS DE SAUDE - 107;HOSPITAL BENEDICENTE SAO JOSE DE HERCULANDIA;DESPESA COM TERMO DE COLABORACAO EMERGENCIAL NR. 042/2025 PARA ATUAR EM RE  GIME DE GERENCIAMENTO COMPLEMENTAR COM O PODER PUBLICO MUNICIPAL NO HOSPI-  TAL E MATERNIDADE CELIA CAMARA(HMCC) ,NOS TERMOS DA LEI Nº. 13.019, DE 31   DE JULHO DE 2014, QUE ESTABELECE O REGIME JURIDICO DAS PARCERIAS ENTRE A    ADMINISTRACAO PUBLICA E AS ORGANIZACOES DA SOCIEDADE CIVIL, EM REGIME JURI- DICO DE MUTUA COOPERACAO, PARA A CONSECUCAO DE FINALIDADES DE INTERESSE PU  BLICO E RECIPROCO, MEDIANTE A EXECUCAO DE ATIVIDADES OU DE PROJETOS PREVIA  MENTE ESTABELECIDOS EM PLANOS DE TRABALHO INSERIDOS EM TERMOS DE COLABORA-  CAO, ENTRE OUTROS.                                                          .                                                                           VALOR TOTAL:....................................................413.508,07  .                                                                           SOLICITACAO FINANCEIRA NR. 176089-2025 SCC: 783090 SEI: 25.29.000027894-1   .                                                                           107 - TRANSFERENCIA DE RECURSOS DO SISTEMA UNICO DE SAUDE - SUS - BLOCO DE  MANUTENCAO DAS ACOES E SERVICOS PUBLICOS DE SAUDE                           FONTE DETALHADA: 64 - TRANSFERENCIAS DE RECURSOS DO SUS - ATENCAO ESPECIALIZADA                                                                         .                                                                           REF.: 09/2025 E 11/2025 - VALOR RESTANTE                                    ;Outros (Convênios, ajustes, similares, etc.);000000012025
20252150024910954;15/12/2025 00:00:00;23664,82;;;0,00;;;0,00;33903900;OUTROS SERVICOS DE TERCEIROS - PESSOA JURIDICA;03877107000100;SECRETARIA MUNICIPAL DE SAUDE;23664,82;SECRETARIA MUNICIPAL DE SAUDE                                                                                                                                                                                                                                ;SAUDE - 10;ASSISTENCIA HOSPITALAR E AMBULATORIAL - 302;TRANSFERENCIA DE RECURSOS DO SISTEMA UNICO DE SAUDE - SUS - BLOCO DE MANUTENCAO DAS ACOES E SERVICOS PUBLICOS DE SAUDE - 107;CADI LABORATORIO AVICENNA DE DIAGNOSTICOS LTDA;DESPESA COM CONTRATO NR 779/2020 PARA EXECUCAO DE SERVICOS MEDICOS DE       ASSISTENCIA A SAUDE AMBULATORIAL (HOSPITALAR) E/OU APOIO DIAGNOSTICO        TERAPEUTICO PARA ATENDIMENTO DOS SUSUARIOS DO SUS - SCC: 515265             REFERENCIA: COMPETENCIA 10/2025  - 22.29.000011880-8                        .                                                                           VALOR TOTAL:....................................................23.664,82   .                                                                           64 - TRANSFERENCIAS DE RECURSOS DO SUS - ATENCAO ESPECIALIZADA              SOLICITACAO FINANCEIRA: 176051/2025                                         ;Inexigibilidade de Licitação;000069312020
20252150024910955;15/12/2025 00:00:00;24176,05;;;0,00;;;0,00;33903900;OUTROS SERVICOS DE TERCEIROS - PESSOA JURIDICA;03810678000128;SECRETARIA MUNICIPAL DE SAUDE;24176,05;SECRETARIA MUNICIPAL DE SAUDE                                                                                                                                                                                                                                ;SAUDE - 10;ASSISTENCIA HOSPITALAR E AMBULATORIAL - 302;TRANSFERENCIA DE RECURSOS DO SISTEMA UNICO DE SAUDE - SUS - BLOCO DE MANUTENCAO DAS ACOES E SERVICOS PUBLICOS DE SAUDE - 107;CITOCENTER LABORATORIO MEDICO S/S LTDA;DESPESA COM CONTRATO NR 083/2023 PARA EXECUCAO DE SERVICOS MEDICOS DE       ASSISTENCIA A SAUDE AMBULATORIAL (HOSPITALAR) E/OU APOIO DIAGNOSTICO        TERAPEUTICO PARA ATENDIMENTO DOS SUSUARIOS DO SUS - SCC: 615073             REFERENCIA: COMPETENCIA 10/2025  - SEI:23.29.000018225-0                    .                                                                           VALOR TOTAL:....................................................24.176,05   .                                                                           64 - TRANSFERENCIAS DE RECURSOS DO SUS - ATENCAO ESPECIALIZADA              SOLICITACAO FINANCEIRA: 176053/2025                                         ;Inexigibilidade de Licitação;000001282023
20252150024910964;15/12/2025 00:00:00;37284,55;;;0,00;;;0,00;33903900;OUTROS SERVICOS DE TERCEIROS - PESSOA JURIDICA;37005725000182;SECRETARIA MUNICIPAL DE SAUDE;37284,55;SECRETARIA MUNICIPAL DE SAUDE                                                                                                                                                                                                                                ;SAUDE - 10;ASSISTENCIA HOSPITALAR E AMBULATORIAL - 302;TRANSFERENCIA DE RECURSOS DO SISTEMA UNICO DE SAUDE - SUS - BLOCO DE MANUTENCAO DAS ACOES E SERVICOS PUBLICOS DE SAUDE - 107;CLINICA MEDICA SAO LUIS LTDA;DESPESA COM CONTRATO NR 1.576/2021 PARA EXECUCAO DE SERVICOS MEDICOS DE     ASSISTENCIA A SAUDE AMBULATORIAL (HOSPITALAR) E/OU APOIO DIAGNOSTICO        TERAPEUTICO PARA ATENDIMENTO DOS SUSUARIOS DO SUS - SCC: 526178             REFERENCIA: COMPETENCIA 10/2025  - SEI:22.29.000020442-9                    .                                                                           VALOR TOTAL:....................................................37.284,55   .                                                                           64 - TRANSFERENCIAS DE RECURSOS DO SUS - ATENCAO ESPECIALIZADA              SOLICITACAO FINANCEIRA: 176122/2025                                         ;Inexigibilidade de Licitação;000000052020
20252150024910965;16/12/2025 00:00:00;38104,18;;;0,00;;;0,00;33903900;OUTROS SERVICOS DE TERCEIROS - PESSOA JURIDICA;07738336000103;SECRETARIA MUNICIPAL DE SAUDE;38104,18;SECRETARIA MUNICIPAL DE SAUDE                                                                                                                                                                                                                                ;SAUDE - 10;ASSISTENCIA HOSPITALAR E AMBULATORIAL - 302;TRANSFERENCIA DE RECURSOS DO SISTEMA UNICO DE SAUDE - SUS - BLOCO DE MANUTENCAO DAS ACOES E SERVICOS PUBLICOS DE SAUDE - 107;CENTRO BRASILEIRO DE MEDICINA NUCLEAR E IMAGEM MOLECULAR LTD;DESPESA COM CONTRATO NR 378/2021 PARA EXECUCAO DE SERVICOS MEDICOS DE       ASSISTENCIA A SAUDE AMBULATORIAL (HOSPITALAR) E/OU APOIO DIAGNOSTICO        TERAPEUTICO PARA ATENDIMENTO DOS SUSUARIOS DO SUS - SCC: 537005             REFERENCIA: COMPETENCIA 10/2025  - SEI:22.29.000011887-5                    .                                                                           VALOR TOTAL:....................................................38.104,18   .                                                                           64 - TRANSFERENCIAS DE RECURSOS DO SUS - ATENCAO ESPECIALIZADA              SOLICITACAO FINANCEIRA: 176125/2025                                         ;Inexigibilidade de Licitação;000011482021
20252150024910971;16/12/2025 00:00:00;519862,32;0320042025;16/12/2025 00:00:00;519862,32;202521500249109710001;06/03/2026 00:00:00;519862,32;33903900;OUTROS SERVICOS DE TERCEIROS - PESSOA JURIDICA;01525849000141;SECRETARIA MUNICIPAL DE SAUDE;0,00;SECRETARIA MUNICIPAL DE SAUDE                                                                                                                                                                                                                                ;SAUDE - 10;ASSISTENCIA HOSPITALAR E AMBULATORIAL - 302;TRANSFERENCIA DE RECURSOS DO SISTEMA UNICO DE SAUDE - SUS - BLOCO DE MANUTENCAO DAS ACOES E SERVICOS PUBLICOS DE SAUDE - 107;MATERNIDADE E HOSPITAL SAO JUDAS TADEU LTDA;DESPESA COM CONTRATO NR 728/2020 PARA EXECUCAO DE SERVICOS MEDICOS DE       ASSISTENCIA A SAUDE AMBULATORIAL (HOSPITALAR) E/OU APOIO DIAGNOSTICO        TERAPEUTICO PARA ATENDIMENTO DOS SUSUARIOS DO SUS - SCC: 513823             REFERENCIA: COMPETENCIA 10/2025  - SEI:22.29.000012181-7                    .                                                                           VALOR TOTAL:...................................................519.862,32   .                                                                           64 - TRANSFERENCIAS DE RECURSOS DO SUS - ATENCAO ESPECIALIZADA              SOLICITACAO FINANCEIRA: 176093/2025                                         ;Inexigibilidade de Licitação;000063662020
20252150024910972;16/12/2025 00:00:00;520330,10;0320832025;18/12/2025 00:00:00;520330,10;202521500249109720001;18/12/2025 00:00:00;520330,10;33903900;OUTROS SERVICOS DE TERCEIROS - PESSOA JURIDICA;03706577000101;SECRETARIA MUNICIPAL DE SAUDE;0,00;SECRETARIA MUNICIPAL DE SAUDE                                                                                                                                                                                                                                ;SAUDE - 10;ASSISTENCIA HOSPITALAR E AMBULATORIAL - 302;TRANSFERENCIA DE RECURSOS DO SISTEMA UNICO DE SAUDE - SUS - BLOCO DE MANUTENCAO DAS ACOES E SERVICOS PUBLICOS DE SAUDE - 107;DAVITA SERVICOS DE NEFROLOGIA MARISTA LTDA.;DESPESA COM CONTRATO NR 774/2020 PARA EXECUCAO DE SERVICOS MEDICOS DE       ASSISTENCIA A SAUDE AMBULATORIAL (HOSPITALAR) E/OU APOIO DIAGNOSTICO        TERAPEUTICO PARA ATENDIMENTO DOS SUSUARIOS DO SUS - SCC: 515214-1           REFERENCIA: COMPETENCIA 10/2025  - SEI:22.29.000012351-8                    .                                                                           VALOR TOTAL:...................................................520.330,10   .                                                                           64 - TRANSFERENCIAS DE RECURSOS DO SUS - ATENCAO ESPECIALIZADA              SOLICITACAO FINANCEIRA: 176094/2025                                         ;Inexigibilidade de Licitação;000062862020
20252150024910978;16/12/2025 00:00:00;754135,75;0319732025;16/12/2025 00:00:00;0,00;;;0,00;33903900;OUTROS SERVICOS DE TERCEIROS - PESSOA JURIDICA;10703748000104;SECRETARIA MUNICIPAL DE SAUDE;24640,00;SECRETARIA MUNICIPAL DE SAUDE                                                                                                                                                                                                                                ;SAUDE - 10;ASSISTENCIA HOSPITALAR E AMBULATORIAL - 302;TRANSFERENCIA DE RECURSOS DO SISTEMA UNICO DE SAUDE - SUS - BLOCO DE MANUTENCAO DAS ACOES E SERVICOS PUBLICOS DE SAUDE - 107;HOSPITAL DE OLHOS VILA NOVA EIRELI ME;DESPESA COM CONTRATO NR 761/2020 PARA EXECUCAO DE SERVICOS MEDICOS DE       ASSISTENCIA A SAUDE AMBULATORIAL (HOSPITALAR) E/OU APOIO DIAGNOSTICO        TERAPEUTICO PARA ATENDIMENTO DOS SUSUARIOS DO SUS - SCC: 514692-1           REFERENCIA: COMPETENCIA 10/2025  - SEI:22.29000012061-6                     .                                                                           VALOR TOTAL:...................................................754.135,75   .                                                                           64 - TRANSFERENCIAS DE RECURSOS DO SUS - ATENCAO ESPECIALIZADA              SOLICITACAO FINANCEIRA: 176112/2025                                         ;Inexigibilidade de Licitação;000064522020
20252150024910978;16/12/2025 00:00:00;754135,75;0319762025;16/12/2025 00:00:00;729495,75;202521500249109780001;06/03/2026 00:00:00;729495,75;33903900;OUTROS SERVICOS DE TERCEIROS - PESSOA JURIDICA;10703748000104;SECRETARIA MUNICIPAL DE SAUDE;24640,00;SECRETARIA MUNICIPAL DE SAUDE                                                                                                                                                                                                                                ;SAUDE - 10;ASSISTENCIA HOSPITALAR E AMBULATORIAL - 302;TRANSFERENCIA DE RECURSOS DO SISTEMA UNICO DE SAUDE - SUS - BLOCO DE MANUTENCAO DAS ACOES E SERVICOS PUBLICOS DE SAUDE - 107;HOSPITAL DE OLHOS VILA NOVA EIRELI ME;DESPESA COM CONTRATO NR 761/2020 PARA EXECUCAO DE SERVICOS MEDICOS DE       ASSISTENCIA A SAUDE AMBULATORIAL (HOSPITALAR) E/OU APOIO DIAGNOSTICO        TERAPEUTICO PARA ATENDIMENTO DOS SUSUARIOS DO SUS - SCC: 514692-1           REFERENCIA: COMPETENCIA 10/2025  - SEI:22.29000012061-6                     .                                                                           VALOR TOTAL:...................................................754.135,75   .                                                                           64 - TRANSFERENCIAS DE RECURSOS DO SUS - ATENCAO ESPECIALIZADA              SOLICITACAO FINANCEIRA: 176112/2025                                         ;Inexigibilidade de Licitação;000064522020
20252150024910979;16/12/2025 00:00:00;1470147,35;0319782025;16/12/2025 00:00:00;0,00;;;0,00;33903900;OUTROS SERVICOS DE TERCEIROS - PESSOA JURIDICA;01240688000140;SECRETARIA MUNICIPAL DE SAUDE;512458,94;SECRETARIA MUNICIPAL DE SAUDE                                                                                                                                                                                                                                ;SAUDE - 10;ASSISTENCIA HOSPITALAR E AMBULATORIAL - 302;TRANSFERENCIA DE RECURSOS DO SISTEMA UNICO DE SAUDE - SUS - BLOCO DE MANUTENCAO DAS ACOES E SERVICOS PUBLICOS DE SAUDE - 107;APAE - ASSOCIACAO DE PAIS E AMIGOS DOS EXC DE GOIANIA;DESPESA COM CONTRATO NR 746/2020 PARA EXECUCAO DE SERVICOS MEDICOS DE       ASSISTENCIA A SAUDE AMBULATORIAL (HOSPITALAR) E/OU APOIO DIAGNOSTICO        TERAPEUTICO PARA ATENDIMENTO DOS SUSUARIOS DO SUS - SCC: 514048-1           REFERENCIA: COMPETENCIA 10/2025  - SEI:22.29.000011864-6                    .                                                                           VALOR TOTAL:.................................................1.470.147,35   .                                                                           64 - TRANSFERENCIAS DE RECURSOS DO SUS - ATENCAO ESPECIALIZADA              SOLICITACAO FINANCEIRA: 176118/2025                                         ;Inexigibilidade de Licitação;000000052020
20252150024910979;16/12/2025 00:00:00;1470147,35;0319792025;16/12/2025 00:00:00;0,00;;;0,00;33903900;OUTROS SERVICOS DE TERCEIROS - PESSOA JURIDICA;01240688000140;SECRETARIA MUNICIPAL DE SAUDE;512458,94;SECRETARIA MUNICIPAL DE SAUDE                                                                                                                                                                                                                                ;SAUDE - 10;ASSISTENCIA HOSPITALAR E AMBULATORIAL - 302;TRANSFERENCIA DE RECURSOS DO SISTEMA UNICO DE SAUDE - SUS - BLOCO DE MANUTENCAO DAS ACOES E SERVICOS PUBLICOS DE SAUDE - 107;APAE - ASSOCIACAO DE PAIS E AMIGOS DOS EXC DE GOIANIA;DESPESA COM CONTRATO NR 746/2020 PARA EXECUCAO DE SERVICOS MEDICOS DE       ASSISTENCIA A SAUDE AMBULATORIAL (HOSPITALAR) E/OU APOIO DIAGNOSTICO        TERAPEUTICO PARA ATENDIMENTO DOS SUSUARIOS DO SUS - SCC: 514048-1           REFERENCIA: COMPETENCIA 10/2025  - SEI:22.29.000011864-6                    .                                                                           VALOR TOTAL:.................................................1.470.147,35   .                                                                           64 - TRANSFERENCIAS DE RECURSOS DO SUS - ATENCAO ESPECIALIZADA              SOLICITACAO FINANCEIRA: 176118/2025                                         ;Inexigibilidade de Licitação;000000052020
20252150024910979;16/12/2025 00:00:00;1470147,35;0319922025;16/12/2025 00:00:00;957688,41;202521500249109790001;17/12/2025 00:00:00;957688,41;33903900;OUTROS SERVICOS DE TERCEIROS - PESSOA JURIDICA;01240688000140;SECRETARIA MUNICIPAL DE SAUDE;512458,94;SECRETARIA MUNICIPAL DE SAUDE                                                                                                                                                                                                                                ;SAUDE - 10;ASSISTENCIA HOSPITALAR E AMBULATORIAL - 302;TRANSFERENCIA DE RECURSOS DO SISTEMA UNICO DE SAUDE - SUS - BLOCO DE MANUTENCAO DAS ACOES E SERVICOS PUBLICOS DE SAUDE - 107;APAE - ASSOCIACAO DE PAIS E AMIGOS DOS EXC DE GOIANIA;DESPESA COM CONTRATO NR 746/2020 PARA EXECUCAO DE SERVICOS MEDICOS DE       ASSISTENCIA A SAUDE AMBULATORIAL (HOSPITALAR) E/OU APOIO DIAGNOSTICO        TERAPEUTICO PARA ATENDIMENTO DOS SUSUARIOS DO SUS - SCC: 514048-1           REFERENCIA: COMPETENCIA 10/2025  - SEI:22.29.000011864-6                    .                                                                           VALOR TOTAL:.................................................1.470.147,35   .                                                                           64 - TRANSFERENCIAS DE RECURSOS DO SUS - ATENCAO ESPECIALIZADA              SOLICITACAO FINANCEIRA: 176118/2025                                         ;Inexigibilidade de Licitação;000000052020
20252150024910983;17/12/2025 00:00:00;10431466,66;0320212025;17/12/2025 00:00:00;10431466,66;202521500249109830001;17/12/2025 00:00:00;10431466,66;33903900;OUTROS SERVICOS DE TERCEIROS - PESSOA JURIDICA;01585595000157;SECRETARIA MUNICIPAL DE SAUDE;0,00;SECRETARIA MUNICIPAL DE SAUDE                                                                                                                                                                                                                                ;SAUDE - 10;ASSISTENCIA HOSPITALAR E AMBULATORIAL - 302;TRANSFERENCIA DE RECURSOS DO SISTEMA UNICO DE SAUDE - SUS - BLOCO DE MANUTENCAO DAS ACOES E SERVICOS PUBLICOS DE SAUDE - 107;ASSOCIACAO DE COMBATE AO CANCER EM GOIAS;DESPESA COM CONTRATO NR 1.110/2020 PARA EXECUCAO DE SERVICOS MEDICOS DE     ASSISTENCIA A SAUDE AMBULATORIAL (HOSPITALAR) E/OU APOIO DIAGNOSTICO        TERAPEUTICO PARA ATENDIMENTO DOS SUSUARIOS DO SUS - SCC: 525783             REFERENCIA: COMPETENCIA 10/2025  - SEI:22.29.000011865-4                    .                                                                           VALOR TOTAL:................................................10.431.466,66   .                                                                           64 - TRANSFERENCIAS DE RECURSOS DO SUS - ATENCAO ESPECIALIZADA              SOLICITACAO FINANCEIRA: 176148/2025                                         ;Inexigibilidade de Licitação;000032602020
20252150024910984;17/12/2025 00:00:00;189000,00;0320202025;17/12/2025 00:00:00;189000,00;202521500249109840001;17/12/2025 00:00:00;189000,00;33903900;OUTROS SERVICOS DE TERCEIROS - PESSOA JURIDICA;01287416000103;SECRETARIA MUNICIPAL DE SAUDE;0,00;SECRETARIA MUNICIPAL DE SAUDE                                                                                                                                                                                                                                ;SAUDE - 10;ASSISTENCIA HOSPITALAR E AMBULATORIAL - 302;TRANSFERENCIA DE RECURSOS DO SISTEMA UNICO DE SAUDE - SUS - BLOCO DE MANUTENCAO DAS ACOES E SERVICOS PUBLICOS DE SAUDE - 107;ASSOCIACAO PESTALOZZI DE GOIANIA;DESPESA COM CONTRATO NR 938/2020 PARA EXECUCAO DE SERVICOS MEDICOS DE       ASSISTENCIA A SAUDE AMBULATORIAL (HOSPITALAR) E/OU APOIO DIAGNOSTICO        TERAPEUTICO PARA ATENDIMENTO DOS SUSUARIOS DO SUS - SCC: 518531             REFERENCIA: COMPETENCIA 10/2025  - SEI:22.29.000011876-0                    .                                                                           VALOR TOTAL:...................................................189.000,00   .                                                                           64 - TRANSFERENCIAS DE RECURSOS DO SUS - ATENCAO ESPECIALIZADA              SOLICITACAO FINANCEIRA: 176129/2025                                         ;Inexigibilidade de Licitação;000000052020
20252150025310028;08/12/2025 00:00:00;680000,00;0314522025;08/12/2025 00:00:00;680000,00;202521500253100280001;08/12/2025 00:00:00;680000,00;33903900;OUTROS SERVICOS DE TERCEIROS - PESSOA JURIDICA;01585595000157;SECRETARIA MUNICIPAL DE SAUDE;0,00;SECRETARIA MUNICIPAL DE SAUDE                                                                                                                                                                                                                                ;SAUDE - 10;ASSISTENCIA HOSPITALAR E AMBULATORIAL - 302;TRANSFERENCIAS DE CONVENIOS - ESTADO/SAUDE - 125;ASSOCIACAO DE COMBATE AO CANCER EM GOIAS;DESPESA COM PLANO DE TRABALHO EM CONFORMIDADE A PORTARIA Nº 489/2024/GAB/SESPLANO DE FORTALECIMENTO ÀS AÇÕES E SERVIÇOS DE ONCOLOGIA NA MODALIDADE FUNDOA FUNDO/TERMO DE COMPROMISSO NR. 028/2025                                   OBS.: PROCESSO SES Nº 202100010000114 - RETORNO DE GLOSA CONFORME ESTABELECIDO NA PORTARIA Nº 489/2024 - REPASSE VIA SECRETARIA ESTADUAL DA SAÚDE PARA  A ASSOCIAÇÃO DE COMBATE AO CÂNCER DE GOIÁS                                  SCC:775551 - SEI:25.29.000004296-4                                          .                                                                           VALOR TOTAL:......................................................680.000,00.                                                                           541 - TRANSFERENCIAS DE CONVENIOS - ESTADO/SAUDE                            SOLICITACAO FINANCEIRA:175702/2025                                          ;Outros (Convênios, ajustes, similares, etc.);000004892025
20252150025410010;22/12/2025 00:00:00;558802,54;0331322025;22/12/2025 00:00:00;558802,54;202521500254100100001;22/12/2025 00:00:00;558802,54;33903900;OUTROS SERVICOS DE TERCEIROS - PESSOA JURIDICA;02630826000160;SECRETARIA MUNICIPAL DE SAUDE;0,00;SECRETARIA MUNICIPAL DE SAUDE                                                                                                                                                                                                                                ;SAUDE - 10;ASSISTENCIA HOSPITALAR E AMBULATORIAL - 302;TRANSFERENCIA DE RECURSOS DO SISTEMA UNICO DE SAUDE - SUS / ESTADOS - 131;BRANET GESTAO DE LOGISTICA EM SAUDE LTDA;DESPESA C/ CONTRATO N. 1484/2020 PARA SERVICOS DE GESTAO E LOGISTICA INTEGRADA / REVERSA, RECEBIMENTO, CONFERENCIA, ARMAZENAMENTO, CONTROLE DE EXPEDICAOTRANSPORTE, DISTRIBUICAO DE MATERIAIS DA SMS. SEI  25290000099966.          OBS:VALORES REFERENTE AO PERIODO DE 14/09 A 13/10/2025 - SCC: 532585-4      .                                                                           .                                                                           VALOR TOTAL:......................................................558.802,54.                                                                           131 - TRANSFERENCIA DE RECURSOS DO SISTEMA UNICO DE SAUDE - SUS / ESTADOS   17 - MEDIA ALTA COMPLEXIDADE - MAC                                           1621 0000 - TRANSFERENCIAS FUNDO A FUNDO DE RECURSOS DO SUS PROVENIENTES DO GOVERNO ESTADUAL_______  -     SOLICITACAO FINANCEIRA: 176564 - 2025.      ;Pregão;000000902020
20252150028810606;03/12/2025 00:00:00;198,00;;;0,00;;;0,00;33909300;INDENIZACOES E RESTITUICOES;00003023182167;SECRETARIA MUNICIPAL DE SAUDE;198,00;SECRETARIA MUNICIPAL DE SAUDE                                                                                                                                                                                                                                ;SAUDE - 10;ASSISTENCIA HOSPITALAR E AMBULATORIAL - 302;TRANSFERENCIA DE RECURSOS DO SISTEMA UNICO DE SAUDE - SUS - BLOCO DE MANUTENCAO DAS ACOES E SERVICOS PUBLICOS DE SAUDE - 107;RUBENS DE JESUS PEREIRA FILHO;RESSARCIMENTO DAS DESPESAS MEDICAS/HOSPITALARES REALIZADAS PELO PACIENTE    BENEFICIARIO DO PROGRAMA DE TFD (TRATAMENTO FORA DO DOMICILIO) - RUBENS     DE JESUS PEREIRA - SEI: 25.29.000046049-9                                   OBS: VALORES INFORMADOS NO DESPACHO 1.819/2025/GERPMC ANEXO AOS AUTOS.      .                                                                           VALOR TOTAL:........................................................198,00  .                                                                           64 - TRANSFERENCIAS DE RECURSOS DO SUS - ATENCAO ESPECIALIZADA              SOLICITACAO FINANCEIRA: 175611/2025                                         ;Não se aplica (Ex.: Despesas com Pessoal);000000000000
20252150028810608;03/12/2025 00:00:00;198,00;;;0,00;;;0,00;33909300;INDENIZACOES E RESTITUICOES;00000009489185;SECRETARIA MUNICIPAL DE SAUDE;198,00;SECRETARIA MUNICIPAL DE SAUDE                                                                                                                                                                                                                                ;SAUDE - 10;ASSISTENCIA HOSPITALAR E AMBULATORIAL - 302;TRANSFERENCIA DE RECURSOS DO SISTEMA UNICO DE SAUDE - SUS - BLOCO DE MANUTENCAO DAS ACOES E SERVICOS PUBLICOS DE SAUDE - 107;TONY WESLLEY PINHEIRO CAMARA;RESSARCIMENTO DAS DESPESAS MEDICAS/HOSPITALARES REALIZADAS PELO PACIENTE    BENEFICIARIO DO PROGRAMA DE TFD (TRATAMENTO FORA DO DOMICILIO) - ELLEN      KAMILA REIS CAMARA - SEI: 25.29.000045613-0                                 OBS: VALORES INFORMADOS NO DESPACHO 1.771/2025/GERPMC ANEXO AOS AUTOS.      .                                                                           VALOR TOTAL:........................................................198,00  .                                                                           64 - TRANSFERENCIAS DE RECURSOS DO SUS - ATENCAO ESPECIALIZADA              SOLICITACAO FINANCEIRA: 175558/2025                                         ;Não se aplica (Ex.: Despesas com Pessoal);000000000000
20252150028810616;03/12/2025 00:00:00;148,50;;;0,00;;;0,00;33909300;INDENIZACOES E RESTITUICOES;00000212252143;SECRETARIA MUNICIPAL DE SAUDE;148,50;SECRETARIA MUNICIPAL DE SAUDE                                                                                                                                                                                                                                ;SAUDE - 10;ASSISTENCIA HOSPITALAR E AMBULATORIAL - 302;TRANSFERENCIA DE RECURSOS DO SISTEMA UNICO DE SAUDE - SUS - BLOCO DE MANUTENCAO DAS ACOES E SERVICOS PUBLICOS DE SAUDE - 107;CARLA GRAZIELLA LOURENCO DE SOUZA;RESSARCIMENTO DAS DESPESAS MEDICAS/HOSPITALARES REALIZADAS PELO PACIENTE    BENEFICIARIO DO PROGRAMA DE TFD (TRATAMENTO FORA DO DOMICILIO) - RHENYTON   EMANUEL DA SILVA - SEI: 25.29.000045223-2                                   OBS: VALORES INFORMADOS NO DESPACHO 1.757/2025/GERPMC ANEXO AOS AUTOS.      .                                                                           VALOR TOTAL:........................................................148,50  .                                                                           64 - TRANSFERENCIAS DE RECURSOS DO SUS - ATENCAO ESPECIALIZADA              SOLICITACAO FINANCEIRA: 175573/2025                                         ;Não se aplica (Ex.: Despesas com Pessoal);000000000000
20252150028810617;03/12/2025 00:00:00;148,50;;;0,00;;;0,00;33909300;INDENIZACOES E RESTITUICOES;00044035854859;SECRETARIA MUNICIPAL DE SAUDE;148,50;SECRETARIA MUNICIPAL DE SAUDE                                                                                                                                                                                                                                ;SAUDE - 10;ASSISTENCIA HOSPITALAR E AMBULATORIAL - 302;TRANSFERENCIA DE RECURSOS DO SISTEMA UNICO DE SAUDE - SUS - BLOCO DE MANUTENCAO DAS ACOES E SERVICOS PUBLICOS DE SAUDE - 107;ANNA CLARA QUITA DE OLIVERIA;RESSARCIMENTO DAS DESPESAS MEDICAS/HOSPITALARES REALIZADAS PELO PACIENTE    BENEFICIARIO DO PROGRAMA DE TFD (TRATAMENTO FORA DO DOMICILIO) - ANNA       CLARA QUINTA DE OLIVEIRA - SEI: 25.29.000045652-1                           OBS: VALORES INFORMADOS NO DESPACHO 1.773/2025/GERPMC ANEXO AOS AUTOS.      .                                                                           VALOR TOTAL:........................................................148,50  .                                                                           64 - TRANSFERENCIAS DE RECURSOS DO SUS - ATENCAO ESPECIALIZADA              SOLICITACAO FINANCEIRA: 175556/2025                                         ;Não se aplica (Ex.: Despesas com Pessoal);000000000000
20252150028810618;03/12/2025 00:00:00;396,00;;;0,00;;;0,00;33909300;INDENIZACOES E RESTITUICOES;00004081003114;SECRETARIA MUNICIPAL DE SAUDE;396,00;SECRETARIA MUNICIPAL DE SAUDE                                                                                                                                                                                                                                ;SAUDE - 10;ASSISTENCIA HOSPITALAR E AMBULATORIAL - 302;TRANSFERENCIA DE RECURSOS DO SISTEMA UNICO DE SAUDE - SUS - BLOCO DE MANUTENCAO DAS ACOES E SERVICOS PUBLICOS DE SAUDE - 107;REGILENA DOS SANTOS GUIMARAES;RESSARCIMENTO DAS DESPESAS MEDICAS/HOSPITALARES REALIZADAS PELO PACIENTE    BENEFICIARIO DO PROGRAMA DE TFD (TRATAMENTO FORA DO DOMICILIO) - ISAQUE     ALMEIDA GUIMARAES - SEI: 25.29.000045637-8                                  OBS: VALORES INFORMADOS NO DESPACHO 1.772/2025/GERPMC ANEXO AOS AUTOS.      .                                                                           VALOR TOTAL:........................................................396,00  .                                                                           64 - TRANSFERENCIAS DE RECURSOS DO SUS - ATENCAO ESPECIALIZADA              SOLICITACAO FINANCEIRA: 175557/2025                                         ;Não se aplica (Ex.: Despesas com Pessoal);000000000000
20252150038510003;04/12/2025 00:00:00;4866,08;;;0,00;;;0,00;33903000;MATERIAL DE CONSUMO;60718874000100;SECRETARIA MUNICIPAL DE SAUDE;4866,08;SECRETARIA MUNICIPAL DE SAUDE                                                                                                                                                                                                                                ;SAUDE - 10;VIGILANCIA EPIDEMIOLOGICA - 305;TRANSFERENCIA DE RECURSOS DO SISTEMA UNICO DE SAUDE - SUS - BLOCO DE MANUTENCAO DAS ACOES E SERVICOS PUBLICOS DE SAUDE - 107;BICHO WEB SAUDE ANIMAL LTDA;"VALOR TOTAL:........................................................4.866,08ENTREGA:OS BENS E DE ATE 15 (QUINZE) DIAS, EM PARCELA UNICA, CONTADOS APOS ORECEBIMENTO DA ORDEM DE ENTREGA OU NOTA DE EMPENHO/AUTORIZACAO DE FORNECIMENTO,ACOMPANHADOS DOS DOCUMENTOS FISCAIS RESPECTIVOS, QUE DEVEM CONTER, OBRIGATORIAMENTE, A ESPECIFICACAO DO ITEM, MARCA DO FABRICANTE E QUANTIDADE ENTRE-GA.DEMAIS ESCLARECIEMNTOS CONF.TERMO DE REFERENCIA EV.7708135, MEMO92/DIRZOO, DFD N.Nº 6,15/07/2025-DIRZOO E DOCUMENTOS EM ANEXO. LOCAL:ALMOXARIFADO CENTRAL DA SMS/GOIANIA/GO, AV.AVENIDA PERIMETRAL NORTE, COND.GOIAZEM, BLOCO E, GALPAO 09 E 10, VILA JOAO VAZ, CEP:74.425-090, GOIANIA/GO,AGENDAMENTO PRéVIOATRAVéS DO E-MAIL CIAD.GOIANIA@BRANETOLGISTICA.COM.BR,MAIORES INFORMAçõES PELOS TELEFONES:(62) 3524-3404/3407.                                          .                                                                           62 - TRANSFERENCIAS DE RECURSOS DO SUS - VIGILANCIA EM SAUDE                .                                                                           COD:67343-9..............5,00 FR...........903,8400.................4.519,20TETRACAINA 0,50G FR C/50,0 ML/ 1255290 BICHO WEB SAUDE ANIMAL LIDA M:MSD.   ITEM 7- SOLUCAO P/ EUTANASIA IODETO MEBEZONIO 5G/EMBUTRAMIDA 20G/CLORIDRATO COD:46240-3..............2,00 FR............43,1000....................86,20ITEM 3-ACEPROMAZINA MALEATO 1 %; FRASCO COM 20 ML. M:SYNTEC                 COD:53701-2..............14,00 FR...........18,6200...................260,68ITEM 1-CLORIDRATO XILAZINA 2 FR C/10,0 ML M:SYNTEC                          .                                                                           SEI 25.29.000021105-7 - SCC: 796141 - SOLICITACAO FINANCEIRA:175680 - 2025. DISP. LICITACAO GERCOM - AQUISICAO 12 MESES -ITEM 01,03,07 MAPA EV.8622626. 177 GERPSR, DESPACHO 796, 857 E 948 GERCOM - DESPACHO 849 GEREMO -AVISO 87  A DIRETORIA VIGILANCIA EM ZOONOSES DA SMS.MEMORANDO 92 E 208 DIRZOO -PARECERDESPESA COM AQUISICAO EMERGENCIAL DE MEDICAMENTOS VETERINARIOS PARA ATENDER ";Dispensa de Licitação;000000312025
20252150049810011;30/12/2025 00:00:00;1872,10;;;0,00;;;0,00;44905200;EQUIPAMENTOS E MATERIAL PERMANENTE;05490249000146;SECRETARIA MUNICIPAL DE SAUDE;0,00;SECRETARIA MUNICIPAL DE SAUDE                                                                                                                                                                                                                                ;SAUDE - 10;ASSISTENCIA HOSPITALAR E AMBULATORIAL - 302;RECEITAS DE IMPOSTOS E DE TRANSFERENCIAS DE IMPOSTOS - SAUDE - 102;B9 BEBEDOUROS COMERCIO LTDA;DESPESA COM EMENDA AO PROJETO DE LEI NR. 268/2024 PARA O REPASSE DE RECURSOSDE NATUREZA IMPOSITIVA DESTINA A SAUDE NO EXERCICIO FINANCEIRO DE 2025, DE ACORDO COM A LEI NR. 11.315, DE 07/01/2025-LOA.SEI 25.29.000014494-5.        EMENDA NR.1.04 / PARLAMENTAR: AAVA SANTIAGO / DESTINO: CENTRO DE CONVIVENCIACUCA FRESCA. ITEM 12 - SCC:797970.                                          .                                                                           ITEM 12-BEBEDOURO ELETRICO INDUSTRIAL COM FILTRO 50LITROS M:A4 EXPOSITORES. COD:56281-5...............1,00 UN...........1.872,1000..............1.872.10VALOR TOTAL:........................................................1.872.10.                                                                           ENTREGA:ENTREGA EM PARCELA UNICA, COM RECURSO PROVENIENTE DA EMENDA PARLAMENTAR MUNICIPAL N.1.04, DE AUTORIA DA VEREADORA AAVA SANTIAGO, CONFORME ESPECIFICACOES E QUANTIDADES ESTABELECIDAS NESTE EDITAL E SEUS ANEXOS, PE 90040/2025, PRAZO NAO SUPERIOR A 30(TRINTA)DIAS CORRIDOS,CONTADOS APOS O RECEBIMENTODA ORDEM DE ENTREGA OU NOTA DE EMPENHO/AUTORIZACAO DE FORNECIMENTO,ACOMPANHADOS DO RESPECTIVO DOCUMENTO FISCAL, CONTENDO OBRIGATORIAMENTE ESPECIFICACAO DO ITEM, MARCA DO FABRICANTE E QUANTIDADE ENTREGUE.OS BENS DEVERAO SER ENTREGUES NO ALMOXARIFADO CENTRAL DA SECRETARIA MUNICIPAL DE SAUDE,NO SEGUINTE ENDERECO:AV.PERIMETRAL NORTE,COND.GOIAZEM, BLOCO E, GALPAO 09 E 10, VILA JOAO VAZ, CEP: 74.425-090, GOIANIA/GO.AGENDAMENTO PREVIO ATRAVES DO EMAIL:       CIAD.GOIANIA@BRANETOLGISTICA.COM.BR.  - MAIORES INFORMACOES PELOS TELEFONES:(62) 3524-3404/3407.                                                        SOLICITACAO FINANCEIRA :176686 - 2025                                       .                                                                           102 - RECEITAS DE IMPOSTOS E DE TRANSFERENCIAS DE IMPOSTOS - SAUDE          634 - RECURSOS ORDINARIOS PARA ATENDER EMENDA IMPOSITIVA                    ;Pregão;000003062025
20252150028810604;03/12/2025 00:00:00;99,00;;;0,00;;;0,00;33909300;INDENIZACOES E RESTITUICOES;00049419501191;SECRETARIA MUNICIPAL DE SAUDE;99,00;SECRETARIA MUNICIPAL DE SAUDE                                                                                                                                                                                                                                ;SAUDE - 10;ASSISTENCIA HOSPITALAR E AMBULATORIAL - 302;TRANSFERENCIA DE RECURSOS DO SISTEMA UNICO DE SAUDE - SUS - BLOCO DE MANUTENCAO DAS ACOES E SERVICOS PUBLICOS DE SAUDE - 107;MARIA SELMA FERNANDES;RESSARCIMENTO DAS DESPESAS MEDICAS/HOSPITALARES REALIZADAS PELO PACIENTE    BENEFICIARIO DO PROGRAMA DE TFD (TRATAMENTO FORA DO DOMICILIO) - MARIA      SELMA FERNANDES SILVA - SEI: 25.29.000045820-6                              OBS: VALORES INFORMADOS NO DESPACHO 1.778/2025/GERPMC ANEXO AOS AUTOS.      .                                                                           VALOR TOTAL:.........................................................99,00  .                                                                           64 - TRANSFERENCIAS DE RECURSOS DO SUS - ATENCAO ESPECIALIZADA              SOLICITACAO FINANCEIRA: 175553/2025                                         ;Não se aplica (Ex.: Despesas com Pessoal);000000000000
20252150028810612;03/12/2025 00:00:00;74,25;;;0,00;;;0,00;33909300;INDENIZACOES E RESTITUICOES;00065965205104;SECRETARIA MUNICIPAL DE SAUDE;74,25;SECRETARIA MUNICIPAL DE SAUDE                                                                                                                                                                                                                                ;SAUDE - 10;ASSISTENCIA HOSPITALAR E AMBULATORIAL - 302;TRANSFERENCIA DE RECURSOS DO SISTEMA UNICO DE SAUDE - SUS - BLOCO DE MANUTENCAO DAS ACOES E SERVICOS PUBLICOS DE SAUDE - 107;ALESSANDRO PEREIRA DA COSTA;RESSARCIMENTO DAS DESPESAS MEDICAS/HOSPITALARES REALIZADAS PELO PACIENTE    BENEFICIARIO DO PROGRAMA DE TFD (TRATAMENTO FORA DO DOMICILIO) - ALESSANDRO PERERA DA COSTA - SEI: 25.29.000045420-0                                    OBS: VALORES INFORMADOS NO DESPACHO 1.764/2025/GERPMC ANEXO AOS AUTOS.      .                                                                           VALOR TOTAL:.........................................................74,25  .                                                                           64 - TRANSFERENCIAS DE RECURSOS DO SUS - ATENCAO ESPECIALIZADA              SOLICITACAO FINANCEIRA: 175565/2025                                         ;Não se aplica (Ex.: Despesas com Pessoal);000000000000
20252150028810614;03/12/2025 00:00:00;99,00;;;0,00;;;0,00;33909300;INDENIZACOES E RESTITUICOES;00000824002105;SECRETARIA MUNICIPAL DE SAUDE;99,00;SECRETARIA MUNICIPAL DE SAUDE                                                                                                                                                                                                                                ;SAUDE - 10;ASSISTENCIA HOSPITALAR E AMBULATORIAL - 302;TRANSFERENCIA DE RECURSOS DO SISTEMA UNICO DE SAUDE - SUS - BLOCO DE MANUTENCAO DAS ACOES E SERVICOS PUBLICOS DE SAUDE - 107;MARIA MARGARIDA VIANA DE SOUSA;RESSARCIMENTO DAS DESPESAS MEDICAS/HOSPITALARES REALIZADAS PELO PACIENTE    BENEFICIARIO DO PROGRAMA DE TFD (TRATAMENTO FORA DO DOMICILIO) - MARIA      VIANA DE SOUSA - SEI: 25.29.000045828-1                                     OBS: VALORES INFORMADOS NO DESPACHO 1.780/2025/GERPMC ANEXO AOS AUTOS.      .                                                                           VALOR TOTAL:.........................................................99,00  .                                                                           64 - TRANSFERENCIAS DE RECURSOS DO SUS - ATENCAO ESPECIALIZADA              SOLICITACAO FINANCEIRA: 175552/2025                                         ;Não se aplica (Ex.: Despesas com Pessoal);000000000000
20252150028810622;11/12/2025 00:00:00;462897,07;;;0,00;;;0,00;33909300;INDENIZACOES E RESTITUICOES;10280768000110;SECRETARIA MUNICIPAL DE SAUDE;462897,07;SECRETARIA MUNICIPAL DE SAUDE                                                                                                                                                                                                                                ;SAUDE - 10;ASSISTENCIA HOSPITALAR E AMBULATORIAL - 302;TRANSFERENCIA DE RECURSOS DO SISTEMA UNICO DE SAUDE - SUS - BLOCO DE MANUTENCAO DAS ACOES E SERVICOS PUBLICOS DE SAUDE - 107;RESIDUO ZERO AMBIENTAL S/A;DESPESA COM PGTO DE INDENIZACAO A EMPRESA POR SERVICOS DE COLETA, TRATAMENTOE DESTINACAO FINAL DE RESIDUOS DE SERVICOS DE SAUDE. CONFORME DESPACHO N.445E 446 GERFINF - DESPACHO N.902 GERCOM - PERIODO DE 01/01/2025 A 11/07/2025 -SEM COBERTURA CONTRATUAL. SEI 25290000398475 - SOLICITACAO FINANCEIRA:175424 - 2025.                                                                    .                                                                           VALOR TOTAL:......................................................462.897,07.                                                                           FONTE:107-TRANSFERENCIA DE RECURSOS DO SISTEMA UNICO DE SAUDE- SUS- BLOCO DEMANUTENCAO DAS ACOES E SERVICOS PUBLICOS DE SAUDE                           FONTE DETALHADA: 64-TRANSFERENCIAS DE RECURSOS DO SUS-ATENCAO ESPECIALIZADA FONTE/CO STN:1600 0000-TRANSFERENCIAS FUNDO A FUNDO DE RECURSOS DO SUS PROVENIENTES DO GOVERNO FEDERAL-BLOCO DE MANUTENCAO DAS ACOES E SERVICOS PUBLICOSDE SAUDE                                                                    ;Não se aplica (Ex.: Despesas com Pessoal);000000000000
20252150031510007;08/12/2025 00:00:00;71874,00;;;0,00;;;0,00;44905200;EQUIPAMENTOS E MATERIAL PERMANENTE;21559804000103;SECRETARIA MUNICIPAL DE SAUDE;71874,00;SECRETARIA MUNICIPAL DE SAUDE                                                                                                                                                                                                                                ;SAUDE - 10;ASSISTENCIA HOSPITALAR E AMBULATORIAL - 302;TRANSFERENCIA DE RECURSOS DO SISTEMA UNICO DE SAUDE - SUS - BLOCO DE MANUTENCAO DAS ACOES E SERVICOS PUBLICOS DE SAUDE - 107;GERBRA COMERCIO EIRELI;CORRIDOS CONFORME TERMO DE REFERENCIA (6897213) CONTADOS A PARTIR DO        RECEBIMENTO DA NOTA DE EMPENHO,ENTREGA EM PERFEITAS CONDICOES C/A DEVIDA    NOTA FISCAL, DETALHANDO MARCA/FABRICANTE/MODELO/TIPO/PROCEDENCIA. DEMAIS    ESCLARECIMENTOS CONFORME MEMO 186/2025, PARECER 86/2025, PE 90024/2025,     PROCESSO SEI: 25.29.000015208-5 E DOCUMENTOS EM ANEXO.                      .                                                                           LOCAL DA ENTREGA:ALMOXARIFADO CENTRAL SMS, AV.PERIMETRAL NORTE COND.GOIA    ZEM, BL.E, GALPOES 09/10, VL.JOAO VAZ, CEP:74.425-090, GO/GO. FONES:62-3    524-3401/3407, HORARIO:08:00 AS 17:00.                                      .                                                                           64 - TRANSFERENCIAS DE RECURSOS DO SUS - ATENCAO ESPECIALIZADA              SOLICITACAO FINANCEIRA: 175678/2025                                         DESPESA COM MATERIAL PERMANENTE - PREGÃO ELETRONICO Nº 90024/2025, ETP 8032297 - EDITAL DE LICITAÇÃO PE 90024/2025 - DESPACHO Nº 872 GEREMO -PARECER TECNICO 64 GERFAR - DESPACHO 810 E 874 PRECEL - PARECER JURIDICO 1393 CHEADV - ITEM 01 - SCC:796540 - SEI:25.29.000015208-5                                .                                                                           ITEM - 01 - SUPORTE COM BASE PARA CILINDRO DE OXIGENIO 20/40/50 LITROS      MARCA: AKLIMPER                                                             COD:690120..............220UN.............326,70..................71.874,00 VALOR TOTAL:......................................................71.874,00 .                                                                           OBS: O FORNECIMENTO DEVERA SER EFETUADO C/ PRAZO NAO SUP. A 20 DIAS UTEIS   ;Pregão;000900242025
20252150031510009;08/12/2025 00:00:00;6313,35;;;0,00;;;0,00;44905200;EQUIPAMENTOS E MATERIAL PERMANENTE;20669174000159;SECRETARIA MUNICIPAL DE SAUDE;6313,35;SECRETARIA MUNICIPAL DE SAUDE                                                                                                                                                                                                                                ;SAUDE - 10;ASSISTENCIA HOSPITALAR E AMBULATORIAL - 302;TRANSFERENCIA DE RECURSOS DO SISTEMA UNICO DE SAUDE - SUS - BLOCO DE MANUTENCAO DAS ACOES E SERVICOS PUBLICOS DE SAUDE - 107;K2 INDUSTRIA, COMERCIO, IMPORTACAO E EXPORTACAO LTDA;DESPESA COM MATERIAL PERMAMENTE - PREGAO ELETRONICO Nº 90027/2024 -ATA DE REGISTRO DE PRECO Nº 23/2024 MEMORANDO 265 GEREMO - PARECER 354 GERPSR - DESPACHO 1045 GERCOM - DESPACHO 879 PRECEL - 50%    (ITEM 01- 13 UNIDADES E ITEM 02-2UNIDADES), SCC: 796639 - SEI 25.29.000044882-0 - SOLICITACAO FINANCEIRA:175721 - 2025.                                                              .                                                                           ITEM 1-KIT CONTRA ANGULO/MICROMOTOR BAIXA ROTACAO M:KHALKOS.                COD:72256-1.............13,00 UN(50%)........451,9500...............5.875,35ITEM 2-PECA RETA P/ MICROMOTOR BAIXA ROTACAO      M:KHALKOS.                COD:72257-0..............2,00 UN(50%)........219,0000.................438,00VALOR TOTAL:........................................................6.313,35.                                                                           O FORNECIMENTO DEVERA SER EFETUADO,C/PRAZO DE ENTREGA NAO SUPERIOR A 20 DIASCONTADOS A PARTIR DO RECEBIMENTO DA NOTA DE EMPENHO.ENTREGA NO ALMOXARIFADO CENTRAL DA SECRETARIA MUNICIPAL DE SAúDE NO SEGUINTE ENDERECO: AVENIDA PERI-METRAL NORTE, COND.GOIAZEM, BL.E,GALPAO 09 E 10, VL.JOAO VAZ, GOIANIA/GO.CEP:74.425-090, REALIZAR AGENDAMENTO PREVIO, ATRAVES DO E-MAIL CIAD.GOIANIA@BRANETOLGISTICA.COM.BR,INFORMACOES PELOS TELEFONES:(62)3524-3404/3407.DEMAIS ESCLARECIMENTOS EDITAL EV.8607348, MEMO 265/25 GEREMO E ANEXOS.               .                                                                           64 - TRANSFERENCIAS DE RECURSOS DO SUS - ATENCAO ESPECIALIZADA              ;Pregão;000900272025
20252150031510010;10/12/2025 00:00:00;9300,00;;;0,00;;;0,00;44905200;EQUIPAMENTOS E MATERIAL PERMANENTE;30323616000164;SECRETARIA MUNICIPAL DE SAUDE;9300,00;SECRETARIA MUNICIPAL DE SAUDE                                                                                                                                                                                                                                ;SAUDE - 10;ASSISTENCIA HOSPITALAR E AMBULATORIAL - 302;TRANSFERENCIA DE RECURSOS DO SISTEMA UNICO DE SAUDE - SUS - BLOCO DE MANUTENCAO DAS ACOES E SERVICOS PUBLICOS DE SAUDE - 107;QUICKBUM E-COMMERCE LTDA;DESPESA COM MATERIAL PERMANENTE - PREGÃO ELETRONICO Nº 90027/2024 - ATA DE REGISTRO DE PRECO Nº 027/2025 - SCC:796647 - SEI:25.29.000044879-0           MEMORANDO 264 GEREMO - PARECER 358 GERPSR - DESPACHO 1043 GERCOM - DESPACHO 885 PRECEL - 40% MAC (30 UNIDADES)                                          .                                                                           01 (ITEM R33) - SELADORA MANUAL - MARCA: AGIR PROTECT SEAL PLUS             COD:451649...............30UN.............310,00...................9.300,00 VALOR TOTAL:.......................................................9.300,00 .                                                                           OBS: O FORNECIMENTO DEVERA SER EFETUADO C/ PRAZO NAO SUP. A 20 DIAS         CORRIDOS CONFORME TERMO DE REFERENCIA (8607156) CONTADOS A PARTIR DO        RECEBIMENTO DA NOTA DE EMPENHO,ENTREGA EM PERFEITAS CONDICOES C/A DEVIDA    NOTA FISCAL, DETALHANDO MARCA/FABRICANTE/MODELO/TIPO/PROCEDENCIA. DEMAIS    ESCLARECIMENTOS CONFORME MEMO 264/2025, PARECER 358/2025, PE 90027/2024,    ATA 27/2025, PROCESSO SEI: 25.29.000044879-0 E DOCUMENTOS EM ANEXO.         .                                                                           LOCAL DA ENTREGA:ALMOXARIFADO CENTRAL SMS, AV.PERIMETRAL NORTE COND.GOIA    ZEM, BL.E, GALPOES 09/10, VL.JOAO VAZ, CEP:74.425-090, GO/GO. FONES:62-3    524-3401/3407, HORARIO:08:00 AS 17:00.                                      .                                                                           64 - TRANSFERENCIAS DE RECURSOS DO SUS - ATENCAO ESPECIALIZADA              SOLICITACAO FINANCEIRA: 175717/2025                                         ;Pregão;000900272025
20252150039510019;04/12/2025 00:00:00;250000,00;;;0,00;;;0,00;33903900;OUTROS SERVICOS DE TERCEIROS - PESSOA JURIDICA;08675055000103;SECRETARIA MUNICIPAL DE SAUDE;250000,00;SECRETARIA MUNICIPAL DE SAUDE                                                                                                                                                                                                                                ;SAUDE - 10;VIGILANCIA EPIDEMIOLOGICA - 305;TAXA PELO EXERCICIO DO PODER DE POLICIA - 106;FULL PROPAGANDA LTDA;FONTE DETALHADA 15 - VIGILANCIA SANITARIA                                   FONTE/CO STN:1753 0000-RECURSOS PROVENIENTES DE TAXAS,CONTRIBUICOES E PRECOSPUBLICOS     -     SOLICITACAO FINANCEIRA: 175504 - 2025.                   FONTE 106 - TAXA PELO EXERCICIO DO PODER DE POLICIA                         .                                                                           VALOR TOTAL:......................................................250.000,00.                                                                           -SECOM/DIRDIV (8669514), SCC: 488217-8. SEI25.29.000043048-4.               277/2025/SECOM-SECOM/SECGER(8671254)/VALORES ESTIMADOS CONF.DESPACHO Nº34/25MISSIVEIS(ISTS) CONF.MEMO.Nº219/2025-SMS/SUPVIG(8481583) E OFICIO TITULAR NºCONSCIENTIZACAO E COMBATE AO HIV/AIDS E OUTRAS INFECCOES SEXUALMENTE TRANS- DESPESA COM CAMPANHA PUBLICITARIA ALUSIVA AO DEZEMBRO VERMELHO 2025,  MES DA;Concorrência para Compras e Serviços;000000012019
20252150046710004;04/12/2025 00:00:00;2200000,00;0320472025;17/12/2025 00:00:00;292727,96;202521500467100040001;22/12/2025 00:00:00;292727,96;33904700;OBRIGACOES TRIBUTARIAS E CONTRIBUTIVAS;00394460005887;SECRETARIA MUNICIPAL DE SAUDE;1907272,04;SECRETARIA MUNICIPAL DE SAUDE                                                                                                                                                                                                                                ;ENCARGOS ESPECIAIS - 28;OUTROS ENCARGOS ESPECIAIS - 846;RECEITAS DE IMPOSTOS E DE TRANSFERENCIAS DE IMPOSTOS - SAUDE - 102;MINISTERIO DA FAZENDA;DESPESA REFERENTE AO PAGAMENTO DA CONTRIBUICAO PARA O PASEP RELATIVO A APURACAO INCIDENTE SOBRE AS RECEITAS QUE COMPREENDERAO OS VALORES ESTIMADOS CONFORME SOLICITACAO DE EMPENHO NR. 8605936                                      VALORES ESTIMADOS PARA O NOVEMBRO E DEZEMBRO/2025                           .                                                                           VALOR TOTAL:..................................................2.200.000,00  .                                                                           527 - TRANSFERENCIA DE IMPOSTOS/SAUDE - SOLICITACAO FINANCEIRA: 175682/2025 ;Não se aplica (Ex.: Despesas com Pessoal);000000000000
20252150049110055;29/12/2025 00:00:00;500000,00;0336092025;29/01/2026 00:00:00;500000,00;202521500491100550001;30/01/2026 00:00:00;500000,00;33903900;OUTROS SERVICOS DE TERCEIROS - PESSOA JURIDICA;32839901000591;SECRETARIA MUNICIPAL DE SAUDE;0,00;SECRETARIA MUNICIPAL DE SAUDE                                                                                                                                                                                                                                ;SAUDE - 10;ATENCAO BASICA - 301;RECEITAS DE IMPOSTOS E DE TRANSFERENCIAS DE IMPOSTOS - SAUDE - 102;GRUPO FUTURO - GESTAO DE SAUDE;.                                                                           VALOR TOTAL:......................................................500.000,00.                                                                           102 - RECEITAS DE IMPOSTOS E DE TRANSFERENCIAS DE IMPOSTOS - SAUDE          634 - RECURSOS ORDINARIOS PARA ATENDER EMENDA IMPOSITIVA                    SOLICITACAO FINANCEIRA:176676 - 2025.                                       DESPESA COM EMENDA AO PROJETO DE LEI NR. 268/2024 PARA O REPASSE DE RECURSOSDE NATUREZA IMPOSITIVA DESTINA A SAUDE NO EXERCICIO FINANCEIRO DE 2025, DE ACORDO COM A LEI NR. 11.315, DE 07/01/2025-LOA. SEI 25290000350383.          EMENDA NR. 10.03 / PARLAMENTAR: ROMARIO POLICARPO / DESTINO: GRUPO FUTURO - GESTAO DE SAUDE VALOR ESTIMADO: R$ 500.000,00. SCC:797937.                  ;Outros (Convênios, ajustes, similares, etc.);000009282025
20252150049110060;30/12/2025 00:00:00;700000,00;;;0,00;;;0,00;33903900;OUTROS SERVICOS DE TERCEIROS - PESSOA JURIDICA;32839901000591;SECRETARIA MUNICIPAL DE SAUDE;0,00;SECRETARIA MUNICIPAL DE SAUDE                                                                                                                                                                                                                                ;SAUDE - 10;ATENCAO BASICA - 301;RECEITAS DE IMPOSTOS E DE TRANSFERENCIAS DE IMPOSTOS - SAUDE - 102;GRUPO FUTURO - GESTAO DE SAUDE;DESPESA COM TERMO DE COMPROMISSO NR. 221 /2025 PARA A TRANSFERENCIA DE RECU RSOS REFERENTE A EMENDA PARLAMENTAR INDIVIDUAL DE NATUREZA IMPOSITIVA A LEI ORCAMENTARIA ANUAL DE 2025, PARA AS ENTIDADES SEM FIM LUCRATIVOS QUE COMPLE MENTAM O SISTEMA UNICO DE SAUDE - SUS, DE ACORDO COM A LEI NR. 11.315, DE   07/01/2025-LOA                                                              .                                                                           EMENDA NR.: / PARLAMENTAR: 23.03 / LUCIOLA DO RECANTO                       FAVORECIDO: GRUPO FUTURO GESTAO                                             .                                                                           VALOR ESTIMADO:...........................................R$ 700.000,00     .                                                                           FONTE: 102 - RECEITAS DE IMPOSTOS E DE TRANSFERENCIAS DE IMPOSTOS - SAUDE   FONTE DETALHADA: 634 - RECURSOS ORDINARIOS PARA ATENDER EMENDA IMPOSITIVA   FONTE / CO STN: 1500 1002 - IDENTIFICACAO DAS DESPESAS COM ACOES E SERVICOS SOLICITACAO FINANCEIRA NR. 176754-2025 SEI: 25.29.000042365-8 SCC: 798160   ;Outros (Convênios, ajustes, similares, etc.);000011462025
20252150049710006;10/12/2025 00:00:00;4359,00;0338782025;09/04/2026 00:00:00;4359,00;202521500497100060001;14/04/2026 00:00:00;4359,00;33903000;MATERIAL DE CONSUMO;43235370000110;SECRETARIA MUNICIPAL DE SAUDE;0,00;SECRETARIA MUNICIPAL DE SAUDE                                                                                                                                                                                                                                ;SAUDE - 10;ASSISTENCIA HOSPITALAR E AMBULATORIAL - 302;RECEITAS DE IMPOSTOS E DE TRANSFERENCIAS DE IMPOSTOS - SAUDE - 102;LICITAFISIO COMERCIO DE PRODUTOS MEDICOS HOSPITALARES LTDA;DESPESAS COM AQUISICAO DE EQUIPAMENTOS ESPORTIVOS PARA ESTRUTURACAO DA ACADEMIA DO CAPS NOROESTE -EMENDA PARLAMENTAR MUNICIPAL Nº 9.01-VEREADOR FABRICIOROSA, CONF. TERMO DE HOMOLOGACAO DO PREGAO ELETRONICO Nº 90036/2025, PEDIDO DE COMPRAS Nº259/2025, PED.COMPRAS 259/2025-SCC: 796698-SEI25.29.000014587-9SOLICITACAO FINANCEIRA:175743 - 2025._  ITENS 27, 29 E 31.                  ITEM 27- KIT 5 FAIXAS ELASTICA MINI BAND EXERCICIOS PT C/5,0 UN  MB FIT.    COD:69338-3..............10,00 PT...........67,9000...................679,00ITEM 29-MEIA BOLA BOSU AAZ SAUDE                                            COD:56151-7..............8,00 UN............360,0000................2.880,00ITEM 31-STEP E.V.A 60X30X10CM  MC STEPS.                                    COD:59575-6..............8,00 UN............100,0000..................800,00VALOR TOTAL:........................................................4.359,00.                                                                           O PRAZO DE ENTREGA DOS BENS SERA EFETUADO C/PRAZO NAO SUPERIOR A 30 DIAS CORRIDOS, CONTADOS APOS O RECEBIMENTO DA ORDEM DE ENTREGA OU NOTA DE EMPENHO/AUTORIZACAO DE FORNECIMENTO, ACOMPANHADOS DOS DOCUMENTOS FISCAIS RESPECTIVOS, OBRIGATORIAMENTE CONTER:ESPECIFICACAO DO ITEM,MARCA DO FABRICANTE E QUANTIDADE ENTREGUE.LOCAL:NO ALMOXARIFADO CENTRAL DA SECRETARIA MUNICIPAL DE SAUDE, NO SEGUINTE ENDERECO:AVENIDA PERIMETRAL NORTE, CONDOMINIO GOIAZEM, BL.E, GALPOES 09/10 VL.JOAO VAZ, CEP: 74.425-090, GOIANIA/GO. AS ENTREGAS DEVERAO SERPREVIAMENTE AGENDADAS NO E-MAIL: CIAD.GOIANIA@BRANETOLGISTICA.COM.BR.       DEMAIS ESCLARECIMENTOS NO TERMO DE REFERENCIA EV.7392630(GEREMO)E ANEXOS.   .                                                                           FONTE 102 - RECEITAS DE IMPOSTOS E DE TRANSFERENCIAS DE IMPOSTOS - SAUDE    FONTE DETALHADA 634 - RECURSOS ORDINARIOS PARA ATENDER EMENDA IMPOSITIVA    ;Pregão;000005292025
20252150049110051;16/12/2025 00:00:00;1816853,33;;;0,00;;;0,00;33903900;OUTROS SERVICOS DE TERCEIROS - PESSOA JURIDICA;03977165000106;SECRETARIA MUNICIPAL DE SAUDE;0,00;SECRETARIA MUNICIPAL DE SAUDE                                                                                                                                                                                                                                ;SAUDE - 10;ATENCAO BASICA - 301;RECEITAS DE IMPOSTOS E DE TRANSFERENCIAS DE IMPOSTOS - SAUDE - 102;INSTITUTO GOIANO DE SERVICOS - IGS;SAUDE__________-    SOLICITACAO FINANCEIRA:176219 - 2025.                   FONTE/CO STN:1500 1002-IDENTIFICACAO DAS DESPESAS COM ACOES E SERVICOS DE   634 - RECURSOS ORDINARIOS PARA ATENDER EMENDA IMPOSITIVA                    102 - RECEITAS DE IMPOSTOS E DE TRANSFERENCIAS DE IMPOSTOS - SAUDE          .                                                                           VALOR TOTAL:....................................................1.816.853,33.                                                                           SERVICOS - IGS VALOR ESTIMADO: R$ 1.816.853,33.                             EMENDA NR. 12.02 / PARLAMENTAR: HENRIQUE ALVES / DESTINO:INSTITUTO GOIANO DECORDO COM A LEI NR. 11.315, DE 07/01/2025-LOA. SEI 25290000352599.          DE NATUREZA IMPOSITIVA DESTINA À SAÚDE NO EXERCÍCIO FINANCEIRO DE 2025, DE ADESPESA COM EMENDA AO PROJETO DE LEI NR. 268/2024 PARA O REPASSE DE RECURSOS;Outros (Convênios, ajustes, similares, etc.);000012022025
20252150049710007;10/12/2025 00:00:00;704,00;0338772025;09/04/2026 00:00:00;704,00;202521500497100070001;14/04/2026 00:00:00;704,00;33903000;MATERIAL DE CONSUMO;43235370000110;SECRETARIA MUNICIPAL DE SAUDE;0,00;SECRETARIA MUNICIPAL DE SAUDE                                                                                                                                                                                                                                ;SAUDE - 10;ASSISTENCIA HOSPITALAR E AMBULATORIAL - 302;RECEITAS DE IMPOSTOS E DE TRANSFERENCIAS DE IMPOSTOS - SAUDE - 102;LICITAFISIO COMERCIO DE PRODUTOS MEDICOS HOSPITALARES LTDA;DESPESAS COM AQUISICAO DE EQUIPAMENTOS ESPORTIVOS PARA ESTRUTURACAO DA ACADEO PRAZO DE ENTREGA DOS BENS SERA EFETUADO C/PRAZO NAO SUPERIOR A 30 DIAS CORRIDOS, CONTADOS APOS O RECEBIMENTO DA ORDEM DE ENTREGA OU NOTA DE EMPENHO/AUTORIZACAO DE FORNECIMENTO, ACOMPANHADOS DOS DOCUMENTOS FISCAIS RESPECTIVOS, OBRIGATORIAMENTE CONTER:ESPECIFICACAO DO ITEM,MARCA DO FABRICANTE E QUANTIDAMIA DO CAPS NOROESTE -EMENDA PARLAMENTAR MUNICIPAL Nº 9.01-VEREADOR FABRICIOROSA, CONF. TERMO DE HOMOLOGACAO DO PREGAO ELETRONICO N. 90036/2025, PEDIDO DE COMPRAS N.259/2025, PED.COMPRAS 259/2025-SCC:796698 -SEI25.29.000014587-9SOLICITACAO FINANCEIRA:175873 - 2025  / ITENS 1 E 13.                       .                                                                           ITEM 1 - ANEL FLEX MAGIC  AAZ SAUDE.                                        COD:52279-1..............8,00 UN............33,0000...................264,00ITEM 13- BOLA BOBATH 55CM CORES  AAZ SAUDE.                                 COD:53380-7..............8,00 UN............55,0000...................440,00VALOR TOTAL:..........................................................704,00.                                                                           DE ENTREGUE.LOCAL:NO ALMOXARIFADO CENTRAL DA SECRETARIA MUNICIPAL DE SAUDE, NO SEGUINTE ENDERECO:AVENIDA PERIMETRAL NORTE, CONDOMINIO GOIAZEM, BL.E, GALPOES 09/10 VL.JOAO VAZ, CEP: 74.425-090, GOIANIA/GO. AS ENTREGAS DEVERAO SERPREVIAMENTE AGENDADAS NO E-MAIL: CIAD.GOIANIA@BRANETOLGISTICA.COM.BR.       DEMAIS ESCLARECIMENTOS NO TERMO DE REFERENCIA EV.7392630(GEREMO)E ANEXOS.   .                                                                           FONTE 102 - RECEITAS DE IMPOSTOS E DE TRANSFERENCIAS DE IMPOSTOS - SAUDE    FONTE DETALHADA 634 - RECURSOS ORDINARIOS PARA ATENDER EMENDA IMPOSITIVA    ;Pregão;000005292025
20252150049810008;10/12/2025 00:00:00;1702,80;0339132025;06/05/2026 00:00:00;1702,80;202521500498100080001;28/05/2026 00:00:00;1702,80;44905200;EQUIPAMENTOS E MATERIAL PERMANENTE;18850116000185;SECRETARIA MUNICIPAL DE SAUDE;0,00;SECRETARIA MUNICIPAL DE SAUDE                                                                                                                                                                                                                                ;SAUDE - 10;ASSISTENCIA HOSPITALAR E AMBULATORIAL - 302;RECEITAS DE IMPOSTOS E DE TRANSFERENCIAS DE IMPOSTOS - SAUDE - 102;D1 DISTRIBUIDORA DE EQUIPAMENTOS ESPORTIVOS LTDA;DESPESAS COM AQUISICAO DE EQUIPAMENTOS ESPORTIVOS PARA ESTRUTURACAO DA ACADEMIA DO CAPS NOROESTE - EMENDA PARLAMENTAR MUNICIPAL N. 9.01 - VEREADOR FABRICIO ROSA CONF. TERMO DE HOMOLOGACAO DO PREGAO ELETRONICO N. 90036/2025, PEDIDO DE COMPRAS N. 259/2025. SEI 25290000145879, SCC:796701, SOLICITACAO FINANCEIRA:175745 - 2025.                                                        .                                                                           ITEM 6- APARELHO GINASTICA BANCO RETO HORIZONTAL D1FITNESS.                 COD:58410-0..............1,00UN.............701,0000..................701,00ITEM 8-BARRA BARRA RETA  D1FITNESS                                          COD:73437-3..............1,00UN.............174,6000..................174,60ITEM 11-BARRA BARRA W  D1FITNESS.                                           COD:73438-1..............1,00UN...............329,2000................329,20ITEM 34-EQUIPAMENTO EXERCICIO SUPORTE P/ ANILHAS D1FITNESS.                 COD:57954-8..............1,00UN...............498,0000................498,00VALOR TOTAL:........................................................1.702,80.                                                                           O PRAZO DE ENTREGA DOS BENS SERA EFETUADO C/PRAZO NAO SUPERIOR A 30 DIAS CORRIDOS, CONTADOS APOS O RECEBIMENTO DA ORDEM DE ENTREGA OU NOTA DE EMPENHO/AUTORIZACAO DE FORNECIMENTO, ACOMPANHADOS DOS DOCUMENTOS FISCAIS RESPECTIVOS, OBRIGATORIAMENTE CONTER:ESPECIFICACAO DO ITEM,MARCA DO FABRICANTE E QUANTIDADE ENTREGUE.LOCAL:NO ALMOXARIFADO CENTRAL DA SECRETARIA MUNICIPAL DE SAUDE, NO SEGUINTE ENDERECO:AVENIDA PERIMETRAL NORTE, CONDOMINIO GOIAZEM, BL.E, GALPOES 09/10 VL.JOAO VAZ, CEP: 74.425-090, GOIANIA/GO. AS ENTREGAS DEVERAO SERPREVIAMENTE AGENDADAS NO E-MAIL: CIAD.GOIANIA@BRANETOLGISTICA.COM.BR.       DEMAIS ESCLARECIMENTOS NO TERMO DE REFERENCIA EV.7392630(GEREMO)E ANEXOS.   .                                                                           FONTE 102 - RECEITAS DE IMPOSTOS E DE TRANSFERENCIAS DE IMPOSTOS - SAUDE    FONTE DETALHADA 634 - RECURSOS ORDINARIOS PARA ATENDER EMENDA IMPOSITIVA    ;Pregão;000005292025
20252150049810009;30/12/2025 00:00:00;2198,00;;;0,00;;;0,00;44905200;EQUIPAMENTOS E MATERIAL PERMANENTE;05207424000145;SECRETARIA MUNICIPAL DE SAUDE;0,00;SECRETARIA MUNICIPAL DE SAUDE                                                                                                                                                                                                                                ;SAUDE - 10;ASSISTENCIA HOSPITALAR E AMBULATORIAL - 302;RECEITAS DE IMPOSTOS E DE TRANSFERENCIAS DE IMPOSTOS - SAUDE - 102;VINICIUS CHAVES DOS SANTOS - EPP;"DESPESA COM EMENDA AO PROJETO DE LEI NR. 268/2024 PARA O REPASSE DE RECURSOSDE NATUREZA IMPOSITIVA DESTINA À SAÚDE NO EXERCÍCIO FINANCEIRO DE 2025, DE ACORDO COM A LEI NR. 11.315, DE 07/01/2025-LOA.SEI 25.29.000014494-5.        EMENDA NR.1.04 / PARLAMENTAR: AAVA SANTIAGO / DESTINO: CENTRO DE CONVIVENCIACUCA FRESCA. ITEM 11 - SCC:797961.                                          .                                                                           ITEM 11-APARELHO TELEVISAO SMART TV LED 55"" M:HISENSE 58                    COD:63759-9...............1,00 UN...........2.198,0000..............2.198,00VALOR TOTAL:........................................................2.198,00.                                                                           ENTREGA:ENTREGA EM PARCELA UNICA, COM RECURSO PROVENIENTE DA EMENDA PARLAMENTAR MUNICIPAL N.1.04, DE AUTORIA DA VEREADORA AAVA SANTIAGO, CONFORME ESPECIFICACOES E QUANTIDADES ESTABELECIDAS NESTE EDITAL E SEUS ANEXOS, PE 90040/2025, PRAZO NAO SUPERIOR A 30(TRINTA)DIAS CORRIDOS,CONTADOS APOS O RECEBIMENTODA ORDEM DE ENTREGA OU NOTA DE EMPENHO/AUTORIZACAO DE FORNECIMENTO,ACOMPANHADOS DO RESPECTIVO DOCUMENTO FISCAL, CONTENDO OBRIGATORIAMENTE ESPECIFICACAO DO ITEM, MARCA DO FABRICANTE E QUANTIDADE ENTREGUE.OS BENS DEVERAO SER ENTREGUES NO ALMOXARIFADO CENTRAL DA SECRETARIA MUNICIPAL DE SAUDE,NO SEGUINTE ENDERECO:AV.PERIMETRAL NORTE,COND.GOIAZEM, BLOCO E, GALPAO 09 E 10, VILAJOAO  VAZ, CEP: 74.425-090, GOIANIA/GO.AGENDAMENTO PREVIO ATRAVES DO EMAIL:       CIAD.GOIANIA@BRANETOLGISTICA.COM.BR.  - MAIORES INFORMAçõES PELOS TELEFONES:(62) 3524-3404/3407.                                                        SOLICITACAO FINANCEIRA :176680 - 2025                                       .                                                                           102 - RECEITAS DE IMPOSTOS E DE TRANSFERENCIAS DE IMPOSTOS - SAUDE          634 - RECURSOS ORDINARIOS PARA ATENDER EMENDA IMPOSITIVA                    ";Pregão;000003062025
20252150049810017;30/12/2025 00:00:00;204,00;;;0,00;;;0,00;44905200;EQUIPAMENTOS E MATERIAL PERMANENTE;32005178000111;SECRETARIA MUNICIPAL DE SAUDE;0,00;SECRETARIA MUNICIPAL DE SAUDE                                                                                                                                                                                                                                ;SAUDE - 10;ASSISTENCIA HOSPITALAR E AMBULATORIAL - 302;RECEITAS DE IMPOSTOS E DE TRANSFERENCIAS DE IMPOSTOS - SAUDE - 102;EMGESA EMPRESA DE GERENC. DE SOBRESSALENTES E AUTOMACAO LTDA;DESPESA COM EMENDA AO PROJETO DE LEI NR. 268/2024 PARA O REPASSE DE RECURSOSDE NATUREZA IMPOSITIVA DESTINA A SAUDE NO EXERCICIO FINANCEIRO DE 2025, DE ACORDO COM A LEI NR. 11.315, DE 07/01/2025-LOA.SEI 25.29.000014494-5.        EMENDA NR.1.04 / PARLAMENTAR: AAVA SANTIAGO / DESTINO: CENTRO DE CONVIVENCIACUCA FRESCA. ITEM 18 - SCC:798020.                                          .                                                                           ITEM 18-PIROGRAFO ELETRICO GRAVAR EM MADEIRA M:WESTERN                      COD:34544-0...............1,00 UN.............204,0000................204,00VALOR TOTAL:..........................................................204,00.                                                                           ENTREGA:ENTREGA EM PARCELA UNICA, COM RECURSO PROVENIENTE DA EMENDA PARLAMENTAR MUNICIPAL N.1.04, DE AUTORIA DA VEREADORA AAVA SANTIAGO, CONFORME ESPECIFICACOES E QUANTIDADES ESTABELECIDAS NESTE EDITAL E SEUS ANEXOS, PE 90040/2025, PRAZO NAO SUPERIOR A 30(TRINTA)DIAS CORRIDOS,CONTADOS APOS O RECEBIMENTODA ORDEM DE ENTREGA OU NOTA DE EMPENHO/AUTORIZACAO DE FORNECIMENTO,ACOMPANHADOS DO RESPECTIVO DOCUMENTO FISCAL, CONTENDO OBRIGATORIAMENTE ESPECIFICACAO DO ITEM, MARCA DO FABRICANTE E QUANTIDADE ENTREGUE.OS BENS DEVERAO SER ENTREGUES NO ALMOXARIFADO CENTRAL DA SECRETARIA MUNICIPAL DE SAUDE,NO SEGUINTE ENDERECO:AV.PERIMETRAL NORTE,COND.GOIAZEM, BLOCO E, GALPAO 09 E 10, VILA JOAO VAZ, CEP: 74.425-090, GOIANIA/GO.AGENDAMENTO PREVIO ATRAVES DO EMAIL:       CIAD.GOIANIA@BRANETOLGISTICA.COM.BR.  - MAIORES INFORMACOES PELOS TELEFONES:(62) 3524-3404/3407.                                                        SOLICITACAO FINANCEIRA :176699 - 2025                                       .                                                                           102 - RECEITAS DE IMPOSTOS E DE TRANSFERENCIAS DE IMPOSTOS - SAUDE          634 - RECURSOS ORDINARIOS PARA ATENDER EMENDA IMPOSITIVA                    ;Outros (Convênios, ajustes, similares, etc.);000003062025
20252150047610007;18/12/2025 00:00:00;1000000,00;0320972025;18/12/2025 00:00:00;1000000,00;202521500476100070001;18/12/2025 00:00:00;1000000,00;33903900;OUTROS SERVICOS DE TERCEIROS - PESSOA JURIDICA;45349461000102;SECRETARIA MUNICIPAL DE SAUDE;0,00;SECRETARIA MUNICIPAL DE SAUDE                                                                                                                                                                                                                                ;SAUDE - 10;ASSISTENCIA HOSPITALAR E AMBULATORIAL - 302;EMENDA PARLAMENTARES DE BANCADA (ART. 1° DA EC Nº 100/2019 E § 12 DO ART. 165 DA CF/88) - 182;ASSOCIACAO HOSPITALAR BENEFICENTE DO BRASIL;TAL E MATERNIDADE NASCER CIDADAO(HMNC),NOS TERMOS DA LEI Nº. 13.019, DE 31  DE JULHO DE 2014, QUE ESTABELECE O REGIME JURIDICO DAS PARCERIAS ENTRE A    ADMINISTRACAO PUBLICA E AS ORGANIZACOES DA SOCIEDADE CIVIL, EM REGIME JURI- DICO DE MUTUA COOPERACAO, PARA A CONSECUCAO DE FINALIDADES DE INTERESSE PU  BLICO E RECIPROCO, MEDIANTE A EXECUCAO DE ATIVIDADES OU DE PROJETOS PREVIA  MENTE ESTABELECIDOS EM PLANOS DE TRABALHO INSERIDOS EM TERMOS DE COLABORA-  CAO, ENTRE OUTROS,MATERNIDADE NASCER CIDADAO(HMNC)/TERMO DE COLABORACAO EMERGENCIAL N041/2025-EMENDA DE BANCADA:ISMAEL ALEXANDRINO - 7110.0001/2025.    .                                                                           VALOR TOTAL:....................................................1.000.000,00.                                                                           SOLICITACAO FINANCEIRA NR. 176298-2025 SCC: 783073 SEI: 25.29.000027894-1   .                                                                           182 - EMENDA PARLAMENTARES DE BANCADA (ART.1° DA EC Nº100/2019 E § 12 DO ART165 DA CF/88)                                                               64 - EMENDA PARLAMENTAR DE BANCADA -ART 1 DA EC NR 100/2019 E § 12 DO ART. 165 DA CF/88 1601 3120 - TRANSFERENCIAS DA UNIAO DECORRENTES DE EMENDAS PARLAMENTARES DE BANCADA.                                                        DESPESA COM TERMO DE COLABORACAO EMERGENCIAL NR. 041/2025 PARA ATUAR EM RE- GIME DE GERENCIAMENTO COMPLEMENTAR COM O PODER PUBLICO MUNICIPAL NO HOSPI-  ;Outros (Convênios, ajustes, similares, etc.);000000012025
20252150049110062;30/12/2025 00:00:00;700000,00;;;0,00;;;0,00;33903900;OUTROS SERVICOS DE TERCEIROS - PESSOA JURIDICA;07485319000101;SECRETARIA MUNICIPAL DE SAUDE;0,00;SECRETARIA MUNICIPAL DE SAUDE                                                                                                                                                                                                                                ;SAUDE - 10;ATENCAO BASICA - 301;RECEITAS DE IMPOSTOS E DE TRANSFERENCIAS DE IMPOSTOS - SAUDE - 102;ASSOCIACAO INSTITUTO INDICADOR SOCIAL;DESPESA COM TERMO DE COMPROMISSO NR. 217 /2025 PARA A TRANSFERENCIA DE RECU RSOS REFERENTE A EMENDA PARLAMENTAR INDIVIDUAL DE NATUREZA IMPOSITIVA A LEI ORCAMENTARIA ANUAL DE 2025, PARA AS ENTIDADES SEM FIM LUCRATIVOS QUE COMPLE MENTAM O SISTEMA UNICO DE SAUDE - SUS, DE ACORDO COM A LEI NR. 11.315, DE   07/01/2025-LOA                                                              .                                                                           EMENDA NR.: / PARLAMENTAR: 19.09 / LEANDRO SENA                             FAVORECIDO: ASSOCIACAO INSTITUTO INDICADOR SOCIAL                           .                                                                           VALOR ESTIMADO:...........................................R$ 700.000,00     .                                                                           FONTE: 102 - RECEITAS DE IMPOSTOS E DE TRANSFERENCIAS DE IMPOSTOS - SAUDE   FONTE DETALHADA: 634 - RECURSOS ORDINARIOS PARA ATENDER EMENDA IMPOSITIVA   FONTE / CO STN: 1500 1002 - IDENTIFICACAO DAS DESPESAS COM ACOES E SERVICOS SOLICITACAO FINANCEIRA NR. 176758-2025 SEI: 25.5.000073307-4 SCC: 798127    ;Outros (Convênios, ajustes, similares, etc.);000012692025
20252150049110067;30/12/2025 00:00:00;900000,00;0336832025;06/02/2026 00:00:00;900000,00;202521500491100670001;19/02/2026 00:00:00;900000,00;33903900;OUTROS SERVICOS DE TERCEIROS - PESSOA JURIDICA;32839901000591;SECRETARIA MUNICIPAL DE SAUDE;0,00;SECRETARIA MUNICIPAL DE SAUDE                                                                                                                                                                                                                                ;SAUDE - 10;ATENCAO BASICA - 301;RECEITAS DE IMPOSTOS E DE TRANSFERENCIAS DE IMPOSTOS - SAUDE - 102;GRUPO FUTURO - GESTAO DE SAUDE;FAVORECIDO: GRUPO FUTURO GESTAO SAUDE                                       .                                                                           VALOR ESTIMADO:...........................................R$ 900.000,00     .                                                                           FONTE: 102 - RECEITAS DE IMPOSTOS E DE TRANSFERENCIAS DE IMPOSTOS - SAUDE   FONTE DETALHADA: 634 - RECURSOS ORDINARIOS PARA ATENDER EMENDA IMPOSITIVA   FONTE / CO STN: 1500 1002 - IDENTIFICACAO DAS DESPESAS COM ACOES E SERVICOS SOLICITACAO FINANCEIRA NR. 176695-2025 SEI: 25.29.000029004-6 SCC: 797899   DESPESA COM TERMO DE COMPROMISSO NR. 195 /2025 PARA A TRANSFERENCIA DE RECU RSOS REFERENTE A EMENDA PARLAMENTAR INDIVIDUAL DE NATUREZA IMPOSITIVA A LEI ORCAMENTARIA ANUAL DE 2025, PARA AS ENTIDADES SEM FIM LUCRATIVOS QUE COMPLE MENTAM O SISTEMA UNICO DE SAUDE - SUS, DE ACORDO COM A LEI NR. 11.315, DE   07/01/2025-LOA                                                              .                                                                           EMENDA NR.: / PARLAMENTAR: 6.04 / VEREADOR CABO SENA                        ;Outros (Convênios, ajustes, similares, etc.);000006942025
20252150049510002;02/12/2025 00:00:00;188100,00;0339382025;24/06/2026 00:00:00;188100,00;;;0,00;44905200;EQUIPAMENTOS E MATERIAL PERMANENTE;05743288000108;SECRETARIA MUNICIPAL DE SAUDE;0,00;SECRETARIA MUNICIPAL DE SAUDE                                                                                                                                                                                                                                ;SAUDE - 10;ATENCAO BASICA - 301;RECEITAS DE IMPOSTOS E DE TRANSFERENCIAS DE IMPOSTOS - SAUDE - 102;HOSPCOM EQUIPAMENTOS HOSPITALARES LTDA;"DESPESA COM EMENDA AO PROJETO DE LEI NR. 268/2024 PARA O REPASSE DE RECURSOSDE NATUREZA IMPOSITIVA DESTINA À SAÚDE NO EXERCICIO FINANCEIRO DE 2025, DE ACORDO COM A LEI NR. 11.315, DE 07/01/2025-LOA, EPM 17.29; 17.30; 17.31; 17.32; 17.33; 17.34; 17.35; 17.36; 17.37; 17.38; 17.39; 17.40 -PARLAMENTAR:KATIAMARIA DOS SANTOS/DESTINO:ESTRUTURACAO DE 12 UNIDADES DE URGENCIA/EMERGENCIA,PEDIDO DE COMPRA 216/2025. SCC: 796256 - SEI25290000231538 - SOLICITACAO FI-NANCEIRA:175533 - 2025.                                                     .                                                                           ITEM 1-  APARELHO  CARDIOVERSOR DESFIBRILADOR MONITOR COM MARCAPASSO EXTERNOM:MINDRAY.                                                                  COD:56589-0..............12,00 UN ...........15.675,0000..........188.100.00VALOR TOTAL:......................................................188.100.00.                                                                           O PRAZO DE ENTREGA DOS BENS SERA EFETUADO NO PRAZO NAO SUPERIOR A 20 (VINTE)DIAS, CONTADOS APOS O RECEBIMENTO DA ORDEM DE ENTREGA OU NOTA DE EMPENHO/AU-TORIZACAO DE FORNECIMENTO, ACOMPANHADOS DOS DOCUMENTOS FISCAIS RESPECTIVOS, DEVE CONTER, OBRIGATORIAMENTE, A ESPECIFICACAO DO ITEM, MARCA DO FABRICANTE E QUANTIDADE ENTREGUE.ENTREGA: ALMOXARIFADO CENTRAL DA SECRETARIA MUNICIPAL DE SAUDE, ENDERECO:AVENIDA PERIMETRAL NORTE,CONDOMINIO GOIAZEM,BLOCO E, GAL-PAO 09 E 10,VILA JOAO VAZ, CEP: 74.425-090, GOIANIA/GO.AS ENTREGAS DEVERAO  SER EFETUADAS MEDIANTE AGENDAMENTO PREVIO,TELEFONES: (62) 3524-3404/3407 E  ATRAVES DO E-MAIL CIAD.GOIANIA@BRANETOLGISTICA.COM.BR.                      DEMAIS ESCLARECIMENTOS CONF. EDITAL - PE 90034/2025(8281194), ENTREGA EM PARCELA UNICA.                                                                 FONTE: 102 - RECEITAS DE IMPOSTOS E DE TRANSFERENCIAS DE IMPOSTOS - SAUDE   FONTE DETALHADA: 634 - RECURSOS ORDINARIOS PARA ATENDER EMENDA IMPOSITIVA   FONTE / CO STN: 1500 1002 - IDENTIFICACAO DAS DESPESAS COM ACOES E SERVICOS DE SAUDE                                                                    ";Pregão;000900342025
20252150049510007;30/12/2025 00:00:00;1382,48;;;0,00;;;0,00;44905200;EQUIPAMENTOS E MATERIAL PERMANENTE;71505564000124;SECRETARIA MUNICIPAL DE SAUDE;0,00;SECRETARIA MUNICIPAL DE SAUDE                                                                                                                                                                                                                                ;SAUDE - 10;ATENCAO BASICA - 301;RECEITAS DE IMPOSTOS E DE TRANSFERENCIAS DE IMPOSTOS - SAUDE - 102;EMIGE MATERIAIS ODONTOLOGICO LTDA;"DESPESA COM EMENDA AO PROJETO DE LEI NR. 268/2024 PARA O REPASSE DE RECURSOSDE NATUREZA IMPOSITIVA DESTINA À SAÚDE NO EXERCÍCIO FINANCEIRO DE 2025, DE ACORDO COM A LEI NR. 11.315, DE 07/01/2025-LOA SEI 25290000146069.           EMENDA NR. 17.24 / PARLAMENTAR: KATIA MARIA DOS SANTOS / DESTINO: MELHORIAS,AQUIS.DE EQUIP.DO CONSULTÓRIO ODONTOLÓGICO DA UBS MADRE GERMANA. SCC 798071..                                                                           ITEM 5-MOCHO ODONTOLOGICO ENCOSTO REGULAVEL RODIZIOS  ALLIAGE               COD:05934-0................2,00 UN..........691,2400................1.382,48VALOR TOTAL;........................................................1.382,48.                                                                           O PRAZO DE ENTREGA DOS BENS SERá EFETUADO NO PRAZO NãO SUPERIOR A 30 (TRINTA) DIAS CORRIDOS,CONTADOS APóS O RECEBIMENTO DA ORDEM DE ENTREGA OU NOTA DE EMPENHO/AUTORIZAçãO DE FORNECIMENTO ACOMPANHADOS DOS DOCUMENTOS FISCAIS RESPECTIVOS, DEVE CONTER, OBRIGATORIAMENTE, A ESPECIFICACAO DO ITEM, MARCA DO FA-BRICANTE E QUANTIDADE ENTREGUE.                                             OS BENS DEVERAO SER ENTREGUES NO ALMOXARIFADO CENTRAL DA SECRET. MUNICIPAL  DE SAúDE,  AVENIDA PERIMETRAL NORTE, CONDOMíNIO GOIAZéM, BLOCO E, GALPãO 0  9 E 10, VILA JOãO VAZ, CEP: 74.425-090, GOIâNIA/GO.                         AGENDAMENTO PRéVIO, ATRAVéS DO E-MAIL CIAD.GOIANIA@BRANETOLGISTICA.COM.BR.  .                                                                           102 - RECEITAS DE IMPOSTOS E DE TRANSFERENCIAS DE IMPOSTOS - SAUDE          634 - RECURSOS ORDINARIOS PARA ATENDER EMENDA IMPOSITIVA                    SOLICITACAO FINANCEIRA:176710 - 2025                                        ";Pregão;000002932025
20252150049710008;30/12/2025 00:00:00;600,24;;;0,00;;;0,00;33903000;MATERIAL DE CONSUMO;94684099000131;SECRETARIA MUNICIPAL DE SAUDE;0,00;SECRETARIA MUNICIPAL DE SAUDE                                                                                                                                                                                                                                ;SAUDE - 10;ASSISTENCIA HOSPITALAR E AMBULATORIAL - 302;RECEITAS DE IMPOSTOS E DE TRANSFERENCIAS DE IMPOSTOS - SAUDE - 102;BIKE SUL COMERCIO DE MATERIAIS ESPORTIVOS E SERVICOS LTDA;DESPESA COM EMENDA AO PROJETO DE LEI NR. 268/2024 PARA O REPASSE DE RECURSOSDE NATUREZA IMPOSITIVA DESTINA À SAÚDE NO EXERCÍCIO FINANCEIRO DE 2025, DE ACORDO COM A LEI NR. 11.315, DE 07/01/2025-LOA.SEI 25.29.000014494-5.        EMENDA NR.1.04 / PARLAMENTAR: AAVA SANTIAGO / DESTINO: CENTRO DE CONVIVENCIACUCA FRESCA. ITEM 2,3 E 4.___SCC:797953.                                    .                                                                           ITEM 2- CANELEIRA NYLON 1,0 KG M:RW.                                        COD:56887-2...............4,00 PR...........40,7300...................162,92ITEM 3- CANELEIRA NYLON 2,0 KG M:RW.                                        COD:56888-0...............4,00 PR...........49,9900...................199,96ITEM 4- CANELEIRA NYLON 3,0 KG M:RW.                                        COD:56889-9...............4,00 PR...........59,3400...................237,36VALOR TOTAL:..........................................................600,24.                                                                           ENTREGA:ENTREGA EM PARCELA UNICA, COM RECURSO PROVENIENTE DA EMENDA PARLAMENTAR MUNICIPAL N.1.04, DE AUTORIA DA VEREADORA AAVA SANTIAGO, CONFORME ESPECIFICACOES E QUANTIDADES ESTABELECIDAS NESTE EDITAL E SEUS ANEXOS, PE 90040/2025, PRAZO NAO SUPERIOR A 30(TRINTA)DIAS CORRIDOS,CONTADOS APOS O RECEBIMENTODA ORDEM DE ENTREGA OU NOTA DE EMPENHO/AUTORIZACAO DE FORNECIMENTO,ACOMPANHADOS DO RESPECTIVO DOCUMENTO FISCAL, CONTENDO OBRIGATORIAMENTE ESPECIFICACAO DO ITEM, MARCA DO FABRICANTE E QUANTIDADE ENTREGUE.OS BENS DEVERAO SER ENTREGUES NO ALMOXARIFADO CENTRAL DA SECRETARIA MUNICIPAL DE SAUDE,NO SEGUINTE ENDERECO:AV.PERIMETRAL NORTE,COND.GOIAZEM, BLOCO E, GALPAO 09 E 10, VILA JOAO VAZ, CEP: 74.425-090, GOIANIA/GO.AGENDAMENTO PREVIO ATRAVES DO EMAIL:       CIAD.GOIANIA@BRANETOLGISTICA.COM.BR.  - MAIORES INFORMACOES PELOS TELEFONES:(62) 3524-3404/3407.                                                        SOLICITACAO FINANCEIRA :176683 - 2025                                       .                                                                           102 - RECEITAS DE IMPOSTOS E DE TRANSFERENCIAS DE IMPOSTOS - SAUDE          634 - RECURSOS ORDINARIOS PARA ATENDER EMENDA IMPOSITIVA                    ;Pregão;000003062025
20252150049810005;09/12/2025 00:00:00;8578,82;0339492025;22/07/2026 00:00:00;8578,82;;;0,00;44905200;EQUIPAMENTOS E MATERIAL PERMANENTE;94684099000131;SECRETARIA MUNICIPAL DE SAUDE;0,00;SECRETARIA MUNICIPAL DE SAUDE                                                                                                                                                                                                                                ;SAUDE - 10;ASSISTENCIA HOSPITALAR E AMBULATORIAL - 302;RECEITAS DE IMPOSTOS E DE TRANSFERENCIAS DE IMPOSTOS - SAUDE - 102;BIKE SUL COMERCIO DE MATERIAIS ESPORTIVOS E SERVICOS LTDA;DESPESAS COM AQUISICAO DE EQUIPAMENTOS ESPORTIVOS PARA ESTRUTURACAO DA ACADEMIA DO CAPS NOROESTE -EMENDA PARLAMENTAR MUNICIPAL Nº 9.01-VEREADOR FABRICIOROSA, CONF. TERMO DE HOMOLOGACAO DO PREGAO ELETRONICO Nº 90036/2025, PEDIDO DE COMPRAS Nº259/2025, PED.COMPRAS 259/2025-SCC:796744 -SEI25.29.000014587-9SOLICITACAO FINANCEIRA:175739 - 2025.                                       .                                                                           ITEM 19-EQUIPAMENTO EXERCICIO SUPINO - M:FTX.                               COD:55689-0..............1,00UN.............3.500,0000..............3.500,00ITEM 33-APARELHO GINASTICA SUPORTE AGACHAMENTO - M:FTX                      COD:73804-2..............1,00UN.............5.078,8200..............5.078,82VALOR TOTAL:........................................................8.578.82.                                                                           O PRAZO DE ENTREGA DOS BENS SERA EFETUADO C/PRAZO NAO SUPERIOR A 30 DIAS CORRIDOS, CONTADOS APOS O RECEBIMENTO DA ORDEM DE ENTREGA OU NOTA DE EMPENHO/AUTORIZACAO DE FORNECIMENTO, ACOMPANHADOS DOS DOCUMENTOS FISCAIS RESPECTIVOS, OBRIGATORIAMENTE CONTER:ESPECIFICACAO DO ITEM,MARCA DO FABRICANTE E QUANTIDADE ENTREGUE.LOCAL:NO ALMOXARIFADO CENTRAL DA SECRETARIA MUNICIPAL DE SAUDE, NO SEGUINTE ENDERECO:AVENIDA PERIMETRAL NORTE, CONDOMINIO GOIAZEM, BL.E, GALPOES 09/10 VL.JOAO VAZ, CEP: 74.425-090, GOIANIA/GO. AS ENTREGAS DEVERAO SERPREVIAMENTE AGENDADAS NO E-MAIL: CIAD.GOIANIA@BRANETOLGISTICA.COM.BR.       DEMAIS ESCLARECIMENTOS NO TERMO DE REFERENCIA EV.7392630(GEREMO)E ANEXOS.   .                                                                           FONTE 102 - RECEITAS DE IMPOSTOS E DE TRANSFERENCIAS DE IMPOSTOS - SAUDE    FONTE DETALHADA 634 - RECURSOS ORDINARIOS PARA ATENDER EMENDA IMPOSITIVA    ;Pregão;000005262025
20252150049810014;30/12/2025 00:00:00;4999,98;;;0,00;;;0,00;44905200;EQUIPAMENTOS E MATERIAL PERMANENTE;59341100000124;SECRETARIA MUNICIPAL DE SAUDE;0,00;SECRETARIA MUNICIPAL DE SAUDE                                                                                                                                                                                                                                ;SAUDE - 10;ASSISTENCIA HOSPITALAR E AMBULATORIAL - 302;RECEITAS DE IMPOSTOS E DE TRANSFERENCIAS DE IMPOSTOS - SAUDE - 102;LAD SOLUCOES INTEGRADAS LTDA;DESPESA COM EMENDA AO PROJETO DE LEI NR. 268/2024 PARA O REPASSE DE RECURSOSDE NATUREZA IMPOSITIVA DESTINA A SAUDE NO EXERCICIO FINANCEIRO DE 2025, DE ACORDO COM A LEI NR. 11.315, DE 07/01/2025-LOA.SEI 25.29.000014494-5.        EMENDA NR.1.04 / PARLAMENTAR: AAVA SANTIAGO / DESTINO: CENTRO DE CONVIVENCIACUCA FRESCA. ITEM 8 - SCC:797996.                                           .                                                                           ITEM 8- APARELHO AR CONDICIONADO 9000 BTUS M:VIX.                           COD:14965-9...............2,00 UN...........2.499,9900..............4.999,98VALOR TOTAL:........................................................4.999,98.                                                                           ENTREGA:ENTREGA EM PARCELA UNICA, COM RECURSO PROVENIENTE DA EMENDA PARLAMENTAR MUNICIPAL N.1.04, DE AUTORIA DA VEREADORA AAVA SANTIAGO, CONFORME ESPECIFICACOES E QUANTIDADES ESTABELECIDAS NESTE EDITAL E SEUS ANEXOS, PE 90040/2025, PRAZO NAO SUPERIOR A 30(TRINTA)DIAS CORRIDOS,CONTADOS APOS O RECEBIMENTODA ORDEM DE ENTREGA OU NOTA DE EMPENHO/AUTORIZACAO DE FORNECIMENTO,ACOMPANHADOS DO RESPECTIVO DOCUMENTO FISCAL, CONTENDO OBRIGATORIAMENTE ESPECIFICACAO DO ITEM, MARCA DO FABRICANTE E QUANTIDADE ENTREGUE.OS BENS DEVERAO SER ENTREGUES NO ALMOXARIFADO CENTRAL DA SECRETARIA MUNICIPAL DE SAUDE,NO SEGUINTE ENDERECO:AV.PERIMETRAL NORTE,COND.GOIAZEM, BLOCO E, GALPAO 09 E 10, VILA JOAO VAZ, CEP: 74.425-090, GOIANIA/GO.AGENDAMENTO PREVIO ATRAVES DO EMAIL:       CIAD.GOIANIA@BRANETOLGISTICA.COM.BR.  - MAIORES INFORMACOES PELOS TELEFONES:(62) 3524-3404/3407.                                                        SOLICITACAO FINANCEIRA :176692 - 2025                                       .                                                                           102 - RECEITAS DE IMPOSTOS E DE TRANSFERENCIAS DE IMPOSTOS - SAUDE          634 - RECURSOS ORDINARIOS PARA ATENDER EMENDA IMPOSITIVA                    ;Pregão;000003062025
20252150049810019;30/12/2025 00:00:00;1440,83;;;0,00;;;0,00;44905200;EQUIPAMENTOS E MATERIAL PERMANENTE;28732430000117;SECRETARIA MUNICIPAL DE SAUDE;0,00;SECRETARIA MUNICIPAL DE SAUDE                                                                                                                                                                                                                                ;SAUDE - 10;ASSISTENCIA HOSPITALAR E AMBULATORIAL - 302;RECEITAS DE IMPOSTOS E DE TRANSFERENCIAS DE IMPOSTOS - SAUDE - 102;CLAUDINEI TONIETTI;DESPESA COM EMENDA AO PROJETO DE LEI NR. 268/2024 PARA O REPASSE DE RECURSOSDE NATUREZA IMPOSITIVA DESTINA A SAUDE NO EXERCICIO FINANCEIRO DE 2025, DE ACORDO COM A LEI NR. 11.315, DE 07/01/2025-LOA.SEI 25.29.000014494-5.        EMENDA NR.1.04 / PARLAMENTAR: AAVA SANTIAGO / DESTINO: CENTRO DE CONVIVENCIACUCA FRESCA. ITEM 21,23,24,25,26.____SCC:798046.                            .                                                                           ITEM 21-CAXIXI INSTRUMENTO MUSICAL ACUSTICO CAXIXI.                         COD:43455-8...............3,00 UN..............35,0000................105,00ITEM 23-INSTRUMENTO MUSICAL CLAVA PAR QUIRINO CL2.                          COD:16750-9...............4,00 UN..............15,0000.................60,00ITEM 24-INSTRUMENTO MUSICAL GANZAS QUIRINO GANZA.                           COD:16701-0...............2,00 UN..............39.0000.................78,00ITEM 25-INSTRUMENTO MUSICAL SURDO METALICA LUEN 20X40.                      COD:19791-2...............1,00 UN............600,0100.................600,01ITEM 26-INSTRUMENTO MUSICAL VIOLAO MXT 39EL.                                COD:34407-9...............1,00 UN............597,8200.................597,82VALOR TOTAL:........................................................1.440,83.                                                                           ENTREGA:ENTREGA EM PARCELA UNICA, COM RECURSO PROVENIENTE DA EMENDA PARLAMENTAR MUNICIPAL N.1.04, DE AUTORIA DA VEREADORA AAVA SANTIAGO, CONFORME ESPECIFICACOES E QUANTIDADES ESTABELECIDAS NESTE EDITAL E SEUS ANEXOS, PE 90040/2025, PRAZO NAO SUPERIOR A 30(TRINTA)DIAS CORRIDOS,CONTADOS APOS O RECEBIMENTODA ORDEM DE ENTREGA OU NOTA DE EMPENHO/AUTORIZACAO DE FORNECIMENTO,ACOMPANHADOS DO RESPECTIVO DOCUMENTO FISCAL, CONTENDO OBRIGATORIAMENTE ESPECIFICACAO DO ITEM, MARCA DO FABRICANTE E QUANTIDADE ENTREGUE.OS BENS DEVERAO SER ENTREGUES NO ALMOXARIFADO CENTRAL DA SECRETARIA MUNICIPAL DE SAUDE,NO SEGUINTE ENDERECO:AV.PERIMETRAL NORTE,COND.GOIAZEM, BLOCO E, GALPAO 09 E 10, VILA JOAO VAZ, CEP: 74.425-090, GOIANIA/GO.AGENDAMENTO PREVIO ATRAVES DO EMAIL:       CIAD.GOIANIA@BRANETOLGISTICA.COM.BR.  - MAIORES INFORMACOES PELOS TELEFONES:(62) 3524-3404/3407.                                                        SOLICITACAO FINANCEIRA :176706 - 2025                                       .                                                                           102 - RECEITAS DE IMPOSTOS E DE TRANSFERENCIAS DE IMPOSTOS - SAUDE          634 - RECURSOS ORDINARIOS PARA ATENDER EMENDA IMPOSITIVA                    ;Pregão;000003062025
20252150049810020;30/12/2025 00:00:00;640,00;;;0,00;;;0,00;44905200;EQUIPAMENTOS E MATERIAL PERMANENTE;28732430000117;SECRETARIA MUNICIPAL DE SAUDE;0,00;SECRETARIA MUNICIPAL DE SAUDE                                                                                                                                                                                                                                ;SAUDE - 10;ASSISTENCIA HOSPITALAR E AMBULATORIAL - 302;RECEITAS DE IMPOSTOS E DE TRANSFERENCIAS DE IMPOSTOS - SAUDE - 102;CLAUDINEI TONIETTI;DESPESA COM EMENDA AO PROJETO DE LEI NR. 268/2024 PARA O REPASSE DE RECURSOSDE NATUREZA IMPOSITIVA DESTINA A SAUDE NO EXERCICIO FINANCEIRO DE 2025, DE ACORDO COM A LEI NR. 11.315, DE 07/01/2025-LOA.SEI 25.29.000014494-5.        EMENDA NR.1.04 / PARLAMENTAR: AAVA SANTIAGO / DESTINO: CENTRO DE CONVIVENCIACUCA FRESCA. ITEM 27 - SCC:798046.                                          .                                                                           ITEM 27-MICROFONE SEM FIO LELONG LE906.                                     COD:35485-6 ..............2,00 UN.............320,0000................640,00VALOR TOTAL:..........................................................640,00.                                                                           ENTREGA:ENTREGA EM PARCELA UNICA, COM RECURSO PROVENIENTE DA EMENDA PARLAMENTAR MUNICIPAL N.1.04, DE AUTORIA DA VEREADORA AAVA SANTIAGO, CONFORME ESPECIFICACOES E QUANTIDADES ESTABELECIDAS NESTE EDITAL E SEUS ANEXOS, PE 90040/2025, PRAZO NAO SUPERIOR A 30(TRINTA)DIAS CORRIDOS,CONTADOS APOS O RECEBIMENTODA ORDEM DE ENTREGA OU NOTA DE EMPENHO/AUTORIZACAO DE FORNECIMENTO,ACOMPANHADOS DO RESPECTIVO DOCUMENTO FISCAL, CONTENDO OBRIGATORIAMENTE ESPECIFICACAO DO ITEM, MARCA DO FABRICANTE E QUANTIDADE ENTREGUE.OS BENS DEVERAO SER ENTREGUES NO ALMOXARIFADO CENTRAL DA SECRETARIA MUNICIPAL DE SAUDE,NO SEGUINTE ENDERECO:AV.PERIMETRAL NORTE,COND.GOIAZEM, BLOCO E, GALPAO 09 E 10, VILA JOAO VAZ, CEP: 74.425-090, GOIANIA/GO.AGENDAMENTO PREVIO ATRAVES DO EMAIL:       CIAD.GOIANIA@BRANETOLGISTICA.COM.BR.  - MAIORES INFORMACOES PELOS TELEFONES:(62) 3524-3404/3407.                                                        SOLICITACAO FINANCEIRA :176707 - 2025                                       .                                                                           102 - RECEITAS DE IMPOSTOS E DE TRANSFERENCIAS DE IMPOSTOS - SAUDE          634 - RECURSOS ORDINARIOS PARA ATENDER EMENDA IMPOSITIVA                    ;Pregão;000003062025
-------------------------------------------;;0;;;0;;;0;;;;;0;;;;;;;;
Total Empenhado;;135586434,26;;;0;;;0;;;;;0;;;;;;;;
Total Liquidado ;;129522650,36;;;0;;;0;;;;;0;;;;;;;;
Total Pago;;128917796,59;;;0;;;0;;;;;0;;;;;;;;
